timestamp,duration_ms
1779071676,106.014013
1779071676,106.501258
1779071676,106.495792
1779071676,106.642954
1779071676,106.579173
1779071676,106.540874
1779071676,106.677610
1779071676,106.860950
1779071676,107.222695
1779071676,107.075706
1779071676,106.563176
1779071676,107.380749
1779071676,107.329613
1779071676,107.145122
1779071676,107.289376
1779071676,107.348858
1779071676,107.764370
1779071676,110.042322
1779071676,107.456396
1779071676,107.630172
1779071676,107.716125
1779071676,107.802699
1779071676,106.964108
1779071676,108.095096
1779071676,107.845677
1779071676,107.944285
1779071676,107.871154
1779071676,107.094676
1779071676,107.960704
1779071676,108.397472
1779071676,108.118497
1779071676,108.231291
1779071676,107.412831
1779071676,108.497613
1779071676,108.806384
1779071676,108.439221
1779071676,108.698359
1779071676,108.993950
1779071676,108.787673
1779071676,108.671301
1779071676,109.101251
1779071676,108.932736
1779071676,109.230057
1779071676,109.203999
1779071676,109.177375
1779071676,109.394797
1779071676,109.386451
1779071676,109.303387
1779071676,109.468380
1779071676,109.598247
1779071676,204.493524
1779071676,200.189400
1779071676,200.632827
1779071676,201.158779
1779071676,200.424073
1779071676,200.767269
1779071676,208.984711
1779071676,200.506963
1779071676,204.539092
1779071676,201.317880
1779071676,203.536801
1779071676,200.715460
1779071676,200.199483
1779071676,201.686188
1779071676,205.636112
1779071676,205.419469
1779071676,201.673216
1779071676,201.429024
1779071676,205.372392
1779071676,201.573898
1779071676,213.674097
1779071676,206.291945
1779071676,202.700677
1779071676,205.614464
1779071676,206.699053
1779071676,200.928084
1779071676,207.696719
1779071676,206.475403
1779071676,202.508860
1779071676,210.821053
1779071676,206.380272
1779071676,208.211397
1779071676,208.274987
1779071676,202.034459
1779071676,207.128323
1779071676,210.429003
1779071676,203.646743
1779071676,208.610014
1779071676,209.350869
1779071676,202.692146
1779071676,203.504910
1779071676,209.206262
1779071676,209.469699
1779071676,203.341552
1779071676,207.899031
1779071676,209.562015
1779071676,203.547791
1779071676,210.105759
1779071676,207.851210
1779071676,210.071062
1779071676,309.669314
1779071676,303.285548
1779071676,303.183252
1779071676,307.203530
1779071676,306.920683
1779071676,303.064125
1779071676,310.122438
1779071676,309.859391
1779071676,304.387270
1779071676,304.128107
1779071676,307.603942
1779071676,310.546395
1779071676,308.545275
1779071676,304.133446
1779071676,311.229351
1779071676,310.617597
1779071676,304.301748
1779071676,305.488943
1779071676,310.718499
1779071676,310.890162
1779071676,305.571784
1779071676,311.189088
1779071676,306.406412
1779071676,309.274442
1779071676,306.736310
1779071676,310.167557
1779071676,306.884033
1779071676,306.412961
1779071676,310.296462
1779071676,312.187918
1779071676,306.561405
1779071676,306.376094
1779071676,306.578086
1779071676,308.415810
1779071676,307.216909
1779071676,312.011260
1779071676,308.570295
1779071676,309.445210
1779071676,310.414539
1779071676,314.170862
1779071676,309.648435
1779071676,314.771924
1779071676,309.965379
1779071676,311.755730
1779071676,315.216943
1779071676,315.461368
1779071676,316.445861
1779071676,312.102568
1779071676,316.497816
1779071676,313.657745
1779071676,406.254005
1779071676,406.416218
1779071676,409.866715
1779071676,410.501652
1779071676,410.781678
1779071676,406.195042
1779071676,406.521513
1779071676,406.154965
1779071676,406.999105
1779071676,409.200469
1779071676,410.821442
1779071676,407.823906
1779071676,411.498766
1779071676,407.456792
1779071676,407.572952
1779071676,408.670186
1779071676,413.970731
1779071676,407.468339
1779071676,409.282528
1779071676,408.270535
1779071676,409.167182
1779071676,414.293808
1779071676,412.413002
1779071676,408.899966
1779071676,409.039400
1779071676,410.309448
1779071676,395.965641
1779071676,408.718363
1779071676,408.732900
1779071676,413.112942
1779071676,409.443537
1779071676,410.001031
1779071676,408.254889
1779071676,410.147728
1779071676,414.924820
1779071676,409.982610
1779071676,411.589811
1779071676,411.110910
1779071676,418.067781
1779071676,412.769014
1779071676,413.265731
1779071676,413.438173
1779071676,413.843180
1779071676,412.981869
1779071676,418.040641
1779071676,413.502799
1779071676,420.706107
1779071676,415.220770
1779071676,415.413448
1779071676,415.382495
1779071676,516.309254
1779071676,516.498755
1779071676,517.861459
1779071676,493.918534
1779071676,511.386137
1779071676,503.653820
1779071676,499.484947
1779071676,503.927425
1779071676,510.209646
1779071676,511.101240
1779071676,518.425111
1779071676,503.473165
1779071676,518.421992
1779071676,503.810065
1779071676,518.790848
1779071676,519.020837
1779071676,519.111763
1779071676,517.963346
1779071676,519.292781
1779071676,510.453237
1779071676,517.277765
1779071676,498.715934
1779071676,496.830307
1779071676,509.487320
1779071676,508.649201
1779071676,509.197292
1779071676,515.537475
1779071676,505.025130
1779071677,496.124415
1779071677,496.169393
1779071677,520.587018
1779071677,520.729627
1779071677,507.730052
1779071677,518.973459
1779071677,502.329163
1779071677,521.188602
1779071677,519.991340
1779071677,520.815961
1779071677,521.302126
1779071677,521.397383
1779071677,521.557209
1779071677,514.432287
1779071677,522.379093
1779071677,524.564677
1779071677,520.279097
1779071677,522.869666
1779071677,517.943685
1779071677,521.969888
1779071677,518.673244
1779071677,518.409876
1779071677,617.200961
1779071677,617.302349
1779071677,617.275259
1779071677,617.817567
1779071677,617.990434
1779071677,610.893088
1779071677,596.009776
1779071677,618.162902
1779071677,611.870028
1779071677,617.198848
1779071677,612.505354
1779071677,616.446653
1779071677,612.083832
1779071677,613.039216
1779071677,616.582370
1779071677,617.348458
1779071677,612.652073
1779071677,606.518565
1779071677,617.658864
1779071677,607.608978
1779071677,597.914162
1779071677,618.130797
1779071677,618.485942
1779071677,613.968456
1779071677,613.635588
1779071677,618.852425
1779071677,615.133040
1779071677,613.857700
1779071677,618.603526
1779071677,620.367629
1779071677,609.279239
1779071677,614.828958
1779071677,619.859649
1779071677,615.391458
1779071677,617.625381
1779071677,597.520437
1779071677,616.295045
1779071677,621.206815
1779071677,621.973977
1779071677,618.107602
1779071677,618.386580
1779071677,619.266479
1779071677,619.015427
1779071677,619.859287
1779071677,623.423436
1779071677,619.905276
1779071677,620.714492
1779071677,624.593135
1779071677,621.381964
1779071677,621.900461
1779071677,714.261715
1779071677,713.668655
1779071677,719.024940
1779071677,718.243697
1779071677,715.748028
1779071677,716.836090
1779071677,715.328985
1779071677,719.507636
1779071677,718.683237
1779071677,715.589544
1779071677,719.472732
1779071677,715.541554
1779071677,719.878436
1779071677,716.129669
1779071677,715.319535
1779071677,715.227628
1779071677,720.461199
1779071677,720.752595
1779071677,716.164409
1779071677,708.957788
1779071677,720.302887
1779071677,712.755693
1779071677,720.611835
1779071677,717.601575
1779071677,722.499212
1779071677,714.079746
1779071677,717.334061
1779071677,713.872100
1779071677,719.445850
1779071677,714.236411
1779071677,719.616520
1779071677,714.968544
1779071677,719.048046
1779071677,717.890505
1779071677,711.987241
1779071677,703.037849
1779071677,717.938771
1779071677,717.802285
1779071677,704.654223
1779071677,721.507404
1779071677,714.535934
1779071677,717.835215
1779071677,712.843508
1779071677,719.315025
1779071677,706.638640
1779071677,710.353055
1779071677,717.814375
1779071677,713.766408
1779071677,721.482829
1779071677,707.862751
1779071677,823.522562
1779071677,815.260507
1779071677,807.097522
1779071677,825.635992
1779071677,826.018099
1779071677,807.394497
1779071677,802.081235
1779071677,807.719525
1779071677,812.500120
1779071677,815.156312
1779071677,809.645384
1779071677,809.725843
1779071677,826.589314
1779071677,814.406883
1779071677,819.839309
1779071677,811.428808
1779071677,808.777204
1779071677,826.864888
1779071677,827.071052
1779071677,816.681123
1779071677,808.900967
1779071677,803.381589
1779071677,827.845763
1779071677,827.680804
1779071677,807.440378
1779071677,827.674761
1779071677,804.292182
1779071677,816.956181
1779071677,813.413612
1779071677,828.652864
1779071677,815.277001
1779071677,813.669627
1779071677,820.904279
1779071677,828.845637
1779071677,805.428117
1779071677,813.724485
1779071677,822.618567
1779071677,819.168835
1779071677,809.493208
1779071677,808.019282
1779071677,829.218826
1779071677,820.269556
1779071677,812.434427
1779071677,818.217645
1779071677,822.029935
1779071677,822.214309
1779071677,816.182181
1779071677,820.634369
1779071677,822.591557
1779071677,820.377912
1779071677,904.596366
1779071677,915.127616
1779071677,926.100567
1779071677,904.685610
1779071677,913.487775
1779071677,916.812497
1779071677,918.204526
1779071677,915.819253
1779071677,910.491604
1779071677,914.594976
1779071677,916.685065
1779071677,910.690329
1779071677,915.683862
1779071677,916.440059
1779071677,921.360649
1779071677,910.661848
1779071677,911.448888
1779071677,922.907672
1779071677,915.459446
1779071677,906.109104
1779071677,911.701770
1779071677,919.017176
1779071677,909.636521
1779071677,906.979463
1779071677,920.732505
1779071677,921.886018
1779071677,917.016525
1779071677,916.225459
1779071677,922.793860
1779071677,911.606118
1779071677,918.219372
1779071677,913.510896
1779071677,921.196528
1779071677,923.569632
1779071677,917.409953
1779071677,924.862531
1779071677,923.112055
1779071677,920.079295
1779071677,915.754476
1779071677,915.993039
1779071677,916.395172
1779071677,910.793552
1779071677,925.173184
1779071677,923.236971
1779071677,918.632957
1779071677,924.568806
1779071677,914.427602
1779071677,913.171307
1779071677,925.665615
1779071677,930.937691
1779071677,1024.263117
1779071677,1007.206384
1779071677,1019.686025
1779071677,1024.041021
1779071677,1018.570070
1779071677,1020.772950
1779071677,1011.994671
1779071677,1025.514954
1779071677,1017.234008
1779071677,1008.512773
1779071677,1017.714383
1779071677,1022.182593
1779071677,1013.969238
1779071677,1012.538845
1779071677,1021.445931
1779071677,1018.991412
1779071677,1028.107080
1779071677,1022.716107
1779071677,1026.803124
1779071677,1025.497765
1779071677,1024.307163
1779071677,1018.981558
1779071677,1021.452133
1779071677,1028.445175
1779071677,1029.923696
1779071677,1020.955170
1779071677,1019.902690
1779071677,1018.172076
1779071677,1015.671616
1779071677,1025.743526
1779071677,1023.623415
1779071677,1025.495196
1779071677,1032.251916
1779071677,1033.306385
1779071677,1020.718265
1779071677,1032.621070
1779071677,1025.090396
1779071677,1030.413349
1779071677,1033.179827
1779071677,1023.550973
1779071677,1017.296307
1779071677,1026.000914
1779071677,1027.104817
1779071677,1030.521181
1779071677,1027.968382
1779071677,1017.797977
1779071677,1023.551887
1779071677,1023.907053
1779071677,1028.775581
1779071677,1038.053819
1779071677,1124.488195
1779071677,1117.828378
1779071677,1121.728315
1779071677,1136.189312
1779071677,1120.725309
1779071677,1118.896066
1779071677,1122.995810
1779071677,1112.448999
1779071677,1120.820583
1779071677,1123.877735
1779071677,1113.058234
1779071677,1113.955923
1779071677,1124.319849
1779071677,1122.705852
1779071677,1119.844923
1779071677,1126.903643
1779071677,1139.954238
1779071677,1126.619519
1779071677,1123.462057
1779071677,1130.329086
1779071677,1134.143376
1779071677,1129.507335
1779071677,1131.560234
1779071677,1123.945567
1779071677,1131.361423
1779071677,1132.623448
1779071677,1118.923302
1779071677,1124.613368
1779071677,1122.233067
1779071677,1125.053744
1779071677,1135.711792
1779071677,1126.615089
1779071677,1118.970074
1779071677,1125.940559
1779071677,1128.927619
1779071677,1119.799935
1779071677,1124.985131
1779071677,1132.670418
1779071677,1137.485604
1779071677,1134.270120
1779071677,1120.770410
1779071677,1124.412540
1779071677,1132.201750
1779071677,1137.121260
1779071677,1135.076157
1779071677,1137.428111
1779071677,1134.544472
1779071677,1137.349733
1779071677,1127.174671
1779071677,1133.257188
1779071677,1225.165060
1779071677,1222.589991
1779071677,1219.745193
1779071677,1221.607198
1779071677,1221.840154
1779071677,1215.557313
1779071677,1233.921771
1779071677,1226.252927
1779071677,1220.072250
1779071677,1217.019088
1779071677,1228.933090
1779071677,1233.331559
1779071677,1226.416345
1779071677,1230.517720
1779071677,1225.208198
1779071677,1233.293828
1779071677,1234.387882
1779071677,1223.490998
1779071677,1225.714995
1779071677,1233.441109
1779071677,1230.638945
1779071677,1226.130644
1779071677,1234.157519
1779071677,1230.023621
1779071677,1221.591999
1779071677,1238.186946
1779071677,1234.509405
1779071677,1238.171471
1779071677,1227.192632
1779071677,1230.735699
1779071677,1235.449007
1779071677,1228.019284
1779071677,1226.339198
1779071677,1231.748620
1779071677,1230.935764
1779071677,1234.977099
1779071677,1235.896879
1779071677,1222.641023
1779071677,1231.878179
1779071677,1230.369984
1779071677,1233.312316
1779071677,1232.786564
1779071677,1235.380462
1779071677,1227.278752
1779071677,1240.879700
1779071677,1233.695331
1779071677,1223.854843
1779071677,1240.982261
1779071677,1223.677291
1779071677,1236.897720
1779071677,1319.408424
1779071677,1332.215119
1779071677,1338.964891
1779071677,1330.765210
1779071677,1336.304065
1779071677,1318.860426
1779071677,1331.331655
1779071677,1322.462370
1779071677,1332.271349
1779071677,1319.104659
1779071677,1332.056635
1779071677,1328.211282
1779071677,1333.937376
1779071677,1337.162110
1779071677,1337.537630
1779071677,1323.760346
1779071677,1331.058824
1779071677,1333.338843
1779071677,1331.963977
1779071677,1322.524047
1779071677,1338.804506
1779071677,1334.119832
1779071677,1340.534893
1779071677,1324.421248
1779071677,1334.466432
1779071677,1329.442501
1779071677,1339.846511
1779071677,1334.333633
1779071677,1333.881297
1779071677,1337.171560
1779071677,1334.740650
1779071677,1334.593387
1779071677,1342.379586
1779071677,1325.164709
1779071677,1328.586434
1779071677,1331.076289
1779071677,1328.857667
1779071677,1325.486819
1779071677,1343.016811
1779071677,1341.940747
1779071677,1331.660725
1779071677,1335.514816
1779071677,1330.571365
1779071677,1336.583372
1779071677,1326.525330
1779071677,1340.039071
1779071677,1336.284864
1779071677,1340.657755
1779071677,1339.764465
1779071677,1326.478629
1779071677,1446.344920
1779071677,1434.835206
1779071677,1430.885925
1779071677,1431.224260
1779071677,1439.288623
1779071677,1431.789153
1779071677,1435.621759
1779071677,1432.090949
1779071677,1422.594816
1779071677,1428.397798
1779071677,1422.532121
1779071677,1432.862518
1779071677,1436.160558
1779071677,1440.683719
1779071677,1422.965469
1779071677,1429.670392
1779071677,1423.482220
1779071677,1437.801330
1779071677,1446.869879
1779071677,1425.835735
1779071677,1449.219711
1779071677,1438.718399
1779071677,1429.802775
1779071677,1434.804859
1779071677,1438.078617
1779071677,1426.804799
1779071677,1443.519854
1779071677,1443.099799
1779071677,1432.567785
1779071677,1434.318450
1779071677,1435.963737
1779071677,1436.106846
1779071677,1436.864993
1779071677,1438.430165
1779071677,1427.610741
1779071677,1441.400843
1779071677,1444.537088
1779071677,1436.740054
1779071677,1434.368270
1779071677,1441.064475
1779071677,1446.338608
1779071677,1445.699070
1779071677,1442.637606
1779071677,1438.304477
1779071677,1438.965099
1779071677,1433.780580
1779071677,1442.987253
1779071677,1439.118848
1779071677,1430.337654
1779071677,1438.470256
1779071678,1531.198083
1779071678,1538.329401
1779071678,1527.070639
1779071678,1540.682493
1779071678,1534.047040
1779071678,1543.144824
1779071678,1536.347367
1779071678,1536.609080
1779071678,1526.895120
1779071678,1531.343096
1779071678,1534.484811
1779071678,1540.096728
1779071678,1533.911889
1779071678,1540.602886
1779071678,1537.731757
1779071678,1537.123241
1779071678,1528.108945
1779071678,1536.766738
1779071678,1540.848161
1779071678,1541.003530
1779071678,1542.133043
1779071678,1538.710192
1779071678,1539.353717
1779071678,1541.327674
1779071678,1538.472966
1779071678,1535.695313
1779071678,1547.316640
1779071678,1533.679147
1779071678,1535.485156
1779071678,1542.245730
1779071678,1544.657392
1779071678,1543.450261
1779071678,1544.143333
1779071678,1543.451323
1779071678,1530.675829
1779071678,1539.896235
1779071678,1537.601246
1779071678,1543.044345
1779071678,1535.890778
1779071678,1537.185146
1779071678,1541.873267
1779071678,1543.920002
1779071678,1542.341132
1779071678,1549.524075
1779071678,1533.495834
1779071678,1532.071228
1779071678,1538.377426
1779071678,1542.582371
1779071678,1547.423240
1779071678,1532.789725
1779071678,1639.450371
1779071678,1632.202665
1779071678,1632.142376
1779071678,1638.828696
1779071678,1636.107099
1779071678,1646.768387
1779071678,1642.360625
1779071678,1643.437079
1779071678,1640.191306
1779071678,1636.387820
1779071678,1634.489863
1779071678,1638.203190
1779071678,1637.458884
1779071678,1634.167367
1779071678,1641.013189
1779071678,1646.868115
1779071678,1642.801145
1779071678,1630.326806
1779071678,1634.243174
1779071678,1639.840859
1779071678,1638.565966
1779071678,1642.124717
1779071678,1640.955282
1779071678,1646.848799
1779071678,1640.787278
1779071678,1643.407907
1779071678,1632.354961
1779071678,1650.056645
1779071678,1636.362156
1779071678,1641.363725
1779071678,1638.434095
1779071678,1636.585322
1779071678,1651.403423
1779071678,1650.414014
1779071678,1646.523718
1779071678,1651.679730
1779071678,1644.487161
1779071678,1638.509629
1779071678,1640.642214
1779071678,1644.612548
1779071678,1638.553054
1779071678,1645.458223
1779071678,1647.521424
1779071678,1641.309354
1779071678,1652.999299
1779071678,1638.018194
1779071678,1641.517486
1779071678,1641.418402
1779071678,1652.934012
1779071678,1648.652514
1779071678,1755.362793
1779071678,1752.428410
1779071678,1737.120387
1779071678,1734.997991
1779071678,1743.846468
1779071678,1738.009812
1779071678,1731.631607
1779071678,1741.074123
1779071678,1749.549075
1779071678,1744.341927
1779071678,1745.816765
1779071678,1740.518949
1779071678,1742.707373
1779071678,1744.508577
1779071678,1736.948142
1779071678,1736.798703
1779071678,1742.531947
1779071678,1745.784112
1779071678,1743.232587
1779071678,1745.882974
1779071678,1751.302082
1779071678,1744.953342
1779071678,1741.764502
1779071678,1748.476005
1779071678,1735.576199
1779071678,1740.939746
1779071678,1740.600677
1779071678,1745.522309
1779071678,1748.998969
1779071678,1747.857714
1779071678,1749.187554
1779071678,1749.089483
1779071678,1736.635576
1779071678,1742.666140
1779071678,1752.808608
1779071678,1746.654751
1779071678,1750.007949
1779071678,1742.834665
1779071678,1754.307836
1779071678,1749.830027
1779071678,1751.240337
1779071678,1738.034156
1779071678,1751.691003
1779071678,1743.753607
1779071678,1738.191849
1779071678,1738.149937
1779071678,1747.457575
1779071678,1747.737612
1779071678,1742.740748
1779071678,1745.574424
1779071678,1845.360619
1779071678,1843.673374
1779071678,1852.157756
1779071678,1848.063498
1779071678,1846.563039
1779071678,1846.989818
1779071678,1852.137223
1779071678,1851.490493
1779071678,1844.345976
1779071678,1835.367357
1779071678,1846.055033
1779071678,1847.794131
1779071678,1848.476078
1779071678,1847.274343
1779071678,1839.798455
1779071678,1835.781128
1779071678,1841.394420
1779071678,1845.548716
1779071678,1845.027569
1779071678,1850.470419
1779071678,1836.643786
1779071678,1845.367549
1779071678,1848.740914
1779071678,1850.260069
1779071678,1846.040613
1779071678,1855.976447
1779071678,1845.417126
1779071678,1847.195287
1779071678,1847.696385
1779071678,1853.321027
1779071678,1838.935956
1779071678,1844.750294
1779071678,1851.380323
1779071678,1849.458360
1779071678,1853.624730
1779071678,1854.056128
1779071678,1840.053891
1779071678,1852.118777
1779071678,1850.039649
1779071678,1853.097904
1779071678,1857.239708
1779071678,1849.198426
1779071678,1846.431505
1779071678,1857.007587
1779071678,1854.857735
1779071678,1847.783233
1779071678,1841.148694
1779071678,1851.409105
1779071678,1854.378140
1779071678,1851.677054
1779071678,1950.923270
1779071678,1937.546242
1779071678,1951.699684
1779071678,1950.376211
1779071678,1938.023325
1779071678,1936.924254
1779071678,1947.123007
1779071678,1937.185920
1779071678,1955.844257
1779071678,1943.548947
1779071678,1951.095936
1779071678,1951.886397
1779071678,1951.770145
1779071678,1948.756235
1779071678,1950.040946
1779071678,1951.920271
1779071678,1948.621764
1779071678,1951.613172
1779071678,1955.511257
1779071678,1944.796403
1779071678,1951.317629
1779071678,1951.271390
1779071678,1946.292411
1779071678,1951.312160
1779071678,1943.855308
1779071678,1953.237053
1779071678,1944.844681
1779071678,1944.757604
1779071678,1951.499689
1779071678,1946.648444
1779071678,1951.839675
1779071678,1942.240341
1779071678,1947.316722
1779071678,1959.163454
1779071678,1953.960362
1779071678,1959.188209
1779071678,1955.081046
1779071678,1951.707237
1779071678,1959.840004
1779071678,1955.443861
1779071678,1952.363895
1779071678,1956.158724
1779071678,1946.824483
1779071678,1953.029975
1779071678,1961.056341
1779071678,1957.371491
1779071678,1950.910147
1779071678,1944.522799
1779071678,1957.758792
1779071678,1949.253174
1779071678,2049.610716
1779071678,2055.089639
1779071678,2053.157637
1779071678,2051.366444
1779071678,2050.295687
1779071678,2055.625243
1779071678,2051.296647
1779071678,2041.379862
1779071678,2053.128910
1779071678,2050.723562
1779071678,2048.420965
1779071678,2052.379939
1779071678,2058.537610
1779071678,2047.457809
1779071678,2052.543074
1779071678,2041.460927
1779071678,2048.297081
1779071678,2056.090892
1779071678,2056.487892
1779071678,2042.790389
1779071678,2059.122499
1779071678,2054.252052
1779071678,2059.706108
1779071678,2057.224270
1779071678,2053.577299
1779071678,2056.637848
1779071678,2052.011863
1779071678,2049.708236
1779071678,2048.230446
1779071678,2052.984102
1779071678,2056.443070
1779071678,2051.926089
1779071678,2054.484219
1779071678,2056.939793
1779071678,2044.263395
1779071678,2056.987287
1779071678,2062.122060
1779071678,2052.098961
1779071678,2046.315943
1779071678,2055.089845
1779071678,2045.427704
1779071678,2056.264159
1779071678,2050.415841
1779071678,2056.396972
1779071678,2046.453871
1779071678,2051.067304
1779071678,2047.120673
1779071678,2065.524667
1779071678,2064.680476
1779071678,2060.944529
1779071678,2160.848811
1779071678,2147.669874
1779071678,2156.234131
1779071678,2147.672004
1779071678,2156.274734
1779071678,2160.692082
1779071678,2153.299229
1779071678,2153.795328
1779071678,2144.774199
1779071678,2144.241636
1779071678,2156.953505
1779071678,2148.654154
1779071678,2156.152920
1779071678,2149.008722
1779071678,2146.133622
1779071678,2155.243810
1779071678,2157.584980
1779071678,2162.191215
1779071678,2158.368824
1779071678,2161.675465
1779071678,2149.951530
1779071678,2158.718497
1779071678,2151.773363
1779071678,2146.126070
1779071678,2155.089500
1779071678,2149.896743
1779071678,2150.567247
1779071678,2155.418634
1779071678,2159.929858
1779071678,2160.632932
1779071678,2164.700199
1779071678,2152.387953
1779071678,2157.610561
1779071678,2147.558580
1779071678,2160.724324
1779071678,2156.604143
1779071678,2151.307574
1779071678,2156.296629
1779071678,2164.913390
1779071678,2158.987841
1779071678,2159.944130
1779071678,2157.989795
1779071678,2158.200794
1779071678,2162.720535
1779071678,2155.341386
1779071678,2167.198412
1779071678,2162.413834
1779071678,2163.796841
1779071678,2156.559300
1779071678,2150.823689
1779071678,2254.685294
1779071678,2260.977167
1779071678,2247.213598
1779071678,2247.060173
1779071678,2264.476432
1779071678,2247.917723
1779071678,2259.907982
1779071678,2254.027375
1779071678,2248.355590
1779071678,2265.068960
1779071678,2259.983440
1779071678,2254.065649
1779071678,2261.720171
1779071678,2254.396608
1779071678,2261.330472
1779071678,2248.813761
1779071678,2257.378853
1779071678,2264.800825
1779071678,2251.104913
1779071678,2253.020726
1779071678,2254.390072
1779071678,2265.492776
1779071678,2261.446520
1779071678,2248.884701
1779071678,2255.047909
1779071678,2267.311223
1779071678,2265.708094
1779071678,2262.440429
1779071678,2249.994833
1779071678,2249.610464
1779071678,2255.606881
1779071678,2259.750387
1779071678,2259.490522
1779071678,2264.026778
1779071678,2251.148117
1779071678,2260.175854
1779071678,2260.081853
1779071678,2254.937230
1779071678,2264.702497
1779071678,2260.917943
1779071678,2262.761981
1779071678,2260.944590
1779071678,2265.903838
1779071678,2261.460942
1779071678,2251.612646
1779071678,2259.260989
1779071678,2264.139800
1779071678,2266.287671
1779071678,2268.041915
1779071678,2264.215232
1779071678,2363.110641
1779071678,2362.957244
1779071678,2361.057529
1779071678,2359.420030
1779071678,2356.350801
1779071678,2359.637440
1779071678,2363.582743
1779071678,2360.273915
1779071678,2350.607080
1779071678,2360.140485
1779071678,2355.090281
1779071678,2364.630334
1779071678,2358.422064
1779071678,2351.448597
1779071678,2357.226812
1779071678,2351.649589
1779071678,2365.220277
1779071678,2365.423253
1779071678,2363.745031
1779071678,2355.241383
1779071678,2362.063874
1779071678,2358.225283
1779071678,2363.084480
1779071678,2361.636115
1779071678,2352.168237
1779071678,2369.382593
1779071678,2360.959739
1779071678,2362.201121
1779071678,2362.454413
1779071678,2364.355029
1779071678,2352.207445
1779071678,2362.978549
1779071678,2362.878882
1779071678,2362.638514
1779071678,2358.680232
1779071678,2353.397430
1779071678,2356.984783
1779071678,2369.380409
1779071678,2359.758872
1779071678,2357.277781
1779071678,2363.700932
1779071678,2354.203934
1779071678,2371.427120
1779071678,2354.012234
1779071678,2360.159786
1779071678,2363.056866
1779071678,2362.079938
1779071678,2365.927050
1779071678,2360.704824
1779071678,2363.006097
1779071678,2466.917537
1779071678,2465.972244
1779071678,2466.082495
1779071678,2459.575831
1779071678,2453.696106
1779071678,2461.474695
1779071678,2466.974029
1779071678,2461.137307
1779071678,2453.928368
1779071678,2467.740132
1779071678,2472.177199
1779071678,2458.179027
1779071678,2463.072825
1779071678,2453.913138
1779071678,2471.899904
1779071678,2463.038021
1779071678,2471.714398
1779071678,2460.946926
1779071678,2460.525248
1779071678,2468.619401
1779071678,2462.585839
1779071678,2465.787927
1779071678,2458.680525
1779071678,2465.145755
1779071678,2469.000479
1779071678,2469.383578
1779071678,2460.897397
1779071678,2472.996627
1779071678,2466.258190
1779071678,2456.281728
1779071678,2465.795005
1779071678,2461.906809
1779071678,2461.993550
1779071678,2455.949387
1779071678,2466.605246
1779071678,2456.675803
1779071678,2462.708740
1779071678,2469.893071
1779071678,2465.211884
1779071678,2460.061931
1779071678,2456.784263
1779071678,2466.621043
1779071678,2470.020420
1779071678,2469.973471
1779071678,2464.541115
1779071678,2463.464597
1779071678,2463.420668
1779071678,2468.946237
1779071678,2468.720829
1779071678,2467.198245
1779071679,2572.799625
1779071679,2552.939696
1779071679,2568.578041
1779071679,2565.397710
1779071679,2565.089121
1779071679,2569.189888
1779071679,2556.964881
1779071679,2563.603317
1779071679,2564.077029
1779071679,2552.654975
1779071679,2563.597463
1779071679,2569.701205
1779071679,2564.131052
1779071679,2563.712608
1779071679,2564.202276
1779071679,2553.008262
1779071679,2564.602230
1779071679,2564.643645
1779071679,2553.647093
1779071679,2565.079230
1779071679,2571.830371
1779071679,2555.535383
1779071679,2561.931837
1779071679,2554.106773
1779071679,2565.648706
1779071679,2554.052733
1779071679,2554.103532
1779071679,2563.989691
1779071679,2565.338939
1779071679,2565.970532
1779071679,2566.125133
1779071679,2554.172934
1779071679,2565.634882
1779071679,2576.183187
1779071679,2565.559585
1779071679,2572.435070
1779071679,2572.543301
1779071679,2572.587823
1779071679,2555.324750
1779071679,2566.738263
1779071679,2569.130772
1779071679,2564.106249
1779071679,2554.992376
1779071679,2565.527354
1779071679,2567.105946
1779071679,2562.290581
1779071679,2572.599382
1779071679,2557.435977
1779071679,2566.673838
1779071679,2578.872939
1779071679,2667.360633
1779071679,2663.692886
1779071679,2672.301252
1779071679,2672.294902
1779071679,2669.459201
1779071679,2666.581921
1779071679,2666.675819
1779071679,2665.615838
1779071679,2656.196343
1779071679,2667.469643
1779071679,2656.132652
1779071679,2665.775459
1779071679,2656.049740
1779071679,2666.657180
1779071679,2670.528340
1779071679,2656.377349
1779071679,2667.940675
1779071679,2667.604055
1779071679,2667.741163
1779071679,2668.056320
1779071679,2670.091766
1779071679,2667.392136
1779071679,2667.431514
1779071679,2668.076074
1779071679,2667.149141
1779071679,2668.083027
1779071679,2668.427311
1779071679,2656.642661
1779071679,2667.997447
1779071679,2678.728280
1779071679,2668.184612
1779071679,2668.657098
1779071679,2678.752868
1779071679,2668.734484
1779071679,2668.551191
1779071679,2669.270158
1779071679,2658.006877
1779071679,2658.152058
1779071679,2657.662032
1779071679,2669.636821
1779071679,2658.093073
1779071679,2675.078786
1779071679,2675.823041
1779071679,2658.375104
1779071679,2674.683594
1779071679,2678.808538
1779071679,2681.995579
1779071679,2675.587214
1779071679,2682.853110
1779071679,2682.645249
1779071679,2772.504759
1779071679,2769.136504
1779071679,2758.703968
1779071679,2768.721403
1779071679,2769.583954
1779071679,2769.095691
1779071679,2769.170264
1779071679,2757.872855
1779071679,2763.330928
1779071679,2779.860335
1779071679,2770.258417
1779071679,2769.417928
1779071679,2759.228566
1779071679,2770.429694
1779071679,2770.023062
1779071679,2770.807517
1779071679,2768.179026
1779071679,2771.040602
1779071679,2770.747353
1779071679,2761.409026
1779071679,2761.679985
1779071679,2760.098024
1779071679,2760.145187
1779071679,2770.113848
1779071679,2774.550506
1779071679,2761.271997
1779071679,2775.430222
1779071679,2760.623398
1779071679,2760.626210
1779071679,2760.739149
1779071679,2769.384652
1779071679,2775.189260
1779071679,2772.579675
1779071679,2772.159809
1779071679,2776.522307
1779071679,2779.091986
1779071679,2772.242418
1779071679,2762.911524
1779071679,2763.444156
1779071679,2773.633879
1779071679,2785.737563
1779071679,2778.130659
1779071679,2775.100601
1779071679,2781.667886
1779071679,2776.679743
1779071679,2777.997320
1779071679,2777.258777
1779071679,2767.225875
1779071679,2767.301079
1779071679,2779.160053
1779071679,2683.935543
1779071679,2684.041641
1779071679,2860.958646
1779071679,2684.234430
1779071679,2684.114232
1779071679,2684.525747
1779071679,2684.626440
1779071679,2865.987303
1779071679,2684.542781
1779071679,2874.085597
1779071679,2881.322329
1779071679,2874.197733
1779071679,2683.975725
1779071679,2882.173384
1779071679,2685.464860
1779071679,2874.577083
1779071679,2684.612398
1779071679,2684.446388
1779071679,2684.645476
1779071679,2684.713016
1779071679,2868.106026
1779071679,2684.810412
1779071679,2884.516264
1779071679,2875.854413
1779071679,2880.678615
1779071679,2868.432982
1779071679,2684.706038
1779071679,2684.740049
1779071679,2685.766509
1779071679,2864.878882
1779071679,2869.594243
1779071679,2864.812159
1779071679,2879.430541
1779071679,2876.962781
1779071679,2876.394983
1779071679,2688.543808
1779071679,2688.546255
1779071679,2884.837731
1779071679,2884.777513
1779071679,2689.063044
1779071679,2880.323157
1779071679,2868.905213
1779071679,2687.644779
1779071679,2878.526960
1779071679,2879.457896
1779071679,2880.405622
1779071679,2884.295906
1779071679,2880.017815
1779071679,2881.055260
1779071679,2882.100625
1779071679,2683.751474
1779071679,2683.910743
1779071679,2684.026308
1779071679,2683.876038
1779071679,2684.032315
1779071679,2684.008888
1779071679,2684.182933
1779071679,2683.981156
1779071679,2684.392680
1779071679,2684.505161
1779071679,2684.520482
1779071679,2684.658476
1779071679,2684.504723
1779071679,2684.571211
1779071679,2976.558352
1779071679,2685.413456
1779071679,2685.052872
1779071679,2685.038568
1779071679,2685.174695
1779071679,2683.699374
1779071679,2685.436683
1779071679,2685.727724
1779071679,2684.089783
1779071679,2683.738834
1779071679,2967.286944
1779071679,2683.183114
1779071679,2683.784718
1779071679,2982.477082
1779071679,2988.496435
1779071679,2981.165280
1779071679,2975.903336
1779071679,2978.336318
1779071679,2685.516474
1779071679,2685.710062
1779071679,2989.646861
1779071679,2989.382525
1779071679,2979.908958
1779071679,2686.150372
1779071679,2990.770860
1779071679,2686.464461
1779071679,2981.261056
1779071679,2988.280069
1779071679,2969.628104
1779071679,2981.741240
1779071679,2970.885409
1779071679,2982.469366
1779071679,2971.608381
1779071679,2983.984163
1779071679,2983.883255
1779071679,2985.262739
1779071679,2684.115048
1779071679,2684.239213
1779071679,2684.207232
1779071679,2684.435873
1779071679,3077.227451
1779071679,2684.410296
1779071679,2684.468295
1779071679,2684.647284
1779071679,2684.686545
1779071679,2684.774865
1779071679,2684.874031
1779071679,2685.000391
1779071679,3080.519463
1779071679,3080.553019
1779071679,2685.117399
1779071679,3091.238632
1779071679,2684.220806
1779071679,2685.340137
1779071679,3084.514940
1779071679,3081.124458
1779071679,3078.317357
1779071679,3087.931422
1779071679,2684.630480
1779071679,2684.448806
1779071679,3083.011041
1779071679,3083.843520
1779071679,2684.518583
1779071679,3092.337555
1779071679,3071.199189
1779071679,2684.497152
1779071679,3074.823516
1779071679,3084.372893
1779071679,3088.801664
1779071679,3091.680898
1779071679,2684.429259
1779071679,3086.181043
1779071679,3088.309394
1779071679,3075.782232
1779071679,3082.813064
1779071679,2682.152956
1779071679,3072.327563
1779071679,3072.256012
1779071679,3080.781438
1779071679,2682.105050
1779071679,3084.578604
1779071679,3084.623408
1779071679,3085.784688
1779071679,3086.135720
1779071679,3087.096280
1779071679,3087.680552
1779071679,3184.721399
1779071679,3184.911071
1779071679,3189.487142
1779071679,3182.447059
1779071679,3175.845287
1779071679,3184.895817
1779071679,2685.413110
1779071679,3189.932516
1779071679,2685.726175
1779071679,2684.665013
1779071679,2685.763119
1779071679,2684.593151
1779071679,2684.628331
1779071679,2684.777217
1779071679,2683.663728
1779071679,2684.977843
1779071679,2686.664267
1779071679,2684.015469
1779071679,2683.899970
1779071679,2684.154880
1779071679,2684.141771
1779071679,3191.920689
1779071679,2684.288861
1779071679,3185.277031
1779071679,2994.580368
1779071679,2684.199620
1779071679,3184.540971
1779071679,3185.122683
1779071679,2684.778026
1779071679,2994.060477
1779071679,3194.709155
1779071679,2994.058128
1779071679,3190.930702
1779071679,2994.101623
1779071679,2994.469346
1779071679,2994.401163
1779071679,2994.719436
1779071679,2994.747110
1779071679,3176.200389
1779071679,2682.889678
1779071679,2994.231448
1779071679,2995.194357
1779071679,2682.643424
1779071679,2995.811291
1779071679,2995.531546
1779071679,2995.571658
1779071679,2996.298479
1779071679,2997.558621
1779071679,2998.247333
1779071679,2998.517767
1779071679,3295.294880
1779071679,3274.436818
1779071679,2684.684075
1779071679,2685.953296
1779071679,3285.575804
1779071679,3291.246552
1779071679,3285.501969
1779071679,2684.808556
1779071679,2684.974150
1779071679,3275.122562
1779071679,2685.013116
1779071679,3279.770040
1779071679,2685.367724
1779071679,2685.396172
1779071679,2684.796373
1779071679,2685.557600
1779071679,3286.596232
1779071679,2685.253940
1779071679,2685.239339
1779071679,2685.319800
1779071679,2685.305819
1779071679,2685.667327
1779071679,3280.493766
1779071679,2993.481889
1779071679,2685.115938
1779071679,2685.014148
1779071679,2684.609093
1779071679,2685.244254
1779071679,2685.028473
1779071679,2685.006348
1779071679,2685.559927
1779071679,2684.803924
1779071679,2685.085557
1779071679,2994.699356
1779071679,3299.543727
1779071679,3277.494849
1779071679,2685.139544
1779071679,2994.988933
1779071679,2682.859121
1779071679,3291.799012
1779071679,2994.892382
1779071679,2995.220816
1779071679,2685.474628
1779071679,2995.553086
1779071679,2995.868011
1779071679,2995.574828
1779071679,2996.095975
1779071679,2997.572855
1779071679,2997.652194
1779071679,2999.328479
1779071679,2684.302165
1779071679,3398.998605
1779071679,2684.537402
1779071679,2685.747781
1779071679,2685.976786
1779071679,2685.925431
1779071679,2686.058619
1779071679,2686.092004
1779071679,2994.110321
1779071679,3389.765492
1779071679,2685.529293
1779071679,3399.451181
1779071679,2685.671085
1779071679,3390.469736
1779071679,2685.840690
1779071679,2685.919830
1779071679,2993.550920
1779071679,2685.253541
1779071679,2685.322584
1779071679,3395.092875
1779071679,2686.141612
1779071679,2686.110247
1779071679,2685.962969
1779071679,2686.174640
1779071679,2686.147308
1779071679,2994.191576
1779071679,2993.800374
1779071679,2685.563480
1779071679,2686.142132
1779071679,2686.238540
1779071679,2686.593826
1779071679,2686.436934
1779071679,2994.064269
1779071679,2685.850050
1779071679,2683.417396
1779071679,2685.712681
1779071679,2685.940414
1779071679,2683.000496
1779071679,2991.076680
1779071679,2684.042727
1779071679,2994.005518
1779071679,2990.569972
1779071679,2990.706105
1779071679,2990.158197
1779071679,2685.283563
1779071679,3381.775567
1779071679,2990.436663
1779071679,2991.664216
1779071679,2991.270938
1779071679,2991.054529
1779071679,3489.627693
1779071679,2687.092614
1779071679,3302.807382
1779071679,2687.098302
1779071679,2995.358205
1779071679,2686.972154
1779071679,2687.064591
1779071679,2687.260859
1779071679,2687.238643
1779071679,3304.193867
1779071679,2992.989988
1779071679,3481.733605
1779071679,2687.275042
1779071679,3303.165325
1779071679,2686.423369
1779071679,3303.672486
1779071679,2996.345703
1779071679,3500.704525
1779071679,3303.634932
1779071679,2687.070921
1779071679,3304.077734
1779071679,2993.884819
1779071679,3304.499348
1779071679,2686.715857
1779071679,2686.592882
1779071679,3304.394659
1779071679,2686.772948
1779071679,2686.600026
1779071679,2686.211437
1779071679,2685.954124
1779071679,2993.888778
1779071679,2686.487400
1779071679,2990.228369
1779071679,2684.969648
1779071679,2686.997386
1779071679,2990.652056
1779071679,2686.394686
1779071679,2685.848107
1779071679,3304.375340
1779071679,2686.593136
1779071679,2686.072681
1779071679,2684.782579
1779071679,2684.514460
1779071679,2990.472125
1779071679,2684.007823
1779071679,2991.293878
1779071679,2990.524457
1779071679,2991.458781
1779071679,2991.461942
1779071679,2991.729238
1779071680,2687.072622
1779071680,2994.271734
1779071680,2994.521596
1779071680,2687.136242
1779071680,2685.794534
1779071680,3595.694355
1779071680,2687.308561
1779071680,2687.199884
1779071680,2686.271606
1779071680,2686.411467
1779071680,3596.002359
1779071680,2686.411550
1779071680,2686.685312
1779071680,2686.592658
1779071680,3585.604328
1779071680,3596.374943
1779071680,3596.761851
1779071680,2994.585282
1779071680,3303.032040
1779071680,3596.805011
1779071680,2687.428810
1779071680,3595.836757
1779071680,2686.466605
1779071680,2686.462328
1779071680,2686.659161
1779071680,3304.896709
1779071680,2684.549080
1779071680,2687.968221
1779071680,2989.707550
1779071680,2994.733012
1779071680,3608.341146
1779071680,3303.966206
1779071680,2686.892878
1779071680,2687.130892
1779071680,2684.283949
1779071680,2994.272110
1779071680,2684.346760
1779071680,2687.521108
1779071680,2686.348644
1779071680,2686.373175
1779071680,2687.172711
1779071680,2991.424178
1779071680,2992.412837
1779071680,2991.679565
1779071680,2991.703551
1779071680,2991.076000
1779071680,2990.419587
1779071680,2991.765208
1779071680,2991.739530
1779071680,2991.402078
1779071680,3698.537194
1779071680,2687.634382
1779071680,2687.723176
1779071680,3698.974597
1779071680,2685.866862
1779071680,3699.373322
1779071680,3698.123065
1779071680,2996.474205
1779071680,3696.300922
1779071680,2994.234207
1779071680,3705.329291
1779071680,2686.618844
1779071680,3302.743711
1779071680,2686.788819
1779071680,2688.024771
1779071680,2688.162722
1779071680,2687.046554
1779071680,2995.738393
1779071680,2687.088431
1779071680,2687.272436
1779071680,2687.377760
1779071680,2687.051691
1779071680,2682.959133
1779071680,3303.721252
1779071680,2687.078444
1779071680,2687.559688
1779071680,2687.674027
1779071680,3299.841272
1779071680,2686.774023
1779071680,3303.678473
1779071680,2686.469807
1779071680,2687.704881
1779071680,2687.834868
1779071680,2686.617240
1779071680,2686.996443
1779071680,2685.045033
1779071680,2683.958570
1779071680,2995.507593
1779071680,2991.609335
1779071680,2684.396293
1779071680,2991.947452
1779071680,2683.465855
1779071680,2992.781898
1779071680,2991.907561
1779071680,3302.898907
1779071680,2991.475591
1779071680,2990.992948
1779071680,2991.859820
1779071680,2991.270560
1779071680,2991.605048
1779071680,3303.193184
1779071680,3795.772578
1779071680,3804.145614
1779071680,2686.815603
1779071680,2995.152354
1779071680,3805.088108
1779071680,3791.120287
1779071680,3304.868123
1779071680,2687.103141
1779071680,2687.222656
1779071680,2687.112656
1779071680,2687.367719
1779071680,3613.769931
1779071680,2687.548815
1779071680,2687.829945
1779071680,2689.584501
1779071680,2681.122975
1779071680,2689.679513
1779071680,2688.414358
1779071680,2681.399938
1779071680,2688.447352
1779071680,2681.622546
1779071680,2688.934711
1779071680,2688.997773
1779071680,3303.492415
1779071680,3300.745137
1779071680,2680.375069
1779071680,2681.956044
1779071680,2997.349834
1779071680,2991.683682
1779071680,2682.036283
1779071680,2680.730357
1779071680,2682.382218
1779071680,2992.870034
1779071680,2680.913505
1779071680,2680.775539
1779071680,2681.034444
1779071680,2684.817170
1779071680,2681.281070
1779071680,2991.452603
1779071680,2681.237755
1779071680,3303.772676
1779071680,2682.722321
1779071680,2992.496494
1779071680,2681.458319
1779071680,2680.894929
1779071680,2681.596764
1779071680,2991.151293
1779071680,2991.675658
1779071680,2991.647469
1779071680,2686.064134
1779071680,3916.270606
1779071680,2684.747789
1779071680,2685.987556
1779071680,2996.175570
1779071680,2684.875406
1779071680,2686.262619
1779071680,2680.813230
1779071680,2997.674333
1779071680,2685.000156
1779071680,2997.593757
1779071680,3909.603329
1779071680,3909.349436
1779071680,2686.403246
1779071680,2683.035615
1779071680,2686.499245
1779071680,2681.227844
1779071680,2684.267920
1779071680,2995.705396
1779071680,2996.862553
1779071680,2681.764647
1779071680,2681.942947
1779071680,2682.057314
1779071680,2996.067628
1779071680,2687.667643
1779071680,2687.470054
1779071680,2680.963267
1779071680,2681.003366
1779071680,2996.159046
1779071680,2681.122806
1779071680,2681.230338
1779071680,2682.486059
1779071680,2682.591386
1779071680,2681.325133
1779071680,2681.336191
1779071680,2992.403182
1779071680,2680.678217
1779071680,2681.509338
1779071680,2680.752463
1779071680,2992.687028
1779071680,2681.694954
1779071680,2681.163321
1779071680,2990.921128
1779071680,2682.120301
1779071680,2681.263162
1779071680,2682.033643
1779071680,2682.126779
1779071680,2991.121805
1779071680,2991.842205
1779071680,2992.006725
1779071680,2995.062395
1779071680,3303.997459
1779071680,2684.478515
1779071680,4007.394096
1779071680,2997.079011
1779071680,3611.945055
1779071680,2995.912980
1779071680,2685.142412
1779071680,3304.821047
1779071680,2684.056773
1779071680,2684.069495
1779071680,2685.391271
1779071680,2685.470937
1779071680,2682.826553
1779071680,2685.830271
1779071680,2684.845722
1779071680,2997.182686
1779071680,2685.024184
1779071680,2683.029544
1779071680,2682.369305
1779071680,3612.425561
1779071680,2682.556404
1779071680,2681.052474
1779071680,2683.424140
1779071680,2686.639642
1779071680,2683.661895
1779071680,3613.345787
1779071680,2681.837385
1779071680,2682.963912
1779071680,4013.525220
1779071680,2682.061028
1779071680,2681.462550
1779071680,2682.202385
1779071680,2682.345119
1779071680,2682.411375
1779071680,2680.884348
1779071680,2681.021074
1779071680,4004.937139
1779071680,2682.403020
1779071680,2686.224607
1779071680,2682.997396
1779071680,2682.953037
1779071680,2682.680303
1779071680,2682.348580
1779071680,2681.492819
1779071680,2998.128395
1779071680,2992.469235
1779071680,2998.128236
1779071680,2991.553631
1779071680,2995.420097
1779071680,2995.827188
1779071680,3303.460835
1779071680,3304.042610
1779071680,2995.894569
1779071680,2997.190676
1779071680,2684.774584
1779071680,2685.136290
1779071680,3304.828984
1779071680,3304.698611
1779071680,2685.290237
1779071680,2685.667891
1779071680,3304.117114
1779071680,3305.402150
1779071680,3304.453498
1779071680,2683.182366
1779071680,2990.319994
1779071680,3305.840789
1779071680,2685.037766
1779071680,2683.423304
1779071680,2686.248380
1779071680,2683.730389
1779071680,2683.222210
1779071680,3923.427749
1779071680,2682.284132
1779071680,3922.832338
1779071680,2682.393934
1779071680,2682.517021
1779071680,2682.515637
1779071680,2682.668400
1779071680,2687.421233
1779071680,2682.959629
1779071680,2687.629264
1779071680,2682.216711
1779071680,2682.164220
1779071680,2682.488124
1779071680,3613.320871
1779071680,2990.881419
1779071680,2682.677022
1779071680,3300.638892
1779071680,2682.569773
1779071680,2682.336360
1779071680,2990.822833
1779071680,2990.920981
1779071680,2684.302395
1779071680,2682.647437
1779071680,2682.149264
1779071680,2684.000655
1779071680,2684.717427
1779071680,3308.659257
1779071680,2991.402367
1779071680,4221.535791
1779071680,4212.800710
1779071680,2682.055306
1779071680,2681.658613
1779071680,2684.503207
1779071680,2684.354546
1779071680,3612.631372
1779071680,2684.599494
1779071680,2681.937817
1779071680,2681.626385
1779071680,2682.100328
1779071680,2682.205003
1779071680,2682.231592
1779071680,3304.096835
1779071680,3305.806902
1779071680,2683.729194
1779071680,4213.109298
1779071680,2682.692125
1779071680,2683.840116
1779071680,2682.322314
1779071680,2682.417925
1779071680,2683.285137
1779071680,3922.625992
1779071680,2681.190094
1779071680,2681.244288
1779071680,2680.937361
1779071680,2680.631454
1779071680,2680.832940
1779071680,2680.545768
1779071680,2990.511261
1779071680,3306.424249
1779071680,2680.720307
1779071680,3306.225488
1779071680,2680.937448
1779071680,3922.680902
1779071680,2680.837118
1779071680,3302.347451
1779071680,2681.233710
1779071680,2687.902856
1779071680,2681.160217
1779071680,2681.416896
1779071680,2681.566444
1779071680,2681.372198
1779071680,2991.792281
1779071680,2681.565056
1779071680,2991.243394
1779071680,2992.249420
1779071680,2990.942376
1779071680,2991.160937
1779071680,2991.278080
1779071680,4320.052394
1779071680,2993.470930
1779071680,4317.753889
1779071680,2684.595558
1779071680,4316.851910
1779071680,2682.934102
1779071680,3612.995754
1779071680,2994.017956
1779071680,3304.888136
1779071680,3306.436585
1779071680,2994.191685
1779071680,3306.615298
1779071680,2683.141163
1779071680,3921.879182
1779071680,2683.339928
1779071680,2683.448809
1779071680,2682.737493
1779071680,2683.649633
1779071680,3922.218650
1779071680,4324.707392
1779071680,4323.357925
1779071680,2990.166824
1779071680,3921.408636
1779071680,3307.926989
1779071680,2990.416663
1779071680,3918.473793
1779071680,3613.083107
1779071680,2683.865524
1779071680,2683.765984
1779071680,4325.498367
1779071680,3923.211002
1779071680,2681.243055
1779071680,3301.714819
1779071680,3306.807130
1779071680,2683.619404
1779071680,3611.267790
1779071680,2683.800845
1779071680,2681.865931
1779071680,2991.390536
1779071680,3300.945685
1779071680,3301.338510
1779071680,3615.365735
1779071680,3302.643299
1779071680,2990.791111
1779071680,2990.481862
1779071680,2990.528363
1779071680,2991.074391
1779071680,2991.253989
1779071680,3307.597812
1779071680,2991.408426
1779071680,3300.074997
1779071680,2993.459207
1779071680,3921.405259
1779071680,2993.604892
1779071680,2993.653781
1779071680,2684.865337
1779071680,2684.933741
1779071680,2993.763536
1779071680,2993.918408
1779071680,2994.006432
1779071680,2684.145593
1779071680,3613.865926
1779071680,2684.378219
1779071680,2992.111123
1779071680,3298.934032
1779071680,2683.941543
1779071680,2992.686871
1779071680,2684.865116
1779071680,2684.172354
1779071680,2683.918893
1779071680,2684.089109
1779071680,3299.418077
1779071680,2684.251461
1779071680,3920.019039
1779071680,2689.698408
1779071680,3302.759775
1779071680,3922.902661
1779071680,3303.040950
1779071680,2995.427556
1779071680,3925.968936
1779071680,2687.692945
1779071680,3921.592313
1779071680,3615.548179
1779071680,2994.293874
1779071680,2993.575426
1779071680,2994.097680
1779071680,3614.553416
1779071680,2993.973773
1779071680,3303.196784
1779071680,2994.283282
1779071680,3927.931701
1779071680,3303.470680
1779071680,3930.586057
1779071680,3302.981935
1779071680,2995.687609
1779071680,3928.408033
1779071680,2687.733519
1779071680,2689.395875
1779071680,2995.011108
1779071680,2688.144138
1779071681,2684.103612
1779071681,3923.078122
1779071681,3921.713293
1779071681,3921.124556
1779071681,2684.687459
1779071681,2684.679266
1779071681,2684.766643
1779071681,2683.725959
1779071681,3303.876069
1779071681,3304.049200
1779071681,2685.159163
1779071681,2685.254331
1779071681,3613.982323
1779071681,2684.099014
1779071681,3297.385338
1779071681,2988.851535
1779071681,2684.573127
1779071681,3920.788890
1779071681,4526.987330
1779071681,3919.165034
1779071681,2988.178190
1779071681,2683.931257
1779071681,3299.975110
1779071681,4231.179819
1779071681,2993.068622
1779071681,2687.722969
1779071681,2687.627275
1779071681,3000.004650
1779071681,2687.016428
1779071681,2687.842728
1779071681,2687.024028
1779071681,2687.762195
1779071681,2993.153555
1779071681,2687.325634
1779071681,2687.266536
1779071681,3615.967895
1779071681,2687.321758
1779071681,2686.114673
1779071681,2686.827484
1779071681,2686.558729
1779071681,2686.373497
1779071681,2686.446395
1779071681,2686.782416
1779071681,2686.901202
1779071681,2994.187088
1779071681,2687.136649
1779071681,2687.442674
1779071681,2994.431787
1779071681,2994.537580
1779071681,2690.272979
1779071681,3301.933075
1779071681,2993.075036
1779071681,2683.450312
1779071681,2683.644290
1779071681,2683.711887
1779071681,2683.643945
1779071681,2683.666325
1779071681,2683.773251
1779071681,2992.449647
1779071681,2684.257585
1779071681,2684.503786
1779071681,2991.299938
1779071681,2684.553801
1779071681,2991.863927
1779071681,3297.827856
1779071681,2992.035266
1779071681,2991.430920
1779071681,4230.459977
1779071681,2684.987656
1779071681,2993.385444
1779071681,2993.576071
1779071681,2992.144560
1779071681,2993.715116
1779071681,2993.431247
1779071681,2686.697569
1779071681,2686.130112
1779071681,2995.936627
1779071681,2687.364541
1779071681,2688.238924
1779071681,2687.900070
1779071681,2995.821003
1779071681,2687.289052
1779071681,2687.389664
1779071681,2995.901134
1779071681,2686.961564
1779071681,2687.557629
1779071681,2687.126567
1779071681,2688.058361
1779071681,2688.999955
1779071681,2995.680727
1779071681,2995.518002
1779071681,2994.814758
1779071681,2995.565646
1779071681,2995.181558
1779071681,2994.532407
1779071681,2994.704281
1779071681,2686.999236
1779071681,2995.655169
1779071681,2994.803596
1779071681,2995.428543
1779071681,2683.036028
1779071681,2993.298956
1779071681,2683.617185
1779071681,2683.653924
1779071681,2684.128674
1779071681,2683.925856
1779071681,2683.968154
1779071681,2993.832412
1779071681,2684.325047
1779071681,2682.930031
1779071681,3609.712228
1779071681,2990.662117
1779071681,2684.313679
1779071681,2684.482777
1779071681,2684.794086
1779071681,2684.561058
1779071681,2684.769286
1779071681,2684.581305
1779071681,2685.260194
1779071681,2685.244501
1779071681,2684.966949
1779071681,2683.924721
1779071681,4229.797070
1779071681,2684.123992
1779071681,2995.192000
1779071681,2995.006389
1779071681,2994.815491
1779071681,2994.945777
1779071681,4234.794973
1779071681,2995.724789
1779071681,4235.606678
1779071681,2995.838758
1779071681,2995.568895
1779071681,2995.767898
1779071681,2995.742821
1779071681,2687.698886
1779071681,2687.215632
1779071681,2995.002414
1779071681,2688.052561
1779071681,2995.546462
1779071681,2995.434356
1779071681,2687.646693
1779071681,2687.253083
1779071681,2686.976834
1779071681,2687.054115
1779071681,2994.678572
1779071681,2994.834663
1779071681,2993.433175
1779071681,2995.004533
1779071681,2994.228129
1779071681,4230.191610
1779071681,2682.412613
1779071681,2682.543164
1779071681,2683.152433
1779071681,2681.720169
1779071681,2683.269576
1779071681,4538.702201
1779071681,2683.604033
1779071681,2992.745748
1779071681,2991.364711
1779071681,2684.019522
1779071681,2683.862083
1779071681,3611.909053
1779071681,2684.216299
1779071681,3613.558466
1779071681,2684.068348
1779071681,2992.485766
1779071681,2682.902712
1779071681,2993.796326
1779071681,2684.425573
1779071681,2993.780215
1779071681,2684.426976
1779071681,2684.557228
1779071681,2991.108172
1779071681,4542.960766
1779071681,4543.373996
1779071681,2994.582131
1779071681,3610.538426
1779071681,4831.642554
1779071681,2686.838242
1779071681,4837.880864
1779071681,3301.587159
1779071681,3927.099874
1779071681,4232.343223
1779071681,4234.072624
1779071681,2687.727100
1779071681,2687.658155
1779071681,3301.931699
1779071681,2687.298782
1779071681,2687.013124
1779071681,2994.413171
1779071681,2686.872706
1779071681,2687.155667
1779071681,3923.781704
1779071681,2687.243113
1779071681,2994.166935
1779071681,2994.611132
1779071681,2687.376932
1779071681,2687.738608
1779071681,2994.063352
1779071681,3611.075645
1779071681,3610.776580
1779071681,3300.660060
1779071681,2683.044548
1779071681,2681.915739
1779071681,2682.084839
1779071681,2683.569700
1779071681,2683.639305
1779071681,3300.546794
1779071681,2683.956211
1779071681,2683.729382
1779071681,2683.824569
1779071681,3923.071873
1779071681,2684.167785
1779071681,2684.427599
1779071681,2684.374834
1779071681,2684.444823
1779071681,2684.586143
1779071681,2682.931900
1779071681,2992.570810
1779071681,2992.509790
1779071681,2992.795021
1779071681,2993.038204
1779071681,2992.058828
1779071681,3303.004881
1779071681,3303.227485
1779071681,3923.871938
1779071681,3303.074169
1779071681,2686.713859
1779071681,3611.340515
1779071681,2995.410585
1779071681,3303.741198
1779071681,2687.169131
1779071681,3302.731482
1779071681,3920.404396
1779071681,3303.388827
1779071681,2688.676817
1779071681,2994.834145
1779071681,2687.176180
1779071681,3927.817744
1779071681,2995.239446
1779071681,2995.479607
1779071681,2687.546115
1779071681,2687.362378
1779071681,3303.199411
1779071681,2687.743346
1779071681,2994.971693
1779071681,2994.709873
1779071681,2995.193631
1779071681,2994.155205
1779071681,3302.599723
1779071681,3301.204216
1779071681,3301.317245
1779071681,2683.703440
1779071681,3301.444768
1779071681,3611.570833
1779071681,2683.844005
1779071681,2682.674055
1779071681,2682.521602
1779071681,3301.924494
1779071681,2684.223923
1779071681,2684.027249
1779071681,2682.826200
1779071681,2683.032724
1779071681,4231.847188
1779071681,2683.183506
1779071681,2683.102892
1779071681,2683.224324
1779071681,2683.377274
1779071681,3300.766061
1779071681,2992.786493
1779071681,2683.926960
1779071681,2992.479801
1779071681,2993.198839
1779071681,2993.976574
1779071681,2994.839352
1779071681,2995.444738
1779071681,2995.385274
1779071681,2995.394249
1779071681,2995.566152
1779071681,2995.324606
1779071681,2994.726934
1779071681,2995.208552
1779071681,3611.884168
1779071681,3920.381669
1779071681,2687.574403
1779071681,3302.088985
1779071681,2687.704488
1779071681,3302.811914
1779071681,3302.659379
1779071681,2996.049056
1779071681,2995.301709
1779071681,3303.664096
1779071681,2995.781701
1779071681,2687.757531
1779071681,2994.958275
1779071681,2995.030029
1779071681,2994.747722
1779071681,2995.041557
1779071681,2994.189651
1779071681,3301.790851
1779071681,3302.397346
1779071681,3300.127878
1779071681,4231.296637
1779071681,3301.114997
1779071681,2682.527178
1779071681,2683.030026
1779071681,3608.958801
1779071681,2683.172855
1779071681,2683.031860
1779071681,2682.963871
1779071681,2683.305232
1779071681,2683.132317
1779071681,2683.339060
1779071681,2992.504801
1779071681,2683.294609
1779071681,2683.931737
1779071681,2683.851033
1779071681,2683.552522
1779071681,2683.551169
1779071681,2683.918202
1779071681,2993.455049
1779071681,2992.336136
1779071681,2684.573176
1779071681,2993.571013
1779071681,2995.770523
1779071681,2996.345685
1779071681,2994.628970
1779071681,2994.955397
1779071681,2996.560110
1779071681,2995.600607
1779071681,2995.300916
1779071681,3919.471730
1779071681,4232.892503
1779071681,2686.954056
1779071681,3610.304833
1779071681,2687.089406
1779071681,2995.526483
1779071681,2687.397935
1779071681,2995.809788
1779071681,4238.038862
1779071681,2687.400961
1779071681,2995.752872
1779071681,3611.021760
1779071681,2994.535446
1779071681,3303.107416
1779071681,2994.396440
1779071681,2686.514993
1779071681,2994.907131
1779071681,2994.562187
1779071681,2992.141843
1779071681,2992.157302
1779071681,2992.296366
1779071681,2682.735434
1779071681,2682.722788
1779071681,2682.874293
1779071681,2682.806072
1779071681,2683.190739
1779071681,2683.462115
1779071681,2683.126812
1779071681,2683.450210
1779071681,2683.204432
1779071681,2683.464519
1779071681,2683.778367
1779071681,3301.190163
1779071681,2683.878656
1779071681,2683.779143
1779071681,2991.303283
1779071681,2683.840074
1779071681,2682.707256
1779071681,2992.307459
1779071681,2992.605538
1779071681,2684.454998
1779071681,2992.685754
1779071681,2992.823641
1779071681,2993.655285
1779071681,2994.305511
1779071681,3611.143151
1779071681,2994.550879
1779071681,4848.623263
1779071681,2995.751247
1779071681,2994.768495
1779071681,2686.646674
1779071681,2686.692422
1779071681,2687.339029
1779071681,2687.367038
1779071681,2687.591846
1779071681,3302.379408
1779071681,2996.025512
1779071681,3303.797254
1779071681,2995.825371
1779071681,2995.737895
1779071681,3304.251389
1779071681,2687.678700
1779071681,2994.339662
1779071681,2999.061762
1779071681,2689.416329
1779071681,2994.814503
1779071681,2994.843902
1779071681,2994.608029
1779071681,2682.510279
1779071681,3609.229558
1779071681,3920.391765
1779071681,2992.247221
1779071681,2683.159408
1779071681,4540.245589
1779071681,2683.147061
1779071681,2683.225648
1779071681,2993.003908
1779071681,2683.831632
1779071681,2683.703484
1779071681,2682.592888
1779071681,2683.031654
1779071681,2992.336085
1779071681,2683.105657
1779071681,2992.490098
1779071681,3611.777425
1779071681,2993.213948
1779071681,2686.156487
1779071681,2684.728647
1779071681,2993.954491
1779071681,2994.793778
1779071681,2686.924398
1779071681,2685.561157
1779071681,2994.435896
1779071681,2994.703914
1779071681,2994.869564
1779071681,2994.957593
1779071681,2688.052810
1779071681,2995.168805
1779071681,3611.582080
1779071681,2995.394953
1779071681,2687.198217
1779071681,3303.368333
1779071681,2995.292363
1779071681,2687.098513
1779071681,2995.914910
1779071681,2995.607991
1779071681,2993.680106
1779071681,2689.944142
1779071681,2687.728515
1779071681,2687.828283
1779071681,2687.841576
1779071681,2994.512814
1779071681,3304.692568
1779071681,2994.481484
1779071681,2690.995137
1779071681,2994.476594
1779071681,2995.125200
1779071681,2690.432789
1779071681,3915.974464
1779071681,2990.923639
1779071681,2682.722807
1779071681,2682.847830
1779071681,2682.916785
1779071681,3299.350816
1779071681,3300.964660
1779071681,2683.184679
1779071681,2683.221450
1779071681,2683.222535
1779071681,3609.605058
1779071681,3917.374013
1779071681,2992.342545
1779071681,2992.789888
1779071681,2993.049301
1779071681,2684.496222
1779071681,2993.388022
1779071681,4229.936196
1779071681,2994.214668
1779071681,3303.468396
1779071681,3611.794271
1779071681,3303.921632
1779071681,2995.133626
1779071681,2685.523424
1779071681,2994.041706
1779071681,2994.129491
1779071681,2994.291482
1779071681,2994.401646
1779071681,2994.515841
1779071681,2994.461978
1779071681,2686.150135
1779071681,2686.323332
1779071681,2995.243394
1779071681,2687.186719
1779071681,4541.453325
1779071681,2995.709968
1779071681,3611.113894
1779071681,3919.775919
1779071681,2996.689177
1779071681,3920.300777
1779071681,2996.830569
1779071681,2687.707589
1779071681,2687.765052
1779071681,2996.761555
1779071681,2687.582587
1779071681,3303.085578
1779071681,2994.511575
1779071681,2994.992399
1779071681,2686.730020
1779071681,2995.030443
1779071682,2682.385645
1779071682,2682.555596
1779071682,3609.864657
1779071682,4539.564641
1779071682,3917.447185
1779071682,3609.957333
1779071682,3918.131129
1779071682,2682.819730
1779071682,3609.218391
1779071682,2991.684705
1779071682,4847.789239
1779071682,3611.018045
1779071682,2992.066115
1779071682,3610.348368
1779071682,3610.422199
1779071682,3920.149779
1779071682,3301.414334
1779071682,2992.165216
1779071682,2992.250237
1779071682,2992.708559
1779071682,3302.177438
1779071682,2993.259136
1779071682,2992.796705
1779071682,2993.578558
1779071682,2993.823931
1779071682,2993.495230
1779071682,2993.411598
1779071682,2993.770295
1779071682,2684.711674
1779071682,2994.462348
1779071682,2994.407820
1779071682,3304.095854
1779071682,2994.920174
1779071682,3611.685955
1779071682,3305.201552
1779071682,3303.542582
1779071682,3611.898228
1779071682,2995.593391
1779071682,2685.698453
1779071682,2996.408658
1779071682,2685.877311
1779071682,3302.925673
1779071682,2996.684799
1779071682,2996.381897
1779071682,2996.772410
1779071682,2994.426555
1779071682,2994.655829
1779071682,2994.905612
1779071682,2994.890825
1779071682,2995.467904
1779071682,2681.259697
1779071682,3300.469037
1779071682,2681.364385
1779071682,3300.503336
1779071682,2681.268573
1779071682,4847.447190
1779071682,5154.996630
1779071682,2681.661130
1779071682,2681.689805
1779071682,3299.841310
1779071682,2991.717663
1779071682,4225.752513
1779071682,3299.883180
1779071682,2680.817163
1779071682,3917.995241
1779071682,4226.538902
1779071682,3300.840656
1779071682,3301.025177
1779071682,2992.267181
1779071682,2992.404841
1779071682,3302.311615
1779071682,2993.084151
1779071682,2993.011333
1779071682,2683.283300
1779071682,2993.456570
1779071682,2993.562377
1779071682,2683.987653
1779071682,2683.499518
1779071682,2994.116914
1779071682,2994.094280
1779071682,2994.437565
1779071682,3303.926414
1779071682,2994.793850
1779071682,2683.918804
1779071682,3303.109799
1779071682,3304.225122
1779071682,2994.764397
1779071682,2683.676648
1779071682,3303.661713
1779071682,2995.884062
1779071682,2995.273106
1779071682,3304.912282
1779071682,3304.086706
1779071682,2684.169731
1779071682,2996.187361
1779071682,2994.296689
1779071682,2994.120411
1779071682,2994.377842
1779071682,2994.572612
1779071682,2995.352021
1779071682,3609.114733
1779071682,2680.943344
1779071682,2680.918461
1779071682,2991.256963
1779071682,3609.062175
1779071682,2681.186127
1779071682,2991.231540
1779071682,2681.108941
1779071682,2681.444755
1779071682,2990.387417
1779071682,2681.460182
1779071682,2991.989810
1779071682,2681.735037
1779071682,2991.888966
1779071682,2990.821367
1779071682,2990.918801
1779071682,2990.978371
1779071682,2992.432120
1779071682,2991.581486
1779071682,2991.957299
1779071682,4227.922993
1779071682,2992.612793
1779071682,2682.596048
1779071682,2682.554582
1779071682,2682.770571
1779071682,2682.964847
1779071682,2993.192575
1779071682,2993.575157
1779071682,2682.660858
1779071682,3302.392437
1779071682,2994.049965
1779071682,2683.665749
1779071682,3302.598600
1779071682,2994.310582
1779071682,3303.254033
1779071682,2994.921527
1779071682,2994.808694
1779071682,2994.754577
1779071682,2995.074927
1779071682,2995.110754
1779071682,3303.854516
1779071682,2994.870721
1779071682,2995.281335
1779071682,2684.120802
1779071682,2993.994567
1779071682,3304.666529
1779071682,3302.670110
1779071682,2994.039063
1779071682,2994.302369
1779071682,2995.155111
1779071682,3918.909633
1779071682,2679.907798
1779071682,2990.172718
1779071682,2681.433674
1779071682,2681.413044
1779071682,3609.857151
1779071682,2991.698973
1779071682,2681.676186
1779071682,2990.507366
1779071682,2990.423139
1779071682,2992.067994
1779071682,2680.560790
1779071682,2680.663589
1779071682,2990.834428
1779071682,2682.169873
1779071682,3920.048915
1779071682,2991.259429
1779071682,2682.903816
1779071682,2990.196748
1779071682,2990.495401
1779071682,2992.316367
1779071682,2992.641434
1779071682,2991.101593
1779071682,2991.405017
1779071682,2991.318800
1779071682,3301.638475
1779071682,2991.855825
1779071682,2683.072142
1779071682,2993.880889
1779071682,2683.530110
1779071682,2993.947728
1779071682,2992.796412
1779071682,2993.074013
1779071682,2993.182863
1779071682,2993.083270
1779071682,2683.920799
1779071682,3611.696070
1779071682,3303.822873
1779071682,2992.168471
1779071682,2992.095852
1779071682,2992.272915
1779071682,2991.825075
1779071682,2992.781503
1779071682,2990.843095
1779071682,2990.770586
1779071682,2684.356402
1779071682,2990.959413
1779071682,2990.335912
1779071682,2989.573265
1779071682,2991.804413
1779071682,2990.675715
1779071682,4841.884374
1779071682,3300.782866
1779071682,3919.177671
1779071682,4227.190976
1779071682,3919.437783
1779071682,2680.848504
1779071682,2680.840168
1779071682,2991.316445
1779071682,2681.105242
1779071682,2681.202806
1779071682,2681.636481
1779071682,3301.205963
1779071682,2681.370408
1779071682,2681.303651
1779071682,2681.446967
1779071682,2681.909688
1779071682,3300.297802
1779071682,2682.073662
1779071682,2990.558563
1779071682,2990.602137
1779071682,2990.668825
1779071682,2680.919682
1779071682,2991.122802
1779071682,2991.236944
1779071682,3301.401595
1779071682,3301.295152
1779071682,2682.133684
1779071682,2991.620432
1779071682,2991.421239
1779071682,2991.107637
1779071682,2991.132760
1779071682,3302.379172
1779071682,2990.938893
1779071682,2991.727556
1779071682,2991.001281
1779071682,2991.816592
1779071682,2992.378556
1779071682,2991.752548
1779071682,3302.526178
1779071682,3303.760467
1779071682,2684.339215
1779071682,2991.338561
1779071682,2992.327583
1779071682,2991.706971
1779071682,2991.249113
1779071682,2990.924251
1779071682,2684.369740
1779071682,2684.493698
1779071682,2991.296461
1779071682,2990.116569
1779071682,2681.189927
1779071682,2680.985739
1779071682,4227.920932
1779071682,2681.091887
1779071682,2681.282731
1779071682,2681.194992
1779071682,2681.389172
1779071682,2681.455218
1779071682,2681.869250
1779071682,2681.565567
1779071682,2681.637419
1779071682,2681.661280
1779071682,2681.691385
1779071682,2682.079732
1779071682,2991.535152
1779071682,2990.124785
1779071682,2990.170741
1779071682,2991.479576
1779071682,2991.422217
1779071682,2990.269824
1779071682,3609.349672
1779071682,3300.580840
1779071682,2682.745055
1779071682,3300.932080
1779071682,2990.877971
1779071682,3301.138237
1779071682,2990.684965
1779071682,2991.481952
1779071682,2991.695361
1779071682,2991.553602
1779071682,2991.355665
1779071682,2992.013333
1779071682,3301.620917
1779071682,2992.150511
1779071682,2991.599811
1779071682,2991.410696
1779071682,2991.611033
1779071682,2991.712968
1779071682,2991.679804
1779071682,2991.649833
1779071682,3611.866004
1779071682,2991.727193
1779071682,2991.837773
1779071682,2991.324235
1779071682,2991.903785
1779071682,2991.179358
1779071682,2990.654642
1779071682,2991.319808
1779071682,2991.623882
1779071682,3301.195661
1779071682,2991.176113
1779071682,3301.278124
1779071682,2991.312290
1779071682,2991.165070
1779071682,3301.275478
1779071682,3301.416794
1779071682,2681.950190
1779071682,3301.792244
1779071682,2680.915204
1779071682,2682.076569
1779071682,2990.363539
1779071682,2680.882052
1779071682,2682.271222
1779071682,3299.505800
1779071682,2990.998969
1779071682,2990.958409
1779071682,2990.834972
1779071682,2990.790963
1779071682,2681.683285
1779071682,2990.932388
1779071682,2991.354833
1779071682,2990.305895
1779071682,2680.556307
1779071682,2991.385640
1779071682,2991.806232
1779071682,2682.335531
1779071682,2991.615058
1779071682,3300.713803
1779071682,2990.911562
1779071682,2991.702542
1779071682,2991.127566
1779071682,2991.094346
1779071682,3299.785918
1779071682,2991.187054
1779071682,2991.254088
1779071682,2991.425763
1779071682,2991.592989
1779071682,2991.750588
1779071682,2992.352768
1779071682,2991.180232
1779071682,2991.856281
1779071682,2682.927166
1779071682,3299.925887
1779071682,2991.839154
1779071682,2989.839470
1779071682,2992.019170
1779071682,2990.903119
1779071682,2991.921058
1779071682,2991.355938
1779071682,3299.477303
1779071682,2679.311464
1779071682,2990.139954
1779071682,3300.028500
1779071682,3300.021607
1779071682,2680.854934
1779071682,2680.913554
1779071682,2681.195578
1779071682,2681.050658
1779071682,2681.169166
1779071682,2990.947226
1779071682,2681.903843
1779071682,2681.713496
1779071682,2681.804850
1779071682,3301.234061
1779071682,2680.662641
1779071682,2682.419919
1779071682,2682.164628
1779071682,2682.376856
1779071682,2682.339302
1779071682,2681.006432
1779071682,2680.977721
1779071682,2681.220721
1779071682,3300.757762
1779071682,2682.648680
1779071682,2681.247919
1779071682,2681.346497
1779071682,2681.362661
1779071682,2681.328889
1779071682,2991.014147
1779071682,2991.206825
1779071682,2681.618644
1779071682,2991.507782
1779071682,2991.079794
1779071682,2681.913397
1779071682,2681.351272
1779071682,2991.741645
1779071682,2681.707446
1779071682,2991.489604
1779071682,2682.032371
1779071682,2991.100978
1779071682,2992.634438
1779071682,2992.522883
1779071682,2991.885547
1779071682,2991.439092
1779071682,3298.135973
1779071682,2990.314370
1779071682,3298.622400
1779071682,2990.259899
1779071682,2991.594439
1779071682,4227.574910
1779071682,3299.472991
1779071682,2681.035179
1779071682,2680.880558
1779071682,2681.025929
1779071682,2681.016171
1779071682,2990.424538
1779071682,3299.895345
1779071682,2681.328085
1779071682,2681.434231
1779071682,2990.814885
1779071682,2681.383127
1779071682,2680.234387
1779071682,2681.817435
1779071682,2680.610076
1779071682,2680.904041
1779071682,2682.221537
1779071682,2681.116502
1779071682,2681.296428
1779071682,2990.541646
1779071682,2681.418910
1779071682,2990.775869
1779071682,2990.652329
1779071682,2681.656151
1779071682,2681.517572
1779071682,2681.616679
1779071682,2991.039161
1779071682,2681.935118
1779071682,2990.967754
1779071682,2680.793532
1779071682,2682.301277
1779071682,2681.043454
1779071682,2990.736964
1779071682,2991.381132
1779071682,2681.209736
1779071682,2681.393812
1779071682,2990.715657
1779071682,2990.841709
1779071682,2991.472877
1779071682,2990.857863
1779071682,2991.148971
1779071682,2991.745894
1779071682,2991.560900
1779071682,2992.382218
1779071682,2992.137424
1779071682,2683.206423
1779071682,2992.536972
1779071682,2990.455210
1779071682,2990.418648
1779071682,2991.813236
1779071682,2990.378688
1779071682,2680.018691
1779071682,2680.193607
1779071682,3608.919255
1779071682,2680.193082
1779071682,2680.336832
1779071682,2991.062828
1779071682,2680.583506
1779071682,3299.304073
1779071682,2989.738869
1779071682,2680.597528
1779071682,2991.030358
1779071682,2680.729875
1779071682,2991.429839
1779071682,2681.502411
1779071682,2681.351239
1779071682,2681.541311
1779071682,2680.414133
1779071682,2680.284220
1779071682,2681.675420
1779071682,2681.879168
1779071682,2680.453649
1779071682,2989.822965
1779071682,2680.855155
1779071682,2682.243812
1779071682,2680.924041
1779071682,2682.785526
1779071682,2681.168390
1779071682,2990.314370
1779071682,2990.026505
1779071682,2681.142589
1779071682,2990.359876
1779071682,2990.428762
1779071682,2681.291398
1779071682,2681.594468
1779071682,2680.651820
1779071682,2990.617308
1779071682,2991.077923
1779071682,2990.473549
1779071682,2990.766968
1779071682,3299.555025
1779071682,2682.185625
1779071682,2990.952875
1779071682,2991.506048
1779071682,2993.003538
1779071682,2992.197315
1779071682,2683.110811
1779071682,2990.107486
1779071682,2990.339190
1779071682,2992.858686
1779071683,3608.214761
1779071683,2679.698676
1779071683,3608.518815
1779071683,3298.855831
1779071683,3299.185384
1779071683,2680.563324
1779071683,2988.613594
1779071683,2680.644340
1779071683,3299.687970
1779071683,3300.121641
1779071683,2680.111576
1779071683,2678.664680
1779071683,3609.120503
1779071683,2680.786616
1779071683,2680.773434
1779071683,2679.541633
1779071683,2679.897497
1779071683,3609.931477
1779071683,2680.152166
1779071683,2680.089553
1779071683,2679.929348
1779071683,2680.185462
1779071683,2680.320517
1779071683,2680.561781
1779071683,2990.297032
1779071683,3612.563526
1779071683,2991.027839
1779071683,2991.236670
1779071683,2681.974412
1779071683,2991.226027
1779071683,2992.631482
1779071683,2991.826114
1779071683,2990.025299
1779071683,2682.094654
1779071683,2990.309130
1779071683,3304.645933
1779071683,2685.985955
1779071683,2685.808309
1779071683,2683.960821
1779071683,3304.564022
1779071683,3305.870259
1779071683,2686.287605
1779071683,2686.283175
1779071683,2685.092837
1779071683,2685.090912
1779071683,2685.577435
1779071683,2995.002414
1779071683,2993.215023
1779071683,2686.786390
1779071683,2687.268402
1779071683,3607.851071
1779071683,2989.495147
1779071683,3608.110137
1779071683,2989.526230
1779071683,2679.428348
1779071683,2679.453740
1779071683,2679.500822
1779071683,3609.180830
1779071683,4845.239107
1779071683,3919.790820
1779071683,2680.199144
1779071683,2680.414513
1779071683,2680.591387
1779071683,3610.464554
1779071683,3299.600661
1779071683,3299.674331
1779071683,2681.043688
1779071683,3299.854604
1779071683,2681.195482
1779071683,2681.571203
1779071683,2681.626346
1779071683,2681.607992
1779071683,2680.681906
1779071683,2681.875199
1779071683,3300.417529
1779071683,3300.837145
1779071683,3300.812708
1779071683,3301.056918
1779071683,2681.352110
1779071683,2991.011267
1779071683,2991.425123
1779071683,2682.203917
1779071683,3301.754310
1779071683,2992.191710
1779071683,2682.766379
1779071683,2992.067251
1779071683,2992.202695
1779071683,2992.178416
1779071683,2992.968450
1779071683,2993.801015
1779071683,2993.479033
1779071683,2994.473460
1779071683,2994.324562
1779071683,2994.550218
1779071683,3302.684868
1779071683,2993.005394
1779071683,2994.940632
1779071683,2994.989246
1779071683,2993.773304
1779071683,2994.192553
1779071683,3297.788994
1779071683,3917.356819
1779071683,3607.344519
1779071683,3917.596459
1779071683,2989.056677
1779071683,3298.192138
1779071683,3607.711149
1779071683,2989.481997
1779071683,3298.437762
1779071683,2989.747749
1779071683,3300.367846
1779071683,2990.000583
1779071683,3608.460046
1779071683,3300.983478
1779071683,3300.979953
1779071683,2990.905328
1779071683,3298.509774
1779071683,3299.969618
1779071683,2680.737123
1779071683,2989.920945
1779071683,2989.811571
1779071683,3299.422301
1779071683,3610.130272
1779071683,3299.350452
1779071683,2990.412898
1779071683,3299.617174
1779071683,2680.745563
1779071683,3299.905235
1779071683,3299.891862
1779071683,3300.186332
1779071683,2991.431568
1779071683,2991.832218
1779071683,3300.493846
1779071683,3301.446494
1779071683,2992.149558
1779071683,2992.239486
1779071683,2991.849428
1779071683,3301.414336
1779071683,2992.608240
1779071683,2992.994585
1779071683,2992.995350
1779071683,2994.251893
1779071683,2994.076175
1779071683,2994.506050
1779071683,2993.974248
1779071683,3302.626572
1779071683,2994.487298
1779071683,2684.129981
1779071683,2993.255765
1779071683,2994.038696
1779071683,3917.754152
1779071683,2989.180922
1779071683,2989.242717
1779071683,2680.546521
1779071683,2989.262696
1779071683,2680.511005
1779071683,2989.203679
1779071683,2989.391017
1779071683,3917.032707
1779071683,2989.725467
1779071683,2989.603263
1779071683,2679.936897
1779071683,2988.921914
1779071683,2988.999548
1779071683,3299.700488
1779071683,2989.177415
1779071683,3609.195126
1779071683,3608.168780
1779071683,2989.427634
1779071683,3609.970901
1779071683,2989.903951
1779071683,2680.145694
1779071683,2680.355299
1779071683,3609.035526
1779071683,3299.710067
1779071683,3299.515964
1779071683,3609.449617
1779071683,3299.847193
1779071683,3609.741361
1779071683,3299.947260
1779071683,3300.017411
1779071683,3300.641373
1779071683,3610.318100
1779071683,3610.255343
1779071683,3610.430619
1779071683,3918.323126
1779071683,3301.584437
1779071683,3300.733371
1779071683,3301.342810
1779071683,2992.290169
1779071683,2992.305239
1779071683,2992.925898
1779071683,2993.145636
1779071683,2992.878117
1779071683,3303.550216
1779071683,2993.820682
1779071683,2683.997185
1779071683,2994.503198
1779071683,2993.655970
1779071683,2993.690785
1779071683,2988.321462
1779071683,4227.880667
1779071683,2988.542337
1779071683,2988.566527
1779071683,2679.958472
1779071683,2988.556641
1779071683,4536.547122
1779071683,2680.184410
1779071683,2680.514644
1779071683,3918.177244
1779071683,2988.716592
1779071683,2680.779536
1779071683,2989.013504
1779071683,4227.125724
1779071683,3298.498475
1779071683,2989.095475
1779071683,3608.012448
1779071683,2679.691740
1779071683,3607.894338
1779071683,3608.223207
1779071683,2989.549791
1779071683,3608.276230
1779071683,2988.694320
1779071683,2988.804454
1779071683,2989.000306
1779071683,2680.468326
1779071683,2989.453251
1779071683,3298.682242
1779071683,2680.730113
1779071683,2990.043887
1779071683,2990.044837
1779071683,3299.604839
1779071683,2681.339993
1779071683,2990.551917
1779071683,2990.728234
1779071683,2990.934708
1779071683,2990.716902
1779071683,2681.465752
1779071683,2991.883301
1779071683,2991.987284
1779071683,2991.873650
1779071683,2992.876017
1779071683,2992.460193
1779071683,2993.284538
1779071683,2993.406120
1779071683,2993.436377
1779071683,2993.733340
1779071683,2993.928516
1779071683,2993.180489
1779071683,2993.707707
1779071683,2678.795735
1779071683,2989.175089
1779071683,2680.255546
1779071683,2680.473109
1779071683,2680.463793
1779071683,2989.290446
1779071683,2680.645775
1779071683,2988.232096
1779071683,2989.758119
1779071683,2989.895031
1779071683,2680.820259
1779071683,2680.994639
1779071683,2681.127385
1779071683,2988.716904
1779071683,2681.199779
1779071683,2988.973393
1779071683,2681.425254
1779071683,2680.529172
1779071683,2989.355448
1779071683,2680.631992
1779071683,2680.671161
1779071683,2680.756312
1779071683,2989.598980
1779071683,3607.617326
1779071683,2681.082572
1779071683,2989.378777
1779071683,2989.591839
1779071683,2989.658381
1779071683,2989.478719
1779071683,2989.176504
1779071683,2989.336107
1779071683,2989.872529
1779071683,2989.771544
1779071683,2681.152500
1779071683,2990.392622
1779071683,2990.241616
1779071683,2990.137783
1779071683,2990.299303
1779071683,2990.984602
1779071683,2991.333364
1779071683,2991.162994
1779071683,2991.085987
1779071683,2991.620703
1779071683,2991.758833
1779071683,2991.997742
1779071683,2992.948860
1779071683,3301.667854
1779071683,2993.443544
1779071683,2993.592900
1779071683,2993.480764
1779071683,2989.986953
1779071683,2680.516536
1779071683,2989.895908
1779071683,2988.805058
1779071683,2680.675329
1779071683,3608.167710
1779071683,2680.569895
1779071683,2680.556380
1779071683,3298.762260
1779071683,2989.139028
1779071683,2989.149714
1779071683,2988.037914
1779071683,2989.517996
1779071683,2988.399627
1779071683,2989.717232
1779071683,3916.978400
1779071683,2988.555007
1779071683,2680.454112
1779071683,2680.579775
1779071683,2988.618874
1779071683,2680.409193
1779071683,2680.612665
1779071683,2680.259917
1779071683,2990.385808
1779071683,2989.033832
1779071683,2680.965475
1779071683,2989.079330
1779071683,2676.174672
1779071683,2989.467117
1779071683,2676.315213
1779071683,2676.238977
1779071683,2989.434927
1779071683,2676.550276
1779071683,2990.003571
1779071683,2989.754035
1779071683,2989.593601
1779071683,2989.530471
1779071683,2989.983775
1779071683,2990.614088
1779071683,2990.553331
1779071683,2990.257834
1779071683,2990.629744
1779071683,2990.532446
1779071683,2990.732213
1779071683,2991.753396
1779071683,3301.299673
1779071683,2992.700322
1779071683,2992.522363
1779071683,2992.503377
1779071683,2992.860087
1779071683,2680.206259
1779071683,2988.816589
1779071683,2680.467725
1779071683,2680.369747
1779071683,2680.565732
1779071683,2680.687813
1779071683,3606.923545
1779071683,2680.607189
1779071683,2680.742955
1779071683,2989.919833
1779071683,2681.212550
1779071683,2990.057252
1779071683,2988.491591
1779071683,2988.667327
1779071683,2681.356646
1779071683,2680.502723
1779071683,2680.793074
1779071683,2990.600025
1779071683,2989.543664
1779071683,2681.386426
1779071683,2681.435903
1779071683,2681.407837
1779071683,2683.021634
1779071683,3917.918028
1779071683,2676.583495
1779071683,2989.910284
1779071683,2676.668931
1779071683,2990.064626
1779071683,2990.185275
1779071683,3298.852495
1779071683,2676.656288
1779071683,2989.736068
1779071683,2677.064049
1779071683,2989.695890
1779071683,2989.695112
1779071683,2989.252174
1779071683,3298.498866
1779071683,2990.159973
1779071683,2990.264834
1779071683,2990.371696
1779071683,2990.156064
1779071683,2990.225026
1779071683,2990.291046
1779071683,2990.323092
1779071683,2991.595109
1779071683,2991.875052
1779071683,2992.598363
1779071683,2992.725002
1779071683,2993.434287
1779071683,2993.251815
1779071683,3297.644251
1779071683,2680.092504
1779071683,3297.879990
1779071683,2680.800321
1779071683,3298.475651
1779071683,2680.851024
1779071683,3298.474861
1779071683,3297.215613
1779071683,2681.131134
1779071683,3297.383980
1779071683,3297.453139
1779071683,2680.277609
1779071683,2680.548431
1779071683,2680.573674
1779071683,2680.555216
1779071683,2680.426714
1779071683,3297.317059
1779071683,2680.721733
1779071683,2989.345831
1779071683,2681.057362
1779071683,2680.982127
1779071683,2681.079163
1779071683,2989.063318
1779071683,2681.268928
1779071683,2988.589580
1779071683,2675.937579
1779071683,2677.123602
1779071683,2681.439748
1779071683,2989.015802
1779071683,2677.377490
1779071683,2676.319526
1779071683,3297.948213
1779071683,2988.954239
1779071683,2682.200069
1779071683,2989.549307
1779071683,2675.911586
1779071683,2990.228288
1779071683,2989.745464
1779071683,2989.971409
1779071683,2676.836364
1779071683,2990.360594
1779071683,2990.567143
1779071683,2989.723971
1779071683,2990.733923
1779071683,2991.548129
1779071683,2992.012957
1779071683,2992.286523
1779071683,2992.702387
1779071683,2992.738915
1779071683,2993.526169
1779071684,2988.426511
1779071684,3298.077809
1779071684,2679.793509
1779071684,3298.061692
1779071684,3296.772541
1779071684,4225.636675
1779071684,2989.097172
1779071684,2680.379958
1779071684,2989.186714
1779071684,2680.043643
1779071684,2989.939063
1779071684,2990.135608
1779071684,2680.116544
1779071684,2680.109402
1779071684,2988.915331
1779071684,2680.560520
1779071684,2680.626629
1779071684,2680.919743
1779071684,2680.667580
1779071684,2680.797536
1779071684,3297.808587
1779071684,2681.012536
1779071684,2680.906832
1779071684,2984.586779
1779071684,2676.980783
1779071684,2681.219123
1779071684,2984.621387
1779071684,2681.400058
1779071684,2677.189219
1779071684,2676.207335
1779071684,3297.773504
1779071684,2985.204865
1779071684,2676.541021
1779071684,2676.600502
1779071684,2676.789422
1779071684,2985.329663
1779071684,2985.784980
1779071684,2985.027783
1779071684,2985.042009
1779071684,2985.086033
1779071684,2985.120375
1779071684,2985.391624
1779071684,2985.584196
1779071684,2985.501219
1779071684,2986.888914
1779071684,2987.364416
1779071684,2679.260068
1779071684,2992.121592
1779071684,2992.410039
1779071684,2991.768828
1779071684,3296.781755
1779071684,3914.943181
1779071684,3605.622389
1779071684,3297.384158
1779071684,3297.251489
1779071684,2988.535392
1779071684,4843.980547
1779071684,3297.458981
1779071684,3296.327168
1779071684,2680.063851
1779071684,2680.158091
1779071684,2680.211935
1779071684,2680.220565
1779071684,2680.113677
1779071684,2681.362176
1779071684,3606.228041
1779071684,3297.599345
1779071684,2680.436153
1779071684,2680.485128
1779071684,2680.617881
1779071684,2682.137682
1779071684,2680.650847
1779071684,2680.668158
1779071684,2984.909177
1779071684,2984.978416
1779071684,2677.369715
1779071684,2677.368737
1779071684,2677.421107
1779071684,2676.313143
1779071684,2990.127919
1779071684,2676.527592
1779071684,2984.576689
1779071684,2984.571752
1779071684,2984.503944
1779071684,2984.704248
1779071684,2984.927971
1779071684,2682.001936
1779071684,2985.060703
1779071684,2985.037601
1779071684,2985.370394
1779071684,2985.198095
1779071684,2985.355488
1779071684,2985.510143
1779071684,2985.603058
1779071684,2986.655136
1779071684,2986.636652
1779071684,2987.804755
1779071684,2990.736582
1779071684,2991.846589
1779071684,2992.103375
1779071684,2679.409923
1779071684,2988.684243
1779071684,2679.702732
1779071684,2679.881497
1779071684,2989.055628
1779071684,2680.089165
1779071684,2989.078690
1779071684,2987.997429
1779071684,2680.305871
1779071684,2680.299611
1779071684,2680.302407
1779071684,2989.077028
1779071684,2681.307328
1779071684,2679.983640
1779071684,3297.920192
1779071684,2680.319752
1779071684,2680.542692
1779071684,2989.657214
1779071684,2680.482605
1779071684,2680.421704
1779071684,2680.564788
1779071684,2680.689449
1779071684,2680.666973
1779071684,3607.953075
1779071684,2678.416205
1779071684,2677.091419
1779071684,2677.136217
1779071684,2985.016729
1779071684,3298.161915
1779071684,2677.533282
1779071684,3298.243791
1779071684,3298.158432
1779071684,2676.509475
1779071684,2984.675358
1779071684,2984.742136
1779071684,2984.973245
1779071684,2984.856173
1779071684,2679.522909
1779071684,2985.061453
1779071684,2985.050828
1779071684,3297.992234
1779071684,2676.731182
1779071684,2677.371588
1779071684,2985.503453
1779071684,2986.700614
1779071684,2986.917843
1779071684,2987.664884
1779071684,2991.351746
1779071684,2992.202749
1779071684,2683.813841
1779071684,2988.197250
1779071684,2988.082856
1779071684,2988.185006
1779071684,3297.081019
1779071684,2988.594950
1779071684,2679.661539
1779071684,3297.463055
1779071684,3604.708045
1779071684,3296.549979
1779071684,2680.062080
1779071684,3297.628205
1779071684,3297.782583
1779071684,2988.981036
1779071684,2988.843585
1779071684,2680.059337
1779071684,3606.027532
1779071684,2680.310281
1779071684,2680.345539
1779071684,3606.597036
1779071684,2680.549292
1779071684,2680.500706
1779071684,3298.890151
1779071684,2679.569313
1779071684,2678.792296
1779071684,2678.077567
1779071684,2681.282098
1779071684,2678.303268
1779071684,3294.051043
1779071684,2986.624184
1779071684,2677.538234
1779071684,2681.716915
1779071684,2984.816360
1779071684,2677.315898
1779071684,2677.271239
1779071684,2985.306201
1779071684,2678.264916
1779071684,2677.462020
1779071684,2985.852733
1779071684,2985.812478
1779071684,2677.965975
1779071684,2678.921839
1779071684,3608.881606
1779071684,2986.485447
1779071684,2986.329828
1779071684,2986.924902
1779071684,3295.088323
1779071684,2987.484960
1779071684,2991.218309
1779071684,2682.588684
1779071684,2992.090035
1779071684,2987.656214
1779071684,3295.328665
1779071684,2987.733237
1779071684,2679.184349
1779071684,2679.249566
1779071684,2988.107597
1779071684,2988.365877
1779071684,2679.569215
1779071684,2988.716226
1779071684,2679.629652
1779071684,2678.751011
1779071684,2987.597658
1779071684,2679.644515
1779071684,3298.848115
1779071684,2679.791525
1779071684,3298.934426
1779071684,3606.486343
1779071684,2680.047784
1779071684,2680.298888
1779071684,2680.472020
1779071684,2680.387649
1779071684,2681.014593
1779071684,3606.914365
1779071684,2679.775684
1779071684,2680.488896
1779071684,2681.196976
1779071684,3294.565853
1779071684,2678.788013
1779071684,3607.216855
1779071684,2678.126737
1779071684,2679.123364
1779071684,2679.456796
1779071684,2677.929407
1779071684,2678.646567
1779071684,2678.017322
1779071684,2677.908625
1779071684,2985.824081
1779071684,2986.003046
1779071684,2677.980886
1779071684,2677.702893
1779071684,2678.750207
1779071684,2986.155815
1779071684,2986.128793
1779071684,2986.666416
1779071684,2986.343460
1779071684,2986.778423
1779071684,2987.531973
1779071684,2990.548372
1779071684,2991.305084
1779071684,2992.227815
1779071684,3296.934394
1779071684,2988.063990
1779071684,2679.308736
1779071684,2988.033856
1779071684,2679.365172
1779071684,3914.954779
1779071684,3605.817829
1779071684,2988.642373
1779071684,2988.662252
1779071684,3914.057286
1779071684,3605.309536
1779071684,2679.838115
1779071684,3914.892030
1779071684,2679.252888
1779071684,2988.130841
1779071684,2988.474626
1779071684,2988.890425
1779071684,3606.016033
1779071684,3298.472626
1779071684,3606.831976
1779071684,3915.852353
1779071684,2989.654137
1779071684,3607.598458
1779071684,3293.442398
1779071684,3293.535788
1779071684,2985.722113
1779071684,2676.603574
1779071684,3607.460257
1779071684,3294.269707
1779071684,3607.470572
1779071684,2986.330366
1779071684,2678.545205
1779071684,3607.747750
1779071684,2986.200462
1779071684,2678.439235
1779071684,2677.767178
1779071684,2986.233218
1779071684,2679.262924
1779071684,3294.218623
1779071684,2986.543492
1779071684,2986.387507
1779071684,2986.264607
1779071684,2986.391853
1779071684,2986.457937
1779071684,3295.072799
1779071684,2986.653571
1779071684,2987.189596
1779071684,3298.919785
1779071684,2990.365736
1779071684,2992.280239
1779071684,2988.156860
1779071684,2988.155446
1779071684,2988.160757
1779071684,2988.241239
1779071684,3297.310976
1779071684,2988.495973
1779071684,3297.393320
1779071684,2987.710542
1779071684,2988.890701
1779071684,2988.811160
1779071684,2989.139581
1779071684,2987.774164
1779071684,2988.411874
1779071684,3606.172752
1779071684,2988.438840
1779071684,2988.705660
1779071684,3298.135197
1779071684,3914.788207
1779071684,2988.771578
1779071684,4843.353352
1779071684,3606.695045
1779071684,2679.242826
1779071684,3915.203658
1779071684,3915.478317
1779071684,2985.534235
1779071684,3298.746503
1779071684,3602.761681
1779071684,3294.112900
1779071684,2678.327460
1779071684,3295.436248
1779071684,3603.033417
1779071684,2986.928021
1779071684,2679.247646
1779071684,3294.359903
1779071684,3603.789330
1779071684,2678.117938
1779071684,2986.450895
1779071684,3294.365818
1779071684,3294.478543
1779071684,2678.088183
1779071684,2986.345510
1779071684,2986.639731
1779071684,2986.460015
1779071684,2678.112231
1779071684,2986.362662
1779071684,2987.406291
1779071684,2986.970842
1779071684,2989.927744
1779071684,3298.874915
1779071684,2992.211935
1779071684,2988.042163
1779071684,3297.052503
1779071684,2986.985041
1779071684,4532.267636
1779071684,2988.328151
1779071684,2988.295577
1779071684,2988.475354
1779071684,2987.117505
1779071684,2987.674970
1779071684,3605.653684
1779071684,2989.033238
1779071684,3298.021240
1779071684,3605.522053
1779071684,2987.996563
1779071684,3298.200304
1779071684,3914.547022
1779071684,3915.084665
1779071684,3915.070993
1779071684,3914.537132
1779071684,2988.832253
1779071684,3606.688065
1779071684,3606.954982
1779071684,3914.752448
1779071684,3298.517167
1779071684,2987.342366
1779071684,3294.551405
1779071684,2986.139216
1779071684,3298.970868
1779071684,3294.242762
1779071684,2678.733274
1779071684,3294.179017
1779071684,2679.033416
1779071684,2678.951196
1779071684,3602.673872
1779071684,3294.592283
1779071684,2678.210659
1779071684,2678.246955
1779071684,3295.257710
1779071684,2678.313494
1779071684,2986.479344
1779071684,2986.695108
1779071684,2986.604623
1779071684,2986.367029
1779071684,2986.450636
1779071684,2986.470996
1779071684,2987.051022
1779071684,2987.107845
1779071684,2989.506280
1779071684,2989.579531
1779071684,2992.385407
1779071684,2987.427709
1779071684,2987.790005
1779071684,2679.528803
1779071684,2679.689974
1779071684,4841.004793
1779071684,3915.404083
1779071684,2679.724975
1779071684,2679.944724
1779071684,2679.906221
1779071684,2680.448735
1779071684,2989.456252
1779071684,2680.572214
1779071684,2680.528835
1779071684,2680.669743
1779071684,2989.520406
1779071684,2680.688084
1779071684,2989.043653
1779071684,2989.157671
1779071684,2989.339568
1779071684,2989.453904
1779071684,2989.272568
1779071684,2989.438953
1779071684,2987.668274
1779071684,2988.595205
1779071684,2989.231901
1779071684,2989.607799
1779071684,2987.925868
1779071684,2987.822972
1779071684,2987.759673
1779071684,3295.268906
1779071684,2987.356420
1779071684,3294.430723
1779071684,3294.353125
1779071684,3295.958320
1779071684,2986.689526
1779071684,2678.954279
1779071684,2678.153831
1779071684,2987.516857
1779071684,2986.756616
1779071684,2679.188438
1779071684,2985.197111
1779071684,2986.498200
1779071684,2986.458464
1779071684,2986.576314
1779071684,2678.003780
1779071684,2678.456966
1779071684,2986.171697
1779071684,2989.059206
1779071684,2989.104157
1779071684,2992.690415
1779071684,2987.337540
1779071684,2987.397903
1779071684,2987.949149
1779071684,2988.127232
1779071684,2988.205093
1779071684,2679.593210
1779071684,2679.851092
1779071684,2679.916350
1779071684,2988.615470
1779071684,2989.020708
1779071684,2989.232161
1779071684,2987.827564
1779071684,2988.154375
1779071684,2680.602196
1779071684,2680.561056
1779071684,2680.642744
1779071684,2987.967029
1779071684,2679.954878
1779071684,2987.922938
1779071684,2680.524879
1779071684,2680.647994
1779071684,2680.684182
1779071684,2989.006588
1779071684,2680.121363
1779071684,2986.786809
1779071684,2986.968948
1779071684,3294.174911
1779071684,2986.999234
1779071684,2987.828556
1779071684,3602.938563
1779071684,2986.531867
1779071684,2678.618699
1779071684,2986.394058
1779071684,2680.317198
1779071684,2678.201198
1779071684,2679.068423
1779071684,2679.113760
1779071684,2987.184664
1779071684,2679.231903
1779071684,2679.073124
1779071684,2985.580661
1779071684,2985.605495
1779071684,2986.500520
1779071684,2678.897014
1779071684,2678.921349
1779071684,2986.733404
1779071684,2986.434379
1779071684,2989.295468
1779071684,2989.042597
1779071684,2992.518681
1779071685,2987.621132
1779071685,2987.582177
1779071685,2987.904626
1779071685,2989.260960
1779071685,2988.226627
1779071685,2988.227216
1779071685,2988.426142
1779071685,2679.703010
1779071685,2679.658581
1779071685,2680.219348
1779071685,2987.983112
1779071685,2680.431524
1779071685,2989.578590
1779071685,2680.971339
1779071685,2988.383592
1779071685,2680.646584
1779071685,2988.070865
1779071685,2678.826809
1779071685,2681.261497
1779071685,2679.150642
1779071685,2679.817971
1779071685,2679.858491
1779071685,2987.134152
1779071685,2680.437561
1779071685,2680.487947
1779071685,2680.529939
1779071685,3602.461535
1779071685,3602.651851
1779071685,2987.727509
1779071685,2987.124859
1779071685,2986.677228
1779071685,2679.865925
1779071685,2986.677664
1779071685,2679.406850
1779071685,2677.861216
1779071685,2985.411372
1779071685,2679.412264
1779071685,2679.070791
1779071685,2679.236238
1779071685,3604.084426
1779071685,2679.287723
1779071685,2986.385447
1779071685,2986.458726
1779071685,2985.704964
1779071685,2985.836166
1779071685,2678.901752
1779071685,2986.365627
1779071685,2989.025070
1779071685,2988.551908
1779071685,2999.835915
1779071685,3296.658590
1779071685,3296.808011
1779071685,2987.890698
1779071685,2987.885883
1779071685,3297.033431
1779071685,4222.382265
1779071685,3297.086816
1779071685,3295.574964
1779071685,2988.170800
1779071685,2680.034840
1779071685,2987.949198
1779071685,2680.319633
1779071685,2680.417789
1779071685,2988.073769
1779071685,2988.149904
1779071685,3298.227133
1779071685,4532.641096
1779071685,2988.159280
1779071685,2679.682234
1779071685,2986.147366
1779071685,2679.937331
1779071685,2988.807580
1779071685,2987.803105
1779071685,2680.190859
1779071685,2680.260649
1779071685,2680.300482
1779071685,2678.456211
1779071685,2987.513387
1779071685,2986.762926
1779071685,2986.757524
1779071685,2986.899509
1779071685,2986.518113
1779071685,2679.643632
1779071685,2679.782212
1779071685,3910.581328
1779071685,2986.222408
1779071685,2986.636033
1779071685,3295.142890
1779071685,2985.786399
1779071685,2986.325746
1779071685,2986.717486
1779071685,3294.591075
1779071685,2985.617154
1779071685,3294.470863
1779071685,2679.222070
1779071685,2985.895044
1779071685,2986.371692
1779071685,2989.147015
1779071685,2988.716118
1779071685,2999.336220
1779071685,3296.305715
1779071685,2987.921014
1779071685,2988.010266
1779071685,2987.987704
1779071685,2679.457050
1779071685,2679.486997
1779071685,2987.998652
1779071685,2679.500961
1779071685,2988.384442
1779071685,3295.698578
1779071685,2988.529578
1779071685,3296.381236
1779071685,2989.191929
1779071685,2989.291603
1779071685,2679.355590
1779071685,3294.947812
1779071685,2679.512434
1779071685,3606.163751
1779071685,2679.732168
1779071685,2680.006092
1779071685,3295.461789
1779071685,2680.027243
1779071685,2679.857286
1779071685,2680.042623
1779071685,2679.997723
1779071685,3292.842023
1779071685,3293.485593
1779071685,2987.622618
1779071685,2679.480305
1779071685,2679.323668
1779071685,2987.020029
1779071685,2987.123553
1779071685,2679.801402
1779071685,2986.972074
1779071685,3910.983647
1779071685,2986.135910
1779071685,3294.395989
1779071685,3294.378052
1779071685,3294.474194
1779071685,2679.523700
1779071685,2679.505311
1779071685,2679.206142
1779071685,2986.525601
1779071685,3603.403514
1779071685,2986.060007
1779071685,2986.228547
1779071685,2986.342926
1779071685,2989.707137
1779071685,2989.424520
1779071685,2999.617933
1779071685,2678.124233
1779071685,2678.313246
1779071685,3296.784557
1779071685,2988.027359
1779071685,2678.479668
1779071685,2988.159294
1779071685,2678.358014
1779071685,3295.660170
1779071685,2678.696427
1779071685,3297.540650
1779071685,2988.787314
1779071685,3296.604665
1779071685,2679.171769
1779071685,2988.987961
1779071685,3296.795905
1779071685,2989.202041
1779071685,3295.866601
1779071685,2679.287714
1779071685,3297.143106
1779071685,3296.172725
1779071685,2987.747576
1779071685,2678.472370
1779071685,2679.904673
1779071685,3603.421167
1779071685,2680.456202
1779071685,2678.839041
1779071685,2678.968351
1779071685,2680.370500
1779071685,2679.161774
1779071685,2987.327702
1779071685,2987.475436
1779071685,3910.754397
1779071685,2679.737137
1779071685,2986.991989
1779071685,3294.037726
1779071685,2679.935818
1779071685,3323.702557
1779071685,3324.461261
1779071685,2709.052028
1779071685,2709.553118
1779071685,2709.266508
1779071685,3016.247551
1779071685,3324.024705
1779071685,3015.362460
1779071685,3015.380301
1779071685,3016.058506
1779071685,3015.329613
1779071685,3014.194266
1779071685,3015.504371
1779071685,3015.069286
1779071685,2988.087907
1779071685,2988.029890
1779071685,2988.140999
1779071685,2988.267600
1779071685,2678.402284
1779071685,2678.352479
1779071685,2988.271288
1779071685,2988.503227
1779071685,3605.050060
1779071685,2988.496678
1779071685,2678.789769
1779071685,2988.714661
1779071685,2678.960614
1779071685,2989.108837
1779071685,3296.759106
1779071685,2679.634356
1779071685,2989.190976
1779071685,3295.521448
1779071685,3296.607212
1779071685,3295.604788
1779071685,2679.836338
1779071685,2679.779760
1779071685,2987.793815
1779071685,3296.772140
1779071685,2987.702644
1779071685,2987.769358
1779071685,2987.974361
1779071685,3295.011222
1779071685,3296.065816
1779071685,3295.215984
1779071685,2987.891888
1779071685,2987.383524
1779071685,2988.126486
1779071685,3602.299126
1779071685,2987.256984
1779071685,2987.063347
1779071685,2679.740546
1779071685,2986.814442
1779071685,2708.160188
1779071685,2707.525932
1779071685,2707.760419
1779071685,2708.468830
1779071685,3015.413832
1779071685,2709.441331
1779071685,2707.689444
1779071685,3015.619325
1779071685,2709.512838
1779071685,3014.878462
1779071685,3016.549614
1779071685,3017.054846
1779071685,3604.556955
1779071685,2987.689840
1779071685,2987.868888
1779071685,2678.879356
1779071685,2679.040494
1779071685,2679.071171
1779071685,3604.557329
1779071685,3605.971736
1779071685,2679.509196
1779071685,3296.445440
1779071685,2989.000943
1779071685,2678.511271
1779071685,3603.026215
1779071685,2679.065817
1779071685,2679.203195
1779071685,2988.553860
1779071685,2987.403369
1779071685,2678.703576
1779071685,2988.015853
1779071685,2678.952068
1779071685,2679.063908
1779071685,2988.427131
1779071685,2679.473847
1779071685,2987.372064
1779071685,2987.902047
1779071685,2988.159779
1779071685,2988.270485
1779071685,2680.666053
1779071685,2990.009103
1779071685,2681.992755
1779071685,2682.460343
1779071685,3301.061022
1779071685,2993.720652
1779071685,3302.280641
1779071685,2685.713315
1779071685,2994.187610
1779071685,2686.930070
1779071685,2993.743111
1779071685,3323.175619
1779071685,3631.405841
1779071685,2709.315345
1779071685,3016.803267
1779071685,3017.002670
1779071685,3015.906371
1779071685,2708.983313
1779071685,3017.289350
1779071685,3016.288835
1779071685,3016.236167
1779071685,2709.190166
1779071685,3016.170868
1779071685,3295.020315
1779071685,2678.621143
1779071685,2986.766665
1779071685,3605.437461
1779071685,2986.862132
1779071685,3296.791302
1779071685,2679.124142
1779071685,2987.126582
1779071685,2987.407956
1779071685,2987.537655
1779071685,3297.727723
1779071685,2678.616315
1779071685,2988.032505
1779071685,2988.032373
1779071685,2679.076914
1779071685,2679.082183
1779071685,3604.823400
1779071685,2679.206534
1779071685,3604.961565
1779071685,2679.840170
1779071685,3604.545632
1779071685,3297.331969
1779071685,3318.838249
1779071685,2701.344998
1779071685,2701.114807
1779071685,2701.253804
1779071685,2701.596828
1779071685,3626.443593
1779071685,3010.555942
1779071685,3318.795029
1779071685,3010.459131
1779071685,3012.434177
1779071685,3010.742299
1779071685,3010.243842
1779071685,3624.065745
1779071685,3317.126697
1779071685,4242.625203
1779071685,3011.067161
1779071685,3016.454344
1779071685,3323.299050
1779071685,3017.126711
1779071685,2708.905929
1779071685,2709.534024
1779071685,2709.190155
1779071685,2708.847014
1779071685,3016.248731
1779071685,3017.658128
1779071685,3016.581356
1779071685,3014.754980
1779071685,3016.797451
1779071685,3294.904619
1779071685,3296.103554
1779071685,3912.701068
1779071685,2986.399558
1779071685,2986.453517
1779071685,2986.454420
1779071685,2986.552911
1779071685,2678.046418
1779071685,2987.009030
1779071685,2987.319089
1779071685,2987.450550
1779071685,2987.201665
1779071685,2987.545388
1779071685,2987.730879
1779071685,3297.730365
1779071685,2988.169494
1779071685,3297.849129
1779071685,3296.111329
1779071685,3296.220601
1779071685,2987.632723
1779071685,2988.535963
1779071685,2988.960701
1779071685,2988.119769
1779071685,2701.772287
1779071685,2702.262737
1779071685,2702.278329
1779071685,2702.139573
1779071685,2702.138750
1779071685,2702.328096
1779071685,2702.162149
1779071685,3011.049028
1779071685,3011.194770
1779071685,2701.865967
1779071685,2701.858112
1779071685,3318.174872
1779071685,2702.099460
1779071685,2702.110009
1779071685,2702.781041
1779071685,3323.774073
1779071685,3324.588419
1779071685,3632.292479
1779071685,3324.590022
1779071685,3323.953325
1779071685,2709.180862
1779071685,3325.928659
1779071685,3016.972629
1779071685,3017.255573
1779071685,2708.734374
1779071685,2709.009383
1779071685,3017.009078
1779071685,2985.450428
1779071685,2986.867865
1779071685,3604.799360
1779071685,2677.577555
1779071685,3296.214836
1779071685,2677.696437
1779071685,2986.095583
1779071685,2986.177697
1779071685,3296.587446
1779071685,3295.642664
1779071685,2677.333617
1779071685,2986.732197
1779071685,2987.087349
1779071685,3296.424485
1779071685,3296.619646
1779071685,2987.357023
1779071685,3296.550384
1779071685,2987.582122
1779071685,3604.640276
1779071685,3605.333963
1779071685,2987.422807
1779071685,2987.738125
1779071685,2987.919267
1779071685,3627.527408
1779071685,2700.494139
1779071685,2700.415625
1779071685,2700.989193
1779071685,2701.658440
1779071685,2700.449781
1779071685,3628.342707
1779071685,2700.396724
1779071685,2702.301048
1779071685,2701.950307
1779071685,3011.659329
1779071685,2702.039161
1779071685,3011.280530
1779071685,3011.899562
1779071685,3011.296576
1779071685,3016.649397
1779071685,3017.020244
1779071685,3325.217694
1779071685,3017.008518
1779071685,3016.546446
1779071685,3324.655397
1779071685,3016.785303
1779071685,3017.079519
1779071685,3016.805238
1779071685,3017.011652
1779071685,3325.453858
1779071685,3014.990283
1779071685,2985.718456
1779071685,3604.337051
1779071685,2985.290611
1779071685,2986.769413
1779071685,2677.891425
1779071685,2987.078464
1779071685,2986.932790
1779071685,2987.055363
1779071685,2985.792064
1779071685,3295.231939
1779071685,3295.214426
1779071685,2986.142639
1779071685,2986.294690
1779071685,2986.598650
1779071685,3296.449811
1779071685,2677.236781
1779071685,2987.399915
1779071685,2677.473120
1779071685,2987.864548
1779071685,2987.044995
1779071685,3297.421837
1779071685,2987.210011
1779071685,3296.571631
1779071685,3011.058621
1779071685,3321.341528
1779071685,2702.068320
1779071685,2701.697504
1779071685,2701.434351
1779071685,2701.438935
1779071685,3010.954886
1779071685,2702.289314
1779071685,2702.129546
1779071685,2701.235284
1779071685,2701.283607
1779071685,3011.543558
1779071685,3011.623098
1779071685,3011.858465
1779071685,3011.672816
1779071685,3015.445932
1779071685,3016.363250
1779071685,3325.221199
1779071685,3323.990086
1779071685,3325.015731
1779071685,3324.659364
1779071685,3017.157165
1779071685,3017.196243
1779071685,3017.327112
1779071685,2706.077311
1779071685,3017.235309
1779071685,3014.721745
1779071686,2984.895365
1779071686,2985.467493
1779071686,2985.487416
1779071686,3294.250093
1779071686,2985.622378
1779071686,2985.777565
1779071686,2985.842968
1779071686,2985.867094
1779071686,2985.928685
1779071686,2985.925313
1779071686,2677.774935
1779071686,2986.323879
1779071686,2986.471006
1779071686,2678.123275
1779071686,2986.841349
1779071686,2677.306682
1779071686,2986.139022
1779071686,2987.441729
1779071686,2986.524560
1779071686,2987.075084
1779071686,2987.145693
1779071686,2987.238026
1779071686,2987.728509
1779071686,3320.661157
1779071686,3320.761213
1779071686,3320.610621
1779071686,2702.134199
1779071686,2702.182112
1779071686,2702.096126
1779071686,2702.716857
1779071686,2702.746584
1779071686,2701.644971
1779071686,2701.624592
1779071686,3010.998155
1779071686,2701.801152
1779071686,3011.697392
1779071686,2701.097667
1779071686,3321.149754
1779071686,3015.213240
1779071686,3015.547130
1779071686,3017.042498
1779071686,3632.848597
1779071686,3017.045448
1779071686,3017.108508
1779071686,3017.312530
1779071686,3017.197083
1779071686,3324.800318
1779071686,3017.452762
1779071686,2706.453066
1779071686,3014.082178
1779071686,2985.077522
1779071686,2985.143402
1779071686,2984.998357
1779071686,3294.710761
1779071686,2985.497249
1779071686,2985.582294
1779071686,2677.124186
1779071686,2986.050358
1779071686,2984.799447
1779071686,2677.503097
1779071686,4219.666902
1779071686,2985.044549
1779071686,2985.337233
1779071686,2678.333431
1779071686,2985.770242
1779071686,2985.939086
1779071686,2985.267092
1779071686,2985.316032
1779071686,2986.049816
1779071686,2986.112782
1779071686,2986.391798
1779071686,2986.304122
1779071686,2986.884126
1779071686,2702.198242
1779071686,2702.373641
1779071686,2702.467228
1779071686,2702.576501
1779071686,2702.553451
1779071686,3320.918047
1779071686,3009.143673
1779071686,3630.297830
1779071686,2702.466814
1779071686,2701.478514
1779071686,2702.214101
1779071686,2702.366824
1779071686,2702.149697
1779071686,2702.599640
1779071686,3009.512014
1779071686,3011.840976
1779071686,3012.023261
1779071686,3013.096148
1779071686,3012.915871
1779071686,3012.839032
1779071686,3013.608905
1779071686,3013.628471
1779071686,3012.331451
1779071686,3013.436344
1779071686,3013.519610
1779071686,3013.865892
1779071686,2706.145899
1779071686,2984.723092
1779071686,2985.932732
1779071686,3912.820662
1779071686,2986.089614
1779071686,2984.887494
1779071686,2986.143380
1779071686,2676.654559
1779071686,2984.263839
1779071686,2985.507712
1779071686,2985.410471
1779071686,2985.542655
1779071686,2985.614502
1779071686,2984.598419
1779071686,3294.939524
1779071686,2985.221385
1779071686,3604.377884
1779071686,2985.488846
1779071686,2985.592784
1779071686,2985.688552
1779071686,2677.566900
1779071686,2986.167324
1779071686,2986.538973
1779071686,2986.861288
1779071686,2701.704415
1779071686,2702.713594
1779071686,2703.430137
1779071686,3938.026140
1779071686,2702.619169
1779071686,2702.707375
1779071686,2702.578260
1779071686,2702.935037
1779071686,3321.204798
1779071686,2702.520963
1779071686,2702.348908
1779071686,2701.903610
1779071686,2701.864588
1779071686,2702.787559
1779071686,3010.213147
1779071686,3011.790886
1779071686,3011.828468
1779071686,3012.279768
1779071686,3012.164901
1779071686,3012.818263
1779071686,3013.536376
1779071686,3013.447385
1779071686,3324.902735
1779071686,3013.552610
1779071686,3013.652770
1779071686,3014.086290
1779071686,3013.502469
1779071686,2984.504438
1779071686,2985.311307
1779071686,2985.273621
1779071686,3293.693912
1779071686,2985.406999
1779071686,2985.546510
1779071686,2985.339429
1779071686,2985.752452
1779071686,2984.556456
1779071686,3294.157953
1779071686,2984.626098
1779071686,2984.646339
1779071686,2984.839083
1779071686,3294.655846
1779071686,2985.369068
1779071686,2985.422542
1779071686,2985.850761
1779071686,2985.720392
1779071686,2985.949825
1779071686,2985.502434
1779071686,2985.971274
1779071686,2986.210566
1779071686,2986.984254
1779071686,3628.517537
1779071686,3627.514174
1779071686,3629.467959
1779071686,3629.355112
1779071686,3629.558764
1779071686,2702.427043
1779071686,2702.534182
1779071686,3319.978488
1779071686,3011.154201
1779071686,3009.948833
1779071686,3629.979872
1779071686,3010.058207
1779071686,2702.675356
1779071686,3630.262891
1779071686,3010.027895
1779071686,3011.653898
1779071686,3010.961133
1779071686,3011.989071
1779071686,3012.366892
1779071686,3012.736587
1779071686,3013.521052
1779071686,3630.512486
1779071686,3013.547191
1779071686,3013.415936
1779071686,2705.206615
1779071686,3014.501567
1779071686,3014.203777
1779071686,2983.622214
1779071686,2985.239501
1779071686,3602.209347
1779071686,2985.215110
1779071686,2985.381993
1779071686,2985.511542
1779071686,3292.939630
1779071686,2985.613414
1779071686,2985.803553
1779071686,2985.725774
1779071686,2675.893748
1779071686,3293.522586
1779071686,2985.949644
1779071686,2985.244649
1779071686,2985.309955
1779071686,2985.386344
1779071686,2985.763554
1779071686,2985.803534
1779071686,2985.889546
1779071686,2677.292930
1779071686,2676.772626
1779071686,2985.792783
1779071686,2986.814498
1779071686,3938.631259
1779071686,3628.517386
1779071686,3010.205168
1779071686,3317.609519
1779071686,3629.100572
1779071686,4245.818827
1779071686,2702.110968
1779071686,3009.816452
1779071686,2702.212446
1779071686,2702.426697
1779071686,3317.946972
1779071686,3318.047431
1779071686,3318.485608
1779071686,3009.925639
1779071686,2702.350089
1779071686,3011.553844
1779071686,3011.729683
1779071686,3011.801335
1779071686,3011.816174
1779071686,3013.162365
1779071686,3013.647800
1779071686,3012.612493
1779071686,3012.810389
1779071686,3013.563570
1779071686,3013.555783
1779071686,3321.696576
1779071686,3014.185265
1779071686,2983.309719
1779071686,2984.917713
1779071686,2984.832968
1779071686,2984.851178
1779071686,2984.908292
1779071686,3293.384609
1779071686,2676.338143
1779071686,2676.188929
1779071686,2985.557441
1779071686,2984.213182
1779071686,2984.391623
1779071686,2984.491776
1779071686,2984.473070
1779071686,3293.265250
1779071686,2984.843201
1779071686,2984.937366
1779071686,2985.085651
1779071686,2985.190014
1779071686,2985.355263
1779071686,2985.446682
1779071686,2986.170500
1779071686,2986.295541
1779071686,2987.294542
1779071686,3628.195285
1779071686,4553.156157
1779071686,3318.171114
1779071686,3628.265212
1779071686,3628.738524
1779071686,2702.018200
1779071686,2702.221324
1779071686,2702.139470
1779071686,2702.184575
1779071686,3010.697615
1779071686,2702.237723
1779071686,2702.432577
1779071686,2701.937338
1779071686,3010.128393
1779071686,2702.035668
1779071686,3011.160366
1779071686,3011.635079
1779071686,3011.813291
1779071686,3011.698227
1779071686,3012.876541
1779071686,3013.434621
1779071686,3013.800488
1779071686,2704.773230
1779071686,3013.310570
1779071686,3013.676952
1779071686,3013.952426
1779071686,3014.548203
1779071686,2982.486305
1779071686,2983.707616
1779071686,2983.858190
1779071686,2983.676575
1779071686,2983.948664
1779071686,2675.667302
1779071686,2675.875615
1779071686,2984.411595
1779071686,2675.980120
1779071686,2984.275682
1779071686,2984.276842
1779071686,2984.231651
1779071686,2984.455519
1779071686,2985.130045
1779071686,2984.800805
1779071686,2984.950972
1779071686,2985.211635
1779071686,2984.160698
1779071686,2676.010753
1779071686,2984.574776
1779071686,2985.116734
1779071686,2985.313192
1779071686,2986.415282
1779071686,3009.930990
1779071686,3010.067604
1779071686,3010.006564
1779071686,3010.367345
1779071686,3010.347986
1779071686,3936.950196
1779071686,3009.666772
1779071686,2701.972235
1779071686,2700.468192
1779071686,3009.663741
1779071686,2702.500391
1779071686,2701.455092
1779071686,3320.384619
1779071686,3011.435768
1779071686,3011.304842
1779071686,3012.233638
1779071686,3011.509017
1779071686,3011.604490
1779071686,3011.719468
1779071686,3013.238126
1779071686,3014.072614
1779071686,3012.556650
1779071686,3321.297494
1779071686,3013.689582
1779071686,3013.562617
1779071686,3014.312291
1779071686,3014.357872
1779071686,2982.375514
1779071686,2675.278976
1779071686,2982.962737
1779071686,2983.041757
1779071686,2675.822894
1779071686,2675.912993
1779071686,2983.997673
1779071686,2983.926149
1779071686,2984.484499
1779071686,2984.279499
1779071686,2984.154884
1779071686,2984.633465
1779071686,2675.601591
1779071686,2985.055310
1779071686,2677.243199
1779071686,3292.677584
1779071686,2985.160016
1779071686,3293.150736
1779071686,2678.092708
1779071686,2677.052606
1779071686,2986.558989
1779071686,2679.726636
1779071686,2986.103838
1779071686,2701.174665
1779071686,3009.821122
1779071686,3009.854953
1779071686,3010.023115
1779071686,3936.887133
1779071686,5169.486447
1779071686,3010.495479
1779071686,3010.574565
1779071686,3011.419594
1779071686,2703.069287
1779071686,3011.139168
1779071686,2703.638145
1779071686,3011.424358
1779071686,3320.101092
1779071686,3012.032812
1779071686,3011.037484
1779071686,3011.710042
1779071686,3011.269605
1779071686,3011.722806
1779071686,3013.973897
1779071686,3012.721436
1779071686,3014.444289
1779071686,3013.148669
1779071686,3013.066399
1779071686,3013.935963
1779071686,3014.305503
1779071686,3013.194080
1779071686,2983.530482
1779071686,3292.945259
1779071686,2675.093336
1779071686,2675.327928
1779071686,2984.230216
1779071686,2675.488257
1779071686,2675.712374
1779071686,2675.694439
1779071686,2983.885855
1779071686,2676.158383
1779071686,2984.024804
1779071686,2674.930848
1779071686,2984.378676
1779071686,2984.349175
1779071686,2675.498067
1779071686,2983.791152
1779071686,2984.207546
1779071686,2676.202287
1779071686,2984.286558
1779071686,2984.480383
1779071686,2985.281027
1779071686,2985.556261
1779071686,2985.956882
1779071686,3009.827332
1779071686,2701.413411
1779071686,3009.786189
1779071686,2701.275662
1779071686,2702.220501
1779071686,3937.051097
1779071686,3626.117592
1779071686,2701.751997
1779071686,3627.264177
1779071686,3626.598663
1779071686,3938.274435
1779071686,3011.293117
1779071686,3011.710822
1779071686,2703.152739
1779071686,3010.962805
1779071686,3011.159052
1779071686,3011.585552
1779071686,3011.693610
1779071686,3011.776624
1779071686,3013.400089
1779071686,3013.413562
1779071686,3320.860096
1779071686,3013.173197
1779071686,3013.760304
1779071686,3012.102228
1779071686,2702.026182
1779071686,3013.498069
1779071686,2983.426954
1779071686,3291.855007
1779071686,3291.910638
1779071686,2983.787744
1779071686,2983.701011
1779071686,3292.142932
1779071686,2675.478924
1779071686,2983.185521
1779071686,2983.272282
1779071686,2984.603426
1779071686,2676.205891
1779071686,2983.580809
1779071686,2983.614302
1779071686,2983.723495
1779071686,2675.331853
1779071686,2675.564948
1779071686,3292.593139
1779071686,2984.534647
1779071686,2984.620317
1779071686,2984.563660
1779071686,2985.724155
1779071686,2986.798264
1779071686,2986.633303
1779071687,3009.454464
1779071687,3009.963324
1779071687,3010.046507
1779071687,3010.105967
1779071687,3625.657233
1779071687,3010.271139
1779071687,3318.491055
1779071687,3008.503198
1779071687,3318.855827
1779071687,3319.138107
1779071687,3009.774549
1779071687,3011.264114
1779071687,3011.495375
1779071687,3012.025305
1779071687,3011.920454
1779071687,3012.107032
1779071687,3013.002760
1779071687,3013.142949
1779071687,3011.702805
1779071687,3013.553971
1779071687,3013.601490
1779071687,3012.382091
1779071687,3013.323226
1779071687,3012.344671
1779071687,3013.883015
1779071687,3013.815538
1779071687,3013.695647
1779071687,2983.339518
1779071687,3291.122521
1779071687,2982.096941
1779071687,3291.260117
1779071687,2983.570985
1779071687,3291.543202
1779071687,2675.223818
1779071687,3292.038812
1779071687,3601.134768
1779071687,2983.432833
1779071687,2675.976530
1779071687,2983.554742
1779071687,2983.673896
1779071687,2984.908811
1779071687,2675.182591
1779071687,3293.049181
1779071687,2984.059636
1779071687,2984.488300
1779071687,2984.523051
1779071687,2984.210798
1779071687,3293.573429
1779071687,2986.182216
1779071687,2986.418632
1779071687,3009.123901
1779071687,3009.755743
1779071687,3317.448949
1779071687,3009.878318
1779071687,3009.859400
1779071687,3010.311270
1779071687,3009.608250
1779071687,4245.549788
1779071687,3009.821997
1779071687,3009.997219
1779071687,3319.954718
1779071687,3010.264868
1779071687,3011.313838
1779071687,3010.414730
1779071687,3010.743395
1779071687,2702.301834
1779071687,3011.420086
1779071687,3011.627768
1779071687,3011.618908
1779071687,3012.664089
1779071687,3012.121623
1779071687,3013.793473
1779071687,3012.787933
1779071687,3012.911351
1779071687,3009.157117
1779071687,3009.600178
1779071687,3009.866731
1779071687,2674.612929
1779071687,2981.056487
1779071687,2983.076192
1779071687,3291.871312
1779071687,2983.195477
1779071687,2675.594441
1779071687,3292.425246
1779071687,2675.597869
1779071687,2982.934786
1779071687,2982.782727
1779071687,3292.171417
1779071687,2675.283065
1779071687,2983.132992
1779071687,2675.521942
1779071687,3292.415605
1779071687,3293.880027
1779071687,3293.009564
1779071687,2984.180446
1779071687,2984.306763
1779071687,3293.516872
1779071687,2985.694197
1779071687,2986.043546
1779071687,2677.304688
1779071687,3008.475508
1779071687,3009.194282
1779071687,3317.773309
1779071687,3013.249508
1779071687,3014.431417
1779071687,3013.285606
1779071687,2705.821134
1779071687,3938.821707
1779071687,3014.202329
1779071687,3013.174618
1779071687,3014.575564
1779071687,3014.023474
1779071687,3014.134008
1779071687,3014.946679
1779071687,3014.994600
1779071687,3014.510382
1779071687,3013.183410
1779071687,3014.703373
1779071687,3015.773551
1779071687,3325.101975
1779071687,3940.899222
1779071687,3632.815049
1779071687,3013.486820
1779071687,3012.997578
1779071687,3010.292442
1779071687,3009.795641
1779071687,3321.546657
1779071687,2984.381220
1779071687,3292.901824
1779071687,2984.652915
1779071687,2675.726159
1779071687,3292.957069
1779071687,2984.697240
1779071687,2984.493804
1779071687,2984.601731
1779071687,3292.124666
1779071687,2985.376729
1779071687,2984.393060
1779071687,2984.127695
1779071687,3293.540020
1779071687,2985.224018
1779071687,2984.930736
1779071687,2985.264815
1779071687,2986.382530
1779071687,2986.670794
1779071687,2984.977132
1779071687,2676.817431
1779071687,2985.362651
1779071687,2985.989883
1779071687,2986.565890
1779071687,3008.522853
1779071687,3008.995248
1779071687,3008.910899
1779071687,3012.864376
1779071687,2704.816351
1779071687,2705.725133
1779071687,3013.823642
1779071687,3013.859898
1779071687,2706.714231
1779071687,2706.111668
1779071687,3015.220568
1779071687,2706.206816
1779071687,2706.141723
1779071687,3014.313921
1779071687,3014.223419
1779071687,2705.656247
1779071687,2705.728340
1779071687,2705.687693
1779071687,2705.648958
1779071687,2705.958772
1779071687,3013.260647
1779071687,2705.281221
1779071687,3014.129045
1779071687,3012.924406
1779071687,3007.838142
1779071687,3010.328259
1779071687,3009.888683
1779071687,2985.320218
1779071687,3601.615854
1779071687,2676.346765
1779071687,2985.772107
1779071687,2676.545477
1779071687,2677.727804
1779071687,2677.789263
1779071687,2677.774424
1779071687,2676.651806
1779071687,2675.893719
1779071687,2985.162432
1779071687,2678.471716
1779071687,2677.205198
1779071687,2677.186821
1779071687,2677.200579
1779071687,2984.908220
1779071687,2985.142803
1779071687,2678.898410
1779071687,2985.344185
1779071687,2985.298384
1779071687,2677.712458
1779071687,2985.006374
1779071687,2986.029002
1779071687,3008.396930
1779071687,3009.127159
1779071687,3009.052337
1779071687,3013.460035
1779071687,3012.828527
1779071687,3012.835659
1779071687,3013.399470
1779071687,3013.632609
1779071687,3013.751863
1779071687,2705.624230
1779071687,3014.026058
1779071687,2706.030393
1779071687,3322.749443
1779071687,3013.688874
1779071687,3014.242502
1779071687,3013.569404
1779071687,3013.991564
1779071687,3013.985984
1779071687,3014.053560
1779071687,2704.989400
1779071687,3013.290235
1779071687,3013.534049
1779071687,3012.534027
1779071687,3013.964831
1779071687,3009.820511
1779071687,3009.008736
1779071687,3009.168499
1779071687,2984.395045
1779071687,3293.542042
1779071687,3910.253521
1779071687,2985.899030
1779071687,2986.292363
1779071687,2676.473434
1779071687,2676.514407
1779071687,2676.451152
1779071687,2676.544731
1779071687,2676.902955
1779071687,2676.940884
1779071687,2677.090112
1779071687,2677.000583
1779071687,2677.189111
1779071687,2677.361839
1779071687,2677.100265
1779071687,2985.297279
1779071687,2676.943929
1779071687,2985.321767
1779071687,2985.613510
1779071687,3604.778087
1779071687,3294.304033
1779071687,2985.829292
1779071687,3008.191902
1779071687,3008.823533
1779071687,3317.730598
1779071687,3011.906454
1779071687,3012.721334
1779071687,3012.789029
1779071687,3013.331515
1779071687,3013.370890
1779071687,3013.332000
1779071687,2704.059198
1779071687,3013.628901
1779071687,3013.500129
1779071687,3013.599587
1779071687,3013.328533
1779071687,3013.720310
1779071687,3013.673041
1779071687,3013.854635
1779071687,3013.236711
1779071687,3014.336160
1779071687,2705.084256
1779071687,3013.497174
1779071687,3013.433537
1779071687,3013.249372
1779071687,3012.478565
1779071687,3010.151745
1779071687,2701.839576
1779071687,3009.273147
1779071687,2984.356897
1779071687,2984.730634
1779071687,2984.888418
1779071687,2984.888757
1779071687,2676.546163
1779071687,2985.219153
1779071687,3293.962675
1779071687,2985.460910
1779071687,2985.324163
1779071687,2984.869657
1779071687,2676.666584
1779071687,2986.122381
1779071687,2676.653181
1779071687,2676.826749
1779071687,2676.850157
1779071687,2676.895648
1779071687,3293.819531
1779071687,2984.841125
1779071687,2985.533772
1779071687,2985.563088
1779071687,2985.588015
1779071687,2985.739145
1779071687,2985.991877
1779071687,3008.439628
1779071687,3008.981412
1779071687,3008.277173
1779071687,3011.531232
1779071687,3322.018043
1779071687,3320.771441
1779071687,3013.138128
1779071687,2704.775746
1779071687,3323.127761
1779071687,3321.991589
1779071687,3321.831862
1779071687,2704.673105
1779071687,2704.491760
1779071687,3322.240947
1779071687,3012.816164
1779071687,3322.674119
1779071687,3322.594331
1779071687,3322.998737
1779071687,3322.914211
1779071687,3013.307455
1779071687,3013.650165
1779071687,3013.367461
1779071687,3013.696888
1779071687,2704.705216
1779071687,3010.144580
1779071687,3010.434909
1779071687,3009.451584
1779071687,3293.268893
1779071687,3600.657544
1779071687,3293.366294
1779071687,3293.337622
1779071687,3293.351300
1779071687,2984.329010
1779071687,3292.487170
1779071687,3294.040532
1779071687,3601.431889
1779071687,2676.470542
1779071687,2676.576983
1779071687,2676.870516
1779071687,3293.868170
1779071687,2984.651756
1779071687,3295.285342
1779071687,2676.992941
1779071687,2987.409375
1779071687,2985.097232
1779071687,2987.721655
1779071687,2985.131985
1779071687,2985.303756
1779071687,2985.216545
1779071687,2986.111661
1779071687,3008.710875
1779071687,3008.871008
1779071687,3008.828242
1779071687,3010.831275
1779071687,3012.418612
1779071687,3012.558002
1779071687,3321.384570
1779071687,3321.700289
1779071687,3012.630928
1779071687,3012.616346
1779071687,2704.905115
1779071687,3012.053308
1779071687,3012.903658
1779071687,3013.077681
1779071687,3012.949971
1779071687,3013.121784
1779071687,3013.189306
1779071687,3321.687835
1779071687,3013.586956
1779071687,3012.980823
1779071687,3013.531448
1779071687,3013.564920
1779071687,3013.662551
1779071687,3012.651038
1779071687,3009.348289
1779071687,3010.489485
1779071687,3008.574328
1779071687,2983.928641
1779071687,2983.942429
1779071687,2983.881692
1779071687,3293.966257
1779071687,2983.909507
1779071687,3600.385829
1779071687,2984.495461
1779071687,3293.116554
1779071687,2675.949398
1779071687,2676.021507
1779071687,3294.522398
1779071687,2676.175797
1779071687,3293.811156
1779071687,2677.461537
1779071687,2676.289643
1779071687,3602.343952
1779071687,2676.413886
1779071687,2985.570460
1779071687,2985.711311
1779071687,2985.688174
1779071687,2985.698902
1779071687,2676.706128
1779071687,2986.229976
1779071687,2700.006156
1779071687,3008.398274
1779071687,3008.344020
1779071687,3010.733600
1779071687,3012.902888
1779071687,3012.451567
1779071687,3013.165176
1779071687,3013.340582
1779071687,3012.786870
1779071687,2704.469452
1779071687,3013.071635
1779071687,3012.150730
1779071687,3013.190920
1779071687,2704.185583
1779071687,3012.602281
1779071687,3012.443201
1779071687,3012.707538
1779071687,3321.228271
1779071687,2704.623429
1779071687,3321.351264
1779071687,3013.384952
1779071687,3013.638930
1779071687,3012.677959
1779071687,3013.741421
1779071687,3316.519923
1779071687,3010.596715
1779071687,3008.663799
1779071687,2676.300279
1779071687,2676.388784
1779071687,2676.391889
1779071687,2985.023592
1779071687,3293.334424
1779071687,2983.895633
1779071687,2983.865548
1779071687,2984.617718
1779071687,3294.216865
1779071687,3294.652973
1779071687,2983.909869
1779071687,3293.663730
1779071687,2985.652471
1779071687,2676.830911
1779071687,2985.936331
1779071687,2677.480603
1779071687,2984.943583
1779071687,2984.902918
1779071687,2985.016732
1779071687,3295.005123
1779071687,2986.130910
1779071687,2985.838353
1779071687,2678.980311
1779071687,3008.432835
1779071687,3007.922928
1779071687,3008.300043
1779071687,3010.804779
1779071687,3628.859186
1779071687,3012.133290
1779071687,3012.096067
1779071687,3012.113571
1779071687,3629.800520
1779071687,3012.401890
1779071687,2705.392348
1779071687,3012.062252
1779071687,3011.939422
1779071687,3012.009454
1779071687,3012.328582
1779071687,3012.424362
1779071687,3012.006713
1779071687,3012.690591
1779071687,2705.483314
1779071687,3012.623029
1779071687,3012.937432
1779071687,3320.571170
1779071687,3322.896547
1779071687,3012.926576
1779071687,3009.099734
1779071687,3007.583655
1779071687,3010.658399
1779071688,2984.961485
1779071688,2676.047855
1779071688,2985.132529
1779071688,2676.246363
1779071688,2984.036115
1779071688,2985.281573
1779071688,2984.312875
1779071688,2985.622225
1779071688,2677.092293
1779071688,3602.099309
1779071688,2677.083113
1779071688,3602.049471
1779071688,3602.304873
1779071688,2985.958802
1779071688,2676.677688
1779071688,2678.050555
1779071688,2985.971163
1779071688,2986.173281
1779071688,2985.480877
1779071688,2985.617030
1779071688,2985.832223
1779071688,2986.005613
1779071688,2986.335562
1779071688,3008.370138
1779071688,3008.391386
1779071688,3008.828180
1779071688,3010.096358
1779071688,3011.687715
1779071688,3011.780660
1779071688,2703.893392
1779071688,2704.565641
1779071688,2704.838565
1779071688,2704.828745
1779071688,3012.711951
1779071688,2703.752040
1779071688,2704.795021
1779071688,2704.949226
1779071688,3012.567300
1779071688,2704.455636
1779071688,3012.513687
1779071688,3012.728217
1779071688,3013.075022
1779071688,3013.359587
1779071688,3013.121911
1779071688,3012.852609
1779071688,3009.355207
1779071688,2705.459775
1779071688,3014.493202
1779071688,3007.639028
1779071688,3011.013561
1779071688,2984.316339
1779071688,2675.527547
1779071688,2675.617173
1779071688,2675.626999
1779071688,2675.713199
1779071688,2985.627599
1779071688,2675.736410
1779071688,2984.747601
1779071688,2985.072751
1779071688,2676.338176
1779071688,2676.382551
1779071688,2676.590202
1779071688,2676.669040
1779071688,3601.932294
1779071688,2984.671926
1779071688,3602.404948
1779071688,3293.749132
1779071688,2677.596257
1779071688,2985.212214
1779071688,2985.547216
1779071688,2985.573043
1779071688,2986.011274
1779071688,2986.321194
1779071688,3008.793993
1779071688,3317.234089
1779071688,2700.034011
1779071688,3010.598993
1779071688,2703.368890
1779071688,2703.659612
1779071688,2704.137275
1779071688,3011.943682
1779071688,2704.306033
1779071688,2704.225113
1779071688,3012.394023
1779071688,2673.715874
1779071688,2704.621624
1779071688,2704.858373
1779071688,3320.803135
1779071688,3013.451168
1779071688,2674.771674
1779071688,3012.783851
1779071688,3013.027954
1779071688,3013.152861
1779071688,3013.349157
1779071688,3012.936514
1779071688,2676.130055
1779071688,3013.666557
1779071688,3010.312510
1779071688,2999.659235
1779071688,3011.236621
1779071688,3293.836489
1779071688,3293.836474
1779071688,2675.299646
1779071688,2985.205111
1779071688,2675.558871
1779071688,2675.542465
1779071688,2675.675099
1779071688,2984.262526
1779071688,2984.629398
1779071688,2676.085546
1779071688,2985.958076
1779071688,3292.900665
1779071688,2676.317017
1779071688,2676.289072
1779071688,2985.215353
1779071688,2676.656766
1779071688,2985.467921
1779071688,2984.916668
1779071688,2677.475424
1779071688,2985.520330
1779071688,2985.820379
1779071688,2985.817361
1779071688,2986.231151
1779071688,3008.559982
1779071688,3008.715997
1779071688,3009.050168
1779071688,3010.446383
1779071688,3012.161089
1779071688,3318.939145
1779071688,2705.078034
1779071688,3012.530472
1779071688,3012.433979
1779071688,2704.259437
1779071688,3012.280152
1779071688,3012.595727
1779071688,3011.845617
1779071688,3012.676074
1779071688,3012.839750
1779071688,3320.243899
1779071688,2705.552574
1779071688,3013.120001
1779071688,3013.172258
1779071688,3013.168876
1779071688,3013.305900
1779071688,2675.543139
1779071688,3013.252393
1779071688,3013.938388
1779071688,3010.110295
1779071688,3010.916099
1779071688,3000.712871
1779071688,2984.533672
1779071688,2676.706736
1779071688,2984.883326
1779071688,2676.744219
1779071688,2676.712493
1779071688,3293.881822
1779071688,2984.808371
1779071688,2983.956689
1779071688,2983.888530
1779071688,3293.225354
1779071688,2984.057375
1779071688,3601.080531
1779071688,2676.220005
1779071688,2985.710780
1779071688,2984.444248
1779071688,2984.599893
1779071688,2984.785376
1779071688,3292.821376
1779071688,2985.278947
1779071688,3294.941032
1779071688,2986.497750
1779071688,2986.395857
1779071688,2986.423319
1779071688,3007.852944
1779071688,3008.762828
1779071688,3008.713150
1779071688,3010.986482
1779071688,3627.682238
1779071688,3011.920381
1779071688,2702.081128
1779071688,3012.280463
1779071688,2701.055024
1779071688,3320.025837
1779071688,3012.208599
1779071688,3319.824707
1779071688,3011.627462
1779071688,3320.711766
1779071688,3012.523227
1779071688,3321.698277
1779071688,3012.950452
1779071688,2699.467318
1779071688,3013.018525
1779071688,3013.202007
1779071688,3321.624796
1779071688,3013.350889
1779071688,3013.718031
1779071688,3013.376352
1779071688,3010.386890
1779071688,3011.421197
1779071688,3000.335529
1779071688,3292.955726
1779071688,3292.956472
1779071688,2677.493635
1779071688,2984.070896
1779071688,3294.342617
1779071688,3294.411252
1779071688,3911.698423
1779071688,2984.650668
1779071688,3909.690001
1779071688,3909.874931
1779071688,3909.845017
1779071688,2676.836665
1779071688,2984.468120
1779071688,2676.312043
1779071688,2985.078312
1779071688,3292.780728
1779071688,2985.069296
1779071688,3293.093195
1779071688,2984.350248
1779071688,2985.235259
1779071688,2985.424338
1779071688,2985.794945
1779071688,2677.124748
1779071688,3007.282673
1779071688,3007.859249
1779071688,3317.264225
1779071688,3010.130354
1779071688,3320.131459
1779071688,3319.686736
1779071688,3319.611039
1779071688,3628.694998
1779071688,3012.537340
1779071688,3011.729725
1779071688,3320.571059
1779071688,3319.814071
1779071688,3628.154985
1779071688,2982.609150
1779071688,2982.758460
1779071688,2983.056649
1779071688,2682.334314
1779071688,2983.262712
1779071688,2983.401014
1779071688,2983.317871
1779071688,3322.151550
1779071688,2983.040825
1779071688,2674.931264
1779071688,2984.684620
1779071688,2983.973331
1779071688,2985.103071
1779071688,2985.260988
1779071688,2983.744008
1779071688,3293.666055
1779071688,3293.879685
1779071688,3601.279015
1779071688,2678.271747
1779071688,2676.365749
1779071688,3293.935686
1779071688,2983.074532
1779071688,2676.543366
1779071688,3909.906013
1779071688,2676.517666
1779071688,2676.557380
1779071688,2676.683365
1779071688,2984.825784
1779071688,2984.212852
1779071688,2675.675079
1779071688,2984.591311
1779071688,2983.284378
1779071688,2985.426286
1779071688,2986.082210
1779071688,2677.109322
1779071688,2987.133776
1779071688,2986.657655
1779071688,3007.720473
1779071688,3008.662344
1779071688,3007.974484
1779071688,3010.285552
1779071688,3010.021604
1779071688,3319.856016
1779071688,3013.107098
1779071688,3012.073342
1779071688,3319.936755
1779071688,3011.875249
1779071688,2679.464417
1779071688,3319.461744
1779071688,3011.915429
1779071688,3013.154982
1779071688,2982.194889
1779071688,3012.523005
1779071688,2982.855494
1779071688,2675.473296
1779071688,2674.348196
1779071688,2983.330175
1779071688,3321.574439
1779071688,2982.775743
1779071688,2983.064296
1779071688,2983.412277
1779071688,2983.887789
1779071688,2984.808665
1779071688,2985.353016
1779071688,2676.289337
1779071688,2676.363645
1779071688,3293.472871
1779071688,2678.475961
1779071688,2982.931933
1779071688,2676.359965
1779071688,2984.269243
1779071688,2984.410734
1779071688,2984.434060
1779071688,2676.756274
1779071688,2676.749917
1779071688,3292.653625
1779071688,2677.022358
1779071688,2985.113858
1779071688,2677.037711
1779071688,2983.929432
1779071688,2983.978918
1779071688,2983.995844
1779071688,2676.554170
1779071688,2985.213749
1779071688,2985.630551
1779071688,2985.390835
1779071688,2985.732439
1779071688,3006.043535
1779071688,3006.592148
1779071688,3006.726062
1779071688,3008.745514
1779071688,3627.297231
1779071688,3008.946501
1779071688,3007.393539
1779071688,3627.113724
1779071688,3006.351557
1779071688,2678.555961
1779071688,3006.922610
1779071688,3005.106802
1779071688,3007.505143
1779071688,3005.313258
1779071688,2982.757023
1779071688,3628.587510
1779071688,2982.353958
1779071688,2982.450190
1779071688,2983.731662
1779071688,2982.573115
1779071688,2983.296130
1779071688,2983.309259
1779071688,2982.723199
1779071688,2673.815239
1779071688,2983.247755
1779071688,2983.830925
1779071688,2983.919619
1779071688,2677.758705
1779071688,3292.986609
1779071688,2676.919796
1779071688,2676.917664
1779071688,2678.030231
1779071688,3293.210428
1779071688,2677.071488
1779071688,2678.061156
1779071688,2677.161644
1779071688,2985.192123
1779071688,2677.336889
1779071688,2677.416925
1779071688,2984.084659
1779071688,2984.269196
1779071688,2984.233505
1779071688,2984.414387
1779071688,2677.734975
1779071688,2678.010963
1779071688,2984.449948
1779071688,2985.011498
1779071688,2985.728480
1779071688,3294.349171
1779071688,2962.531901
1779071688,2983.357666
1779071688,2984.058096
1779071688,2984.071970
1779071688,2986.025633
1779071688,2987.172182
1779071688,2987.703824
1779071688,2988.086477
1779071688,2987.911049
1779071688,2987.896412
1779071688,2987.880660
1779071688,2987.879653
1779071688,2988.326172
1779071688,2988.633198
1779071688,3629.422066
1779071688,2989.326362
1779071688,2982.331465
1779071688,2981.718121
1779071688,2982.973323
1779071688,2981.985904
1779071688,2981.981797
1779071688,2982.660997
1779071688,3630.049365
1779071688,2982.791102
1779071688,2982.888739
1779071688,2983.280034
1779071688,2985.082784
1779071688,2984.176715
1779071688,2985.008491
1779071688,2677.763401
1779071688,2677.733611
1779071688,2677.740308
1779071688,2677.765616
1779071688,3601.645600
1779071688,2677.884048
1779071688,2677.979400
1779071688,2985.519428
1779071688,2984.131566
1779071688,2677.062633
1779071688,2677.168530
1779071688,2677.129081
1779071688,2985.614565
1779071688,2677.234980
1779071688,3601.730244
1779071688,2984.676453
1779071688,2984.705773
1779071688,2984.942056
1779071688,2984.988583
1779071688,2985.902870
1779071688,2677.785476
1779071688,2985.418142
1779071688,2983.639631
1779071688,2983.934716
1779071688,2984.074487
1779071688,2986.300584
1779071688,2987.001415
1779071688,2987.583913
1779071688,2987.686511
1779071688,2986.567613
1779071688,2987.764291
1779071688,3319.658023
1779071688,2986.765327
1779071688,2987.313133
1779071688,2987.320138
1779071688,2987.584274
1779071688,2988.174893
1779071688,2678.958480
1779071688,3291.205610
1779071688,2982.390494
1779071688,3291.294196
1779071688,2982.535681
1779071688,2983.196701
1779071688,2982.429606
1779071688,2982.770210
1779071688,2982.955714
1779071688,2982.092531
1779071688,2984.211754
1779071688,2984.250016
1779071688,3602.355297
1779071688,2677.773448
1779071688,3293.401364
1779071688,2677.858698
1779071688,2677.833654
1779071688,2677.766584
1779071688,2678.069538
1779071688,2678.350184
1779071688,2678.115894
1779071688,2678.127731
1779071688,2678.128541
1779071688,2676.983626
1779071688,3293.949322
1779071688,2678.426404
1779071688,2678.409498
1779071688,2676.923438
1779071688,2985.104241
1779071688,2985.118023
1779071688,3293.100319
1779071688,2677.739467
1779071688,2985.644317
1779071688,2985.715685
1779071688,2985.558715
1779071688,2982.121366
1779071688,2982.470858
1779071688,2982.433561
1779071688,2984.835451
1779071688,2985.691053
1779071688,2986.070078
1779071688,3312.981626
1779071688,2986.537553
1779071688,2677.052384
1779071688,2986.537168
1779071688,2986.519700
1779071688,2987.272044
1779071688,2987.074594
1779071688,2987.259472
1779071688,2981.959117
1779071688,2988.375878
1779071688,2982.286706
1779071688,2982.322518
1779071688,2983.206926
1779071688,2982.574450
1779071688,2982.283999
1779071688,2982.626374
1779071688,2981.696544
1779071688,3291.074786
1779071688,2982.317102
1779071688,2984.532448
1779071688,2984.612134
1779071689,2677.604160
1779071689,2677.667546
1779071689,2677.579287
1779071689,2677.712582
1779071689,2677.649470
1779071689,3294.440195
1779071689,2677.764303
1779071689,2677.940059
1779071689,2677.877183
1779071689,2677.932880
1779071689,2677.976312
1779071689,2677.179434
1779071689,2677.151980
1779071689,2678.329410
1779071689,2678.620705
1779071689,2984.910198
1779071689,2985.907652
1779071689,2985.826381
1779071689,2985.845958
1779071689,2985.010276
1779071689,2986.063291
1779071689,2985.423436
1779071689,2986.018890
1779071689,2982.383998
1779071689,2982.548674
1779071689,2982.596907
1779071689,2984.919235
1779071689,2985.612920
1779071689,2986.261609
1779071689,2986.242567
1779071689,2986.356714
1779071689,2986.453548
1779071689,2986.532992
1779071689,2677.282456
1779071689,2986.905278
1779071689,2987.094916
1779071689,2986.215114
1779071689,2986.904167
1779071689,2984.203480
1779071689,2982.408251
1779071689,2983.529778
1779071689,2982.619313
1779071689,2982.747294
1779071689,2982.319448
1779071689,2981.682184
1779071689,2981.768874
1779071689,2982.041899
1779071689,2982.664935
1779071689,2984.856032
1779071689,2984.868835
1779071689,2679.200150
1779071689,3602.188075
1779071689,3294.301446
1779071689,3294.439043
1779071689,3600.227952
1779071689,3294.377679
1779071689,3293.371149
1779071689,2985.378237
1779071689,2678.728505
1779071689,2678.835128
1779071689,2984.929652
1779071689,2677.487992
1779071689,2986.751353
1779071689,2986.964022
1779071689,3602.901789
1779071689,2679.752967
1779071689,2677.892658
1779071689,2987.817382
1779071689,2680.060922
1779071689,2680.674472
1779071689,2680.785317
1779071689,2988.020185
1779071689,2987.761526
1779071689,2982.334471
1779071689,2982.279932
1779071689,2982.333569
1779071689,2984.752539
1779071689,2985.417678
1779071689,2985.994116
1779071689,2985.864102
1779071689,2985.049151
1779071689,2986.521992
1779071689,2985.219012
1779071689,2985.569352
1779071689,2985.703953
1779071689,2986.043926
1779071689,2677.380504
1779071689,3290.324378
1779071689,2981.726982
1779071689,2983.872284
1779071689,2982.367960
1779071689,2983.080607
1779071689,2982.514652
1779071689,2982.483522
1779071689,2981.353776
1779071689,2981.835444
1779071689,2982.140858
1779071689,2982.808042
1779071689,2985.112973
1779071689,2985.020855
1779071689,2678.051069
1779071689,3602.132720
1779071689,2986.649169
1779071689,3602.203958
1779071689,2678.436712
1779071689,2678.678833
1779071689,2678.617172
1779071689,2679.111591
1779071689,2679.176452
1779071689,3602.130786
1779071689,3294.439460
1779071689,2678.334030
1779071689,2986.461306
1779071689,2987.070983
1779071689,2987.207830
1779071689,3294.400386
1779071689,2987.169388
1779071689,2986.769427
1779071689,2679.357941
1779071689,2681.094779
1779071689,2681.588963
1779071689,2989.511781
1779071689,2990.170812
1779071689,2980.123885
1779071689,2673.287801
1779071689,2981.001603
1779071689,2983.413750
1779071689,2675.438189
1779071689,2983.862098
1779071689,3293.921046
1779071689,2676.325553
1779071689,2984.865103
1779071689,2984.956467
1779071689,2985.308474
1779071689,2677.033254
1779071689,2985.606453
1779071689,2677.280616
1779071689,2986.196929
1779071689,2984.322527
1779071689,2983.692775
1779071689,2982.674361
1779071689,2982.376548
1779071689,2982.626636
1779071689,2982.443467
1779071689,2982.598171
1779071689,2982.540558
1779071689,2982.404103
1779071689,2983.188918
1779071689,2983.634667
1779071689,2984.648897
1779071689,2680.267329
1779071689,2678.217517
1779071689,3603.262432
1779071689,2678.222729
1779071689,2678.186385
1779071689,3294.759062
1779071689,3603.447447
1779071689,2678.471547
1779071689,3294.392801
1779071689,3911.620773
1779071689,3603.415060
1779071689,3602.216320
1779071689,3604.202573
1779071689,3602.755866
1779071689,2679.378959
1779071689,2986.987116
1779071689,2987.476767
1779071689,2679.398991
1779071689,2987.993785
1779071689,2987.546299
1779071689,2988.173782
1779071689,2988.375427
1779071689,2988.226218
1779071689,2981.435027
1779071689,2981.736165
1779071689,2673.490627
1779071689,2983.416817
1779071689,3293.336150
1779071689,2983.847601
1779071689,2984.386572
1779071689,2984.716905
1779071689,2676.677899
1779071689,2676.656373
1779071689,2985.154989
1779071689,2677.102412
1779071689,2985.685630
1779071689,2985.683828
1779071689,2986.337158
1779071689,2984.313606
1779071689,2983.564996
1779071689,2676.213755
1779071689,2676.335085
1779071689,2982.589803
1779071689,2980.670584
1779071689,2982.447563
1779071689,2982.533824
1779071689,2982.014243
1779071689,2982.920534
1779071689,2984.152114
1779071689,2983.177645
1779071689,3294.112560
1779071689,2679.117083
1779071689,2679.207304
1779071689,2679.390790
1779071689,2680.374909
1779071689,2986.874302
1779071689,4220.724521
1779071689,3601.836054
1779071689,2679.674000
1779071689,2678.648100
1779071689,3294.950014
1779071689,3911.779823
1779071689,3295.156248
1779071689,2986.479615
1779071689,2986.750736
1779071689,2986.826011
1779071689,2987.389622
1779071689,3295.308896
1779071689,2987.679726
1779071689,2987.857731
1779071689,2988.282176
1779071689,3296.238319
1779071689,2988.423234
1779071689,2981.159008
1779071689,2981.572149
1779071689,2980.482716
1779071689,2983.090536
1779071689,2983.357291
1779071689,2983.648972
1779071689,2984.068135
1779071689,2984.272738
1779071689,2984.528849
1779071689,2984.885045
1779071689,2984.917150
1779071689,2985.233477
1779071689,2677.307250
1779071689,2985.532301
1779071689,2985.762609
1779071689,2675.773219
1779071689,2984.448591
1779071689,2983.520246
1779071689,2981.821557
1779071689,2676.483198
1779071689,2982.138523
1779071689,2981.983322
1779071689,2982.330646
1779071689,2982.027618
1779071689,2983.393027
1779071689,2983.306559
1779071689,2983.489025
1779071689,2678.576347
1779071689,2679.154887
1779071689,2677.888068
1779071689,2986.839921
1779071689,2679.342161
1779071689,2678.256149
1779071689,2678.320002
1779071689,3602.639530
1779071689,2679.531195
1779071689,2987.194941
1779071689,3603.053279
1779071689,3602.355263
1779071689,2987.344052
1779071689,2678.844678
1779071689,2986.437298
1779071689,3912.173856
1779071689,2987.171086
1779071689,2987.517627
1779071689,2987.442466
1779071689,2679.275649
1779071689,2986.405011
1779071689,2987.930568
1779071689,3296.328434
1779071689,2980.300309
1779071689,3287.790607
1779071689,2981.401304
1779071689,2984.221074
1779071689,2984.332763
1779071689,3291.758950
1779071689,2983.675843
1779071689,3292.386105
1779071689,2984.235510
1779071689,2676.205560
1779071689,2676.573834
1779071689,3293.356643
1779071689,2985.327338
1779071689,2985.391865
1779071689,2985.752066
1779071689,2983.812450
1779071689,2982.742313
1779071689,2983.092001
1779071689,2983.526106
1779071689,2676.778721
1779071689,2981.960392
1779071689,2982.050833
1779071689,2982.253245
1779071689,2982.067402
1779071689,2984.003716
1779071689,2983.412908
1779071689,2983.587157
1779071689,3910.408886
1779071689,3911.563669
1779071689,3911.757239
1779071689,2678.863587
1779071689,2986.754056
1779071689,2678.981579
1779071689,2678.974589
1779071689,2679.012040
1779071689,2986.942829
1779071689,2986.979900
1779071689,2679.506835
1779071689,3602.985696
1779071689,2987.052261
1779071689,3604.033098
1779071689,2987.408978
1779071689,2987.474153
1779071689,3295.808500
1779071689,2987.231034
1779071689,2987.309198
1779071689,2987.655582
1779071689,2679.625688
1779071689,2988.104999
1779071689,2988.599711
1779071689,2980.549601
1779071689,3287.753258
1779071689,2981.465909
1779071689,2984.410308
1779071689,2983.456210
1779071689,2983.379046
1779071689,2983.953294
1779071689,3292.287428
1779071689,3292.725403
1779071689,2984.670409
1779071689,3293.372195
1779071689,2984.939103
1779071689,2985.604282
1779071689,2985.663504
1779071689,2985.806022
1779071689,2983.939675
1779071689,3290.813510
1779071689,3290.122518
1779071689,2983.828099
1779071689,2980.194877
1779071689,2982.438362
1779071689,2982.077510
1779071689,2982.121244
1779071689,2982.366716
1779071689,2984.160641
1779071689,2983.756798
1779071689,2983.940204
1779071689,3294.307146
1779071689,2678.110226
1779071689,2985.578602
1779071689,4836.475215
1779071689,3295.016272
1779071689,3295.208664
1779071689,3295.506619
1779071689,2679.170282
1779071689,2679.361007
1779071689,2986.970200
1779071689,2986.953117
1779071689,2679.532854
1779071689,2678.458336
1779071689,2985.716454
1779071689,2678.622169
1779071689,2986.386170
1779071689,2988.003615
1779071689,2988.094733
1779071689,2987.339518
1779071689,2988.660748
1779071689,2988.511202
1779071689,2988.205327
1779071689,2988.611923
1779071689,2980.346462
1779071689,2980.451189
1779071689,2980.456165
1779071689,2984.246899
1779071689,2984.526537
1779071689,2983.289971
1779071689,2982.416904
1779071689,2983.737482
1779071689,2983.395182
1779071689,2983.557272
1779071689,2984.431627
1779071689,3601.555164
1779071689,2984.899918
1779071689,2985.581362
1779071689,2983.831281
1779071689,3290.373532
1779071689,3290.767700
1779071689,2983.832173
1779071689,2983.692684
1779071689,2982.058316
1779071689,2981.767622
1779071689,2981.903439
1779071689,2981.004749
1779071689,2982.326401
1779071689,2984.173949
1779071689,2983.833116
1779071689,2983.880114
1779071689,3296.662691
1779071689,3910.784425
1779071689,2678.949812
1779071689,3911.134636
1779071689,2986.189376
1779071689,2679.214840
1779071689,3911.391425
1779071689,2679.400167
1779071689,2679.557321
1779071689,2986.723929
1779071689,2985.905742
1779071689,2678.874808
1779071689,2678.869955
1779071689,2986.805215
1779071689,3295.959341
1779071689,2679.042971
1779071689,2679.116903
1779071689,2678.991944
1779071689,2987.035682
1779071689,2986.672982
1779071689,2986.960469
1779071689,2986.223874
1779071689,2988.738818
1779071689,2980.602897
1779071689,2980.592331
1779071689,2980.573455
1779071689,2984.001753
1779071689,2984.280836
1779071689,2675.649909
1779071689,2983.649845
1779071689,2984.025544
1779071689,3292.371625
1779071689,2983.169464
1779071689,3600.980064
1779071689,2983.421246
1779071689,2983.597310
1779071689,2984.150066
1779071689,2983.918435
1779071689,2983.877233
1779071689,2983.646131
1779071689,3289.501682
1779071689,2983.696714
1779071689,2982.208962
1779071689,2980.621056
1779071689,2980.652448
1779071689,2981.202538
1779071689,2982.676924
1779071689,2984.774990
1779071689,2984.127498
1779071689,2984.195218
1779071689,2987.843391
1779071689,3602.964256
1779071689,3294.776304
1779071689,2679.051652
1779071689,2986.934040
1779071689,2679.297900
1779071689,2987.321357
1779071689,2986.339490
1779071689,2679.641758
1779071689,2987.601881
1779071689,3295.556207
1779071689,2986.645622
1779071689,2986.732932
1779071689,2986.748495
1779071689,2986.893884
1779071689,2679.054220
1779071689,2986.914412
1779071689,2987.146417
1779071689,2987.139499
1779071689,2986.725091
1779071689,3295.634103
1779071689,2986.166464
1779071689,2988.699933
1779071689,2979.717311
1779071689,2980.365162
1779071689,2980.403782
1779071689,2983.909382
1779071689,2670.442807
1779071689,2983.971151
1779071689,2983.378433
1779071689,2983.738662
1779071689,2983.902222
1779071689,2983.786808
1779071689,2984.255371
1779071689,2983.500935
1779071689,2983.558477
1779071690,2983.859484
1779071690,2984.112250
1779071690,2984.449690
1779071690,2983.879643
1779071690,2983.482858
1779071690,2673.028605
1779071690,2982.362794
1779071690,2982.570253
1779071690,2980.954857
1779071690,2981.300295
1779071690,2981.974816
1779071690,2984.725816
1779071690,2984.227308
1779071690,2984.290088
1779071690,2676.529530
1779071690,2676.715330
1779071690,2986.425829
1779071690,2985.953107
1779071690,2986.077500
1779071690,2677.827579
1779071690,2677.673697
1779071690,2987.591209
1779071690,2678.002466
1779071690,2987.573578
1779071690,3295.400528
1779071690,3295.344631
1779071690,3295.434470
1779071690,2987.947256
1779071690,2986.808687
1779071690,2677.436160
1779071690,2678.763859
1779071690,2987.106156
1779071690,2987.157801
1779071690,2986.650509
1779071690,2987.866922
1779071690,2986.100872
1779071690,2988.568128
1779071690,2980.751640
1779071690,2980.126547
1779071690,2980.149664
1779071690,2983.674186
1779071690,2983.763511
1779071690,2983.900010
1779071690,2984.219241
1779071690,2984.793415
1779071690,2983.828945
1779071690,2983.949518
1779071690,2671.292320
1779071690,2983.358273
1779071690,2983.255780
1779071690,2983.424687
1779071690,2984.036488
1779071690,2984.276057
1779071690,2983.957091
1779071690,2983.445923
1779071690,2983.537035
1779071690,2982.320544
1779071690,2982.387301
1779071690,2982.196337
1779071690,2981.916626
1779071690,2982.134336
1779071690,2985.235463
1779071690,2983.943317
1779071690,2984.124401
1779071690,5145.415006
1779071690,2987.195429
1779071690,2987.194168
1779071690,2675.586864
1779071690,2675.696010
1779071690,3294.690282
1779071690,3294.747670
1779071690,2676.425791
1779071690,2676.479702
1779071690,2676.592511
1779071690,3294.651652
1779071690,4220.196306
1779071690,2676.902379
1779071690,2676.822347
1779071690,2987.016205
1779071690,2987.131669
1779071690,2677.094342
1779071690,2986.998944
1779071690,2677.209170
1779071690,2987.848111
1779071690,2986.728021
1779071690,2986.085036
1779071690,2988.706899
1779071690,2980.553301
1779071690,2979.907932
1779071690,2979.969094
1779071690,3290.905515
1779071690,2983.389301
1779071690,2983.587670
1779071690,2983.936186
1779071690,2984.489356
1779071690,2984.908943
1779071690,2981.760907
1779071690,2983.094080
1779071690,2671.534049
1779071690,2980.993553
1779071690,2671.556490
1779071690,2671.650921
1779071690,2984.526427
1779071690,2983.733359
1779071690,2985.878388
1779071690,2985.457144
1779071690,2980.541943
1779071690,2985.976503
1779071690,2981.236590
1779071690,2982.436495
1779071690,2983.705830
1779071690,2985.238166
1779071690,2984.920831
1779071690,2985.409952
1779071690,2988.288661
1779071690,3602.817570
1779071690,2988.360180
1779071690,3602.906823
1779071690,2987.195040
1779071690,2987.550980
1779071690,2677.425014
1779071690,2987.852427
1779071690,2677.564846
1779071690,2986.988232
1779071690,2677.998057
1779071690,2987.227058
1779071690,2676.766816
1779071690,2678.017327
1779071690,2986.512481
1779071690,2987.685283
1779071690,2677.300044
1779071690,2677.462034
1779071690,2988.057616
1779071690,2986.714669
1779071690,2987.297674
1779071690,2986.091619
1779071690,2987.883751
1779071690,2980.382219
1779071690,2980.599179
1779071690,2980.533471
1779071690,3291.795267
1779071690,2978.501149
1779071690,2978.444460
1779071690,2978.789012
1779071690,2979.018523
1779071690,2977.768944
1779071690,2979.547427
1779071690,2671.049705
1779071690,2671.100836
1779071690,2979.802063
1779071690,2978.772463
1779071690,2978.753987
1779071690,2980.030538
1779071690,2980.476494
1779071690,3291.207196
1779071690,2980.928938
1779071690,2981.140060
1779071690,2981.288808
1779071690,2981.565358
1779071690,2981.270503
1779071690,2982.499317
1779071690,2985.331458
1779071690,2985.085003
1779071690,2984.971139
1779071690,3910.921633
1779071690,3602.442820
1779071690,3295.186611
1779071690,3604.055516
1779071690,2990.108001
1779071690,2681.736996
1779071690,3298.855990
1779071690,3298.674996
1779071690,2989.110032
1779071690,2989.146276
1779071690,2989.296397
1779071690,2988.087727
1779071690,2990.969083
1779071690,2989.594621
1779071690,2681.035189
1779071690,2988.750270
1779071690,2989.676492
1779071690,3300.661912
1779071690,2989.842105
1779071690,2990.121433
1779071690,2682.866708
1779071690,2682.977532
1779071690,2991.637605
1779071690,2671.034237
1779071690,2980.194204
1779071690,2980.401427
1779071690,2978.906613
1779071690,2977.579526
1779071690,2977.823519
1779071690,2670.883548
1779071690,2978.378962
1779071690,2978.370411
1779071690,3290.373618
1779071690,2979.206943
1779071690,2979.323311
1779071690,2979.388548
1779071690,2670.644343
1779071690,2670.914593
1779071690,2979.792213
1779071690,2980.014280
1779071690,2980.113518
1779071690,2980.118281
1779071690,2980.608245
1779071690,2980.562918
1779071690,2981.557031
1779071690,2981.887228
1779071690,2983.163249
1779071690,2985.971857
1779071690,2985.876458
1779071690,2985.379985
1779071690,2984.806635
1779071690,3295.068223
1779071690,2985.299347
1779071690,2984.170239
1779071690,3295.601082
1779071690,2681.567552
1779071690,2681.673480
1779071690,3299.613190
1779071690,2681.685449
1779071690,2681.864045
1779071690,2680.728656
1779071690,2681.066948
1779071690,2681.071304
1779071690,2680.993520
1779071690,2680.986569
1779071690,2988.688597
1779071690,2990.155798
1779071690,2681.524419
1779071690,2990.440395
1779071690,2683.910327
1779071690,2683.132903
1779071690,2685.170556
1779071690,2992.977120
1779071690,2979.520742
1779071690,2979.099260
1779071690,2979.284422
1779071690,2978.854321
1779071690,2977.963113
1779071690,2672.010763
1779071690,2671.045176
1779071690,3287.809325
1779071690,2978.462818
1779071690,3290.365753
1779071690,3291.209972
1779071690,2978.987510
1779071690,2670.902408
1779071690,2671.527909
1779071690,2980.251816
1779071690,2672.309671
1779071690,2980.761955
1779071690,2672.727438
1779071690,2980.400884
1779071690,2980.426395
1779071690,2673.130597
1779071690,2981.444544
1779071690,2981.943851
1779071690,2982.809769
1779071690,2678.554014
1779071690,2986.330149
1779071690,2985.114874
1779071690,2675.843812
1779071690,2984.526516
1779071690,2984.648968
1779071690,2984.926635
1779071690,2985.081338
1779071690,2682.036137
1779071690,2682.106330
1779071690,2682.379405
1779071690,2682.210723
1779071690,3299.806343
1779071690,2682.235688
1779071690,2989.540744
1779071690,2989.815611
1779071690,2681.507493
1779071690,3299.180629
1779071690,2990.132890
1779071690,3300.657703
1779071690,2681.646622
1779071690,2990.183372
1779071690,2990.913007
1779071690,2991.965463
1779071690,2992.462556
1779071690,2991.837677
1779071690,2979.752655
1779071690,2978.943243
1779071690,2979.022848
1779071690,3284.412532
1779071690,2672.693801
1779071690,2978.806185
1779071690,2670.711666
1779071690,2979.169163
1779071690,3286.964434
1779071690,2978.312256
1779071690,2978.996109
1779071690,2671.465980
1779071690,2979.325346
1779071690,2979.956111
1779071690,2980.274780
1779071690,2980.483150
1779071690,2980.405521
1779071690,2672.179146
1779071690,2980.464792
1779071690,2980.487649
1779071690,2980.898116
1779071690,2981.859219
1779071690,2981.482587
1779071690,2982.652533
1779071690,2986.417658
1779071690,2986.381957
1779071690,2985.428962
1779071690,2984.700749
1779071690,2984.544270
1779071690,2984.569201
1779071690,2676.081888
1779071690,2985.013948
1779071690,2681.939604
1779071690,2682.003433
1779071690,2682.029313
1779071690,3299.575205
1779071690,2681.040898
1779071690,2682.272171
1779071690,2681.091565
1779071690,2989.847146
1779071690,2989.959471
1779071690,2681.446684
1779071690,2989.973989
1779071690,2990.132687
1779071690,2990.209447
1779071690,2990.163565
1779071690,2990.565345
1779071690,2991.795462
1779071690,2992.100829
1779071690,2991.842962
1779071690,3287.864808
1779071690,2979.618477
1779071690,2671.572861
1779071690,3285.530357
1779071690,2978.797949
1779071690,2672.346232
1779071690,2670.120874
1779071690,2977.517299
1779071690,2977.684399
1779071690,2977.691408
1779071690,3287.009587
1779071690,3287.308675
1779071690,2978.924223
1779071690,2979.453504
1779071690,2979.953210
1779071690,2980.232968
1779071690,2980.686092
1779071690,2980.193374
1779071690,2980.808892
1779071690,2671.559222
1779071690,2980.723381
1779071690,2982.171893
1779071690,2982.460148
1779071690,2982.851837
1779071690,2986.538089
1779071690,2985.354289
1779071690,2986.272871
1779071690,4218.384532
1779071690,2985.018636
1779071690,3911.085501
1779071690,2983.752523
1779071690,3911.178920
1779071690,2681.097073
1779071690,2681.176490
1779071690,2989.378911
1779071690,2680.993120
1779071690,2682.122274
1779071690,2681.036419
1779071690,3608.057186
1779071690,2681.113864
1779071690,3298.606235
1779071690,3298.648082
1779071690,2681.612555
1779071690,3298.265299
1779071690,2681.500542
1779071690,2990.073324
1779071690,2681.846194
1779071690,4225.964038
1779071690,2992.222390
1779071690,2991.582581
1779071690,2979.359474
1779071690,2670.487570
1779071690,2979.352896
1779071690,2976.733628
1779071690,2978.580740
1779071690,3285.897043
1779071690,3287.035790
1779071690,2978.457436
1779071690,2977.395002
1779071690,2977.760260
1779071690,3286.624303
1779071690,3286.976908
1779071690,2978.750414
1779071690,2979.395870
1779071690,2979.416340
1779071690,3288.369034
1779071690,3288.840910
1779071690,2980.713920
1779071690,3288.433206
1779071690,2980.865306
1779071690,2980.731262
1779071690,2981.591809
1779071690,2981.671169
1779071690,2982.839694
1779071690,3295.374803
1779071690,2986.796555
1779071690,2985.609914
1779071690,2985.200800
1779071690,2985.294264
1779071690,2985.168370
1779071690,3910.848743
1779071690,2985.238299
1779071690,3297.296907
1779071690,3607.535879
1779071690,3916.101154
1779071690,2989.609615
1779071690,2682.139274
1779071690,2681.083421
1779071690,2681.132657
1779071690,2681.085546
1779071690,2989.749434
1779071690,2682.562515
1779071690,2681.419059
1779071690,3298.657741
1779071690,2990.058246
1779071690,2990.511371
1779071690,2681.954800
1779071690,2991.728248
1779071690,2991.654647
1779071690,2991.143320
1779071690,2979.462133
1779071690,2979.594456
1779071690,2979.601871
1779071690,2977.155362
1779071690,3286.261112
1779071690,2978.266065
1779071690,3285.620003
1779071690,2978.103338
1779071690,2978.231638
1779071690,2978.752420
1779071690,2979.060838
1779071690,2978.381472
1779071690,3287.409857
1779071690,2979.000104
1779071690,2979.110765
1779071690,2978.979483
1779071690,2979.520681
1779071690,3288.277208
1779071690,2980.153380
1779071690,2980.355705
1779071690,2980.537342
1779071690,2982.223260
1779071690,2982.436979
1779071690,2983.287408
1779071690,2986.795361
1779071690,2988.255937
1779071690,2985.928004
1779071691,2985.685349
1779071691,2985.572239
1779071691,2985.742227
1779071691,2985.716667
1779071691,3603.085844
1779071691,3295.893624
1779071691,3298.432179
1779071691,2681.191575
1779071691,2988.383116
1779071691,3607.763774
1779071691,2681.829822
1779071691,3299.366826
1779071691,2681.926220
1779071691,2989.603789
1779071691,2682.045384
1779071691,2988.996372
1779071691,3298.777878
1779071691,2990.171970
1779071691,2989.347090
1779071691,2989.850796
1779071691,2990.540068
1779071691,2991.472204
1779071691,2990.669242
1779071691,2979.834666
1779071691,3287.966005
1779071691,2980.045050
1779071691,3285.752313
1779071691,2977.624081
1779071691,2670.549333
1779071691,2978.009468
1779071691,2978.179631
1779071691,2978.312139
1779071691,2978.834990
1779071691,2979.253701
1779071691,2977.283787
1779071691,2977.220517
1779071691,3287.650220
1779071691,2979.580091
1779071691,2979.535125
1779071691,2976.879898
1779071691,2980.311760
1779071691,2979.666778
1779071691,2979.672599
1779071691,2980.850140
1779071691,2983.130184
1779071691,2983.169737
1779071691,2981.727861
1779071691,2990.016322
1779071691,2989.973299
1779071691,2990.150096
1779071691,2985.540610
1779071691,2985.759326
1779071691,2985.786930
1779071691,2985.727347
1779071691,2985.916303
1779071691,3604.513973
1779071691,3915.684990
1779071691,2988.601857
1779071691,3606.126770
1779071691,3297.272148
1779071691,3606.509127
1779071691,3299.352019
1779071691,2682.190519
1779071691,3299.363574
1779071691,2682.150436
1779071691,3298.254056
1779071691,2989.261178
1779071691,2989.794422
1779071691,2989.393438
1779071691,2989.425378
1779071691,2990.502039
1779071691,2990.642777
1779071691,2991.165758
1779071691,3287.882291
1779071691,2978.986665
1779071691,2978.996413
1779071691,2979.311610
1779071691,2977.524356
1779071691,2978.733442
1779071691,2978.025111
1779071691,2978.040830
1779071691,2978.209560
1779071691,2979.032346
1779071691,2979.313695
1779071691,2978.561735
1779071691,2978.614210
1779071691,2978.745666
1779071691,2979.511081
1779071691,2979.552080
1779071691,2979.715494
1779071691,2979.831474
1779071691,2980.598684
1779071691,2980.393364
1779071691,2980.524513
1779071691,2982.203016
1779071691,2982.329459
1779071691,2983.249600
1779071691,2987.934109
1779071691,2987.355009
1779071691,2987.368919
1779071691,2985.647642
1779071691,2985.702214
1779071691,2985.665316
1779071691,2986.157127
1779071691,2987.878269
1779071691,2988.413283
1779071691,2989.487936
1779071691,3297.139576
1779071691,3297.206036
1779071691,3916.291256
1779071691,2988.976808
1779071691,3297.607376
1779071691,3606.373303
1779071691,3606.544888
1779071691,2681.667527
1779071691,2989.406866
1779071691,3298.184733
1779071691,2989.158544
1779071691,2989.800287
1779071691,2681.119882
1779071691,2990.607092
1779071691,2991.118814
1779071691,2991.205062
1779071691,2977.890794
1779071691,2978.842965
1779071691,2978.892572
1779071691,2977.240670
1779071691,2979.045170
1779071691,2669.277928
1779071691,2669.812977
1779071691,2978.109531
1779071691,2978.254049
1779071691,2979.581893
1779071691,2979.630009
1779071691,2979.193875
1779071691,2672.397340
1779071691,2980.203357
1779071691,2980.007103
1779071691,2980.439155
1779071691,2980.361283
1779071691,2980.391751
1779071691,2979.834114
1779071691,2980.948187
1779071691,2983.341464
1779071691,2982.740710
1779071691,2982.553253
1779071691,2982.721342
1779071691,2990.455081
1779071691,2989.970061
1779071691,2990.037920
1779071691,2986.158824
1779071691,2986.160613
1779071691,2986.143138
1779071691,2986.141363
1779071691,2987.856129
1779071691,2987.973427
1779071691,3295.841086
1779071691,3914.212404
1779071691,2989.334942
1779071691,3297.113825
1779071691,2681.147792
1779071691,2989.597137
1779071691,3606.035214
1779071691,2988.665934
1779071691,2988.882644
1779071691,2989.024427
1779071691,2989.099121
1779071691,2989.095868
1779071691,2681.751784
1779071691,2989.385647
1779071691,2989.928860
1779071691,2990.438962
1779071691,2991.240499
1779071691,2985.698481
1779071691,2986.255605
1779071691,2673.809431
1779071691,2981.829338
1779071691,2982.872992
1779071691,2983.006523
1779071691,2982.986830
1779071691,2983.149893
1779071691,2983.109840
1779071691,3599.395984
1779071691,2675.206658
1779071691,2985.307400
1779071691,2983.262867
1779071691,2987.184369
1779071691,2981.427831
1779071691,2981.487403
1779071691,2981.734264
1779071691,2981.449011
1779071691,2981.626525
1779071691,2673.724778
1779071691,2981.586483
1779071691,2982.118580
1779071691,2981.968927
1779071691,2981.973702
1779071691,2987.070861
1779071691,2986.993704
1779071691,2988.212646
1779071691,2985.551215
1779071691,2985.509118
1779071691,2985.464324
1779071691,2985.647316
1779071691,2986.969789
1779071691,2987.537078
1779071691,3295.922209
1779071691,2988.802996
1779071691,2988.955471
1779071691,2989.021600
1779071691,2989.245472
1779071691,2680.508020
1779071691,2989.470469
1779071691,2680.466734
1779071691,2988.435488
1779071691,2988.420412
1779071691,2988.721519
1779071691,2988.976856
1779071691,2989.096800
1779071691,2681.739946
1779071691,2989.217829
1779071691,2990.563187
1779071691,2991.454704
1779071691,2978.972766
1779071691,2978.172151
1779071691,2978.348247
1779071691,2978.720249
1779071691,2976.712452
1779071691,2976.757119
1779071691,2977.065758
1779071691,2977.057446
1779071691,2977.581818
1779071691,2978.916877
1779071691,2978.993954
1779071691,2979.250160
1779071691,2979.292048
1779071691,2978.327925
1779071691,2978.446916
1779071691,2979.422305
1779071691,2672.001748
1779071691,2979.728994
1779071691,2979.805072
1779071691,2980.110934
1779071691,2980.304226
1779071691,2982.094612
1779071691,2673.967321
1779071691,2982.111813
1779071691,2986.500125
1779071691,2988.093983
1779071691,2986.872300
1779071691,2985.336301
1779071691,2985.530556
1779071691,2676.619015
1779071691,2985.399785
1779071691,2986.594835
1779071691,2986.987170
1779071691,2987.533943
1779071691,2988.023762
1779071691,2988.344408
1779071691,2988.423133
1779071691,2988.460852
1779071691,3296.251621
1779071691,2987.286609
1779071691,2989.360748
1779071691,2988.871982
1779071691,2989.179800
1779071691,2680.275802
1779071691,2988.253072
1779071691,2989.687706
1779071691,2989.034640
1779071691,2988.841754
1779071691,2990.340791
1779071691,2991.537025
1779071691,2978.929135
1779071691,2978.168597
1779071691,2978.286396
1779071691,2978.637963
1779071691,3284.626873
1779071691,3284.806420
1779071691,2977.035324
1779071691,2977.228210
1779071691,2977.466422
1779071691,2978.113117
1779071691,2978.998329
1779071691,2979.222233
1779071691,3286.417530
1779071691,2978.463867
1779071691,2671.500594
1779071691,2978.870603
1779071691,2979.535527
1779071691,2979.411531
1779071691,2979.765387
1779071691,2980.308895
1779071691,2980.263579
1779071691,2982.169223
1779071691,2982.379790
1779071691,2982.556189
1779071691,2987.706787
1779071691,2986.846385
1779071691,2987.155685
1779071691,2985.646790
1779071691,2985.601129
1779071691,2985.597659
1779071691,2985.543568
1779071691,2986.234933
1779071691,2986.718018
1779071691,2987.409364
1779071691,2987.573982
1779071691,2987.766723
1779071691,2987.984935
1779071691,2988.108976
1779071691,2988.185569
1779071691,2988.374922
1779071691,2988.529057
1779071691,2679.157756
1779071691,2987.295055
1779071691,2988.669672
1779071691,2987.886239
1779071691,2680.081319
1779071691,2987.587469
1779071691,2988.707474
1779071691,2990.028140
1779071691,2991.812222
1779071691,2978.741929
1779071691,2978.901208
1779071691,2978.950577
1779071691,2978.752792
1779071691,2977.505065
1779071691,2977.556203
1779071691,3285.068085
1779071691,2977.249385
1779071691,2977.429510
1779071691,2978.129807
1779071691,2979.064408
1779071691,2979.423328
1779071691,3285.918970
1779071691,2978.475566
1779071691,2978.831541
1779071691,2979.191310
1779071691,3287.046326
1779071691,2979.304609
1779071691,2979.862846
1779071691,2980.062192
1779071691,2980.205312
1779071691,2982.640670
1779071691,2982.382981
1779071691,2982.809922
1779071691,2986.936461
1779071691,2987.965576
1779071691,2987.446816
1779071691,2984.935947
1779071691,2985.412467
1779071691,2985.340884
1779071691,2985.341751
1779071691,2986.282970
1779071691,2986.518448
1779071691,2986.982854
1779071691,2987.213754
1779071691,2678.958031
1779071691,2679.108114
1779071691,2988.003653
1779071691,2679.740501
1779071691,2678.543168
1779071691,2679.680432
1779071691,2988.800283
1779071691,2680.376452
1779071691,2987.788118
1779071691,2987.533149
1779071691,2987.926406
1779071691,2681.232844
1779071691,2990.309917
1779071691,2989.651243
1779071691,2991.688185
1779071691,2978.743294
1779071691,2978.731011
1779071691,2978.930413
1779071691,2977.670523
1779071691,2977.429189
1779071691,2977.420335
1779071691,2977.099396
1779071691,2977.136459
1779071691,2977.500945
1779071691,2978.185680
1779071691,2670.600012
1779071691,2979.451746
1779071691,2978.402523
1779071691,2978.397051
1779071691,3286.539623
1779071691,2979.231481
1779071691,2978.971905
1779071691,2979.270160
1779071691,2979.912687
1779071691,2979.296068
1779071691,2980.065885
1779071691,2982.296892
1779071691,3290.828935
1779071691,2983.029444
1779071691,2988.987733
1779071691,2987.221000
1779071691,2987.511551
1779071691,2676.610340
1779071691,2676.524649
1779071691,2985.214932
1779071691,2676.775488
1779071691,2985.886162
1779071691,2677.395936
1779071691,2986.832721
1779071691,2987.255911
1779071691,2678.612779
1779071691,2987.567650
1779071691,2986.866329
1779071691,2679.431979
1779071691,2679.606098
1779071691,2679.687533
1779071691,2679.578268
1779071691,2988.768258
1779071691,2987.520695
1779071691,2987.532153
1779071691,2987.704468
1779071691,2987.537354
1779071691,2988.494798
1779071691,2989.585639
1779071691,2992.039106
1779071691,2979.489313
1779071691,2978.641059
1779071691,2978.791188
1779071691,2978.065165
1779071691,2977.436793
1779071691,2977.464480
1779071691,2976.974705
1779071691,2976.932750
1779071691,2977.402179
1779071691,2977.906713
1779071691,2978.366107
1779071691,3285.908610
1779071691,2979.284518
1779071691,2978.653001
1779071691,2978.985228
1779071691,2978.763213
1779071691,2978.922311
1779071691,2979.045265
1779071691,2979.893631
1779071691,2979.802396
1779071691,2979.597409
1779071691,2982.575937
1779071691,2983.090581
1779071691,2983.346959
1779071691,2987.184828
1779071691,2989.394038
1779071691,2987.406744
1779071691,2985.278575
1779071691,2985.155482
1779071691,2985.189849
1779071691,2985.484853
1779071691,2985.570273
1779071691,2676.231202
1779071691,2986.539805
1779071691,2986.959967
1779071691,2986.843684
1779071691,2986.740123
1779071691,2987.287133
1779071691,2987.337498
1779071691,3604.300076
1779071691,2678.575128
1779071691,2988.560240
1779071691,2678.709956
1779071691,2988.072116
1779071691,2677.687443
1779071691,2988.119817
1779071691,2987.542308
1779071691,2987.685761
1779071691,2988.828128
1779071691,2991.302492
1779071691,2978.665949
1779071691,2978.803626
1779071691,2978.894807
1779071691,2977.754143
1779071691,2977.635667
1779071691,2976.619598
1779071691,2977.101582
1779071691,2977.049531
1779071691,2977.342296
1779071691,2977.949478
1779071691,2978.475903
1779071691,2979.478412
1779071691,2978.533951
1779071691,2979.520038
1779071691,2978.994530
1779071691,2671.448198
1779071691,2978.835908
1779071691,2978.994354
1779071691,2979.962562
1779071691,2979.969206
1779071691,2979.707202
1779071691,2983.007408
1779071691,2982.953101
1779071691,2983.619323
1779071691,2987.371241
1779071691,2989.525541
1779071691,2987.361436
1779071692,2984.557400
1779071692,2985.288444
1779071692,2675.756486
1779071692,2985.555787
1779071692,2985.571705
1779071692,2676.048363
1779071692,4528.951366
1779071692,2987.043961
1779071692,2987.230547
1779071692,3295.941619
1779071692,2987.594598
1779071692,3296.636005
1779071692,3296.740081
1779071692,3296.518799
1779071692,2677.425635
1779071692,2987.038918
1779071692,2987.046131
1779071692,2987.141210
1779071692,3604.412551
1779071692,2987.754846
1779071692,2678.322471
1779071692,2988.920662
1779071692,2991.779841
1779071692,2978.549743
1779071692,2978.426089
1779071692,2978.485984
1779071692,2977.723251
1779071692,2976.662710
1779071692,2977.824448
1779071692,2977.093083
1779071692,2977.135273
1779071692,2977.452524
1779071692,2978.039966
1779071692,2978.471712
1779071692,2979.265794
1779071692,2979.476924
1779071692,2977.973903
1779071692,3286.812575
1779071692,2979.138979
1779071692,2978.681321
1779071692,2670.879410
1779071692,2980.039068
1779071692,2980.102333
1779071692,2979.847031
1779071692,2982.278639
1779071692,2983.318829
1779071692,2983.249944
1779071692,2987.554036
1779071692,2987.641584
1779071692,2989.847281
1779071692,3293.039463
1779071692,3602.585814
1779071692,2984.935066
1779071692,2985.026279
1779071692,3293.864737
1779071692,2675.785127
1779071692,2986.102894
1779071692,2986.410629
1779071692,3295.375619
1779071692,2986.737902
1779071692,3295.865720
1779071692,2985.988920
1779071692,2986.179209
1779071692,3912.274257
1779071692,3296.389075
1779071692,2986.578907
1779071692,2677.472090
1779071692,2986.714339
1779071692,2986.913626
1779071692,2987.381202
1779071692,2987.969255
1779071692,2988.403550
1779071692,2991.617676
1779071692,2977.530025
1779071692,2978.323931
1779071692,2978.273256
1779071692,2977.621312
1779071692,2977.632280
1779071692,2977.760526
1779071692,2978.018343
1779071692,2977.063604
1779071692,2977.474934
1779071692,2978.076974
1779071692,2978.570105
1779071692,2978.617077
1779071692,2979.446617
1779071692,2979.701235
1779071692,2978.887497
1779071692,2978.529391
1779071692,2978.296491
1779071692,2978.787524
1779071692,2979.792342
1779071692,2979.930233
1779071692,2979.892849
1779071692,2982.556298
1779071692,2983.581680
1779071692,2983.873493
1779071692,2987.748093
1779071692,2990.341037
1779071692,2987.863316
1779071692,2983.419427
1779071692,2983.649840
1779071692,2984.058736
1779071692,2983.987200
1779071692,2676.559300
1779071692,2984.185720
1779071692,2985.181814
1779071692,2985.295088
1779071692,2985.487235
1779071692,2985.555345
1779071692,3911.608070
1779071692,2986.086155
1779071692,2986.443125
1779071692,2678.075049
1779071692,2986.553923
1779071692,3295.947871
1779071692,2985.627382
1779071692,2985.561246
1779071692,2985.748421
1779071692,2986.138861
1779071692,2986.800005
1779071692,2987.810935
1779071692,2991.353991
1779071692,2977.729864
1779071692,2978.345443
1779071692,2978.483055
1779071692,2977.609410
1779071692,2977.039209
1779071692,2976.046102
1779071692,2977.602668
1779071692,2977.723804
1779071692,2977.554242
1779071692,2977.917375
1779071692,2978.319089
1779071692,2978.606345
1779071692,2977.391497
1779071692,2979.340346
1779071692,2979.527518
1779071692,3286.313317
1779071692,2978.167011
1779071692,2979.243234
1779071692,2978.403407
1779071692,2980.122311
1779071692,2980.178431
1779071692,2982.759363
1779071692,2983.399623
1779071692,2984.056797
1779071692,2987.564108
1779071692,2987.628358
1779071692,2990.510834
1779071692,2983.507928
1779071692,3293.066719
1779071692,3293.374414
1779071692,2984.002044
1779071692,2984.081070
1779071692,2983.962404
1779071692,2985.194027
1779071692,2985.386649
1779071692,2985.390727
1779071692,2985.566784
1779071692,2984.807919
1779071692,2984.916749
1779071692,3912.332623
1779071692,2985.232761
1779071692,2677.605368
1779071692,2985.348351
1779071692,2985.489159
1779071692,2985.215481
1779071692,2985.410026
1779071692,3294.937850
1779071692,2986.098995
1779071692,2986.375491
1779071692,2989.505711
1779071692,2978.700262
1779071692,2979.259862
1779071692,2979.447053
1779071692,2976.538874
1779071692,2977.259779
1779071692,2977.298319
1779071692,2976.682867
1779071692,2976.692034
1779071692,2977.575669
1779071692,2978.045845
1779071692,2978.488621
1779071692,2670.704994
1779071692,2978.919698
1779071692,2978.909355
1779071692,2979.421444
1779071692,2978.391394
1779071692,3286.199399
1779071692,2978.719641
1779071692,2979.886892
1779071692,2980.006736
1779071692,2979.385936
1779071692,2982.983108
1779071692,2983.733428
1779071692,2984.256867
1779071692,2988.782948
1779071692,2987.925442
1779071692,2990.656247
1779071692,2983.386310
1779071692,2983.452859
1779071692,3601.768442
1779071692,2983.805157
1779071692,2983.865289
1779071692,2984.050786
1779071692,2984.775959
1779071692,2985.280535
1779071692,2985.227988
1779071692,2985.298685
1779071692,2985.902038
1779071692,2985.752825
1779071692,2677.769261
1779071692,3604.209447
1779071692,2678.174805
1779071692,2984.709228
1779071692,2677.189641
1779071692,2984.750921
1779071692,2677.624270
1779071692,2985.991342
1779071692,2986.155820
1779071692,2986.215618
1779071692,2989.890978
1779071692,2978.576567
1779071692,2979.087805
1779071692,2979.186892
1779071692,2977.533445
1779071692,2977.016618
1779071692,2977.154605
1779071692,2977.602050
1779071692,2976.566204
1779071692,2977.420446
1779071692,2977.889672
1779071692,2978.193986
1779071692,2670.364852
1779071692,2979.122548
1779071692,2979.334725
1779071692,2978.962025
1779071692,2978.495189
1779071692,2977.901777
1779071692,2978.617078
1779071692,2979.822766
1779071692,2979.753110
1779071692,2980.548463
1779071692,2982.296679
1779071692,2983.683986
1779071692,2984.362825
1779071692,2989.197222
1779071692,2990.603531
1779071692,2989.268751
1779071692,2984.468410
1779071692,2984.645355
1779071692,2984.690192
1779071692,2676.918586
1779071692,3601.736249
1779071692,2984.718287
1779071692,2985.555540
1779071692,2985.153809
1779071692,2985.265182
1779071692,2985.295954
1779071692,2985.418560
1779071692,2985.581943
1779071692,3603.660318
1779071692,2985.097081
1779071692,2986.020719
1779071692,2985.377756
1779071692,2676.999311
1779071692,2985.351558
1779071692,2985.099848
1779071692,2985.535344
1779071692,2985.987254
1779071692,2986.172841
1779071692,2990.150493
1779071692,2978.688658
1779071692,2979.076320
1779071692,2979.193551
1779071692,2976.686782
1779071692,2977.046943
1779071692,2977.162603
1779071692,2976.690511
1779071692,2976.690497
1779071692,2977.644067
1779071692,2978.073466
1779071692,2978.367934
1779071692,2978.779820
1779071692,2978.955752
1779071692,2979.361787
1779071692,2978.999825
1779071692,2978.972749
1779071692,2978.603504
1779071692,2978.622128
1779071692,2979.873493
1779071692,2980.032604
1779071692,2979.582386
1779071692,2982.360150
1779071692,2982.543910
1779071692,2984.922607
1779071692,2989.635016
1779071692,2990.854155
1779071692,2989.705324
1779071692,2984.654688
1779071692,2984.649625
1779071692,2984.770978
1779071692,2984.817879
1779071692,2984.891472
1779071692,2985.003123
1779071692,2985.439228
1779071692,2985.916032
1779071692,2985.826124
1779071692,2983.666480
1779071692,2676.773877
1779071692,2984.993837
1779071692,2985.356368
1779071692,2677.157031
1779071692,2985.341370
1779071692,2985.540452
1779071692,2985.660608
1779071692,2984.597762
1779071692,2677.770184
1779071692,2985.249081
1779071692,2986.598551
1779071692,2986.531203
1779071692,2990.115758
1779071692,2979.234496
1779071692,2980.415231
1779071692,2979.535111
1779071692,2976.345304
1779071692,2977.001662
1779071692,2976.921889
1779071692,2977.602107
1779071692,2977.708919
1779071692,2977.390044
1779071692,2977.954386
1779071692,3286.235507
1779071692,2978.646207
1779071692,2978.903001
1779071692,2979.191241
1779071692,2978.947856
1779071692,2979.248710
1779071692,2978.894266
1779071692,2979.058380
1779071692,2980.241138
1779071692,2979.597134
1779071692,2672.542344
1779071692,2982.727195
1779071692,2982.839887
1779071692,2985.074437
1779071692,2989.988761
1779071692,2990.193742
1779071692,2990.079005
1779071692,2985.403068
1779071692,2984.467730
1779071692,2984.430951
1779071692,2984.455637
1779071692,2984.405471
1779071692,2984.608929
1779071692,2675.626189
1779071692,2984.778322
1779071692,2985.400770
1779071692,2985.381782
1779071692,2985.437755
1779071692,2985.582687
1779071692,2677.043995
1779071692,2984.824402
1779071692,3292.445235
1779071692,2985.133918
1779071692,2984.915223
1779071692,3293.240288
1779071692,2985.030287
1779071692,2985.321729
1779071692,2986.695634
1779071692,2986.304436
1779071692,2989.928843
1779071692,2978.920630
1779071692,2978.988390
1779071692,2980.197111
1779071692,2975.781795
1779071692,2977.177779
1779071692,2976.720061
1779071692,2977.429260
1779071692,2977.415224
1779071692,2977.206453
1779071692,2977.862786
1779071692,2669.670490
1779071692,2978.462539
1779071692,2979.211657
1779071692,2979.202453
1779071692,2978.992696
1779071692,2979.234750
1779071692,2979.055441
1779071692,2978.777812
1779071692,2980.241446
1779071692,2980.432269
1779071692,2672.589612
1779071692,2982.622785
1779071692,2983.060793
1779071692,2985.002394
1779071692,2989.103711
1779071692,2990.520175
1779071692,2989.209384
1779071692,2676.867234
1779071692,2676.756096
1779071692,3293.706816
1779071692,2676.897364
1779071692,2986.031755
1779071692,2676.831462
1779071692,2985.044338
1779071692,2985.118308
1779071692,2985.302317
1779071692,2985.253106
1779071692,2676.082662
1779071692,3292.426292
1779071692,2985.722779
1779071692,2985.893487
1779071692,2984.832602
1779071692,2984.781395
1779071692,2984.830287
1779071692,2985.063880
1779071692,2985.310835
1779071692,2985.211525
1779071692,2986.872485
1779071692,2986.185528
1779071692,2990.095290
1779071692,2978.701637
1779071692,2980.001084
1779071692,2979.978395
1779071692,2976.600072
1779071692,2975.653008
1779071692,2976.494026
1779071692,2976.944605
1779071692,2977.145711
1779071692,2978.046191
1779071692,2978.540217
1779071692,2978.734342
1779071692,2978.125780
1779071692,2977.931087
1779071692,2979.069674
1779071692,2979.048347
1779071692,2978.673279
1779071692,2671.355874
1779071692,2670.635032
1779071692,2980.305500
1779071692,2979.391875
1779071692,2672.667010
1779071692,2982.016635
1779071692,2982.750644
1779071692,2985.499283
1779071692,2989.436284
1779071692,2990.855420
1779071692,2989.512721
1779071692,2677.103539
1779071692,2677.189966
1779071692,2677.343992
1779071692,2677.355628
1779071692,2985.947983
1779071692,2985.843097
1779071692,2984.685555
1779071692,3293.251924
1779071692,3600.725743
1779071692,2677.992189
1779071692,2985.210618
1779071692,2984.451664
1779071692,2678.359602
1779071692,2985.881073
1779071692,2986.094564
1779071692,2986.134586
1779071692,2677.690911
1779071692,2678.121783
1779071692,2985.990336
1779071692,3294.398973
1779071692,2986.882233
1779071692,2986.941925
1779071692,2989.894664
1779071692,2978.526886
1779071692,2978.786429
1779071692,2979.752914
1779071692,2976.557956
1779071692,2976.628477
1779071692,2977.556912
1779071692,2976.946125
1779071692,2977.109842
1779071692,2977.892685
1779071692,2978.523619
1779071692,2977.573177
1779071692,2978.149774
1779071692,2978.125259
1779071692,2978.961549
1779071692,2978.810793
1779071692,2978.556524
1779071692,2979.353628
1779071692,2978.633518
1779071692,3288.027677
1779071692,2980.568054
1779071692,2980.186320
1779071692,2982.904250
1779071692,2982.868105
1779071692,2985.392383
1779071692,2989.863264
1779071692,2989.931059
1779071692,2991.088452
1779071693,2986.152773
1779071693,2677.437815
1779071693,2986.208151
1779071693,2677.515352
1779071693,2677.391090
1779071693,2985.054409
1779071693,2677.477117
1779071693,2676.496030
1779071693,3601.162254
1779071693,2677.763089
1779071693,2985.392721
1779071693,2677.792802
1779071693,2985.649870
1779071693,2985.690498
1779071693,2676.899201
1779071693,2985.871876
1779071693,2985.930626
1779071693,2986.142750
1779071693,2678.190795
1779071693,2985.954723
1779071693,2986.441311
1779071693,2986.604958
1779071693,2990.211204
1779071693,2979.419052
1779071693,2978.495330
1779071693,2979.514769
1779071693,2976.455899
1779071693,2671.939949
1779071693,2976.018042
1779071693,2977.453528
1779071693,2976.901033
1779071693,2977.893464
1779071693,3593.695904
1779071693,2977.504121
1779071693,2978.100489
1779071693,2978.150801
1779071693,2978.833451
1779071693,2978.808943
1779071693,2978.473365
1779071693,2978.436241
1779071693,2979.376771
1779071693,3287.472361
1779071693,2980.451456
1779071693,2980.304208
1779071693,2982.214685
1779071693,2982.683862
1779071693,2985.647981
1779071693,2990.240294
1779071693,2990.199313
1779071693,2990.324177
1779071693,2677.494276
1779071693,2671.817269
1779071693,2672.400739
1779071693,2677.426075
1779071693,2672.433117
1779071693,2677.551517
1779071693,2678.521265
1779071693,2672.508499
1779071693,2985.059045
1779071693,2672.758394
1779071693,2985.404923
1779071693,2672.827443
1779071693,2985.372503
1779071693,2985.291274
1779071693,2985.468851
1779071693,2985.510005
1779071693,2673.261078
1779071693,2986.244175
1779071693,2986.762121
1779071693,2986.330792
1779071693,2986.888246
1779071693,2675.263598
1779071693,2989.336668
1779071693,2977.365464
1779071693,2978.166073
1779071693,2979.458491
1779071693,2976.441035
1779071693,2976.575169
1779071693,2977.155965
1779071693,2669.461327
1779071693,2976.875616
1779071693,2976.763055
1779071693,2977.425071
1779071693,2977.550025
1779071693,2978.058951
1779071693,2978.121633
1779071693,2978.727680
1779071693,2979.193293
1779071693,3287.001142
1779071693,3286.482807
1779071693,2978.447777
1779071693,3288.361966
1779071693,2673.515795
1779071693,2980.360195
1779071693,2982.407373
1779071693,2982.825559
1779071693,2985.936942
1779071693,2989.538741
1779071693,2990.368666
1779071693,2990.399803
1779071693,3293.911055
1779071693,3294.202687
1779071693,2984.411218
1779071693,2985.990488
1779071693,2678.401108
1779071693,2678.562385
1779071693,2678.723077
1779071693,2672.894423
1779071693,2672.931711
1779071693,3295.108413
1779071693,2672.974751
1779071693,2673.078216
1779071693,2673.265949
1779071693,2985.587667
1779071693,2673.160937
1779071693,2673.326220
1779071693,2985.726150
1779071693,2985.981955
1779071693,3294.265752
1779071693,2986.601766
1779071693,2986.682176
1779071693,2987.182890
1779071693,2989.543474
1779071693,2977.981884
1779071693,2978.716243
1779071693,2979.855164
1779071693,2976.421687
1779071693,2671.881020
1779071693,2977.080184
1779071693,2976.277356
1779071693,2976.854340
1779071693,2976.745783
1779071693,2977.378350
1779071693,2977.350128
1779071693,2977.963631
1779071693,2978.219912
1779071693,2979.141267
1779071693,2979.038423
1779071693,2978.771602
1779071693,2978.699238
1779071693,2978.807736
1779071693,2980.557963
1779071693,2980.438268
1779071693,2980.477038
1779071693,2982.679397
1779071693,2982.867811
1779071693,2986.125788
1779071693,2988.588618
1779071693,2989.730570
1779071693,2990.404310
1779071693,3293.339250
1779071693,2985.115857
1779071693,3294.351880
1779071693,2677.643940
1779071693,2984.712813
1779071693,2678.051518
1779071693,2678.169369
1779071693,3910.688414
1779071693,2986.185833
1779071693,3293.950669
1779071693,2673.181991
1779071693,2673.420879
1779071693,2985.471871
1779071693,2985.559191
1779071693,2672.558533
1779071693,3293.996204
1779071693,2672.729665
1779071693,2673.781495
1779071693,2985.842453
1779071693,2987.128003
1779071693,2985.697314
1779071693,2987.599508
1779071693,2994.012543
1779071693,2977.538063
1779071693,2978.137032
1779071693,3284.120331
1779071693,2976.473182
1779071693,2671.612469
1779071693,2976.170675
1779071693,2669.541566
1779071693,2976.819073
1779071693,2977.685661
1779071693,2978.493089
1779071693,2977.355735
1779071693,2978.068853
1779071693,2977.504702
1779071693,2978.283122
1779071693,2978.337770
1779071693,2979.276635
1779071693,2978.694192
1779071693,2978.144782
1779071693,2980.432901
1779071693,2980.523570
1779071693,2672.887713
1779071693,2982.882094
1779071693,2983.100293
1779071693,2985.321293
1779071693,2990.125704
1779071693,2989.022710
1779071693,2990.579393
1779071693,3602.130758
1779071693,3293.681347
1779071693,2677.301449
1779071693,3294.083493
1779071693,2677.764356
1779071693,3602.358625
1779071693,3293.173646
1779071693,3294.806740
1779071693,3602.640520
1779071693,3293.511639
1779071693,3293.489061
1779071693,2981.415684
1779071693,2981.219519
1779071693,2671.902203
1779071693,2981.648823
1779071693,2673.247800
1779071693,2673.225202
1779071693,2673.225586
1779071693,2982.025426
1779071693,2983.226356
1779071693,3294.948639
1779071693,2983.748177
1779071693,2990.053098
1779071693,2977.071502
1779071693,2978.551380
1779071693,2975.537172
1779071693,2979.423944
1779071693,2671.524315
1779071693,3283.936505
1779071693,2669.297158
1779071693,2976.823987
1779071693,2977.719613
1779071693,2978.395402
1779071693,2977.323622
1779071693,2977.914300
1779071693,2673.964840
1779071693,2981.741134
1779071693,2980.143588
1779071693,2980.130080
1779071693,2980.192530
1779071693,3288.086473
1779071693,2982.195357
1779071693,2980.540102
1779071693,2980.573329
1779071693,2674.357411
1779071693,2983.601057
1779071693,2985.511491
1779071693,2989.426690
1779071693,2989.434069
1779071693,2990.560100
1779071693,2985.783895
1779071693,2986.214965
1779071693,2980.528576
1779071693,3602.519357
1779071693,3601.481862
1779071693,3603.119054
1779071693,3294.662640
1779071693,2980.995479
1779071693,3293.466977
1779071693,3293.263526
1779071693,3603.501816
1779071693,2672.597378
1779071693,2980.474982
1779071693,2672.730370
1779071693,2672.856387
1779071693,2672.935679
1779071693,2673.096136
1779071693,3294.393728
1779071693,2981.091150
1779071693,2980.840906
1779071693,2981.150817
1779071693,2981.020504
1779071693,2987.097460
1779071693,2978.071235
1779071693,2977.446856
1779071693,3283.411872
1779071693,2975.463750
1779071693,2668.444805
1779071693,2976.199814
1779071693,2976.375024
1779071693,2977.072856
1779071693,2978.037439
1779071693,2978.619949
1779071693,2977.657878
1779071693,2981.848444
1779071693,2982.014084
1779071693,2980.200703
1779071693,2981.683267
1779071693,2980.397680
1779071693,2981.326567
1779071693,2981.229259
1779071693,2980.731187
1779071693,2980.862120
1779071693,2980.580148
1779071693,2983.542535
1779071693,2983.170324
1779071693,2985.718997
1779071693,2989.675420
1779071693,2989.791650
1779071693,2680.317782
1779071693,2985.675299
1779071693,3602.683357
1779071693,2985.879401
1779071693,2677.188522
1779071693,3293.898108
1779071693,2981.253090
1779071693,2981.322109
1779071693,3602.247721
1779071693,2981.388165
1779071693,2672.898386
1779071693,2981.330679
1779071693,3292.970740
1779071693,2981.182522
1779071693,2673.235016
1779071693,2673.359989
1779071693,2673.263405
1779071693,3603.059521
1779071693,2981.318064
1779071693,2981.439392
1779071693,2981.161055
1779071693,2981.314607
1779071693,2672.996121
1779071693,2987.298293
1779071693,2977.915642
1779071693,2977.257645
1779071693,3283.644295
1779071693,2976.219623
1779071693,2976.525904
1779071693,3283.891710
1779071693,2668.855589
1779071693,2977.017000
1779071693,2978.133218
1779071693,2978.474844
1779071693,2977.429000
1779071693,2981.715909
1779071693,2981.884714
1779071693,2981.702745
1779071693,2981.156380
1779071693,2980.582959
1779071693,2981.320403
1779071693,2980.643408
1779071693,3288.484124
1779071693,2980.832973
1779071693,2980.533919
1779071693,2983.400159
1779071693,2983.403056
1779071693,2985.812228
1779071693,2990.208957
1779071693,2990.209371
1779071693,2990.228747
1779071693,2985.968650
1779071693,2985.913419
1779071693,2985.939315
1779071693,2671.945345
1779071693,2980.518585
1779071693,3910.534770
1779071693,3910.622932
1779071693,2981.017827
1779071693,2980.958924
1779071693,2674.929562
1779071693,3289.347415
1779071693,2673.040909
1779071693,2980.740296
1779071693,2673.498003
1779071693,2673.836704
1779071693,2673.664955
1779071693,2981.177204
1779071693,2981.285129
1779071693,2673.712782
1779071693,2981.790455
1779071693,2981.032521
1779071693,2981.152504
1779071693,2987.540373
1779071693,2976.838282
1779071693,2977.209224
1779071693,3283.418095
1779071693,2976.130295
1779071693,2669.164620
1779071693,2975.708233
1779071693,3284.997302
1779071693,2977.049994
1779071693,2978.031763
1779071693,2978.594031
1779071693,2977.921456
1779071693,2979.854280
1779071693,2981.014352
1779071693,3289.843727
1779071693,2982.294582
1779071693,2980.726571
1779071693,2674.566857
1779071693,2981.409995
1779071693,2673.932455
1779071693,2673.312604
1779071693,2672.721043
1779071693,3291.719811
1779071693,2983.169273
1779071693,2985.877997
1779071693,2990.441089
1779071693,2990.522694
1779071693,2990.625150
1779071693,2986.127526
1779071693,2981.765868
1779071693,2986.094529
1779071693,2981.829531
1779071693,2986.233348
1779071693,2986.144548
1779071693,2986.208756
1779071693,3602.100574
1779071693,2981.274972
1779071693,3602.648729
1779071693,2981.362759
1779071693,2981.354242
1779071693,2981.201263
1779071693,3289.699736
1779071693,2981.868244
1779071693,3289.884975
1779071693,2981.909177
1779071693,2982.035355
1779071693,3291.320205
1779071693,2981.603103
1779071693,2981.227114
1779071693,2981.011246
1779071693,2987.727119
1779071693,2975.912952
1779071693,2977.161121
1779071693,2978.488117
1779071693,3283.482876
1779071693,2976.369806
1779071693,2976.887787
1779071693,2977.005229
1779071693,2976.019231
1779071693,2978.317556
1779071693,2978.016229
1779071693,2978.632904
1779071693,2980.783499
1779071693,2982.034578
1779071693,2982.626518
1779071693,2981.924717
1779071693,2983.019164
1779071693,2980.812902
1779071693,2980.767262
1779071693,2674.012411
1779071693,2980.699880
1779071693,2981.244892
1779071693,2983.277461
1779071693,2983.305465
1779071693,2984.920987
1779071693,3299.116810
1779071693,2989.576071
1779071693,2989.670714
1779071693,2985.626681
1779071693,2986.153244
1779071693,2982.388956
1779071693,3910.577178
1779071693,3601.730757
1779071693,2986.229279
1779071693,2986.418141
1779071693,2673.101520
1779071693,2673.008785
1779071693,2673.084627
1779071693,2675.091040
1779071693,3289.391860
1779071693,2981.470753
1779071693,3289.514944
1779071693,2981.856583
1779071693,2980.899466
1779071693,2981.992827
1779071693,2981.994809
1779071693,2981.225697
1779071693,2674.159829
1779071693,3289.185072
1779071693,2981.360765
1779071693,2986.655326
1779071693,2974.832628
1779071693,2976.989915
1779071693,2978.400145
1779071693,2977.192480
1779071693,2976.131914
1779071693,3283.765282
1779071693,2976.437279
1779071693,2976.648409
1779071694,2977.252586
1779071694,2664.751376
1779071694,2979.275539
1779071694,2980.018093
1779071694,2982.109430
1779071694,2982.329604
1779071694,2981.822756
1779071694,2982.115354
1779071694,2980.905526
1779071694,2982.083744
1779071694,2981.486896
1779071694,2979.817207
1779071694,2980.940432
1779071694,2983.168649
1779071694,2983.302609
1779071694,2985.371770
1779071694,2989.531479
1779071694,2989.537000
1779071694,2989.651653
1779071694,2985.341440
1779071694,2673.465988
1779071694,3289.378626
1779071694,2676.693348
1779071694,2676.845690
1779071694,2981.266823
1779071694,3598.179153
1779071694,2675.717894
1779071694,2677.261340
1779071694,2674.254871
1779071694,2982.800090
1779071694,2675.978494
1779071694,3598.616444
1779071694,3289.273073
1779071694,2981.336715
1779071694,3599.720299
1779071694,2981.831171
1779071694,3290.392160
1779071694,2981.097448
1779071694,2981.245487
1779071694,2982.796116
1779071694,2983.391879
1779071694,2986.481550
1779071694,2974.583570
1779071694,2976.497835
1779071694,2978.089153
1779071694,3284.099946
1779071694,2976.795655
1779071694,2976.191816
1779071694,2976.177450
1779071694,2663.753689
1779071694,2978.330494
1779071694,2978.195154
1779071694,2978.201514
1779071694,2982.269905
1779071694,2670.765291
1779071694,3289.845366
1779071694,2981.668546
1779071694,2671.194919
1779071694,3288.708381
1779071694,2981.558893
1779071694,2671.750724
1779071694,2980.620198
1779071694,3289.489481
1779071694,2983.344563
1779071694,2983.386748
1779071694,2985.538990
1779071694,2989.946915
1779071694,2989.901572
1779071694,2990.024866
1779071694,2985.340583
1779071694,2675.851914
1779071694,2985.530135
1779071694,2677.097591
1779071694,2981.547105
1779071694,2981.830287
1779071694,2674.507851
1779071694,2986.487739
1779071694,2674.804757
1779071694,2982.439053
1779071694,2983.025562
1779071694,2982.923523
1779071694,2985.417179
1779071694,2675.308823
1779071694,2679.833915
1779071694,2677.928353
1779071694,2981.497303
1779071694,2983.205755
1779071694,2983.313950
1779071694,2985.759218
1779071694,2985.257762
1779071694,2680.092156
1779071694,2986.222574
1779071694,2974.340249
1779071694,2976.218508
1779071694,2976.615560
1779071694,2976.780012
1779071694,2976.910191
1779071694,2976.182279
1779071694,2976.248941
1779071694,2976.344502
1779071694,2978.203222
1779071694,2978.597736
1779071694,2978.282183
1779071694,2674.795598
1779071694,2982.798073
1779071694,2674.921056
1779071694,2982.432685
1779071694,2981.512449
1779071694,2980.956053
1779071694,2980.289017
1779071694,2674.768991
1779071694,2981.286163
1779071694,2981.437045
1779071694,2982.866363
1779071694,2983.159093
1779071694,2984.376239
1779071694,2984.883091
1779071694,2985.084587
1779071694,2984.909889
1779071694,2677.206302
1779071694,2982.879491
1779071694,2677.276597
1779071694,2677.189614
1779071694,2983.301636
1779071694,3289.931104
1779071694,3907.060868
1779071694,2676.767104
1779071694,2981.719469
1779071694,2981.942331
1779071694,2984.641637
1779071694,2982.500834
1779071694,2982.681616
1779071694,2983.134858
1779071694,2676.322389
1779071694,2983.080922
1779071694,3291.241899
1779071694,2984.238681
1779071694,2984.220337
1779071694,2984.757893
1779071694,2984.479492
1779071694,2984.281043
1779071694,2965.240910
1779071694,2984.784406
1779071694,2967.495658
1779071694,2967.885277
1779071694,2969.484799
1779071694,2969.770904
1779071694,2969.968704
1779071694,2970.085455
1779071694,2670.239090
1779071694,3285.434709
1779071694,2972.857993
1779071694,2972.792878
1779071694,2976.524879
1779071694,2977.331537
1779071694,2977.475600
1779071694,2977.466842
1779071694,2977.683724
1779071694,2977.950064
1779071694,2977.916646
1779071694,2674.675331
1779071694,2978.296745
1779071694,2978.622544
1779071694,2983.471182
1779071694,2983.342074
1779071694,2986.718044
1779071694,2987.992056
1779071694,2987.700854
1779071694,2987.827293
1779071694,3294.638220
1779071694,2985.584541
1779071694,3294.625141
1779071694,3294.750790
1779071694,3294.672401
1779071694,2983.052964
1779071694,2982.729819
1779071694,3290.158283
1779071694,2677.524404
1779071694,3290.336461
1779071694,2983.369545
1779071694,2983.209412
1779071694,2983.294405
1779071694,2982.690819
1779071694,2982.837169
1779071694,2984.708645
1779071694,2983.471209
1779071694,2983.581425
1779071694,2677.013822
1779071694,2984.175102
1779071694,2984.314211
1779071694,2984.496682
1779071694,2984.993002
1779071694,2968.204039
1779071694,2969.496075
1779071694,2969.119581
1779071694,2970.636920
1779071694,2970.823202
1779071694,3284.007545
1779071694,2971.334972
1779071694,2971.451998
1779071694,2973.641295
1779071694,2974.491318
1779071694,2974.524987
1779071694,3288.858608
1779071694,3597.083285
1779071694,2979.460993
1779071694,2979.406644
1779071694,2979.807790
1779071694,3289.107276
1779071694,2979.842962
1779071694,2675.469745
1779071694,2673.631089
1779071694,2979.908260
1779071694,2984.124732
1779071694,2984.156472
1779071694,2986.242446
1779071694,2990.046797
1779071694,2990.073449
1779071694,2990.214976
1779071694,2677.022151
1779071694,2982.912680
1779071694,2986.327112
1779071694,2677.229286
1779071694,3294.915575
1779071694,2986.385815
1779071694,3291.182948
1779071694,3290.456680
1779071694,2983.263583
1779071694,2983.515873
1779071694,3290.856455
1779071694,3291.797990
1779071694,2983.518706
1779071694,2983.817555
1779071694,2984.236072
1779071694,2984.176612
1779071694,2984.212924
1779071694,3291.115395
1779071694,2676.194892
1779071694,3293.079106
1779071694,2984.902027
1779071694,2984.165954
1779071694,2983.822695
1779071694,2975.792762
1779071694,2977.301494
1779071694,2977.695506
1779071694,2976.593580
1779071694,2977.269119
1779071694,2977.612233
1779071694,2977.977467
1779071694,2670.349220
1779071694,2979.089997
1779071694,2978.889840
1779071694,2978.903019
1779071694,2981.883527
1779071694,2983.304589
1779071694,3291.453391
1779071694,3597.324859
1779071694,3290.224157
1779071694,2981.879648
1779071694,2981.975271
1779071694,2675.123650
1779071694,2982.080806
1779071694,2674.020812
1779071694,2984.449944
1779071694,2984.467494
1779071694,2986.681998
1779071694,2991.055614
1779071694,2989.989572
1779071694,2991.168017
1779071694,2675.138844
1779071694,3292.099122
1779071694,2676.745228
1779071694,2677.031241
1779071694,3598.566289
1779071694,2676.949594
1779071694,2675.823995
1779071694,2677.179050
1779071694,2983.661562
1779071694,2676.136800
1779071694,2677.603599
1779071694,2984.479164
1779071694,2983.985322
1779071694,3290.979279
1779071694,2984.306655
1779071694,2984.122712
1779071694,2984.245235
1779071694,2984.822396
1779071694,2984.852811
1779071694,2984.586530
1779071694,2985.174626
1779071694,2984.708300
1779071694,2984.400178
1779071694,2975.379479
1779071694,2976.673496
1779071694,2977.231692
1779071694,2976.368575
1779071694,2976.632894
1779071694,2977.179609
1779071694,3277.650569
1779071694,2976.910382
1779071694,2979.275412
1779071694,2979.687539
1779071694,2978.843863
1779071694,2981.937997
1779071694,2983.528469
1779071694,2983.776306
1779071694,2983.872866
1779071694,2982.771663
1779071694,3286.501776
1779071694,2982.146928
1779071694,2981.362940
1779071694,2981.190506
1779071694,2675.478781
1779071694,2984.407638
1779071694,2984.450188
1779071694,2986.736830
1779071694,2989.950000
1779071694,2991.061984
1779071694,2991.099087
1779071694,2677.020245
1779071694,2985.690779
1779071694,2677.089919
1779071694,2985.752988
1779071694,2677.128310
1779071694,2677.164820
1779071694,2677.205568
1779071694,2984.511479
1779071694,2984.428313
1779071694,2984.574022
1779071694,2985.382827
1779071694,2984.744433
1779071694,2983.834818
1779071694,2984.042445
1779071694,2984.056543
1779071694,2984.449611
1779071694,3291.576305
1779071694,2984.273940
1779071694,2984.328169
1779071694,2985.300018
1779071694,2985.591253
1779071694,2984.616595
1779071694,2983.733547
1779071694,2976.448918
1779071694,2976.579510
1779071694,2977.087003
1779071694,2976.034382
1779071694,2976.230440
1779071694,2976.934585
1779071694,2977.412999
1779071694,2977.806517
1779071694,2979.587912
1779071694,2979.912097
1779071694,2978.930178
1779071694,2981.908501
1779071694,2983.943513
1779071694,2984.037380
1779071694,3288.043044
1779071694,2676.214957
1779071694,2983.307957
1779071694,2981.618970
1779071694,3288.561380
1779071694,2981.358055
1779071694,2983.173209
1779071694,2984.128229
1779071694,2984.216417
1779071694,2986.575505
1779071694,2990.589360
1779071694,2990.531045
1779071694,2990.619756
1779071694,2677.965656
1779071694,2983.688300
1779071694,2678.211634
1779071694,2676.946805
1779071694,2678.110116
1779071694,2678.166464
1779071694,2678.296339
1779071694,2985.134453
1779071694,2676.259249
1779071694,2676.813773
1779071694,2984.782782
1779071694,2984.833809
1779071694,2678.690545
1779071694,2676.963503
1779071694,2984.211805
1779071694,2984.387198
1779071694,2983.556241
1779071694,3291.947632
1779071694,2984.443411
1779071694,2984.077010
1779071694,2984.532295
1779071694,2984.631063
1779071694,2983.340034
1779071694,2975.258371
1779071694,2976.308303
1779071694,2977.003726
1779071694,3283.502855
1779071694,2976.176121
1779071694,2976.326418
1779071694,2977.479523
1779071694,2977.840258
1779071694,2979.623454
1779071694,2979.044148
1779071694,2979.076871
1779071694,2981.988292
1779071694,3289.006117
1779071694,2982.337065
1779071694,2983.816740
1779071694,2983.276288
1779071694,2984.471027
1779071694,2984.406740
1779071694,3289.442206
1779071694,2981.942778
1779071694,2982.499648
1779071694,2984.429666
1779071694,2984.456655
1779071694,2987.100029
1779071694,2989.644829
1779071694,2990.513349
1779071694,2990.532536
1779071694,3907.119028
1779071694,2676.147251
1779071694,2983.396931
1779071694,3600.869944
1779071694,3292.798026
1779071694,3293.971447
1779071694,2983.514700
1779071694,2677.545390
1779071694,3293.046725
1779071694,2984.103884
1779071694,2984.051055
1779071694,2676.647676
1779071694,3293.278755
1779071694,2676.837985
1779071694,2677.455424
1779071694,2677.416386
1779071694,2983.489567
1779071694,2983.933046
1779071694,2984.046631
1779071694,2984.383394
1779071694,2985.323881
1779071694,2984.066414
1779071694,2983.542634
1779071694,2975.249687
1779071694,2975.878780
1779071694,2977.125269
1779071694,2977.524122
1779071694,2975.795240
1779071694,2975.673425
1779071694,2977.628992
1779071694,2977.751289
1779071694,2979.548476
1779071694,2979.848757
1779071694,2978.910628
1779071694,2981.920564
1779071694,2984.002353
1779071694,2984.041208
1779071694,2982.918390
1779071694,2984.071368
1779071694,2983.571825
1779071694,3290.573499
1779071694,2982.514409
1779071694,2982.526979
1779071694,2982.282655
1779071694,2984.812829
1779071694,2984.861864
1779071694,2987.362461
1779071694,2989.829135
1779071694,2990.575360
1779071694,2990.609935
1779071695,3293.887388
1779071695,2677.692889
1779071695,3292.289220
1779071695,3294.120139
1779071695,2678.385970
1779071695,2678.429583
1779071695,4216.432035
1779071695,2984.659337
1779071695,2677.458827
1779071695,2984.701313
1779071695,2677.565195
1779071695,2984.428583
1779071695,2985.048353
1779071695,2984.774212
1779071695,2676.915027
1779071695,2983.814348
1779071695,2984.918849
1779071695,2984.031816
1779071695,2984.147968
1779071695,2676.217538
1779071695,2984.317810
1779071695,2984.628995
1779071695,2983.181540
1779071695,2975.117747
1779071695,2976.807908
1779071695,2976.968062
1779071695,2976.254803
1779071695,2975.555951
1779071695,2975.625982
1779071695,2977.412922
1779071695,2977.691401
1779071695,2979.832408
1779071695,2978.858471
1779071695,2979.130032
1779071695,2981.904606
1779071695,2982.780435
1779071695,2983.331077
1779071695,2982.639130
1779071695,2983.448603
1779071695,3291.485901
1779071695,2982.166062
1779071695,2983.185907
1779071695,2675.864059
1779071695,2982.197628
1779071695,2984.258420
1779071695,2984.219583
1779071695,2987.569767
1779071695,2990.041752
1779071695,2990.578803
1779071695,2990.621904
1779071695,3292.816858
1779071695,3599.738417
1779071695,3911.656354
1779071695,3294.027045
1779071695,3294.295078
1779071695,3294.601725
1779071695,2678.257674
1779071695,2677.325712
1779071695,2678.443057
1779071695,3294.991539
1779071695,2677.401393
1779071695,3293.104576
1779071695,2677.152904
1779071695,2676.998270
1779071695,2677.708346
1779071695,2983.908657
1779071695,2984.875145
1779071695,2984.018534
1779071695,2984.180296
1779071695,2984.389461
1779071695,2984.422527
1779071695,2984.541154
1779071695,2982.123873
1779071695,2975.989526
1779071695,2976.422999
1779071695,2976.530807
1779071695,2975.962203
1779071695,2975.580832
1779071695,2975.748864
1779071695,2977.441415
1779071695,2977.757615
1779071695,2978.919084
1779071695,2980.096709
1779071695,2979.070606
1779071695,2981.916075
1779071695,2983.438893
1779071695,2983.055318
1779071695,2983.790464
1779071695,2984.189368
1779071695,2983.661271
1779071695,2676.438207
1779071695,2983.436130
1779071695,2982.306469
1779071695,2982.762256
1779071695,2984.599255
1779071695,2985.700176
1779071695,2988.023647
1779071695,2990.207739
1779071695,2990.587523
1779071695,2990.718026
1779071695,3291.471855
1779071695,3291.655347
1779071695,3600.858602
1779071695,2677.427803
1779071695,3603.263483
1779071695,2984.266670
1779071695,2677.799945
1779071695,2677.949965
1779071695,2676.988615
1779071695,2677.084741
1779071695,2677.111010
1779071695,2986.445904
1779071695,2677.276966
1779071695,2984.863489
1779071695,2983.868081
1779071695,2983.942016
1779071695,2677.620099
1779071695,2984.183129
1779071695,2984.106406
1779071695,2984.299305
1779071695,2983.772647
1779071695,2984.421458
1779071695,2982.019042
1779071695,2975.737811
1779071695,2976.105184
1779071695,2976.260419
1779071695,2976.719521
1779071695,2975.538065
1779071695,2975.575441
1779071695,2977.401104
1779071695,2977.788576
1779071695,2979.700331
1779071695,2980.354105
1779071695,2979.724580
1779071695,2982.856014
1779071695,2983.070183
1779071695,2983.067378
1779071695,2981.399075
1779071695,2983.966736
1779071695,2984.245624
1779071695,2983.610990
1779071695,2984.579264
1779071695,2982.461107
1779071695,2982.913115
1779071695,2985.504641
1779071695,2986.641560
1779071695,2987.618237
1779071695,2989.496177
1779071695,2989.589948
1779071695,2989.738801
1779071695,2986.029929
1779071695,2986.099018
1779071695,3293.887697
1779071695,3601.541022
1779071695,2986.331598
1779071695,3292.633604
1779071695,2677.564814
1779071695,2985.232388
1779071695,3293.753632
1779071695,2676.716364
1779071695,2677.065177
1779071695,2677.143337
1779071695,2677.154101
1779071695,2677.105066
1779071695,3293.420511
1779071695,2677.062951
1779071695,2984.592069
1779071695,2983.815598
1779071695,2985.180794
1779071695,2678.915589
1779071695,2984.420074
1779071695,2679.678484
1779071695,2981.986005
1779071695,2975.433133
1779071695,2976.841136
1779071695,2976.874276
1779071695,2976.195638
1779071695,2976.072672
1779071695,2976.080480
1779071695,2978.022870
1779071695,2978.306528
1779071695,2979.771990
1779071695,2979.831039
1779071695,2980.526267
1779071695,2982.422262
1779071695,2984.006440
1779071695,2983.086018
1779071695,2983.809192
1779071695,2984.216729
1779071695,3290.555903
1779071695,2983.045056
1779071695,2984.648225
1779071695,2983.196684
1779071695,2983.179547
1779071695,2984.742178
1779071695,2986.868236
1779071695,2987.809071
1779071695,2990.522471
1779071695,2990.793687
1779071695,2990.755878
1779071695,2986.550227
1779071695,2986.477174
1779071695,2985.386772
1779071695,3292.484542
1779071695,2678.466568
1779071695,2678.495981
1779071695,2677.407007
1779071695,2678.941724
1779071695,3294.020096
1779071695,3292.141570
1779071695,2987.248934
1779071695,2676.908019
1779071695,2678.560469
1779071695,2985.068557
1779071695,2986.581265
1779071695,2677.873801
1779071695,2985.847217
1779071695,2986.166360
1779071695,2985.522228
1779071695,2984.731555
1779071695,2679.561398
1779071695,2980.926013
1779071695,2681.454049
1779071695,2976.163133
1779071695,2976.294978
1779071695,2976.460071
1779071695,2976.874351
1779071695,2976.170280
1779071695,2976.361324
1779071695,2977.974100
1779071695,2978.298567
1779071695,2979.991802
1779071695,2980.638083
1779071695,2980.053189
1779071695,2982.815052
1779071695,2983.256122
1779071695,2984.127512
1779071695,2983.915523
1779071695,3290.288736
1779071695,2984.073397
1779071695,2983.048098
1779071695,2984.523403
1779071695,2983.238208
1779071695,2983.350433
1779071695,2985.631100
1779071695,2987.242497
1779071695,2987.660828
1779071695,2989.505323
1779071695,2989.570061
1779071695,2989.952392
1779071695,2678.445094
1779071695,2678.290630
1779071695,2678.421075
1779071695,3601.808825
1779071695,2678.463758
1779071695,3602.971569
1779071695,2987.962741
1779071695,2678.560523
1779071695,2677.416790
1779071695,2677.464693
1779071695,2677.500951
1779071695,2985.633646
1779071695,2986.436612
1779071695,2679.418822
1779071695,2986.200096
1779071695,2986.459469
1779071695,2986.716324
1779071695,2986.943717
1779071695,2986.314577
1779071695,2986.646092
1779071695,2985.689504
1779071695,2985.603981
1779071695,2980.888164
1779071695,2975.821235
1779071695,2975.979045
1779071695,2976.006739
1779071695,2976.591327
1779071695,2975.976385
1779071695,2976.170317
1779071695,2977.894114
1779071695,2978.235359
1779071695,2980.678214
1779071695,2980.297230
1779071695,2980.750217
1779071695,2982.401605
1779071695,2983.354466
1779071695,2984.114312
1779071695,2983.840673
1779071695,2984.700970
1779071695,2982.237777
1779071695,2985.008292
1779071695,2982.939245
1779071695,2984.366548
1779071695,2983.235302
1779071695,2986.472530
1779071695,2987.563962
1779071695,2988.175533
1779071695,2989.089429
1779071695,2989.274729
1779071695,2989.464183
1779071695,2986.860897
1779071695,2986.820966
1779071695,2986.974118
1779071695,3293.855336
1779071695,2987.107178
1779071695,3600.879340
1779071695,2987.211004
1779071695,2986.025904
1779071695,2987.341544
1779071695,3294.096739
1779071695,2678.893387
1779071695,3293.145468
1779071695,3293.164285
1779071695,3295.051804
1779071695,2986.340812
1779071695,3601.254730
1779071695,2986.402240
1779071695,3294.002082
1779071695,2678.967198
1779071695,2986.468685
1779071695,2985.595594
1779071695,2979.893958
1779071695,2985.633400
1779071695,2975.802003
1779071695,2976.940124
1779071695,2975.920170
1779071695,2976.262026
1779071695,2976.834422
1779071695,2976.794616
1779071695,2977.775810
1779071695,2977.837897
1779071695,2981.077623
1779071695,2980.483439
1779071695,2980.610764
1779071695,2982.374720
1779071695,2983.377939
1779071695,2983.409435
1779071695,2983.797544
1779071695,2984.472948
1779071695,2984.623920
1779071695,2982.980211
1779071695,2983.190941
1779071695,2984.726813
1779071695,2983.339819
1779071695,2987.854418
1779071695,2987.992257
1779071695,2987.245724
1779071695,2989.267949
1779071695,2989.377941
1779071695,2989.321506
1779071695,2678.643434
1779071695,3910.176198
1779071695,3602.461694
1779071695,3910.295009
1779071695,2678.576121
1779071695,3296.389629
1779071695,3602.266836
1779071695,2678.756419
1779071695,2677.699195
1779071695,2677.841264
1779071695,3293.570031
1779071695,2677.777323
1779071695,2679.280461
1779071695,2988.908344
1779071695,2986.715159
1779071695,2986.771309
1779071695,2678.544914
1779071695,2986.893633
1779071695,2987.274369
1779071695,2986.676324
1779071695,2985.617028
1779071695,2985.024777
1779071695,2979.832818
1779071695,2976.570269
1779071695,2975.506508
1779071695,2976.291082
1779071695,2976.368328
1779071695,2976.899679
1779071695,2976.727506
1779071695,2977.711499
1779071695,2977.783512
1779071695,2980.369766
1779071695,2980.386976
1779071695,2981.330750
1779071695,2982.226524
1779071695,2982.583773
1779071695,2983.555001
1779071695,2984.015361
1779071695,2984.719352
1779071695,2985.268850
1779071695,2983.370825
1779071695,2983.162713
1779071695,2985.216164
1779071695,2983.610745
1779071695,2988.128274
1779071695,2988.143224
1779071695,2987.492377
1779071695,2989.490621
1779071695,2989.457825
1779071695,2989.573434
1779071695,2678.830568
1779071695,2678.784921
1779071695,3296.563894
1779071695,3294.927059
1779071695,2678.695842
1779071695,2678.772253
1779071695,2988.173153
1779071695,2679.107532
1779071695,2679.070311
1779071695,2679.231513
1779071695,2679.103243
1779071695,2679.362297
1779071695,2679.749777
1779071695,3605.413433
1779071695,2987.766557
1779071695,2986.748520
1779071695,2678.406639
1779071695,2988.071672
1779071695,2987.839381
1779071695,2985.742503
1779071695,2985.441547
1779071695,2988.459139
1779071695,2979.854874
1779071695,2976.390246
1779071695,2976.110808
1779071695,2976.078460
1779071695,2976.143651
1779071695,2976.858222
1779071695,2976.724783
1779071695,2977.754722
1779071695,2977.815210
1779071695,2980.666397
1779071695,2981.554583
1779071695,2980.720544
1779071695,2982.366095
1779071695,2982.702242
1779071695,2983.699323
1779071695,2984.170351
1779071695,2985.608665
1779071695,2985.112289
1779071695,2983.629628
1779071695,2985.431890
1779071695,2983.616441
1779071695,2983.634353
1779071695,2988.282877
1779071695,2988.391967
1779071695,2987.738458
1779071695,2989.480468
1779071695,2989.669044
1779071695,2989.743867
1779071695,2987.917421
1779071695,2988.198941
1779071695,2679.207783
1779071695,2988.220534
1779071695,2988.273983
1779071695,2679.229228
1779071695,2679.215699
1779071695,2679.841030
1779071695,2679.814565
1779071695,2987.504692
1779071695,2988.948493
1779071695,2987.512582
1779071695,2987.470876
1779071695,2679.880569
1779071695,2678.668309
1779071695,2680.393929
1779071695,2987.929918
1779071695,2980.089110
1779071695,2678.452428
1779071695,2679.158556
1779071695,2680.619929
1779071695,2679.442694
1779071695,2986.451455
1779071695,2977.340593
1779071695,2975.923069
1779071695,2975.930761
1779071695,2976.027639
1779071695,2976.445679
1779071695,2976.630657
1779071695,2976.623747
1779071695,2977.596717
1779071695,2980.633215
1779071695,2980.682586
1779071695,2981.633568
1779071695,2982.261006
1779071695,2983.704896
1779071695,2983.742831
1779071695,2984.246422
1779071695,2985.504334
1779071695,2983.723878
1779071695,2986.050076
1779071695,2985.629570
1779071695,2983.603074
1779071695,2675.939911
1779071695,2989.681365
1779071695,2988.512897
1779071695,2987.783572
1779071695,2988.751513
1779071695,2989.480933
1779071695,2989.564519
1779071696,2679.818146
1779071696,2679.774900
1779071696,2679.650600
1779071696,2678.546296
1779071696,2679.778602
1779071696,2679.878389
1779071696,2679.919309
1779071696,2680.110768
1779071696,2679.178544
1779071696,2680.236883
1779071696,2680.244057
1779071696,2679.244025
1779071696,2679.420586
1779071696,2679.468267
1779071696,2680.490901
1779071696,2679.510391
1779071696,2678.125666
1779071696,2678.628504
1779071696,2679.645383
1779071696,2679.395757
1779071696,2988.326776
1779071696,2980.888493
1779071696,2988.667823
1779071696,2977.004651
1779071696,2976.302162
1779071696,2977.490625
1779071696,2976.320303
1779071696,2976.856832
1779071696,2976.514578
1779071696,2976.611505
1779071696,2977.656552
1779071696,2980.942820
1779071696,2981.634368
1779071696,2980.970860
1779071696,2982.245063
1779071696,2982.829829
1779071696,2984.825751
1779071696,2984.257362
1779071696,2983.481086
1779071696,2985.729206
1779071696,2986.537892
1779071696,2985.822243
1779071696,2984.287273
1779071696,2983.868848
1779071696,2988.733981
1779071696,2988.853480
1779071696,2987.552844
1779071696,2988.298990
1779071696,2988.861368
1779071696,2988.848231
1779071696,2987.099807
1779071696,3913.908641
1779071696,3912.176979
1779071696,2679.737679
1779071696,2679.874566
1779071696,2680.052879
1779071696,3913.336927
1779071696,2681.231115
1779071696,3296.698428
1779071696,2680.171170
1779071696,2679.332069
1779071696,2679.164825
1779071696,2987.376499
1779071696,3297.014486
1779071696,3296.908764
1779071696,2680.617972
1779071696,2679.716704
1779071696,2679.669817
1779071696,2679.939561
1779071696,2986.679032
1779071696,2986.957947
1779071696,2679.910205
1779071696,2979.850868
1779071696,2975.358530
1779071696,2976.868743
1779071696,2977.133938
1779071696,2976.369401
1779071696,2976.835451
1779071696,2976.656460
1779071696,2977.818372
1779071696,2977.918659
1779071696,2981.681730
1779071696,2980.921034
1779071696,2981.140824
1779071696,2982.246480
1779071696,2983.974164
1779071696,2984.055466
1779071696,2984.446143
1779071696,2985.983978
1779071696,2986.015704
1779071696,2986.748999
1779071696,2983.926796
1779071696,2983.946114
1779071696,2984.090229
1779071696,2988.032286
1779071696,2989.141262
1779071696,2987.494394
1779071696,2988.297897
1779071696,2988.803203
1779071696,2988.802395
1779071696,2986.157102
1779071696,3296.560638
1779071696,2680.602959
1779071696,2679.595379
1779071696,2679.617985
1779071696,2680.999024
1779071696,2679.874932
1779071696,2679.724872
1779071696,2679.901013
1779071696,3296.401244
1779071696,2680.101404
1779071696,2680.159585
1779071696,3297.997787
1779071696,2680.065221
1779071696,2680.182385
1779071696,2680.473169
1779071696,2680.362390
1779071696,2679.652488
1779071696,3296.231816
1779071696,2679.866288
1779071696,2987.985516
1779071696,2979.994235
1779071696,2976.874219
1779071696,2975.801391
1779071696,2987.523053
1779071696,2976.249016
1779071696,2977.876902
1779071696,2976.726254
1779071696,2976.697538
1779071696,2977.850089
1779071696,2977.973814
1779071696,2981.875765
1779071696,2981.233036
1779071696,2981.211931
1779071696,2982.248274
1779071696,2984.055278
1779071696,2984.029516
1779071696,2984.573301
1779071696,2986.098764
1779071696,2986.854301
1779071696,2986.337709
1779071696,2676.174513
1779071696,3292.027032
1779071696,2984.080138
1779071696,2988.333001
1779071696,2989.341513
1779071696,2987.777301
1779071696,2989.465368
1779071696,2988.535886
1779071696,2988.575396
1779071696,3605.927206
1779071696,3605.995437
1779071696,3296.105344
1779071696,3912.894350
1779071696,3605.630370
1779071696,3912.971385
1779071696,2679.873126
1779071696,3913.006435
1779071696,2680.044230
1779071696,3297.763175
1779071696,2680.045050
1779071696,2680.046633
1779071696,2680.133792
1779071696,2678.927077
1779071696,3296.434007
1779071696,2680.189868
1779071696,2679.204012
1779071696,2679.311713
1779071696,2680.595934
1779071696,2986.692851
1779071696,2679.470071
1779071696,2679.555109
1779071696,2980.210364
1779071696,2977.148661
1779071696,2977.197491
1779071696,2976.217945
1779071696,2976.679109
1779071696,2976.846119
1779071696,2976.786798
1779071696,2977.986565
1779071696,2978.057189
1779071696,2981.247106
1779071696,2982.160956
1779071696,2981.465675
1779071696,2982.230383
1779071696,2984.056180
1779071696,2984.153127
1779071696,2984.636397
1779071696,2986.553816
1779071696,2986.661276
1779071696,2984.339065
1779071696,2986.783543
1779071696,2984.296835
1779071696,2984.511789
1779071696,2988.552431
1779071696,2989.491146
1779071696,2987.781086
1779071696,2989.671022
1779071696,2989.672445
1779071696,2679.950905
1779071696,3605.598673
1779071696,3296.011677
1779071696,2678.456444
1779071696,3915.365855
1779071696,4223.479568
1779071696,2987.160008
1779071696,2988.302405
1779071696,2680.265168
1779071696,3295.698409
1779071696,3295.860313
1779071696,2679.575976
1779071696,4224.314994
1779071696,3605.255980
1779071696,3297.139817
1779071696,2679.501520
1779071696,2987.727350
1779071696,2986.925296
1779071696,2679.975475
1779071696,2680.187361
1779071696,2680.163295
1779071696,2989.754840
1779071696,2680.222288
1779071696,2980.227349
1779071696,2976.944207
1779071696,2978.091253
1779071696,2976.584802
1779071696,2976.562505
1779071696,2977.047555
1779071696,2976.265276
1779071696,2977.313958
1779071696,2978.626051
1779071696,2981.497623
1779071696,2981.499792
1779071696,2982.235458
1779071696,2982.262951
1779071696,2984.333696
1779071696,2984.427521
1779071696,2984.904268
1779071696,2986.998747
1779071696,2987.079232
1779071696,2984.178312
1779071696,2984.250726
1779071696,2987.135559
1779071696,2984.346771
1779071696,2989.017085
1779071696,2988.762447
1779071696,2989.323338
1779071696,2989.842926
1779071696,2989.798073
1779071696,2989.901695
1779071696,3295.106874
1779071696,2988.922634
1779071696,4220.831302
1779071696,3605.418291
1779071696,2679.604920
1779071696,2679.665300
1779071696,3605.720794
1779071696,2680.314254
1779071696,3604.901975
1779071696,2680.451749
1779071696,3295.907688
1779071696,3604.981837
1779071696,3913.724393
1779071696,2679.509686
1779071696,2680.788616
1779071696,2681.042455
1779071696,2679.789757
1779071696,2980.105199
1779071696,2679.945271
1779071696,2987.365860
1779071696,3297.139778
1779071696,2989.479404
1779071696,3603.903429
1779071696,2978.512070
1779071696,2671.663358
1779071696,2976.960259
1779071696,2977.675049
1779071696,2977.018814
1779071696,2976.349703
1779071696,2977.334197
1779071696,2978.587496
1779071696,2980.608022
1779071696,2982.257724
1779071696,2981.586919
1779071696,2982.223189
1779071696,2980.802674
1779071696,2981.830514
1779071696,2982.036287
1779071696,2983.930083
1779071696,3293.062223
1779071696,2676.835621
1779071696,2983.781639
1779071696,2984.926316
1779071696,2676.886187
1779071696,2989.288266
1779071696,2988.873457
1779071696,2989.627516
1779071696,2989.764850
1779071696,2989.695892
1779071696,2989.832022
1779071696,2679.111956
1779071696,2988.674791
1779071696,2679.396198
1779071696,2679.525900
1779071696,2679.522481
1779071696,2679.637863
1779071696,2989.362758
1779071696,2678.707023
1779071696,3606.138816
1779071696,2680.111787
1779071696,3605.136880
1779071696,2989.067378
1779071696,3604.141074
1779071696,2679.538483
1779071696,2679.459801
1779071696,2685.318888
1779071696,2984.259466
1779071696,2684.887298
1779071696,2980.840170
1779071696,2980.857322
1779071696,2980.539264
1779071696,2686.072912
1779071696,2984.922850
1779071696,2676.991765
1779071696,2983.912653
1779071696,2687.204392
1779071696,2687.298203
1779071696,2981.749432
1779071696,2981.629045
1779071696,2981.718641
1779071696,2688.405886
1779071696,2678.504217
1779071696,2689.514061
1779071696,2691.111325
1779071696,2978.456716
1779071696,2981.109944
1779071696,2981.959129
1779071696,2982.373492
1779071696,2984.320255
1779071696,2985.055504
1779071696,2676.014118
1779071696,2676.078228
1779071696,2984.109508
1779071696,2676.363865
1779071696,2988.483568
1779071696,2989.180614
1779071696,2989.545455
1779071696,3300.880417
1779071696,2991.074606
1779071696,2991.185436
1779071696,2988.255931
1779071696,2679.221353
1779071696,2679.441158
1779071696,2679.405706
1779071696,2987.533780
1779071696,2987.595132
1779071696,2988.870026
1779071696,3298.164980
1779071696,2987.878793
1779071696,2680.095584
1779071696,2680.217753
1779071696,2679.181945
1779071696,2679.363461
1779071696,2680.577645
1779071696,2679.652046
1779071696,3301.725015
1779071696,3610.692361
1779071696,2986.637540
1779071696,2993.620735
1779071696,2983.146538
1779071696,2679.678113
1779071696,2686.710138
1779071696,2679.840652
1779071696,2686.206720
1779071696,2685.886093
1779071696,2983.713771
1779071696,2687.503353
1779071696,2983.420947
1779071696,2983.471238
1779071696,2675.718669
1779071696,2982.444662
1779071696,3305.746960
1779071696,2983.216200
1779071696,2675.267876
1779071696,2983.575847
1779071696,2980.938550
1779071696,2981.511887
1779071696,2981.998556
1779071696,2984.060348
1779071696,2985.110374
1779071696,2985.009708
1779071696,2984.959690
1779071696,2985.041503
1779071696,2985.283177
1779071696,2989.042971
1779071696,2989.359208
1779071696,2989.465805
1779071696,2991.198563
1779071696,2991.320841
1779071696,2991.546775
1779071696,2988.179861
1779071696,2986.774501
1779071696,3913.984874
1779071696,3296.210808
1779071696,2679.360487
1779071696,2988.348250
1779071696,3296.490948
1779071696,2988.469636
1779071696,2679.711442
1779071696,2679.821771
1779071696,3604.677612
1779071696,3605.101073
1779071696,2988.343719
1779071696,2988.382999
1779071696,2988.480516
1779071696,2994.498465
1779071696,2993.631892
1779071696,3302.191982
1779071696,3302.065996
1779071696,2994.085918
1779071696,2985.037119
1779071696,3293.524114
1779071696,2685.529983
1779071696,3611.183345
1779071696,2686.187392
1779071696,2679.795240
1779071696,2675.451941
1779071696,2983.905672
1779071696,2984.692242
1779071696,2983.560863
1779071696,2984.265393
1779071696,2981.831996
1779071696,2675.838431
1779071696,2982.087529
1779071696,2978.451715
1779071696,2980.953068
1779071696,2981.769681
1779071696,2982.306046
1779071696,2984.447024
1779071696,3292.606126
1779071696,2985.298550
1779071696,2984.224338
1779071696,3292.391093
1779071696,2984.412122
1779071696,2989.040406
1779071696,2989.392049
1779071696,2989.772603
1779071696,2991.519272
1779071696,2991.625119
1779071696,2991.704661
1779071696,3297.483144
1779071696,3296.362650
1779071696,3297.468619
1779071696,3297.569394
1779071696,4222.340356
1779071696,2988.127267
1779071696,2988.249339
1779071696,2679.098820
1779071696,4221.888593
1779071696,2679.856380
1779071696,3914.927232
1779071696,2987.640311
1779071696,3912.020614
1779071696,3912.931468
1779071696,2987.947833
1779071696,3919.086007
1779071696,3301.815697
1779071696,3302.464184
1779071696,2993.467703
1779071696,3919.140395
1779071696,3302.415435
1779071696,2986.101848
1779071696,2683.286642
1779071696,3291.308504
1779071696,2986.269104
1779071696,3291.982688
1779071696,2983.849944
1779071696,2984.089477
1779071696,2983.558281
1779071696,2983.607594
1779071696,2982.138651
1779071696,2984.061233
1779071696,2983.069566
1779071696,2982.870190
1779071696,2978.687860
1779071696,2981.317037
1779071696,2982.333171
1779071696,2982.529980
1779071696,3291.695401
1779071696,2983.645894
1779071696,3292.693522
1779071696,3293.867865
1779071696,2984.636385
1779071696,2984.962649
1779071696,2989.303893
1779071696,2989.654824
1779071697,2989.779071
1779071697,2991.644328
1779071697,2991.755850
1779071697,2991.727752
1779071697,2988.862418
1779071697,2679.496664
1779071697,2679.754891
1779071697,2679.841768
1779071697,2679.777012
1779071697,2679.884183
1779071697,3605.091361
1779071697,2679.784582
1779071697,3296.993685
1779071697,3913.582966
1779071697,2989.456721
1779071697,3913.553990
1779071697,3297.350949
1779071697,3297.412289
1779071697,3607.193896
1779071697,3303.415877
1779071697,3292.669609
1779071697,2983.421389
1779071697,2994.179257
1779071697,2985.549808
1779071697,2983.119935
1779071697,2682.389682
1779071697,3302.898420
1779071697,2684.740659
1779071697,2994.856079
1779071697,2678.280073
1779071697,3291.811166
1779071697,2676.142107
1779071697,3294.829771
1779071697,2983.798556
1779071697,2983.038975
1779071697,2982.261304
1779071697,3292.490891
1779071697,2978.142506
1779071697,3286.424483
1779071697,2981.463470
1779071697,2982.265182
1779071697,2674.087314
1779071697,2982.891446
1779071697,2982.837419
1779071697,2984.858169
1779071697,2984.979981
1779071697,2984.970708
1779071697,2985.182926
1779071697,2989.081322
1779071697,2989.395402
1779071697,2989.999588
1779071697,2991.815254
1779071697,2991.874089
1779071697,2682.825897
1779071697,2679.088846
1779071697,2988.133756
1779071697,3914.954590
1779071697,2988.876567
1779071697,2988.777276
1779071697,2988.901981
1779071697,2988.984766
1779071697,2989.045146
1779071697,2679.763852
1779071697,2679.972795
1779071697,2680.245692
1779071697,2680.240470
1779071697,2680.344904
1779071697,2680.535119
1779071697,2988.401389
1779071697,2992.199912
1779071697,2993.817719
1779071697,2993.865699
1779071697,2993.954252
1779071697,2993.586840
1779071697,3294.105138
1779071697,3302.240208
1779071697,2988.054634
1779071697,2684.272023
1779071697,2985.919885
1779071697,2983.623838
1779071697,3290.349249
1779071697,2984.470274
1779071697,2984.293913
1779071697,2676.592697
1779071697,3290.460540
1779071697,2984.952553
1779071697,2977.809945
1779071697,2982.846359
1779071697,2982.873633
1779071697,2981.479899
1779071697,2982.211958
1779071697,2673.381808
1779071697,2982.841081
1779071697,2982.825687
1779071697,2985.173709
1779071697,2985.139617
1779071697,2985.296602
1779071697,2985.338540
1779071697,2988.076721
1779071697,2988.165809
1779071697,2989.848043
1779071697,2991.595419
1779071697,2991.697823
1779071697,2991.940825
1779071697,2679.150672
1779071697,2988.388473
1779071697,2988.327187
1779071697,2679.878432
1779071697,2680.024514
1779071697,2989.019084
1779071697,2680.060054
1779071697,2680.081831
1779071697,2680.051095
1779071697,2988.143500
1779071697,2988.231888
1779071697,2680.478858
1779071697,2987.780523
1779071697,2679.343300
1779071697,2988.534259
1779071697,2987.140095
1779071697,2982.807827
1779071697,2993.067334
1779071697,2992.331592
1779071697,2991.570515
1779071697,2992.277663
1779071697,2682.686358
1779071697,2684.558887
1779071697,2985.938858
1779071697,2684.846208
1779071697,2682.289927
1779071697,2685.329271
1779071697,2679.614180
1779071697,2983.832216
1779071697,2983.591617
1779071697,2984.819080
1779071697,2982.857883
1779071697,2982.858423
1779071697,2981.862302
1779071697,2978.001035
1779071697,2981.303675
1779071697,2982.177388
1779071697,2981.451479
1779071697,2982.704234
1779071697,2982.923025
1779071697,2985.282147
1779071697,2985.350791
1779071697,2985.444970
1779071697,2677.377815
1779071697,2988.581514
1779071697,2988.731426
1779071697,2989.964171
1779071697,2991.807586
1779071697,2991.883210
1779071697,2991.893732
1779071697,3606.640184
1779071697,3297.467090
1779071697,2987.039837
1779071697,3297.515866
1779071697,2987.040270
1779071697,2679.848559
1779071697,2679.925595
1779071697,2679.932472
1779071697,3297.951673
1779071697,2680.056717
1779071697,2680.149405
1779071697,2987.844296
1779071697,3607.618588
1779071697,2988.122295
1779071697,2988.100246
1779071697,2991.022736
1779071697,2992.574479
1779071697,2992.301410
1779071697,2684.163022
1779071697,2684.316262
1779071697,2684.436163
1779071697,2682.482406
1779071697,3610.415191
1779071697,2985.238151
1779071697,2680.674324
1779071697,2987.894425
1779071697,3290.391668
1779071697,2983.883174
1779071697,2983.816858
1779071697,2984.764889
1779071697,2982.553671
1779071697,2984.782413
1779071697,2981.786495
1779071697,2978.901153
1779071697,2981.997860
1779071697,2981.099343
1779071697,3290.438674
1779071697,2982.375379
1779071697,2981.487556
1779071697,2982.762659
1779071697,2985.257787
1779071697,2985.312547
1779071697,2985.350182
1779071697,2985.606446
1779071697,2988.220515
1779071697,2988.302372
1779071697,2990.208656
1779071697,3300.898206
1779071697,2991.775215
1779071697,2682.878701
1779071697,3297.189829
1779071697,2988.042277
1779071697,3606.572919
1779071697,3606.566688
1779071697,3297.553337
1779071697,2680.782419
1779071697,2679.432675
1779071697,2680.954728
1779071697,2679.515723
1779071697,2679.584890
1779071697,2989.252726
1779071697,2679.879235
1779071697,2988.039502
1779071697,2989.264292
1779071697,2988.356073
1779071697,2991.371905
1779071697,2992.358290
1779071697,2986.545374
1779071697,2991.874139
1779071697,2991.921486
1779071697,2989.956808
1779071697,2988.041514
1779071697,3600.210441
1779071697,2986.003170
1779071697,2681.977071
1779071697,2985.136350
1779071697,2984.021451
1779071697,2983.746592
1779071697,3291.539401
1779071697,2980.774422
1779071697,2982.382841
1779071697,2984.759518
1779071697,2984.845407
1779071697,2978.946567
1779071697,2981.910319
1779071697,2980.249454
1779071697,2672.461381
1779071697,3290.291898
1779071697,2981.498814
1779071697,2982.895924
1779071697,2985.648439
1779071697,2985.749986
1779071697,2985.845494
1779071697,2985.832275
1779071697,2988.245302
1779071697,2988.209040
1779071697,2990.261408
1779071697,2991.627558
1779071697,2991.654572
1779071697,2991.760030
1779071697,2988.262171
1779071697,3297.222792
1779071697,2988.315850
1779071697,2678.921133
1779071697,4222.333735
1779071697,2679.289560
1779071697,3297.322593
1779071697,2679.583232
1779071697,2679.571757
1779071697,2679.646468
1779071697,2679.588032
1779071697,2679.728444
1779071697,2679.873189
1779071697,2679.828033
1779071697,2680.032679
1779071697,2990.543305
1779071697,2987.020739
1779071697,2991.271123
1779071697,3910.685585
1779071697,2683.964124
1779071697,3297.204892
1779071697,3295.055924
1779071697,3292.892162
1779071697,2985.934059
1779071697,3291.405484
1779071697,2985.014587
1779071697,2983.988043
1779071697,2678.793027
1779071697,2983.672242
1779071697,2984.465031
1779071697,2984.689789
1779071697,2981.036963
1779071697,2982.276849
1779071697,2978.769553
1779071697,2981.821576
1779071697,2980.225359
1779071697,2980.513692
1779071697,2981.047696
1779071697,2981.464846
1779071697,2982.752557
1779071697,2985.635084
1779071697,3293.465882
1779071697,2985.609687
1779071697,2985.824769
1779071697,2988.572107
1779071697,2988.577936
1779071697,2990.146608
1779071697,2992.006142
1779071697,2992.110320
1779071697,2992.248689
1779071697,2987.375348
1779071697,2987.605197
1779071697,2988.640905
1779071697,2679.975642
1779071697,2680.095157
1779071697,3606.287122
1779071697,2680.145309
1779071697,3297.238212
1779071697,3297.455200
1779071697,2988.543294
1779071697,2680.697193
1779071697,2987.670371
1779071697,2989.132068
1779071697,2987.784812
1779071697,2680.909073
1779071697,2990.439241
1779071697,3299.181195
1779071697,2991.050226
1779071697,3598.370797
1779071697,3609.826006
1779071697,2683.759355
1779071697,3295.562299
1779071697,2989.232677
1779071697,2680.183223
1779071697,2985.983247
1779071697,2985.032194
1779071697,2983.783725
1779071697,2984.198563
1779071697,2985.442721
1779071697,2984.750567
1779071697,2984.220539
1779071697,2982.118328
1779071697,2677.121687
1779071697,2981.722829
1779071697,2978.857471
1779071697,2980.246334
1779071697,2980.565086
1779071697,2981.048901
1779071697,2981.322377
1779071697,2982.720492
1779071697,2985.645783
1779071697,2985.585408
1779071697,2985.784707
1779071697,2676.760726
1779071697,2988.813591
1779071697,2988.946084
1779071697,2990.037866
1779071697,2992.095658
1779071697,2992.181204
1779071697,3301.224215
1779071697,2988.389458
1779071697,2988.393019
1779071697,2988.501275
1779071697,3605.765073
1779071697,2988.889780
1779071697,2679.973430
1779071697,2989.120862
1779071697,3296.115647
1779071697,3605.239510
1779071697,3606.396132
1779071697,3297.671084
1779071697,2988.407676
1779071697,2679.616348
1779071697,2680.993760
1779071697,2988.852133
1779071697,2991.010338
1779071697,2682.457366
1779071697,2990.446533
1779071697,2990.778066
1779071697,2990.841137
1779071697,2991.071545
1779071697,3297.414986
1779071697,2985.510910
1779071697,2986.119868
1779071697,2984.931613
1779071697,2985.079233
1779071697,2984.770553
1779071697,2989.063104
1779071697,2984.361445
1779071697,2980.784533
1779071697,2984.660039
1779071697,2984.592642
1779071697,2981.200289
1779071697,2981.775928
1779071697,2978.943885
1779071697,2980.302828
1779071697,2980.533916
1779071697,3289.373603
1779071697,2673.597888
1779071697,2982.630641
1779071697,2984.766527
1779071697,2985.970033
1779071697,2985.851788
1779071697,2985.366308
1779071697,2988.427647
1779071697,2989.520488
1779071697,2990.114150
1779071697,2991.198350
1779071697,2991.320731
1779071697,2992.062707
1779071697,2986.786263
1779071697,3605.529871
1779071697,2987.295567
1779071697,2679.808792
1779071697,2679.869003
1779071697,2679.916356
1779071697,2679.820297
1779071697,2680.307177
1779071697,3297.765707
1779071697,2680.568568
1779071697,2680.394797
1779071697,2988.610048
1779071697,2680.679853
1779071697,2680.805296
1779071697,2681.474567
1779071697,2991.468345
1779071697,3604.687545
1779071697,2990.574617
1779071697,2991.141524
1779071697,2991.201971
1779071697,2990.034045
1779071697,2989.196671
1779071697,2985.531639
1779071697,3291.448510
1779071697,2984.337117
1779071697,2679.871944
1779071697,2984.766457
1779071697,2677.921289
1779071697,2984.941232
1779071697,2984.669248
1779071697,2673.292812
1779071697,2981.410139
1779071697,2985.241941
1779071697,2981.958101
1779071697,2979.255002
1779071697,2980.627420
1779071697,2980.942831
1779071697,2981.382953
1779071697,2981.348521
1779071697,2982.709495
1779071697,2986.166111
1779071697,2985.067206
1779071697,2677.296540
1779071697,2985.540211
1779071697,2988.674414
1779071697,2988.613868
1779071697,2990.057659
1779071697,2990.632201
1779071697,2992.321376
1779071697,2992.193569
1779071697,2987.977226
1779071698,2988.072359
1779071698,3296.246468
1779071698,3296.592494
1779071698,2680.599514
1779071698,2988.761244
1779071698,2988.730947
1779071698,2679.858489
1779071698,2680.002298
1779071698,2679.857822
1779071698,2680.140189
1779071698,2988.080411
1779071698,2988.246767
1779071698,2680.385445
1779071698,2988.841530
1779071698,2990.548988
1779071698,2990.730932
1779071698,3604.527561
1779071698,2991.443729
1779071698,3294.672347
1779071698,2682.979925
1779071698,2684.217246
1779071698,2684.028243
1779071698,2987.289258
1779071698,2985.280122
1779071698,2985.543533
1779071698,2677.768692
1779071698,2984.752664
1779071698,2985.985469
1779071698,2673.189355
1779071698,2676.761361
1779071698,2677.372507
1779071698,2981.437632
1779071698,2981.845976
1779071698,2979.110360
1779071698,2980.373999
1779071698,2673.753020
1779071698,2981.207341
1779071698,2981.361312
1779071698,2981.327718
1779071698,2984.995764
1779071698,3294.353516
1779071698,2985.485537
1779071698,2985.865924
1779071698,2989.472732
1779071698,2989.497495
1779071698,2989.881027
1779071698,2992.144793
1779071698,2991.130245
1779071698,2991.360598
1779071698,2988.236036
1779071698,2988.175287
1779071698,2680.222933
1779071698,2988.501625
1779071698,2988.370297
1779071698,2988.496626
1779071698,3605.602322
1779071698,2988.842695
1779071698,2988.834782
1779071698,2679.967809
1779071698,2680.999202
1779071698,2680.037386
1779071698,3296.976159
1779071698,2680.199154
1779071698,2988.647214
1779071698,2990.496296
1779071698,2990.552931
1779071698,3297.518265
1779071698,2991.051678
1779071698,2991.474621
1779071698,2991.234195
1779071698,2989.572253
1779071698,2682.461446
1779071698,2987.425674
1779071698,2985.161633
1779071698,2985.414486
1779071698,2985.525062
1779071698,2985.902345
1779071698,2985.937904
1779071698,2984.998692
1779071698,2984.997787
1779071698,2981.243495
1779071698,2981.254301
1779071698,2981.792639
1779071698,2979.232485
1779071698,2981.580476
1779071698,2980.942137
1779071698,3289.395610
1779071698,2981.537488
1779071698,2981.521320
1779071698,2985.383022
1779071698,2985.352036
1779071698,2985.957742
1779071698,2986.230243
1779071698,2989.713744
1779071698,2989.730104
1779071698,2989.665513
1779071698,2991.121179
1779071698,2991.185316
1779071698,2991.252506
1779071698,3914.550616
1779071698,3913.318198
1779071698,2679.367022
1779071698,5149.535776
1779071698,3605.506256
1779071698,2988.454273
1779071698,3605.510360
1779071698,2679.445918
1779071698,3296.593061
1779071698,2988.944109
1779071698,3913.303510
1779071698,2679.898827
1779071698,2680.005479
1779071698,2989.179504
1779071698,2989.484982
1779071698,2990.138952
1779071698,2990.087034
1779071698,2990.762869
1779071698,2990.869655
1779071698,2991.278346
1779071698,2989.462142
1779071698,2991.217228
1779071698,2987.829832
1779071698,2985.021787
1779071698,2680.911861
1779071698,2677.537132
1779071698,2985.528555
1779071698,2677.983054
1779071698,2984.925566
1779071698,3289.186812
1779071698,2985.118921
1779071698,2984.740345
1779071698,2981.187678
1779071698,2981.696157
1779071698,2979.123480
1779071698,2981.634301
1779071698,2981.725492
1779071698,2981.352926
1779071698,2673.729696
1779071698,2981.392670
1779071698,2985.410452
1779071698,2985.615446
1779071698,3293.874484
1779071698,2986.310484
1779071698,2989.082443
1779071698,2989.092369
1779071698,2989.450154
1779071698,2990.961239
1779071698,2990.930215
1779071698,2991.178521
1779071698,3914.644662
1779071698,2989.533266
1779071698,2989.797079
1779071698,2989.598883
1779071698,2989.700497
1779071698,2989.849809
1779071698,2680.240978
1779071698,3605.878316
1779071698,2680.393938
1779071698,2680.359671
1779071698,2680.523806
1779071698,3296.684127
1779071698,2680.480426
1779071698,2680.777729
1779071698,2989.467037
1779071698,3298.668250
1779071698,2990.897529
1779071698,2991.164186
1779071698,2991.080385
1779071698,3298.323040
1779071698,2989.612295
1779071698,2988.548529
1779071698,2681.402615
1779071698,2985.175131
1779071698,2987.546840
1779071698,2677.618779
1779071698,2985.623162
1779071698,2985.650793
1779071698,2985.958083
1779071698,2980.246708
1779071698,3292.806625
1779071698,3596.992618
1779071698,3289.262685
1779071698,2981.507689
1779071698,2979.159049
1779071698,3288.642173
1779071698,2981.666435
1779071698,2981.437074
1779071698,2673.825594
1779071698,2981.538906
1779071698,2985.690185
1779071698,2985.703456
1779071698,2986.287488
1779071698,2986.454285
1779071698,2989.171992
1779071698,2989.271851
1779071698,2989.386824
1779071698,2991.284490
1779071698,2991.432521
1779071698,2991.485333
1779071698,2990.128423
1779071698,2990.085430
1779071698,2679.432011
1779071698,3298.020301
1779071698,2990.086171
1779071698,2679.685766
1779071698,2990.312908
1779071698,2989.022482
1779071698,2679.633123
1779071698,3297.381049
1779071698,2679.970643
1779071698,2679.718692
1779071698,2680.062018
1779071698,2680.145796
1779071698,2985.168727
1779071698,2988.321873
1779071698,2988.396840
1779071698,2990.864501
1779071698,2989.772223
1779071698,3295.482027
1779071698,2991.539161
1779071698,2680.703372
1779071698,2990.726746
1779071698,2985.146213
1779071698,2990.905172
1779071698,2677.705152
1779071698,2985.505605
1779071698,2985.731908
1779071698,2677.392991
1779071698,2984.322271
1779071698,2981.106511
1779071698,2981.192043
1779071698,2984.785968
1779071698,2981.939453
1779071698,2979.144683
1779071698,2981.497663
1779071698,2981.544086
1779071698,2981.649651
1779071698,2980.619237
1779071698,2981.470969
1779071698,2986.155687
1779071698,2986.272861
1779071698,2986.141623
1779071698,2986.155198
1779071698,2989.489926
1779071698,2989.635449
1779071698,2990.339314
1779071698,2991.315898
1779071698,2991.236729
1779071698,2991.398631
1779071698,2989.109317
1779071698,2989.025603
1779071698,2989.075238
1779071698,2680.245426
1779071698,3605.935972
1779071698,2680.292816
1779071698,3298.365568
1779071698,2680.418910
1779071698,2989.374494
1779071698,2679.413192
1779071698,2680.945561
1779071698,2989.551260
1779071698,2989.535068
1779071698,2989.503139
1779071698,2680.791967
1779071698,2988.861046
1779071698,2989.105329
1779071698,2989.017138
1779071698,2989.136841
1779071698,2989.254809
1779071698,2989.299488
1779071698,2988.673244
1779071698,3601.197413
1779071698,3292.984145
1779071698,2987.293769
1779071698,3604.784976
1779071698,2985.712909
1779071698,2677.930773
1779071698,2985.605955
1779071698,2984.389053
1779071698,2980.809635
1779071698,2984.543580
1779071698,2981.149484
1779071698,2982.052210
1779071698,2979.035042
1779071698,2981.364705
1779071698,2981.442441
1779071698,3288.566922
1779071698,2980.882134
1779071698,2981.688237
1779071698,2986.504702
1779071698,2986.651741
1779071698,2986.302198
1779071698,2986.323747
1779071698,2989.797574
1779071698,2989.869412
1779071698,2989.242215
1779071698,2991.825696
1779071698,2991.767524
1779071698,2991.900254
1779071698,2678.535892
1779071698,2678.705780
1779071698,2679.177561
1779071698,2989.510034
1779071698,2679.146829
1779071698,2679.315494
1779071698,2679.186571
1779071698,2988.509742
1779071698,2679.489505
1779071698,2678.878317
1779071698,2679.440441
1779071698,2679.625701
1779071698,2679.638732
1779071698,2679.617054
1779071698,2990.245705
1779071698,2679.649064
1779071698,2988.176806
1779071698,2989.302154
1779071698,2988.457294
1779071698,2989.031560
1779071698,2984.714790
1779071698,3605.208758
1779071698,2680.812171
1779071698,2988.788471
1779071698,2985.300415
1779071698,3601.138901
1779071698,2989.062858
1779071698,2985.286144
1779071698,2985.575056
1779071698,2983.910960
1779071698,2984.748964
1779071698,2980.107960
1779071698,2980.094732
1779071698,2980.907477
1779071698,2979.996646
1779071698,2981.051354
1779071698,2981.084256
1779071698,3289.859040
1779071698,2981.062179
1779071698,2981.789399
1779071698,2986.646816
1779071698,2986.711729
1779071698,2986.455767
1779071698,2987.199878
1779071698,2989.172175
1779071698,2989.200155
1779071698,2990.361086
1779071698,2991.834136
1779071698,2991.970566
1779071698,2991.984699
1779071698,2678.915776
1779071698,3298.653134
1779071698,2988.184554
1779071698,2679.087249
1779071698,2679.187612
1779071698,2679.425270
1779071698,2679.258971
1779071698,2679.367612
1779071698,3298.106773
1779071698,2679.363124
1779071698,2679.726150
1779071698,2679.809695
1779071698,2680.042888
1779071698,2680.067635
1779071698,2679.908645
1779071698,2988.983291
1779071698,2989.256163
1779071698,2680.240886
1779071698,2679.045481
1779071698,2988.612509
1779071698,3296.375385
1779071698,2988.457860
1779071698,2988.960401
1779071698,3292.946372
1779071698,2987.137306
1779071698,2985.413568
1779071698,2985.481374
1779071698,2678.972466
1779071698,2985.255165
1779071698,2983.783624
1779071698,2984.096990
1779071698,2980.030244
1779071698,2980.041788
1779071698,2980.948154
1779071698,2980.120628
1779071698,2981.243436
1779071698,2981.419540
1779071698,2982.327322
1779071698,2981.364767
1779071698,2981.958598
1779071698,2986.224036
1779071698,2986.218226
1779071698,2986.531125
1779071698,2986.591653
1779071698,2989.290771
1779071698,2989.381398
1779071698,2990.297405
1779071698,2992.021526
1779071698,2992.098884
1779071698,2992.078825
1779071698,2988.931825
1779071698,2679.248086
1779071698,2679.392933
1779071698,2679.318866
1779071698,2988.960163
1779071698,2679.329551
1779071698,2679.366076
1779071698,2679.746490
1779071698,3297.133452
1779071698,2678.652293
1779071698,2679.978266
1779071698,2989.622946
1779071698,2988.488837
1779071698,2679.030352
1779071698,3297.460446
1779071698,2679.276192
1779071698,2988.861390
1779071698,2988.998918
1779071698,2989.104585
1779071698,2989.124963
1779071698,2988.135273
1779071698,2679.846622
1779071698,2988.435498
1779071698,2989.666286
1779071698,2985.290654
1779071698,2679.939294
1779071698,3292.868097
1779071698,2985.115012
1779071698,2985.877838
1779071698,2984.257049
1779071698,2984.593688
1779071698,2979.962525
1779071698,2980.003919
1779071698,2981.106395
1779071698,2980.020575
1779071698,2981.082935
1779071698,2982.319379
1779071698,2981.622184
1779071698,2980.594072
1779071698,2981.131925
1779071698,2985.304324
1779071698,2986.265470
1779071698,2986.760718
1779071698,2986.742600
1779071698,2989.434282
1779071698,2989.488132
1779071698,2990.292017
1779071698,2992.329154
1779071698,2992.365222
1779071698,2992.453660
1779071698,2679.707330
1779071698,3608.186617
1779071698,2679.748000
1779071698,2679.739866
1779071698,3298.553483
1779071698,2987.667454
1779071698,2680.955517
1779071698,2679.031484
1779071698,2679.016355
1779071698,3294.476021
1779071698,2680.272825
1779071698,2988.126358
1779071698,3299.391068
1779071698,2988.454115
1779071698,2679.205888
1779071698,2988.546574
1779071698,3298.337466
1779071698,2679.595399
1779071698,3607.910586
1779071698,2988.614912
1779071698,2987.076727
1779071698,2986.352687
1779071698,2679.696679
1779071698,2679.915890
1779071698,2985.199282
1779071698,2680.061874
1779071698,2989.262481
1779071698,2986.881784
1779071698,2985.780974
1779071698,2983.998470
1779071698,2979.943226
1779071698,2984.499403
1779071698,2980.063587
1779071698,2981.314536
1779071698,2980.106034
1779071698,2982.125652
1779071698,2981.337200
1779071698,2981.963166
1779071698,2980.763428
1779071698,2981.122909
1779071698,2985.580727
1779071698,2986.541834
1779071698,2986.521235
1779071698,2986.996038
1779071698,2989.722147
1779071698,2989.816936
1779071698,2989.407697
1779071698,2992.508543
1779071698,2992.447276
1779071698,2992.627157
1779071699,2679.293010
1779071699,4223.513225
1779071699,2678.418913
1779071699,3297.148218
1779071699,3606.917667
1779071699,3916.416198
1779071699,3298.006248
1779071699,2680.236804
1779071699,2678.956798
1779071699,2678.945501
1779071699,2679.157329
1779071699,2679.330367
1779071699,2679.475740
1779071699,2679.606257
1779071699,2679.713033
1779071699,2681.146993
1779071699,2679.737291
1779071699,2679.974895
1779071699,2679.926168
1779071699,3601.429499
1779071699,2988.810035
1779071699,2680.303549
1779071699,2988.837873
1779071699,2987.928526
1779071699,2682.133269
1779071699,2985.047913
1779071699,2987.082027
1779071699,2987.599112
1779071699,2985.813993
1779071699,2681.368143
1779071699,2984.550179
1779071699,2980.110139
1779071699,2980.293204
1779071699,2981.278502
1779071699,2980.218724
1779071699,2982.038893
1779071699,2981.497446
1779071699,2982.359521
1779071699,2980.989237
1779071699,2981.064863
1779071699,2985.834624
1779071699,2986.800087
1779071699,2986.525148
1779071699,2986.507666
1779071699,2990.058505
1779071699,2990.159319
1779071699,2989.457329
1779071699,2992.539642
1779071699,2993.543444
1779071699,2992.564968
1779071699,3606.825306
1779071699,2679.576826
1779071699,2679.627909
1779071699,4533.112809
1779071699,2679.209121
1779071699,4532.582434
1779071699,2679.181377
1779071699,2679.185180
1779071699,2679.723344
1779071699,2679.566911
1779071699,2679.621239
1779071699,2679.810546
1779071699,2680.238812
1779071699,2987.635783
1779071699,2989.238568
1779071699,2679.820879
1779071699,2681.015795
1779071699,2984.572327
1779071699,2680.333152
1779071699,2986.319835
1779071699,2682.364983
1779071699,2980.996872
1779071699,2981.295973
1779071699,2981.993716
1779071699,2980.170701
1779071699,2683.796124
1779071699,2992.730585
1779071699,2684.436672
1779071699,2993.420666
1779071699,2684.658690
1779071699,2685.478866
1779071699,2994.806661
1779071699,2686.072860
1779071699,2686.426984
1779071699,2674.140407
1779071699,2982.506609
1779071699,2981.586955
1779071699,2687.946482
1779071699,2980.515695
1779071699,2981.161104
1779071699,2985.970717
1779071699,2986.698764
1779071699,2986.439931
1779071699,2986.552324
1779071699,2989.889462
1779071699,2990.714543
1779071699,2988.271712
1779071699,2992.618344
1779071699,2992.634634
1779071699,2993.885098
1779071699,2679.896280
1779071699,2680.682766
1779071699,2680.791887
1779071699,2679.962124
1779071699,2679.845491
1779071699,3607.752567
1779071699,4225.258853
1779071699,4224.117488
1779071699,2987.870258
1779071699,3916.503857
1779071699,2680.585754
1779071699,2988.300151
1779071699,2988.692089
1779071699,2681.502429
1779071699,2989.445227
1779071699,2680.511369
1779071699,2989.406608
1779071699,2989.536103
1779071699,2682.035233
1779071699,3296.515978
1779071699,2681.454514
1779071699,2990.549672
1779071699,2990.591660
1779071699,2683.099685
1779071699,2683.169116
1779071699,2989.607238
1779071699,2990.909836
1779071699,2990.841395
1779071699,2683.705401
1779071699,2989.429246
1779071699,2988.886479
1779071699,2984.939539
1779071699,2984.896477
1779071699,2676.975759
1779071699,2983.528380
1779071699,2982.418860
1779071699,2981.404878
1779071699,2674.028060
1779071699,2980.023332
1779071699,2980.606164
1779071699,2985.561778
1779071699,2986.246835
1779071699,2986.481473
1779071699,2986.562420
1779071699,2990.953174
1779071699,2990.937854
1779071699,2988.195928
1779071699,2992.649961
1779071699,2993.744142
1779071699,2992.736278
1779071699,2987.971811
1779071699,4223.440964
1779071699,3605.946386
1779071699,2680.389405
1779071699,2680.377404
1779071699,3296.990057
1779071699,3606.586352
1779071699,3915.935865
1779071699,3606.538699
1779071699,3606.470536
1779071699,2679.824060
1779071699,2989.318550
1779071699,2680.056565
1779071699,3297.485833
1779071699,3297.555877
1779071699,2989.229091
1779071699,2681.204088
1779071699,3298.080250
1779071699,3607.053450
1779071699,2989.890200
1779071699,3297.002477
1779071699,3299.132700
1779071699,2990.775237
1779071699,2991.671764
1779071699,2990.706163
1779071699,2991.439842
1779071699,2990.468864
1779071699,2990.163743
1779071699,2991.171927
1779071699,2989.432112
1779071699,2984.012558
1779071699,2988.838880
1779071699,2984.872195
1779071699,2984.983947
1779071699,2983.539273
1779071699,2982.231231
1779071699,2981.624189
1779071699,2982.128351
1779071699,2980.373364
1779071699,2980.639723
1779071699,2985.599378
1779071699,2985.587656
1779071699,2986.453421
1779071699,2986.866517
1779071699,2989.719921
1779071699,2992.028149
1779071699,2988.287010
1779071699,2991.962742
1779071699,2992.758992
1779071699,2992.741280
1779071699,2679.994139
1779071699,2679.965496
1779071699,3606.916010
1779071699,3915.620260
1779071699,2680.216295
1779071699,2680.333319
1779071699,2987.539835
1779071699,3607.016519
1779071699,2680.564742
1779071699,2679.509082
1779071699,3296.369750
1779071699,3606.125954
1779071699,2987.798263
1779071699,3298.829206
1779071699,3297.500917
1779071699,2988.896650
1779071699,2674.766614
1779071699,3298.033913
1779071699,3605.220162
1779071699,3298.134806
1779071699,2990.135013
1779071699,2674.620193
1779071699,3298.204065
1779071699,3296.901374
1779071699,2990.163479
1779071699,3298.299362
1779071699,3299.024750
1779071699,3299.030456
1779071699,2990.053040
1779071699,2989.461221
1779071699,2988.598491
1779071699,2984.214060
1779071699,2984.712625
1779071699,2984.840810
1779071699,3288.679954
1779071699,2983.647080
1779071699,2981.569000
1779071699,2982.136054
1779071699,2980.149052
1779071699,2980.604780
1779071699,2985.485927
1779071699,2985.549474
1779071699,2985.389698
1779071699,2677.407287
1779071699,2989.807493
1779071699,2992.083466
1779071699,2988.281735
1779071699,2992.832172
1779071699,2993.858098
1779071699,2993.822132
1779071699,2680.127043
1779071699,2680.125239
1779071699,3296.428894
1779071699,2680.126389
1779071699,5151.037753
1779071699,2680.107552
1779071699,3916.586547
1779071699,2680.269260
1779071699,2989.086378
1779071699,3915.491537
1779071699,3605.732883
1779071699,2988.013791
1779071699,2680.664280
1779071699,2989.196127
1779071699,3915.922622
1779071699,3297.101772
1779071699,2988.480252
1779071699,2988.701781
1779071699,2673.826834
1779071699,2988.992024
1779071699,2989.463162
1779071699,2989.394044
1779071699,3608.547372
1779071699,3298.461983
1779071699,2990.647003
1779071699,2990.621308
1779071699,3299.469504
1779071699,2989.905029
1779071699,2675.486832
1779071699,2988.136390
1779071699,3301.599203
1779071699,2984.374313
1779071699,3292.825897
1779071699,2984.974652
1779071699,2981.953138
1779071699,2984.380729
1779071699,2980.857524
1779071699,3290.301001
1779071699,2980.167785
1779071699,2979.385941
1779071699,2984.519777
1779071699,2984.518266
1779071699,2985.210489
1779071699,2985.610749
1779071699,2989.879729
1779071699,2991.156263
1779071699,2988.464227
1779071699,2991.673401
1779071699,2992.668974
1779071699,2992.581845
1779071699,2988.968460
1779071699,3604.398737
1779071699,2988.003337
1779071699,3606.231485
1779071699,2679.951687
1779071699,2679.889142
1779071699,3915.240466
1779071699,2680.085866
1779071699,2680.152686
1779071699,3915.978402
1779071699,2680.609736
1779071699,2680.465190
1779071699,2680.687170
1779071699,2988.779591
1779071699,3297.258699
1779071699,2988.811839
1779071699,2679.809695
1779071699,2989.285828
1779071699,2673.732872
1779071699,2988.641139
1779071699,2988.908774
1779071699,2989.248875
1779071699,2675.195818
1779071699,2990.269148
1779071699,2990.458362
1779071699,2990.676338
1779071699,2990.949089
1779071699,2990.854756
1779071699,2675.397478
1779071699,2988.690359
1779071699,2988.106850
1779071699,2675.496991
1779071699,2991.898148
1779071699,2985.005057
1779071699,2983.639228
1779071699,2980.680266
1779071699,2981.975901
1779071699,2982.579497
1779071699,2980.463703
1779071699,2672.291776
1779071699,2984.283140
1779071699,2985.319204
1779071699,2984.779613
1779071699,2986.415167
1779071699,2989.739098
1779071699,2991.048155
1779071699,2988.394721
1779071699,2991.643588
1779071699,2991.956299
1779071699,2992.584619
1779071699,3605.004995
1779071699,3915.892571
1779071699,2680.101871
1779071699,3914.805560
1779071699,2680.028809
1779071699,2988.158294
1779071699,2989.271290
1779071699,2988.611395
1779071699,2680.471534
1779071699,2680.609302
1779071699,2679.377882
1779071699,2988.771867
1779071699,2679.503556
1779071699,2988.771603
1779071699,2680.894787
1779071699,2681.119573
1779071699,2982.151721
1779071699,2681.317512
1779071699,2983.290891
1779071699,2982.148097
1779071699,3911.776584
1779071699,2982.620626
1779071699,2983.118652
1779071699,2983.756528
1779071699,2983.740897
1779071699,2983.189163
1779071699,2983.376360
1779071699,2983.421341
1779071699,2982.924554
1779071699,2675.049805
1779071699,2983.828138
1779071699,2983.605285
1779071699,2983.569476
1779071699,2983.447325
1779071699,2984.116837
1779071699,2980.467640
1779071699,2981.695292
1779071699,2982.597385
1779071699,2980.640527
1779071699,2979.259148
1779071699,2983.430675
1779071699,3293.550088
1779071699,2984.498794
1779071699,2985.596788
1779071699,2989.897730
1779071699,2991.354283
1779071699,2988.428039
1779071699,2993.213264
1779071699,2993.351387
1779071699,2993.323649
1779071699,2679.202985
1779071699,2679.663392
1779071699,2679.727429
1779071699,2679.682822
1779071699,2679.928395
1779071699,2680.182071
1779071699,2680.282162
1779071699,2680.060473
1779071699,2988.435457
1779071699,2680.426359
1779071699,2680.154383
1779071699,2981.923195
1779071699,3298.720285
1779071699,2680.925900
1779071699,2680.849485
1779071699,2982.512163
1779071699,2982.460609
1779071699,2674.481704
1779071699,3915.754855
1779071699,2681.062474
1779071699,2982.975947
1779071699,2983.011274
1779071699,2982.959376
1779071699,2983.503778
1779071699,2982.653141
1779071699,2983.073559
1779071699,2982.765962
1779071699,2675.345889
1779071699,3297.016260
1779071699,2983.135744
1779071699,2983.077407
1779071699,2983.317124
1779071699,2983.103808
1779071699,2983.505447
1779071699,2984.029510
1779071699,2675.811265
1779071699,2980.521427
1779071699,2982.761434
1779071699,2980.666318
1779071699,2979.107818
1779071699,2983.154667
1779071699,2983.771182
1779071699,2984.584876
1779071699,2985.682943
1779071699,2990.335033
1779071699,2989.633557
1779071699,2988.586100
1779071699,2993.458864
1779071699,2993.474249
1779071699,2993.443363
1779071699,3298.166394
1779071699,3298.262003
1779071699,3298.240526
1779071699,2988.790199
1779071699,2673.318655
1779071699,2680.460040
1779071699,3297.785073
1779071699,2989.396190
1779071699,2680.410406
1779071699,2989.470183
1779071699,2680.373643
1779071699,2680.695204
1779071699,2680.740995
1779071699,2989.757273
1779071699,2674.249774
1779071699,2982.542053
1779071699,2982.695221
1779071699,2674.442086
1779071699,2679.934132
1779071699,2982.996490
1779071699,2680.205480
1779071699,3297.798199
1779071699,2982.184262
1779071699,2982.364193
1779071699,2982.928998
1779071699,2983.169400
1779071699,2982.738233
1779071699,2983.332843
1779071699,3292.224759
1779071699,2983.039805
1779071699,3291.995556
1779071699,2983.322168
1779071699,2676.072578
1779071699,2983.491904
1779071699,2983.952701
1779071699,2981.391179
1779071699,2980.459554
1779071699,2981.777038
1779071699,3288.243584
1779071699,2980.421793
1779071699,2983.266864
1779071699,2983.858332
1779071699,2984.707627
1779071699,2985.952357
1779071699,2990.150231
1779071699,2990.418705
1779071699,2987.442093
1779071700,2993.527858
1779071700,2993.519874
1779071700,2993.885398
1779071700,4224.825979
1779071700,2988.785422
1779071700,2988.960929
1779071700,2988.826866
1779071700,2679.697526
1779071700,2679.876090
1779071700,2989.404818
1779071700,2679.990560
1779071700,3298.866939
1779071700,2680.290055
1779071700,2680.153860
1779071700,2680.216711
1779071700,3298.087943
1779071700,2680.562359
1779071700,3291.103260
1779071700,2983.324900
1779071700,2675.654592
1779071700,2680.656371
1779071700,2674.674934
1779071700,3606.594446
1779071700,2982.848316
1779071700,2982.917736
1779071700,2675.320051
1779071700,2982.970828
1779071700,2982.942582
1779071700,2983.068051
1779071700,2983.615346
1779071700,3290.985544
1779071700,2982.920285
1779071700,2676.270927
1779071700,2983.349138
1779071700,2983.864259
1779071700,2983.387163
1779071700,2983.697058
1779071700,2984.049700
1779071700,2981.498324
1779071700,2676.732965
1779071700,2980.543325
1779071700,2982.928326
1779071700,2980.735787
1779071700,2983.250197
1779071700,2983.900907
1779071700,2984.652595
1779071700,2985.032518
1779071700,2989.053664
1779071700,2990.381606
1779071700,2987.238046
1779071700,2993.454186
1779071700,2993.553270
1779071700,2993.592843
1779071700,3297.194732
1779071700,3606.385962
1779071700,3606.620136
1779071700,3915.573080
1779071700,3607.004520
1779071700,2680.254316
1779071700,2680.552513
1779071700,3297.487354
1779071700,2680.560924
1779071700,2680.593444
1779071700,3607.402981
1779071700,3299.085284
1779071700,2679.639561
1779071700,2679.724701
1779071700,2680.900717
1779071700,2989.881479
1779071700,2675.463566
1779071700,2675.527383
1779071700,2983.546429
1779071700,2677.004840
1779071700,2983.952054
1779071700,2984.032385
1779071700,2984.021839
1779071700,2982.915664
1779071700,3290.425606
1779071700,2983.058297
1779071700,2983.377775
1779071700,2982.561108
1779071700,2983.639712
1779071700,2675.731139
1779071700,2982.328928
1779071700,2983.441062
1779071700,2984.094446
1779071700,2983.843274
1779071700,2979.873994
1779071700,3289.660102
1779071700,2981.283096
1779071700,2982.760402
1779071700,2981.631615
1779071700,2981.774453
1779071700,2983.266995
1779071700,2984.044341
1779071700,2984.756257
1779071700,2985.202504
1779071700,2989.176839
1779071700,2989.505737
1779071700,2986.497459
1779071700,2993.965312
1779071700,2993.969454
1779071700,2993.956442
1779071700,2988.410398
1779071700,2988.632544
1779071700,2988.797847
1779071700,2988.744179
1779071700,2679.715695
1779071700,3606.441023
1779071700,2987.943985
1779071700,3606.551063
1779071700,2989.443349
1779071700,3606.737613
1779071700,2680.207777
1779071700,2676.597125
1779071700,3297.904797
1779071700,2983.308929
1779071700,2680.917113
1779071700,2983.589588
1779071700,2983.665993
1779071700,2983.694857
1779071700,2983.817974
1779071700,2983.852806
1779071700,2984.253770
1779071700,2984.211096
1779071700,2677.026895
1779071700,2676.614772
1779071700,3299.271416
1779071700,2983.003528
1779071700,3290.482948
1779071700,2681.819755
1779071700,2983.588750
1779071700,2983.997167
1779071700,2985.214488
1779071700,2684.131169
1779071700,2984.745787
1779071700,2981.068641
1779071700,2980.201725
1779071700,2987.916042
1779071700,2685.901868
1779071700,2983.178855
1779071700,2981.235242
1779071700,2981.265832
1779071700,2983.066910
1779071700,2984.075744
1779071700,2984.884593
1779071700,2985.115402
1779071700,2990.106390
1779071700,2991.549793
1779071700,2986.517064
1779071700,2994.368860
1779071700,2994.333363
1779071700,2994.451785
1779071700,2988.269180
1779071700,2988.281640
1779071700,2988.154368
1779071700,2988.391010
1779071700,2679.385200
1779071700,2679.828430
1779071700,2680.052282
1779071700,4223.525937
1779071700,2680.293200
1779071700,2680.604262
1779071700,2680.733655
1779071700,2678.224708
1779071700,2676.370300
1779071700,3607.804409
1779071700,2983.562114
1779071700,2681.900033
1779071700,3292.012360
1779071700,2984.945849
1779071700,2984.919036
1779071700,2985.417342
1779071700,2683.169434
1779071700,3301.292948
1779071700,2986.067712
1779071700,2984.718711
1779071700,2985.003712
1779071700,2984.928170
1779071700,2680.402935
1779071700,2984.688168
1779071700,2984.815766
1779071700,2677.543116
1779071700,2680.125522
1779071700,2981.971497
1779071700,2674.280631
1779071700,2681.056520
1779071700,2685.958839
1779071700,2989.295720
1779071700,2983.098602
1779071700,2982.092302
1779071700,2981.166441
1779071700,2682.819279
1779071700,2983.035875
1779071700,2983.602639
1779071700,2984.801689
1779071700,2984.189592
1779071700,2990.015552
1779071700,2991.681000
1779071700,2987.452515
1779071700,2993.254663
1779071700,2993.334853
1779071700,2993.989792
1779071700,2680.247804
1779071700,2988.549685
1779071700,2988.805556
1779071700,2680.444388
1779071700,2680.389155
1779071700,3605.791632
1779071700,2680.573487
1779071700,3606.062556
1779071700,2680.849625
1779071700,3606.371578
1779071700,2681.280387
1779071700,2989.795801
1779071700,3292.358868
1779071700,3292.526694
1779071700,3600.854207
1779071700,3608.727657
1779071700,2985.002497
1779071700,3298.604828
1779071700,3293.550925
1779071700,2985.867972
1779071700,2679.080002
1779071700,2986.550654
1779071700,2679.129881
1779071700,2679.239507
1779071700,2985.576157
1779071700,2678.484755
1779071700,2678.632778
1779071700,2986.275524
1779071700,2678.820305
1779071700,2678.986939
1779071700,2986.301211
1779071700,2986.455419
1779071700,2678.897922
1779071700,2986.335368
1779071700,2678.643407
1779071700,2983.397677
1779071700,2983.188431
1779071700,2676.207551
1779071700,2982.109141
1779071700,2983.514208
1779071700,2983.014650
1779071700,2983.606869
1779071700,2984.945132
1779071700,2984.221208
1779071700,2989.505477
1779071700,2991.053359
1779071700,2986.624062
1779071700,2993.820511
1779071700,2993.850894
1779071700,2994.090534
1779071700,2988.326271
1779071700,2680.350132
1779071700,3605.369981
1779071700,2988.295219
1779071700,2680.360757
1779071700,2680.525237
1779071700,2988.556155
1779071700,2680.632360
1779071700,3915.592745
1779071700,2989.278403
1779071700,3297.250198
1779071700,2681.073315
1779071700,2679.915002
1779071700,3600.310636
1779071700,3298.065116
1779071700,3600.919668
1779071700,2985.031156
1779071700,3293.156499
1779071700,2985.432257
1779071700,2985.550650
1779071700,2985.929515
1779071700,2986.131157
1779071700,2986.599934
1779071700,2986.108880
1779071700,2986.433347
1779071700,2986.624016
1779071700,2986.826971
1779071700,2986.031636
1779071700,3293.671009
1779071700,2986.144948
1779071700,2986.281348
1779071700,2677.687802
1779071700,2986.577713
1779071700,2986.884078
1779071700,2986.185996
1779071700,2981.651452
1779071700,2987.961891
1779071700,2983.288995
1779071700,2982.181639
1779071700,2983.435210
1779071700,2982.066003
1779071700,2982.351370
1779071700,2984.036984
1779071700,2984.292285
1779071700,2989.743598
1779071700,2991.135233
1779071700,2986.275740
1779071700,2994.711328
1779071700,2994.681505
1779071700,2686.328667
1779071700,2681.313672
1779071700,2680.392432
1779071700,3915.130103
1779071700,2681.524678
1779071700,2988.576595
1779071700,2680.591090
1779071700,2988.580568
1779071700,3605.876813
1779071700,2682.008279
1779071700,2680.981742
1779071700,3292.031436
1779071700,3600.803117
1779071700,2989.640602
1779071700,3599.808598
1779071700,3599.840939
1779071700,3292.468852
1779071700,2985.009326
1779071700,2984.874142
1779071700,3292.555375
1779071700,2985.096557
1779071700,3602.251792
1779071700,3293.616177
1779071700,2985.012361
1779071700,2677.830231
1779071700,2986.414592
1779071700,2986.163993
1779071700,2985.244239
1779071700,2986.742069
1779071700,2678.591631
1779071700,2986.318813
1779071700,2985.091462
1779071700,3288.413837
1779071700,2986.041184
1779071700,2985.546045
1779071700,3597.293484
1779071700,2678.200335
1779071700,2982.527255
1779071700,2982.666495
1779071700,2983.089152
1779071700,2982.087217
1779071700,2982.052425
1779071700,2982.372653
1779071700,2983.738109
1779071700,2984.611464
1779071700,2989.366943
1779071700,2991.049200
1779071700,2986.006065
1779071700,2994.960528
1779071700,2994.957769
1779071700,2994.935218
1779071700,2681.321635
1779071700,2989.561351
1779071700,2680.384247
1779071700,2681.570263
1779071700,2680.392241
1779071700,2681.637598
1779071700,2681.746146
1779071700,3298.284045
1779071700,2681.967338
1779071700,2680.714805
1779071700,2680.873425
1779071700,2988.847549
1779071700,2680.935107
1779071700,2988.986948
1779071700,2985.442685
1779071700,2681.415523
1779071700,2986.025746
1779071700,2986.008306
1779071700,2986.123119
1779071700,2987.738908
1779071700,3293.996820
1779071700,3293.968508
1779071700,2985.778755
1779071700,3293.102038
1779071700,2985.951140
1779071700,2678.431327
1779071700,3600.875280
1779071700,3293.925417
1779071700,2678.934698
1779071700,2985.672218
1779071700,2985.884062
1779071700,3293.287825
1779071700,2678.115310
1779071700,2985.416898
1779071700,2981.584432
1779071700,3295.432067
1779071700,2982.263822
1779071700,3289.733214
1779071700,2981.766523
1779071700,2983.224112
1779071700,2981.931915
1779071700,2982.299834
1779071700,2983.834712
1779071700,2984.685742
1779071700,2989.468170
1779071700,2990.876478
1779071700,2986.386262
1779071700,2994.928718
1779071700,2994.907232
1779071700,2994.994957
1779071700,2681.543113
1779071700,2680.344555
1779071700,2681.705598
1779071700,3298.180312
1779071700,3298.013092
1779071700,3298.212553
1779071700,3297.968419
1779071700,2681.618808
1779071700,2990.297912
1779071700,2680.798547
1779071700,2680.813892
1779071700,2681.137471
1779071700,2682.459973
1779071700,2681.237503
1779071700,2678.703979
1779071700,2681.160986
1779071700,2986.801738
1779071700,2681.471098
1779071700,2985.765673
1779071700,2681.674870
1779071700,2985.993841
1779071700,2985.986886
1779071700,2987.319179
1779071700,2986.302980
1779071700,2986.202135
1779071700,2986.394627
1779071700,2986.783573
1779071700,2986.731532
1779071700,2985.655272
1779071700,2986.552835
1779071700,2985.949130
1779071700,2986.012476
1779071700,2678.081423
1779071700,2985.259991
1779071700,2986.340586
1779071700,2981.568672
1779071700,2983.453079
1779071700,2674.409366
1779071700,2674.558052
1779071700,2982.064805
1779071700,2981.893451
1779071700,2981.972175
1779071700,2983.887326
1779071700,2983.897033
1779071700,2988.805309
1779071700,2989.149149
1779071700,2986.159201
1779071700,2994.702577
1779071700,2996.008245
1779071700,3304.457856
1779071700,4532.589074
1779071700,3607.126370
1779071700,2989.962837
1779071700,2681.712110
1779071700,2989.835362
1779071700,3298.239479
1779071700,2990.108907
1779071700,3607.164694
1779071700,2680.885947
1779071700,2680.826774
1779071700,2682.376621
1779071700,2681.251505
1779071700,3298.890233
1779071700,2679.962905
1779071700,2679.986299
1779071700,2679.469987
1779071700,2681.658226
1779071700,2681.771128
1779071700,2683.030877
1779071700,2987.530915
1779071700,3911.006522
1779071700,2987.680946
1779071700,2679.461670
1779071700,2678.344671
1779071700,2683.518832
1779071700,3293.608826
1779071700,2986.891723
1779071700,2985.098133
1779071700,2986.646413
1779071700,2986.960550
1779071700,2985.531036
1779071700,2985.774898
1779071700,2986.902522
1779071700,2986.491511
1779071700,3610.887223
1779071700,2982.364743
1779071700,2981.520069
1779071700,2982.400822
1779071700,2982.631729
1779071700,2982.212592
1779071700,2979.954905
1779071700,2981.239941
1779071701,2983.169647
1779071701,2984.395859
1779071701,2988.979891
1779071701,2679.485343
1779071701,2985.853538
1779071701,2996.573705
1779071701,2996.607185
1779071701,2995.514097
1779071701,2680.672927
1779071701,4225.640751
1779071701,3299.048242
1779071701,3607.541699
1779071701,3299.165102
1779071701,2680.799504
1779071701,3299.314703
1779071701,2681.202042
1779071701,2680.948965
1779071701,2681.097001
1779071701,2990.286672
1779071701,2681.105589
1779071701,2681.461403
1779071701,2681.354931
1779071701,2681.516269
1779071701,3299.089355
1779071701,2680.654137
1779071701,2680.649224
1779071701,2679.759488
1779071701,2991.353935
1779071701,2679.727233
1779071701,2988.170145
1779071701,2987.183563
1779071701,2680.614953
1779071701,2680.076822
1779071701,2985.698851
1779071701,2987.490079
1779071701,2680.076614
1779071701,2987.583904
1779071701,2985.829677
1779071701,2987.358603
1779071701,3601.368685
1779071701,2986.262145
1779071701,2678.983152
1779071701,2678.970949
1779071701,2678.542175
1779071701,2981.658192
1779071701,2982.363475
1779071701,2982.557208
1779071701,2982.151611
1779071701,2979.877886
1779071701,2981.295112
1779071701,2983.347525
1779071701,2984.488775
1779071701,2989.321316
1779071701,2989.732889
1779071701,2986.587549
1779071701,2996.610751
1779071701,2996.689792
1779071701,2996.776901
1779071701,3299.358058
1779071701,3607.612372
1779071701,2681.123567
1779071701,2681.022346
1779071701,2681.158212
1779071701,4533.233240
1779071701,2988.359872
1779071701,2681.133885
1779071701,2681.687042
1779071701,3300.226322
1779071701,2681.535255
1779071701,2681.617698
1779071701,2681.813780
1779071701,2989.021476
1779071701,2680.488477
1779071701,2987.575350
1779071701,2680.946519
1779071701,2681.016983
1779071701,2682.225209
1779071701,2988.856853
1779071701,2680.258518
1779071701,2987.754082
1779071701,3298.117673
1779071701,3299.920936
1779071701,2679.895147
1779071701,2680.051622
1779071701,2680.352055
1779071701,2679.661939
1779071701,2986.535430
1779071701,2986.507619
1779071701,2988.239730
1779071701,2680.805812
1779071701,3598.337937
1779071701,2986.816814
1779071701,2986.436385
1779071701,2986.335034
1779071701,2982.676111
1779071701,3290.442590
1779071701,3290.496155
1779071701,2983.234315
1779071701,2984.372007
1779071701,2981.371686
1779071701,2983.567644
1779071701,2984.796653
1779071701,2999.469738
1779071701,2989.059961
1779071701,2989.823759
1779071701,2997.200960
1779071701,3007.991618
1779071701,2997.256507
1779071701,2680.508854
1779071701,2680.419777
1779071701,3050.448335
1779071701,3298.007394
1779071701,2987.314874
1779071701,2680.966373
1779071701,2680.925101
1779071701,2681.023822
1779071701,2681.169666
1779071701,2681.169204
1779071701,2681.143504
1779071701,2681.267747
1779071701,2681.285100
1779071701,3298.881954
1779071701,2681.743834
1779071701,2681.726238
1779071701,2681.805753
1779071701,2681.853787
1779071701,3296.834658
1779071701,2680.857615
1779071701,3297.892121
1779071701,2681.087025
1779071701,2987.575061
1779071701,2680.659467
1779071701,2680.767420
1779071701,2680.180606
1779071701,2681.155839
1779071701,2987.874620
1779071701,2986.825605
1779071701,2680.211287
1779071701,2679.079069
1779071701,2680.633205
1779071701,2681.907605
1779071701,2986.684580
1779071701,2681.458037
1779071701,2982.478896
1779071701,2986.251371
1779071701,2982.179494
1779071701,2983.435789
1779071701,2983.119051
1779071701,2984.276134
1779071701,2981.313961
1779071701,2983.754555
1779071701,2985.136118
1779071701,2999.996414
1779071701,3298.961490
1779071701,2989.657886
1779071701,2996.831544
1779071701,2995.810977
1779071701,3007.952002
1779071701,3050.764026
1779071701,2681.781027
1779071701,2989.876991
1779071701,2681.731722
1779071701,2681.714333
1779071701,2681.821662
1779071701,2681.857457
1779071701,3608.525331
1779071701,2681.250280
1779071701,2681.156799
1779071701,2681.234793
1779071701,3607.461318
1779071701,2681.232713
1779071701,2681.220299
1779071701,2681.470852
1779071701,2990.645132
1779071701,2988.619715
1779071701,2681.937426
1779071701,2680.218324
1779071701,2680.856012
1779071701,2681.042151
1779071701,2988.483174
1779071701,3295.956900
1779071701,2681.327400
1779071701,3602.968723
1779071701,2680.946472
1779071701,2681.403392
1779071701,2680.741455
1779071701,2679.372433
1779071701,2680.030764
1779071701,2989.323109
1779071701,3911.963640
1779071701,2679.419162
1779071701,2680.606612
1779071701,2985.793280
1779071701,3290.763406
1779071701,2982.772439
1779071701,2983.065213
1779071701,2982.118519
1779071701,2983.064385
1779071701,2984.192782
1779071701,2981.416375
1779071701,2984.109141
1779071701,2984.254657
1779071701,2999.761837
1779071701,2679.954578
1779071701,2990.340879
1779071701,2996.280371
1779071701,3007.833846
1779071701,2996.497232
1779071701,2681.632046
1779071701,2681.482754
1779071701,2681.641773
1779071701,2990.268859
1779071701,2680.207858
1779071701,2681.879411
1779071701,2681.643087
1779071701,2681.856391
1779071701,3296.222758
1779071701,2681.045934
1779071701,2682.432415
1779071701,2681.130313
1779071701,2682.563760
1779071701,3296.256385
1779071701,2682.781773
1779071701,2682.830937
1779071701,2682.975963
1779071701,2682.888040
1779071701,2681.823577
1779071701,3297.008035
1779071701,2681.794524
1779071701,2990.069676
1779071701,3606.429739
1779071701,2682.125564
1779071701,2681.055433
1779071701,2678.121122
1779071701,2990.451300
1779071701,2990.514919
1779071701,2682.658033
1779071701,2682.641126
1779071701,2988.353503
1779071701,2681.943970
1779071701,2983.443709
1779071701,2681.350454
1779071701,2681.059823
1779071701,2987.158899
1779071701,2681.791256
1779071701,2982.753755
1779071701,2981.997429
1779071701,2983.292136
1779071701,2979.842141
1779071701,2981.412171
1779071701,2983.125383
1779071701,2984.383739
1779071701,2990.010081
1779071701,2989.992945
1779071701,2986.131104
1779071701,2996.512955
1779071701,2996.422520
1779071701,2996.580222
1779071701,3607.355160
1779071701,3300.605671
1779071701,3608.700031
1779071701,3916.923069
1779071701,2682.266040
1779071701,3605.095307
1779071701,3608.954286
1779071701,2681.773630
1779071701,3607.505387
1779071701,2682.081023
1779071701,2682.180239
1779071701,2682.049263
1779071701,2682.150473
1779071701,3296.397534
1779071701,2982.225649
1779071701,2682.921294
1779071701,2989.051350
1779071701,2675.504563
1779071701,2680.265401
1779071701,2679.403854
1779071701,2685.146467
1779071701,2676.160885
1779071701,3300.144635
1779071701,3299.757956
1779071701,3303.905996
1779071701,2686.446400
1779071701,2686.765695
1779071701,3299.604442
1779071701,2687.269628
1779071701,2687.249705
1779071701,2687.720788
1779071701,2979.302025
1779071701,2686.436435
1779071701,2993.302888
1779071701,2980.366625
1779071701,2686.181229
1779071701,2687.881366
1779071701,2995.216761
1779071701,2986.500771
1779071701,2688.201811
1779071701,2687.153976
1779071701,2990.129285
1779071701,2983.571033
1779071701,2984.661232
1779071701,2679.872362
1779071701,2989.339889
1779071701,2989.469498
1779071701,2996.373716
1779071701,2996.539679
1779071701,2996.558834
1779071701,2681.782157
1779071701,3608.709811
1779071701,2682.004754
1779071701,2682.008777
1779071701,2991.639282
1779071701,3300.294149
1779071701,3300.436504
1779071701,2682.792898
1779071701,2682.955108
1779071701,2683.099779
1779071701,3608.285017
1779071701,4228.009715
1779071701,2682.415444
1779071701,2682.336844
1779071701,2682.430678
1779071701,3607.775407
1779071701,3606.745885
1779071701,2682.958621
1779071701,2683.060459
1779071701,2683.211818
1779071701,2993.343033
1779071701,2992.332786
1779071701,2992.392089
1779071701,3298.491254
1779071701,3608.317723
1779071701,2993.215381
1779071701,2684.496725
1779071701,3300.285846
1779071701,2684.529413
1779071701,2685.657608
1779071701,3606.965024
1779071701,2685.153470
1779071701,2991.497226
1779071701,2992.503525
1779071701,2990.913013
1779071701,2988.108714
1779071701,2680.065638
1779071701,2680.193804
1779071701,2987.598053
1779071701,2986.643475
1779071701,2981.767329
1779071701,2982.637365
1779071701,2983.695183
1779071701,2984.921435
1779071701,3298.998603
1779071701,2989.544282
1779071701,2986.097470
1779071701,2997.172864
1779071701,2997.195757
1779071701,2997.247921
1779071701,3917.024179
1779071701,3914.874038
1779071701,3359.598498
1779071701,2991.214784
1779071701,3918.258739
1779071701,3917.314363
1779071701,3918.711386
1779071701,3300.040124
1779071701,3300.266684
1779071701,3918.318404
1779071701,2683.151468
1779071701,2991.217085
1779071701,3301.255349
1779071701,2683.864917
1779071701,3611.975657
1779071701,2682.447153
1779071701,3612.115652
1779071701,3612.205963
1779071701,3300.692641
1779071701,3606.983446
1779071701,2992.183094
1779071701,3607.678130
1779071701,2683.321808
1779071701,3298.924625
1779071701,2992.813288
1779071701,2683.610527
1779071701,3608.873115
1779071701,3300.443292
1779071701,2993.052803
1779071701,3300.208641
1779071701,3299.416775
1779071701,3295.278895
1779071701,2991.654813
1779071701,3300.505731
1779071701,2992.996595
1779071701,2987.934651
1779071701,2988.173060
1779071701,2987.469345
1779071701,2987.576450
1779071701,2681.252243
1779071701,2981.572233
1779071701,2982.417473
1779071701,2983.818151
1779071701,2984.735105
1779071701,2989.040593
1779071701,2987.260456
1779071701,2989.669688
1779071701,2997.605259
1779071701,2997.635596
1779071701,2997.725927
1779071701,2991.329456
1779071701,3300.155523
1779071701,3610.473837
1779071701,2681.823460
1779071701,2991.463824
1779071701,2991.749181
1779071701,2991.784719
1779071701,3918.995946
1779071701,2992.134878
1779071701,3607.821154
1779071701,3611.242768
1779071701,3914.840951
1779071701,3611.757744
1779071701,2991.475325
1779071701,2681.412810
1779071701,3299.937934
1779071701,2681.742134
1779071701,3917.160217
1779071701,2991.741943
1779071701,2993.531130
1779071701,3607.314531
1779071701,2991.353316
1779071701,3608.477901
1779071701,2681.386975
1779071701,2992.404937
1779071701,2680.581652
1779071701,2680.721062
1779071701,3606.976806
1779071701,2992.393014
1779071701,3299.622602
1779071701,3298.679964
1779071701,2992.520293
1779071701,3609.635174
1779071701,3295.427268
1779071701,3299.202294
1779071701,3295.059274
1779071701,2986.934991
1779071701,2986.470668
1779071701,2679.622274
1779071701,2986.593603
1779071701,2982.605635
1779071701,2982.068635
1779071701,2983.713392
1779071701,2984.765313
1779071701,2988.838282
1779071701,3295.239766
1779071701,2987.065257
1779071701,2996.347597
1779071701,2996.347605
1779071701,2996.654172
1779071702,3299.733271
1779071702,3300.536245
1779071702,2991.585120
1779071702,2682.248919
1779071702,2683.320163
1779071702,2683.229106
1779071702,2991.662707
1779071702,2682.391270
1779071702,3917.521720
1779071702,2682.854587
1779071702,2682.905408
1779071702,2681.965582
1779071702,2991.119184
1779071702,2683.967837
1779071702,2684.021081
1779071702,2991.461320
1779071702,2991.342105
1779071702,3608.796201
1779071702,3299.983817
1779071702,3300.436676
1779071702,2991.954526
1779071702,2992.002749
1779071702,3607.721361
1779071702,2681.978811
1779071702,2992.148148
1779071702,2680.468155
1779071702,2992.481007
1779071702,3608.631189
1779071702,3915.392466
1779071702,2991.876808
1779071702,2992.214806
1779071702,2992.722455
1779071702,2991.564225
1779071702,3295.516439
1779071702,2991.105447
1779071702,2986.206997
1779071702,3295.293406
1779071702,2986.469959
1779071702,2986.789378
1779071702,2982.243069
1779071702,2981.666492
1779071702,3612.278207
1779071702,2982.992997
1779071702,2984.015347
1779071702,2988.919090
1779071702,2989.453878
1779071702,2988.325834
1779071702,2996.852369
1779071702,2996.918834
1779071702,2996.996424
1779071702,2991.251539
1779071702,3299.129635
1779071702,2991.337472
1779071702,2682.244030
1779071702,2683.395719
1779071702,2682.766527
1779071702,2991.807487
1779071702,2682.688632
1779071702,2682.647258
1779071702,2682.798700
1779071702,2991.962417
1779071702,2682.856750
1779071702,2682.917702
1779071702,2682.781917
1779071702,2990.948202
1779071702,2991.983651
1779071702,2682.934510
1779071702,3611.482117
1779071702,3916.679726
1779071702,2683.188406
1779071702,2992.377686
1779071702,2992.373038
1779071702,2992.029933
1779071702,2682.933261
1779071702,2683.578975
1779071702,2992.866366
1779071702,2992.522367
1779071702,2992.750612
1779071702,2991.929152
1779071702,2992.674395
1779071702,2991.170341
1779071702,2992.043290
1779071702,2992.683177
1779071702,2992.702718
1779071702,2991.208807
1779071702,2986.779319
1779071702,2986.809808
1779071702,3294.630115
1779071702,2986.853435
1779071702,2988.818087
1779071702,2982.428817
1779071702,2982.149574
1779071702,2984.041215
1779071702,2985.251806
1779071702,2988.565768
1779071702,2989.717376
1779071702,2989.778512
1779071702,2997.105240
1779071702,2997.168856
1779071702,2997.177853
1779071702,2682.591730
1779071702,2683.315338
1779071702,2683.221041
1779071702,2992.316564
1779071702,2683.339394
1779071702,2991.258702
1779071702,2683.545224
1779071702,2683.525147
1779071702,2991.006307
1779071702,2683.891200
1779071702,2682.757931
1779071702,2684.113251
1779071702,2992.038575
1779071702,2683.950680
1779071702,2682.746993
1779071702,2684.159258
1779071702,2681.943190
1779071702,2683.131846
1779071702,2681.989446
1779071702,2681.897235
1779071702,3301.090230
1779071702,2681.517564
1779071702,3609.502290
1779071702,2988.593567
1779071702,2991.287246
1779071702,2682.596649
1779071702,2988.304900
1779071702,2988.074785
1779071702,2681.226869
1779071702,2988.281039
1779071702,2680.677669
1779071702,2987.518190
1779071702,2987.814485
1779071702,2987.981543
1779071702,2987.896097
1779071702,2987.648136
1779071702,3302.078270
1779071702,2987.290460
1779071702,2986.642634
1779071702,2987.972052
1779071702,2981.335238
1779071702,2981.978201
1779071702,2984.132207
1779071702,2985.173125
1779071702,2989.921271
1779071702,2990.128313
1779071702,2988.359811
1779071702,2997.584936
1779071702,2997.670422
1779071702,2997.717046
1779071702,3918.074373
1779071702,4845.080340
1779071702,2681.964879
1779071702,2682.036730
1779071702,2682.008416
1779071702,2682.090942
1779071702,2682.655515
1779071702,2682.691308
1779071702,2682.610117
1779071702,2682.539924
1779071702,2682.697968
1779071702,2682.944912
1779071702,2682.907399
1779071702,2683.195973
1779071702,2991.137839
1779071702,2683.330129
1779071702,2683.577338
1779071702,2683.570502
1779071702,2682.566750
1779071702,2682.557122
1779071702,2682.793724
1779071702,2682.623807
1779071702,4227.219867
1779071702,2682.338202
1779071702,2989.455029
1779071702,2684.048637
1779071702,2988.749129
1779071702,2988.885836
1779071702,2988.550994
1779071702,2989.713999
1779071702,2987.390348
1779071702,2987.490014
1779071702,2986.662742
1779071702,2987.839815
1779071702,2987.904704
1779071702,2988.010787
1779071702,2987.390604
1779071702,2986.215142
1779071702,2987.112064
1779071702,2987.095811
1779071702,2981.191350
1779071702,2981.899614
1779071702,2983.352401
1779071702,2983.406086
1779071702,2988.648440
1779071702,2990.464594
1779071702,2989.559451
1779071702,2998.112700
1779071702,2998.052190
1779071702,2998.122360
1779071702,2683.572472
1779071702,2683.583651
1779071702,2991.445277
1779071702,2683.766107
1779071702,2683.739103
1779071702,3300.732549
1779071702,3300.735090
1779071702,2683.927165
1779071702,2682.923743
1779071702,3301.148318
1779071702,2682.833984
1779071702,2683.015773
1779071702,2683.112977
1779071702,3300.327506
1779071702,2683.509861
1779071702,2683.634534
1779071702,2683.639372
1779071702,3300.689416
1779071702,2683.940468
1779071702,2683.858372
1779071702,2684.176581
1779071702,2682.986058
1779071702,3301.228058
1779071702,2681.704897
1779071702,2682.892382
1779071702,2682.467830
1779071702,2989.341184
1779071702,2683.282847
1779071702,2989.533657
1779071702,2989.245334
1779071702,2988.876436
1779071702,2988.750263
1779071702,2681.613312
1779071702,2988.027435
1779071702,2987.075370
1779071702,2987.518923
1779071702,2987.236826
1779071702,2987.152270
1779071702,2987.136995
1779071702,2986.296967
1779071702,2981.275482
1779071702,2981.884016
1779071702,2984.443461
1779071702,2983.613789
1779071702,2990.736575
1779071702,2989.071301
1779071702,2989.829283
1779071702,2999.206371
1779071702,2998.207885
1779071702,2998.257882
1779071702,3301.674905
1779071702,2992.799091
1779071702,3300.551391
1779071702,3301.861792
1779071702,3301.878477
1779071702,2992.709424
1779071702,3918.858749
1779071702,2683.320729
1779071702,2683.459355
1779071702,2683.698453
1779071702,2683.696182
1779071702,3301.253640
1779071702,2684.109663
1779071702,2992.199945
1779071702,2684.081754
1779071702,2682.721531
1779071702,2682.964038
1779071702,2684.527278
1779071702,2684.595742
1779071702,2683.238126
1779071702,3300.261356
1779071702,3299.462656
1779071702,3298.051905
1779071702,2683.707473
1779071702,4534.327347
1779071702,2989.867490
1779071702,2683.801240
1779071702,2683.919507
1779071702,3296.149508
1779071702,2990.692667
1779071702,2988.625581
1779071702,2682.656637
1779071702,2681.107787
1779071702,2682.663782
1779071702,2987.887134
1779071702,2987.994397
1779071702,2987.180525
1779071702,2986.511009
1779071702,2986.423236
1779071702,2987.276616
1779071702,2981.149482
1779071702,2981.698412
1779071702,2983.635702
1779071702,2983.781131
1779071702,2990.352082
1779071702,2991.446786
1779071702,2989.421391
1779071702,2998.424531
1779071702,2998.230458
1779071702,2998.235521
1779071702,3301.018382
1779071702,2683.219233
1779071702,2683.366325
1779071702,5155.398561
1779071702,2683.252406
1779071702,3610.626114
1779071702,2683.439444
1779071702,3610.943190
1779071702,2683.860895
1779071702,2683.732078
1779071702,2683.837247
1779071702,2683.888061
1779071702,2683.875493
1779071702,2683.838270
1779071702,2684.106907
1779071702,3299.756007
1779071702,2684.263993
1779071702,2683.260410
1779071702,2683.212903
1779071702,2684.451419
1779071702,3612.091186
1779071702,2683.155062
1779071702,2682.246004
1779071702,2682.690029
1779071702,2684.770780
1779071702,2990.557379
1779071702,3299.043500
1779071702,2685.035287
1779071702,2684.871878
1779071702,2683.041720
1779071702,2683.254318
1779071702,2990.264733
1779071702,2682.494383
1779071702,2988.964444
1779071702,2988.505428
1779071702,2684.540795
1779071702,2988.629943
1779071702,2986.856670
1779071702,2986.506580
1779071702,2987.106536
1779071702,2981.115273
1779071702,2981.573675
1779071702,2984.575282
1779071702,2983.847278
1779071702,2992.210588
1779071702,2990.099419
1779071702,2991.244553
1779071702,2998.027612
1779071702,2999.524866
1779071702,2998.510953
1779071702,2684.186086
1779071702,2684.442906
1779071702,2684.511604
1779071702,4228.924040
1779071702,2684.520751
1779071702,2684.414671
1779071702,2684.588284
1779071702,2684.529783
1779071702,2683.581785
1779071702,2683.497929
1779071702,2685.043102
1779071702,2683.771662
1779071702,2993.327102
1779071702,2684.988606
1779071702,2684.002828
1779071702,2684.336278
1779071702,2683.608097
1779071702,2684.303843
1779071702,2685.690583
1779071702,2684.633816
1779071702,2683.742595
1779071702,2684.578709
1779071702,2684.760098
1779071702,2684.754381
1779071702,3300.063231
1779071702,3297.613605
1779071702,2682.076702
1779071702,2685.140868
1779071702,2990.225880
1779071702,2992.849507
1779071702,3300.595931
1779071702,2684.263109
1779071702,2684.378222
1779071702,2683.857715
1779071702,2685.875140
1779071702,2989.927031
1779071702,2683.170862
1779071702,2682.212716
1779071702,2987.937423
1779071702,2988.052709
1779071702,2983.271048
1779071702,2982.561579
1779071702,2984.656220
1779071702,2983.950928
1779071702,2991.404208
1779071702,2992.479668
1779071702,2990.500735
1779071702,2998.374111
1779071702,2998.451308
1779071702,2999.548063
1779071702,2685.104936
1779071702,2684.009440
1779071702,2685.317569
1779071702,3301.812102
1779071702,2993.782887
1779071702,2684.123503
1779071702,2684.183878
1779071702,2684.032362
1779071702,2684.650335
1779071702,2684.661305
1779071702,2686.053522
1779071702,2684.776354
1779071702,2684.686128
1779071702,2684.804128
1779071702,2684.814372
1779071702,3609.811758
1779071702,2993.494775
1779071702,2685.168114
1779071702,3920.783765
1779071702,2684.667981
1779071702,2685.802323
1779071702,2992.167757
1779071702,3300.668932
1779071702,2684.332567
1779071702,2989.820537
1779071702,2989.957878
1779071702,2684.945202
1779071702,2679.796357
1779071702,2683.858148
1779071702,2988.368953
1779071702,2983.656438
1779071702,2686.648974
1779071702,2688.926881
1779071702,2686.283177
1779071702,2983.567295
1779071702,3303.979869
1779071702,2688.067584
1779071702,2688.195900
1779071702,2994.183229
1779071702,2984.040483
1779071702,2689.206066
1779071702,2994.618398
1779071702,2991.372545
1779071702,2991.212860
1779071702,2992.982281
1779071702,2990.971944
1779071702,2991.028467
1779071702,2995.893782
1779071702,2995.827485
1779071702,2995.985007
1779071702,2685.302652
1779071702,2684.125560
1779071702,2684.221264
1779071702,2685.466918
1779071702,2685.480598
1779071702,2685.607669
1779071702,3611.809772
1779071702,2684.663744
1779071702,2684.589613
1779071702,2684.811840
1779071702,2686.185959
1779071702,2684.741938
1779071702,3303.127520
1779071702,2684.983657
1779071702,2683.813239
1779071702,2682.364592
1779071702,2684.204903
1779071702,2685.344968
1779071702,2685.106994
1779071702,3611.635522
1779071702,4845.259725
1779071702,2685.303746
1779071702,2685.522406
1779071702,3301.180320
1779071702,3301.910020
1779071702,2994.425408
1779071702,3299.835201
1779071702,3611.397305
1779071702,2689.793115
1779071702,2987.113971
1779071702,2994.576647
1779071702,3303.443852
1779071702,2688.307715
1779071702,2995.865312
1779071702,2689.005319
1779071702,2986.529370
1779071702,2992.654646
1779071702,2995.860457
1779071702,2994.944936
1779071702,2992.543780
1779071702,2995.279465
1779071702,2988.065178
1779071702,2992.989010
1779071702,2986.324607
1779071702,2989.790109
1779071702,2992.041001
1779071702,2993.053306
1779071702,2996.058270
1779071702,2996.100178
1779071702,2996.114529
1779071703,3612.382368
1779071703,2685.245095
1779071703,3920.419306
1779071703,3610.219762
1779071703,3303.708126
1779071703,3611.542910
1779071703,2685.926949
1779071703,2686.006131
1779071703,2684.875109
1779071703,2685.038162
1779071703,3611.083401
1779071703,2685.351951
1779071703,2685.475334
1779071703,2685.584450
1779071703,4229.090336
1779071703,2685.595423
1779071703,3611.432368
1779071703,2684.509991
1779071703,2684.701600
1779071703,2684.473807
1779071703,2687.413525
1779071703,2684.707421
1779071703,2686.310464
1779071703,2684.968684
1779071703,2993.284338
1779071703,3300.485392
1779071703,3301.623657
1779071703,2685.316161
1779071703,2687.247075
1779071703,2994.958544
1779071703,3305.560799
1779071703,3303.907105
1779071703,2689.284381
1779071703,2688.762563
1779071703,2686.574116
1779071703,2685.993550
1779071703,2685.570388
1779071703,2684.060962
1779071703,2684.069028
1779071703,2688.168148
1779071703,2684.064104
1779071703,2688.039498
1779071703,2986.472274
1779071703,3301.611601
1779071703,2991.649533
1779071703,2993.222877
1779071703,2992.166949
1779071703,2995.390660
1779071703,2995.390672
1779071703,2995.423475
1779071703,3302.753644
1779071703,2685.645197
1779071703,2683.652093
1779071703,2993.257367
1779071703,3918.649743
1779071703,3918.508905
1779071703,3302.919025
1779071703,2685.223174
1779071703,2684.123220
1779071703,2683.273416
1779071703,2685.265924
1779071703,2993.823321
1779071703,2686.367972
1779071703,3301.532964
1779071703,2684.855072
1779071703,3303.838216
1779071703,2992.888693
1779071703,2682.962378
1779071703,2686.178111
1779071703,2684.928104
1779071703,2684.297959
1779071703,3301.489843
1779071703,2683.970066
1779071703,2992.668091
1779071703,3921.330294
1779071703,2683.561145
1779071703,3302.137814
1779071703,3608.832035
1779071703,3611.540693
1779071703,2996.232286
1779071703,3308.815135
1779071703,3303.153717
1779071703,2686.949672
1779071703,2687.024788
1779071703,2996.220963
1779071703,2684.731331
1779071703,2684.056330
1779071703,2684.210289
1779071703,2684.379945
1779071703,2686.193749
1779071703,3296.615576
1779071703,2684.441878
1779071703,2987.087062
1779071703,2987.230296
1779071703,2993.967001
1779071703,2992.153271
1779071703,2992.186635
1779071703,2995.808881
1779071703,2995.807698
1779071703,2995.805965
1779071703,3920.544735
1779071703,4228.710596
1779071703,4847.910010
1779071703,2992.905427
1779071703,3919.652978
1779071703,3302.717150
1779071703,2994.389893
1779071703,2685.033344
1779071703,2683.976601
1779071703,2685.165038
1779071703,2685.182888
1779071703,2685.477351
1779071703,2684.122267
1779071703,2685.317469
1779071703,2993.813292
1779071703,2685.656754
1779071703,2684.303193
1779071703,2684.750322
1779071703,2994.007972
1779071703,2686.086163
1779071703,2684.828252
1779071703,2683.651671
1779071703,2683.854685
1779071703,2994.486105
1779071703,3610.073049
1779071703,2994.706368
1779071703,2994.667276
1779071703,3610.678307
1779071703,2685.707634
1779071703,3303.732960
1779071703,2995.981117
1779071703,2997.545315
1779071703,2686.734077
1779071703,2998.136975
1779071703,2992.442442
1779071703,2685.733601
1779071703,2995.500431
1779071703,2685.185754
1779071703,2988.733504
1779071703,2684.269962
1779071703,2684.332176
1779071703,2679.715945
1779071703,2684.867425
1779071703,2988.062574
1779071703,2994.249262
1779071703,2992.087826
1779071703,2992.584008
1779071703,2995.197943
1779071703,2995.807345
1779071703,2995.876367
1779071703,2685.236329
1779071703,3920.639664
1779071703,4230.070360
1779071703,2993.637827
1779071703,4228.496770
1779071703,4228.686766
1779071703,2685.345147
1779071703,2685.540231
1779071703,4230.369953
1779071703,2683.361954
1779071703,2686.063252
1779071703,2685.913294
1779071703,2993.111784
1779071703,2684.922498
1779071703,2685.085778
1779071703,2685.088479
1779071703,3302.038532
1779071703,3304.526878
1779071703,2686.809096
1779071703,2685.451157
1779071703,2686.841790
1779071703,3300.322965
1779071703,2687.086385
1779071703,2687.018487
1779071703,2684.378001
1779071703,2685.104592
1779071703,3610.988666
1779071703,3609.061470
1779071703,3299.364690
1779071703,3302.395182
1779071703,3300.174523
1779071703,3611.142520
1779071703,2679.156630
1779071703,2988.354848
1779071703,2685.934225
1779071703,3296.167967
1779071703,2995.790955
1779071703,2686.939499
1779071703,2684.672012
1779071703,3301.705844
1779071703,2997.446328
1779071703,2988.105798
1779071703,2996.252722
1779071703,2681.261205
1779071703,2991.787053
1779071703,2992.441319
1779071703,2993.512356
1779071703,2995.332397
1779071703,2995.818270
1779071703,2995.788814
1779071703,2684.978126
1779071703,2685.157886
1779071703,2685.102683
1779071703,2685.113023
1779071703,2685.165628
1779071703,2685.315541
1779071703,2685.296520
1779071703,2685.459019
1779071703,2993.477703
1779071703,2995.636259
1779071703,2685.640041
1779071703,2685.695978
1779071703,2685.959731
1779071703,2685.895231
1779071703,2686.590876
1779071703,2684.206008
1779071703,2686.314572
1779071703,3303.280836
1779071703,2685.230768
1779071703,3613.789919
1779071703,2685.443746
1779071703,3917.617280
1779071703,2685.497211
1779071703,3920.775022
1779071703,3609.861772
1779071703,2684.956409
1779071703,2684.994356
1779071703,2992.339355
1779071703,2992.646566
1779071703,2993.089618
1779071703,3921.873579
1779071703,2993.218721
1779071703,2687.213652
1779071703,2994.154365
1779071703,3303.739711
1779071703,3303.902239
1779071703,3296.144760
1779071703,2987.645537
1779071703,2686.971085
1779071703,2686.289784
1779071703,2684.909897
1779071703,2986.810025
1779071703,3297.661461
1779071703,2684.984506
1779071703,2991.685746
1779071703,2993.750080
1779071703,2992.806369
1779071703,2995.336102
1779071703,2995.662485
1779071703,2995.817705
1779071703,2684.586894
1779071703,2993.623041
1779071703,2993.832982
1779071703,3611.277456
1779071703,4228.165492
1779071703,2684.835148
1779071703,2685.028429
1779071703,2685.173120
1779071703,2685.521229
1779071703,2685.532947
1779071703,3613.650497
1779071703,2685.622593
1779071703,2994.859256
1779071703,2685.740885
1779071703,2685.831206
1779071703,2684.878340
1779071703,4229.459409
1779071703,2686.101117
1779071703,2684.983268
1779071703,2686.271332
1779071703,2993.216074
1779071703,2994.459924
1779071703,2992.517349
1779071703,2685.523430
1779071703,2992.438388
1779071703,2685.669732
1779071703,2685.485410
1779071703,2993.416510
1779071703,3920.035862
1779071703,2993.107267
1779071703,3302.744069
1779071703,2993.807814
1779071703,2994.101131
1779071703,3300.285754
1779071703,3920.773812
1779071703,3301.051890
1779071703,2994.379162
1779071703,2988.833782
1779071703,2686.241140
1779071703,2685.281492
1779071703,2685.128787
1779071703,2679.188743
1779071703,2685.050742
1779071703,3295.469563
1779071703,2994.231922
1779071703,2993.288157
1779071703,2992.243949
1779071703,2995.891925
1779071703,2996.303144
1779071703,2996.256690
1779071703,2684.932616
1779071703,2685.147282
1779071703,3921.010393
1779071703,2685.194906
1779071703,2685.116368
1779071703,2685.201694
1779071703,3921.103372
1779071703,2685.249667
1779071703,2685.560205
1779071703,2685.463311
1779071703,2685.479012
1779071703,2685.589106
1779071703,2685.673521
1779071703,2685.541077
1779071703,2993.104243
1779071703,3302.965968
1779071703,2686.064033
1779071703,3916.674898
1779071703,4229.366598
1779071703,2686.504744
1779071703,2993.986828
1779071703,2993.944193
1779071703,2993.352036
1779071703,2685.431847
1779071703,3306.374677
1779071703,2996.628000
1779071703,2685.464850
1779071703,2685.491052
1779071703,2993.163754
1779071703,2993.720459
1779071703,3602.337636
1779071703,2994.006498
1779071703,2994.391890
1779071703,3604.645199
1779071703,2994.578047
1779071703,2994.052583
1779071703,3305.709204
1779071703,2991.892637
1779071703,2991.932341
1779071703,3295.501344
1779071703,2685.716503
1779071703,2987.110651
1779071703,2993.276916
1779071703,2987.594816
1779071703,2993.234052
1779071703,2992.347124
1779071703,2994.358006
1779071703,2684.865052
1779071703,2994.902698
1779071703,2995.293628
1779071703,4538.339342
1779071703,3919.809029
1779071703,3304.458043
1779071703,2684.472020
1779071703,2684.546630
1779071703,4537.168247
1779071703,5466.580944
1779071703,3301.950403
1779071703,2684.834331
1779071703,2685.176211
1779071703,2685.362676
1779071703,3302.190908
1779071703,2685.236586
1779071703,2685.213125
1779071703,2683.944699
1779071703,2685.535333
1779071703,2685.447443
1779071703,2685.791969
1779071703,2685.954834
1779071703,3922.761788
1779071703,2686.140533
1779071703,2685.717732
1779071703,3301.739900
1779071703,2684.809728
1779071703,2686.214721
1779071703,2684.878983
1779071703,2994.449844
1779071703,3302.152371
1779071703,2994.557958
1779071703,2993.838261
1779071703,2994.330631
1779071703,2994.395302
1779071703,2994.420022
1779071703,2992.812309
1779071703,3296.757356
1779071703,2993.220993
1779071703,3609.573270
1779071703,2989.014017
1779071703,2988.091829
1779071703,3609.939847
1779071703,3612.800756
1779071703,3295.341462
1779071703,2685.918436
1779071703,2685.754449
1779071703,2993.443645
1779071703,2994.539668
1779071703,2992.490098
1779071703,2993.668012
1779071703,2994.143143
1779071703,2994.551901
1779071703,2683.803683
1779071703,2993.748933
1779071703,2683.929326
1779071703,2683.928117
1779071703,4229.582962
1779071703,2684.388008
1779071703,3921.006107
1779071703,4227.702967
1779071703,2684.737566
1779071703,2684.704229
1779071703,4538.355320
1779071703,2684.909846
1779071703,2685.086450
1779071703,2684.992518
1779071703,2994.984620
1779071703,2685.065297
1779071703,2992.786618
1779071703,2685.558426
1779071703,2685.298370
1779071703,2685.389303
1779071703,2685.404263
1779071703,2685.412533
1779071703,2685.456885
1779071703,2994.204318
1779071703,2993.652480
1779071703,2684.775049
1779071703,2684.639141
1779071703,2684.788560
1779071703,2994.013191
1779071703,2995.043785
1779071703,2994.405405
1779071703,2994.968447
1779071703,2994.813805
1779071703,2994.795635
1779071703,3294.295942
1779071703,3300.546204
1779071703,2995.232111
1779071703,3603.073113
1779071703,3612.184906
1779071703,2985.923632
1779071703,2988.544287
1779071703,3295.641780
1779071703,2686.049791
1779071703,2994.365943
1779071703,2994.837404
1779071703,2992.787615
1779071703,2992.865967
1779071703,2993.589378
1779071703,2993.676542
1779071703,2994.741570
1779071703,4230.043197
1779071703,3302.414781
1779071703,4536.901598
1779071703,2683.538570
1779071703,2683.744500
1779071703,2683.714524
1779071703,3303.580927
1779071703,3920.094817
1779071703,2684.165387
1779071703,2684.410477
1779071703,3611.137431
1779071703,2992.809407
1779071703,2684.402721
1779071703,3611.775813
1779071703,2993.565996
1779071703,4536.612941
1779071703,2685.523332
1779071703,2684.463767
1779071703,3302.868531
1779071703,2994.951809
1779071703,2994.482622
1779071703,2995.643393
1779071703,2994.727282
1779071703,2994.809732
1779071703,2994.699902
1779071703,2685.997717
1779071703,2993.172141
1779071703,2993.538484
1779071703,2687.069583
1779071703,3603.379120
1779071703,2992.864961
1779071703,2989.520377
1779071703,2989.546100
1779071703,2986.023063
1779071703,2689.154032
1779071703,2689.525655
1779071703,2690.271773
1779071703,3307.785310
1779071703,3000.554166
1779071703,2989.033380
1779071703,2690.613172
1779071703,2999.702551
1779071703,2691.030246
1779071703,3000.401422
1779071704,2994.773416
1779071704,2994.816428
1779071704,2992.726537
1779071704,3303.610854
1779071704,2993.772363
1779071704,2994.621809
1779071704,4226.334594
1779071704,3609.616545
1779071704,3611.732011
1779071704,3302.326105
1779071704,2992.544465
1779071704,2684.679442
1779071704,3301.760973
1779071704,2683.845350
1779071704,2684.057958
1779071704,2684.040087
1779071704,4847.802712
1779071704,3610.223308
1779071704,3611.317352
1779071704,2994.401919
1779071704,3921.766534
1779071704,2685.113983
1779071704,2995.036574
1779071704,2685.764667
1779071704,3611.821950
1779071704,2995.684302
1779071704,3303.635843
1779071704,3611.695426
1779071704,3304.090232
1779071704,2995.113572
1779071704,2686.039595
1779071704,3304.555917
1779071704,2994.647570
1779071704,2686.671048
1779071704,2995.903480
1779071704,2995.903926
1779071704,2687.141647
1779071704,2995.777850
1779071704,2687.488529
1779071704,2687.788887
1779071704,2687.855521
1779071704,2997.290764
1779071704,3297.268474
1779071704,2996.832934
1779071704,3297.306044
1779071704,2992.965090
1779071704,2989.974238
1779071704,2992.313183
1779071704,2688.195568
1779071704,2989.799614
1779071704,2994.271859
1779071704,2994.280619
1779071704,2993.241886
1779071704,2994.101528
1779071704,2994.164517
1779071704,2994.584190
1779071704,3609.827166
1779071704,2991.778262
1779071704,4846.206314
1779071704,4845.690398
1779071704,2992.316808
1779071704,2992.434600
1779071704,5155.443895
1779071704,2684.756870
1779071704,2684.906449
1779071704,2684.238174
1779071704,2685.198878
1779071704,3920.848810
1779071704,2993.728959
1779071704,2684.864545
1779071704,2685.063987
1779071704,3302.677744
1779071704,2685.328697
1779071704,3303.341317
1779071704,2684.229162
1779071704,2684.747257
1779071704,3611.876995
1779071704,2687.038356
1779071704,2994.922146
1779071704,2687.111494
1779071704,2686.021931
1779071704,3304.003161
1779071704,2686.427951
1779071704,2686.374811
1779071704,2687.857188
1779071704,2686.575350
1779071704,2996.074240
1779071704,2995.628399
1779071704,2996.383706
1779071704,2995.991325
1779071704,2687.570902
1779071704,2996.397775
1779071704,2996.586757
1779071704,2995.880937
1779071704,3299.651614
1779071704,2688.516687
1779071704,2990.216681
1779071704,2988.802024
1779071704,2686.095482
1779071704,2993.567679
1779071704,2992.313892
1779071704,2994.209806
1779071704,2994.184103
1779071704,2994.361972
1779071704,2994.384089
1779071704,2994.842835
1779071704,3610.490845
1779071704,2991.142736
1779071704,3919.066652
1779071704,4844.055833
1779071704,2992.010534
1779071704,3919.735891
1779071704,4843.586984
1779071704,2683.079230
1779071704,2992.388131
1779071704,2683.386572
1779071704,2992.695628
1779071704,2683.524628
1779071704,3302.874223
1779071704,3301.856476
1779071704,2993.324323
1779071704,3302.191304
1779071704,2683.189591
1779071704,2994.146064
1779071704,3611.750596
1779071704,2994.500004
1779071704,2683.034303
1779071704,2993.944734
1779071704,2995.572328
1779071704,3304.430766
1779071704,3304.443217
1779071704,2995.109292
1779071704,2684.688477
1779071704,2995.357863
1779071704,2995.252437
1779071704,2995.586328
1779071704,2686.321223
1779071704,2995.769151
1779071704,2996.142718
1779071704,3304.780990
1779071704,2996.275594
1779071704,2687.085039
1779071704,2686.825539
1779071704,2996.436858
1779071704,2996.043297
1779071704,2992.904750
1779071704,2996.151118
1779071704,2990.384477
1779071704,2684.632508
1779071704,2990.055948
1779071704,2992.492602
1779071704,2994.092851
1779071704,2994.172859
1779071704,2993.506574
1779071704,2993.537640
1779071704,2993.580202
1779071704,2992.372606
1779071704,2992.378295
1779071704,2992.421339
1779071704,2991.407664
1779071704,3300.664924
1779071704,2991.719910
1779071704,2682.647902
1779071704,3610.174257
1779071704,2681.973019
1779071704,2992.323171
1779071704,3301.744664
1779071704,2682.146057
1779071704,2992.882102
1779071704,2992.781129
1779071704,2992.948736
1779071704,3302.464969
1779071704,2682.375168
1779071704,2994.061482
1779071704,2994.436965
1779071704,2993.080860
1779071704,2994.229205
1779071704,2993.398960
1779071704,2993.472524
1779071704,3303.523891
1779071704,2681.856097
1779071704,2994.353483
1779071704,2994.631949
1779071704,2683.241423
1779071704,3303.940503
1779071704,3304.075926
1779071704,3302.979856
1779071704,2994.930334
1779071704,3306.716631
1779071704,2995.622696
1779071704,2995.090550
1779071704,2996.015203
1779071704,2996.189089
1779071704,2995.444571
1779071704,3303.244048
1779071704,2992.935659
1779071704,2992.312676
1779071704,2990.086152
1779071704,3616.952521
1779071704,2989.323731
1779071704,2992.085693
1779071704,2993.432741
1779071704,2993.504757
1779071704,2994.743655
1779071704,2993.605190
1779071704,2994.821869
1779071704,2992.205503
1779071704,2992.248492
1779071704,2992.336832
1779071704,2682.771236
1779071704,3919.627655
1779071704,2992.498529
1779071704,2991.723873
1779071704,2991.872723
1779071704,3611.130757
1779071704,3611.082302
1779071704,2992.390344
1779071704,3918.666695
1779071704,3610.325737
1779071704,2992.735413
1779071704,4536.626933
1779071704,4229.239138
1779071704,2681.971854
1779071704,3302.695628
1779071704,2992.605859
1779071704,3302.985765
1779071704,2994.024711
1779071704,2682.866451
1779071704,3919.338463
1779071704,2682.237212
1779071704,2993.027751
1779071704,3612.409409
1779071704,2683.303222
1779071704,2682.995367
1779071704,2683.000208
1779071704,3303.727639
1779071704,3304.084052
1779071704,2994.940827
1779071704,2995.565709
1779071704,3304.531146
1779071704,2995.796355
1779071704,2995.866571
1779071704,2996.148449
1779071704,2995.999849
1779071704,3303.218315
1779071704,2995.347709
1779071704,2991.989177
1779071704,3302.131830
1779071704,2990.339637
1779071704,2989.115761
1779071704,2992.591957
1779071704,2991.659174
1779071704,2993.609692
1779071704,2994.118970
1779071704,2994.206227
1779071704,2994.259522
1779071704,2991.355612
1779071704,2991.362807
1779071704,2682.200892
1779071704,2991.232724
1779071704,2991.395107
1779071704,3300.810519
1779071704,2991.570434
1779071704,3300.992357
1779071704,2991.613746
1779071704,3611.140656
1779071704,2990.413718
1779071704,2990.445002
1779071704,2990.418447
1779071704,3301.252792
1779071704,2681.999286
1779071704,2991.106691
1779071704,2992.509204
1779071704,2991.758760
1779071704,2991.856455
1779071704,2993.229635
1779071704,2991.205763
1779071704,3919.624928
1779071704,2993.959253
1779071704,2992.025027
1779071704,2993.358898
1779071704,2683.090241
1779071704,2993.300030
1779071704,2683.239051
1779071704,2995.114851
1779071704,3303.204720
1779071704,2995.479029
1779071704,2995.713868
1779071704,2994.015336
1779071704,3304.475826
1779071704,2995.273416
1779071704,2995.122826
1779071704,2683.046246
1779071704,2682.174287
1779071704,2992.771089
1779071704,2996.251884
1779071704,2995.663273
1779071704,2990.301797
1779071704,3301.264396
1779071704,2989.107489
1779071704,2992.895609
1779071704,2993.027217
1779071704,2992.439852
1779071704,2993.754427
1779071704,2994.279758
1779071704,2994.291735
1779071704,2989.536714
1779071704,2991.130393
1779071704,2991.292919
1779071704,2991.301848
1779071704,3300.573408
1779071704,2990.350066
1779071704,4537.749329
1779071704,2991.801652
1779071704,2990.588066
1779071704,2681.678707
1779071704,2681.843368
1779071704,2990.673840
1779071704,2681.937234
1779071704,3301.432891
1779071704,2991.067556
1779071704,2990.560628
1779071704,2990.874009
1779071704,2990.829179
1779071704,2990.828834
1779071704,2991.258962
1779071704,2990.802199
1779071704,2990.832781
1779071704,2991.034303
1779071704,2990.762525
1779071704,3302.039794
1779071704,2683.053137
1779071704,2990.103677
1779071704,2990.814623
1779071704,2990.063396
1779071704,3611.023073
1779071704,2683.323180
1779071704,2683.216079
1779071704,2990.838667
1779071704,2990.872568
1779071704,2989.777140
1779071704,2683.084787
1779071704,2682.659847
1779071704,2990.139012
1779071704,2989.751931
1779071704,2990.184127
1779071704,2990.552682
1779071704,2989.064126
1779071704,2990.590000
1779071704,2988.564217
1779071704,2992.646359
1779071704,2992.776450
1779071704,2993.611263
1779071704,2993.785911
1779071704,2994.092412
1779071704,2994.025600
1779071704,2991.379979
1779071704,2681.768965
1779071704,2991.572048
1779071704,2681.996441
1779071704,2682.039481
1779071704,2682.252919
1779071704,3301.796231
1779071704,2682.531276
1779071704,2682.682978
1779071704,2682.574159
1779071704,2990.010022
1779071704,2990.138985
1779071704,2681.537977
1779071704,2681.464271
1779071704,2990.270312
1779071704,3300.115514
1779071704,2990.970470
1779071704,2990.784590
1779071704,2990.883270
1779071704,4229.061552
1779071704,2682.719987
1779071704,2991.076036
1779071704,2991.121305
1779071704,3611.215465
1779071704,3301.929256
1779071704,3611.211386
1779071704,3302.165745
1779071704,2682.177946
1779071704,2990.181279
1779071704,2683.201350
1779071704,2683.422963
1779071704,2990.634329
1779071704,2990.746742
1779071704,2989.894048
1779071704,2991.000719
1779071704,2990.988605
1779071704,2682.250565
1779071704,2990.294701
1779071704,2989.780201
1779071704,2990.087208
1779071704,2990.682638
1779071704,2989.913960
1779071704,2987.951537
1779071704,2990.164548
1779071704,2992.342127
1779071704,2992.336458
1779071704,2992.844210
1779071704,2993.168658
1779071704,2682.798213
1779071704,2993.664994
1779071704,2991.035832
1779071704,2991.029592
1779071704,2681.817843
1779071704,2681.740968
1779071704,2991.222728
1779071704,2991.484318
1779071704,2681.940250
1779071704,2991.395884
1779071704,2682.044375
1779071704,2682.068569
1779071704,2682.204278
1779071704,2682.358550
1779071704,2682.266692
1779071704,2990.579016
1779071704,2989.650218
1779071704,2991.045563
1779071704,2682.700903
1779071704,2992.400634
1779071704,2990.160812
1779071704,2990.265329
1779071704,2990.493653
1779071704,2990.590649
1779071704,2990.759425
1779071704,3301.107090
1779071704,2990.987955
1779071704,2990.689413
1779071704,3920.249703
1779071704,2990.748397
1779071704,2990.948531
1779071704,2990.180058
1779071704,2682.650163
1779071704,2990.175167
1779071704,2990.444208
1779071704,2682.623883
1779071704,2990.681089
1779071704,2989.943553
1779071704,2990.102161
1779071704,3303.816064
1779071704,2990.247848
1779071704,2990.513651
1779071704,2990.640985
1779071704,2990.395987
1779071704,2989.353410
1779071704,2989.027280
1779071704,2992.507890
1779071704,2992.893732
1779071704,2992.966399
1779071704,2995.700749
1779071704,2995.785460
1779071704,2995.761738
1779071705,2682.088290
1779071705,3299.399149
1779071705,2990.684193
1779071705,2990.705194
1779071705,2682.060095
1779071705,2682.023322
1779071705,2682.225146
1779071705,2682.243320
1779071705,2989.773195
1779071705,2682.343400
1779071705,2991.305577
1779071705,3300.120632
1779071705,2681.184067
1779071705,2991.509114
1779071705,2681.273713
1779071705,2991.329255
1779071705,2681.626573
1779071705,2990.513954
1779071705,2990.715660
1779071705,2990.766478
1779071705,2990.744864
1779071705,2991.236252
1779071705,3299.085822
1779071705,2991.580615
1779071705,2682.753392
1779071705,2991.716780
1779071705,2682.857657
1779071705,2991.333161
1779071705,3299.076664
1779071705,3297.815544
1779071705,3299.020640
1779071705,2991.621778
1779071705,2991.090491
1779071705,3298.132178
1779071705,2990.645616
1779071705,2990.216412
1779071705,2990.287127
1779071705,2990.336139
1779071705,2990.799279
1779071705,2990.464048
1779071705,2995.982331
1779071705,2995.345843
1779071705,2992.762197
1779071705,2993.594364
1779071705,2999.331607
1779071705,2999.304268
1779071705,2999.454850
1779071705,2993.647489
1779071705,2992.575669
1779071705,2993.770349
1779071705,3299.305352
1779071705,2682.096232
1779071705,2682.105608
1779071705,2682.132475
1779071705,3299.714390
1779071705,2682.351890
1779071705,2991.369841
1779071705,2681.258939
1779071705,2990.057739
1779071705,2991.702370
1779071705,2682.782145
1779071705,2681.866545
1779071705,2681.723087
1779071705,2681.893288
1779071705,2991.054360
1779071705,2682.021173
1779071705,2991.185088
1779071705,2991.373090
1779071705,2682.274427
1779071705,2682.412156
1779071705,2990.684994
1779071705,2682.043884
1779071705,2991.510409
1779071705,2990.982390
1779071705,3299.527843
1779071705,3299.273630
1779071705,2682.086887
1779071705,3298.470857
1779071705,2682.485079
1779071705,2991.307910
1779071705,2991.836299
1779071705,2682.812647
1779071705,2990.880260
1779071705,2991.003450
1779071705,2990.501664
1779071705,3297.976864
1779071705,2989.810981
1779071705,2990.065154
1779071705,2990.564072
1779071705,2990.378766
1779071705,2990.681594
1779071705,2990.639197
1779071705,2683.065447
1779071705,2989.262722
1779071705,2993.586393
1779071705,2992.699674
1779071705,2683.150936
1779071705,2992.945274
1779071705,3303.294885
1779071705,2993.053404
1779071705,2680.592317
1779071705,3300.021285
1779071705,3609.198757
1779071705,2680.997060
1779071705,2680.931222
1779071705,2681.042589
1779071705,2681.156861
1779071705,2681.292936
1779071705,3607.537890
1779071705,2681.610516
1779071705,2681.742283
1779071705,2989.305630
1779071705,2681.749671
1779071705,2682.001034
1779071705,2682.215522
1779071705,2992.214087
1779071705,2681.583309
1779071705,2681.702650
1779071705,2991.504016
1779071705,2681.875596
1779071705,2991.240738
1779071705,2991.205205
1779071705,3918.888866
1779071705,2682.282814
1779071705,2682.373923
1779071705,3302.487393
1779071705,2992.816221
1779071705,2990.082390
1779071705,2989.917800
1779071705,3303.089217
1779071705,2990.368717
1779071705,2990.171015
1779071705,2685.370782
1779071705,2684.035394
1779071705,2684.545584
1779071705,2990.930645
1779071705,2685.014315
1779071705,2994.925038
1779071705,2990.753597
1779071705,2992.587446
1779071705,2685.775870
1779071705,3302.574556
1779071705,2989.442590
1779071705,2988.074176
1779071705,2994.681633
1779071705,2994.704179
1779071705,2994.731945
1779071705,2992.778665
1779071705,2992.852098
1779071705,2992.923753
1779071705,2680.675744
1779071705,3299.261582
1779071705,2680.710334
1779071705,2680.894333
1779071705,2680.729362
1779071705,2680.761556
1779071705,3299.857363
1779071705,3299.903676
1779071705,2681.336793
1779071705,2681.468499
1779071705,2681.541023
1779071705,2990.565383
1779071705,2682.216534
1779071705,2991.348313
1779071705,2992.629563
1779071705,2682.832654
1779071705,2683.132970
1779071705,2683.218882
1779071705,3300.760179
1779071705,2992.183638
1779071705,2992.400847
1779071705,2992.819904
1779071705,3301.443492
1779071705,2991.667134
1779071705,2992.099548
1779071705,2992.433335
1779071705,2993.208855
1779071705,2683.502286
1779071705,2993.885585
1779071705,2993.678833
1779071705,2992.205326
1779071705,2992.049795
1779071705,2994.365369
1779071705,2991.594325
1779071705,2684.430126
1779071705,2685.219927
1779071705,2992.212378
1779071705,2992.356615
1779071705,2989.233872
1779071705,2993.426549
1779071705,2988.311002
1779071705,2991.894956
1779071705,3306.779975
1779071705,2993.622232
1779071705,2994.926921
1779071705,2994.937919
1779071705,2994.908715
1779071705,2993.131533
1779071705,2993.202608
1779071705,2993.623599
1779071705,3608.727521
1779071705,2680.734783
1779071705,2680.672021
1779071705,2680.671297
1779071705,2680.934671
1779071705,2680.897159
1779071705,2681.154944
1779071705,2681.228888
1779071705,2681.182352
1779071705,2990.693913
1779071705,2681.453008
1779071705,2681.535683
1779071705,2681.836998
1779071705,3300.754751
1779071705,2682.338524
1779071705,2682.344069
1779071705,3609.598349
1779071705,2681.261540
1779071705,2992.252307
1779071705,2991.125691
1779071705,2680.589502
1779071705,3300.977663
1779071705,2991.572613
1779071705,2682.319367
1779071705,2681.334438
1779071705,2681.524169
1779071705,3301.283785
1779071705,2682.887085
1779071705,2682.061601
1779071705,2683.655759
1779071705,3300.677380
1779071705,2993.398843
1779071705,2993.498311
1779071705,2993.787560
1779071705,2684.675400
1779071705,2992.558696
1779071705,2994.344160
1779071705,2683.673478
1779071705,2992.850925
1779071705,2684.673063
1779071705,2993.058249
1779071705,3297.689270
1779071705,2686.030126
1779071705,2682.265336
1779071705,2994.113909
1779071705,3303.693277
1779071705,2994.252255
1779071705,2992.881831
1779071705,2992.819318
1779071705,2993.373827
1779071705,3298.992412
1779071705,3607.630623
1779071705,3299.498046
1779071705,3299.556884
1779071705,3609.382692
1779071705,3299.814127
1779071705,2989.799837
1779071705,2990.295547
1779071705,2990.222464
1779071705,3608.583899
1779071705,3300.314819
1779071705,3299.496774
1779071705,2990.759406
1779071705,3609.003857
1779071705,2991.395196
1779071705,2991.332048
1779071705,2681.386530
1779071705,3300.015410
1779071705,2990.545811
1779071705,2990.605099
1779071705,3299.948273
1779071705,3300.760027
1779071705,3300.026079
1779071705,3300.633849
1779071705,3300.217188
1779071705,2991.723862
1779071705,3301.430284
1779071705,2991.824066
1779071705,3300.822771
1779071705,3300.631766
1779071705,2992.598612
1779071705,3300.560880
1779071705,2993.002821
1779071705,2993.077899
1779071705,2992.643781
1779071705,2993.365804
1779071705,2993.636506
1779071705,2992.812760
1779071705,2683.007191
1779071705,2993.421964
1779071705,2993.068203
1779071705,2992.823073
1779071705,2685.245329
1779071705,2989.773863
1779071705,2994.419660
1779071705,2994.448170
1779071705,2994.437277
1779071705,2992.565937
1779071705,2992.573295
1779071705,2992.656571
1779071705,3606.658682
1779071705,3607.435159
1779071705,3607.466631
1779071705,3298.822768
1779071705,4226.717905
1779071705,3608.021333
1779071705,3299.228616
1779071705,2989.331346
1779071705,3298.170697
1779071705,3298.239621
1779071705,2989.901635
1779071705,2990.004353
1779071705,2990.150252
1779071705,3298.950528
1779071705,3299.725569
1779071705,2989.562444
1779071705,2990.968696
1779071705,3299.918860
1779071705,3299.989912
1779071705,2991.772132
1779071705,2679.862866
1779071705,2990.549251
1779071705,2990.390793
1779071705,2680.805309
1779071705,2680.675001
1779071705,2990.907577
1779071705,2990.867072
1779071705,2990.446435
1779071705,2991.196431
1779071705,2991.939619
1779071705,3301.556505
1779071705,3301.126496
1779071705,2992.377127
1779071705,2992.877715
1779071705,2992.741194
1779071705,2681.186183
1779071705,2993.523674
1779071705,2993.304267
1779071705,2993.537229
1779071705,2993.465884
1779071705,2993.294950
1779071705,2993.153261
1779071705,2989.545611
1779071705,2989.970461
1779071705,2993.747727
1779071705,2993.710014
1779071705,2993.853430
1779071705,2992.992130
1779071705,2993.094134
1779071705,2683.783000
1779071705,2677.680605
1779071705,2988.098838
1779071705,3298.809956
1779071705,3916.550337
1779071705,3916.644645
1779071705,3916.810707
1779071705,2678.554779
1779071705,3607.189956
1779071705,3298.526827
1779071705,2989.366787
1779071705,3299.146459
1779071705,2987.345477
1779071705,2988.620451
1779071705,3608.220321
1779071705,3608.277281
1779071705,3299.731190
1779071705,2989.195948
1779071705,3298.574229
1779071705,2989.571849
1779071705,2679.605345
1779071705,2989.891824
1779071705,2988.982872
1779071705,3299.368632
1779071705,3299.904938
1779071705,2990.442307
1779071705,2680.180981
1779071705,2680.750370
1779071705,2990.938987
1779071705,3300.388032
1779071705,3301.177927
1779071705,3302.437258
1779071705,2990.820941
1779071705,2991.093582
1779071705,3611.176827
1779071705,2678.322292
1779071705,2992.847394
1779071705,2993.272659
1779071705,3300.901187
1779071705,3301.488961
1779071705,2993.745690
1779071705,2678.998997
1779071705,3298.673298
1779071705,2990.449625
1779071705,3298.974430
1779071705,2994.033021
1779071705,2994.065542
1779071705,2994.037577
1779071705,2992.868799
1779071705,2993.045243
1779071705,2683.922583
1779071705,2678.903171
1779071705,2987.521830
1779071705,2987.614542
1779071705,2677.971095
1779071705,2987.760584
1779071705,2987.693909
1779071705,2987.880957
1779071705,2678.099999
1779071705,2678.369907
1779071705,2678.445176
1779071705,2988.307318
1779071705,2988.573731
1779071705,2988.633863
1779071705,3607.073113
1779071705,2679.374602
1779071705,2989.136136
1779071705,2989.608757
1779071705,2680.077780
1779071705,2989.684403
1779071705,2988.573557
1779071705,2988.706242
1779071705,2988.865322
1779071705,2988.085720
1779071705,2679.633569
1779071705,2989.388547
1779071705,2679.860661
1779071705,2988.501518
1779071705,2989.836128
1779071705,2989.724385
1779071705,2989.655588
1779071705,2990.398347
1779071705,2990.165405
1779071705,2990.782021
1779071705,2990.419176
1779071705,2990.637498
1779071705,2991.399014
1779071705,2991.490632
1779071705,3300.927943
1779071705,2992.145139
1779071705,2992.137117
1779071705,3297.706207
1779071705,2990.359850
1779071705,2993.366113
1779071705,2990.243733
1779071705,2994.082985
1779071705,2993.990965
1779071705,2994.186793
1779071705,2993.037199
1779071705,2993.046412
1779071705,2993.071744
1779071705,2679.041956
1779071705,2987.770545
1779071705,2679.193707
1779071705,2987.813333
1779071705,2679.449467
1779071705,2987.942905
1779071705,2679.519115
1779071705,2679.441169
1779071705,2988.057857
1779071705,2988.265658
1779071705,2679.820636
1779071705,2987.039524
1779071705,2679.914113
1779071705,2988.648918
1779071705,2988.603172
1779071705,2988.620852
1779071705,2987.860149
1779071705,2987.822355
1779071705,3298.129454
1779071705,2988.069942
1779071705,2987.912545
1779071705,2679.968265
1779071705,3298.614962
1779071705,2988.710852
1779071705,2680.387854
1779071705,2989.052031
1779071705,2989.338292
1779071705,2988.551394
1779071705,2679.767809
1779071705,2988.557751
1779071705,2989.004196
1779071705,2989.182745
1779071705,2989.488298
1779071705,2677.070206
1779071705,2989.332772
1779071705,2988.729289
1779071705,2988.963250
1779071705,2987.287992
1779071705,2988.734624
1779071705,2988.834753
1779071705,2990.887177
1779071705,2989.113327
1779071705,2989.157770
1779071705,2989.231734
1779071705,2993.599650
1779071705,2993.508767
1779071705,2993.739666
1779071705,2993.001635
1779071705,2993.107906
1779071705,3302.821121
1779071706,2986.748231
1779071706,2677.395996
1779071706,2987.451680
1779071706,2987.340525
1779071706,2987.399441
1779071706,3607.162544
1779071706,2677.943056
1779071706,2678.216347
1779071706,4225.179214
1779071706,2678.402137
1779071706,2678.587631
1779071706,3605.410033
1779071706,2988.082638
1779071706,2988.297931
1779071706,2987.121515
1779071706,2678.914220
1779071706,2678.839688
1779071706,2987.770947
1779071706,2987.732398
1779071706,2679.823200
1779071706,2987.631926
1779071706,2988.292350
1779071706,2678.733152
1779071706,2988.271826
1779071706,3298.429244
1779071706,2988.521407
1779071706,2988.865759
1779071706,2985.033295
1779071706,2989.005768
1779071706,2985.090755
1779071706,2985.469283
1779071706,2985.597397
1779071706,2985.739795
1779071706,4228.458691
1779071706,2985.419864
1779071706,2986.611800
1779071706,2985.757929
1779071706,2985.940871
1779071706,3302.005832
1779071706,2986.522094
1779071706,2987.791531
1779071706,2987.951931
1779071706,2987.937774
1779071706,2988.023413
1779071706,2993.853682
1779071706,2993.940843
1779071706,2994.014465
1779071706,3302.352386
1779071706,2993.220391
1779071706,2993.182758
1779071706,2676.959794
1779071706,3296.033124
1779071706,2677.143781
1779071706,2988.266311
1779071706,2677.780603
1779071706,2677.841472
1779071706,2988.426152
1779071706,2988.602228
1779071706,2987.158691
1779071706,3300.222569
1779071706,2992.653603
1779071706,2992.615950
1779071706,3300.748970
1779071706,2683.282945
1779071706,2992.582386
1779071706,2991.422374
1779071706,2991.940024
1779071706,2991.799444
1779071706,2988.052146
1779071706,2988.103694
1779071706,2988.209064
1779071706,2986.990855
1779071706,2992.137579
1779071706,2992.576871
1779071706,2683.217657
1779071706,2988.700777
1779071706,2987.517107
1779071706,2992.793286
1779071706,2987.851349
1779071706,2684.944722
1779071706,2987.989978
1779071706,2681.599575
1779071706,2988.099994
1779071706,2994.622991
1779071706,2988.264099
1779071706,2684.276750
1779071706,2988.532817
1779071706,2993.912498
1779071706,2686.248825
1779071706,2988.955103
1779071706,2988.952900
1779071706,2988.830049
1779071706,2686.598522
1779071706,3305.304312
1779071706,2994.295431
1779071706,2994.274147
1779071706,2994.379151
1779071706,2994.206281
1779071706,2994.123055
1779071706,2994.297713
1779071706,3295.694301
1779071706,2986.969022
1779071706,3295.764518
1779071706,3296.203404
1779071706,3296.301369
1779071706,2987.521064
1779071706,2987.658907
1779071706,3296.300777
1779071706,2991.235403
1779071706,2991.527231
1779071706,2683.451062
1779071706,2683.463547
1779071706,2683.524192
1779071706,2683.620820
1779071706,2683.717608
1779071706,2683.665709
1779071706,2992.468179
1779071706,2682.998325
1779071706,3611.529412
1779071706,2682.742401
1779071706,2992.783456
1779071706,2682.899097
1779071706,2683.066123
1779071706,2683.073349
1779071706,2683.226558
1779071706,2683.544102
1779071706,2988.582731
1779071706,2683.640716
1779071706,2683.614777
1779071706,2684.028888
1779071706,2988.983577
1779071706,2685.570308
1779071706,2682.450014
1779071706,2682.999283
1779071706,2681.885213
1779071706,2681.919979
1779071706,2680.586631
1779071706,2680.905760
1779071706,2681.036279
1779071706,3304.823898
1779071706,2681.117317
1779071706,2988.767439
1779071706,2988.898715
1779071706,2989.159467
1779071706,2994.427518
1779071706,2994.504333
1779071706,2994.576311
1779071706,2994.091655
1779071706,2994.043665
1779071706,2994.209117
1779071706,2985.954778
1779071706,3295.393651
1779071706,2986.112007
1779071706,3295.981487
1779071706,2986.330927
1779071706,2986.263543
1779071706,3295.813058
1779071706,2986.615166
1779071706,3299.300350
1779071706,3300.858159
1779071706,2992.083197
1779071706,2991.951579
1779071706,3300.604250
1779071706,3300.619755
1779071706,2682.918977
1779071706,2992.755030
1779071706,2992.827111
1779071706,2683.424507
1779071706,2683.557765
1779071706,2683.610421
1779071706,2683.776001
1779071706,3301.606304
1779071706,2683.740036
1779071706,2682.336009
1779071706,2992.430388
1779071706,2992.711164
1779071706,2992.770457
1779071706,2990.599471
1779071706,2683.410041
1779071706,2992.986771
1779071706,2989.532958
1779071706,2989.537146
1779071706,2989.449446
1779071706,2989.610732
1779071706,2681.722230
1779071706,2682.476656
1779071706,2681.608805
1779071706,2682.623821
1779071706,2989.895911
1779071706,2989.385299
1779071706,2989.905124
1779071706,2989.434333
1779071706,2989.529566
1779071706,2990.114210
1779071706,2994.857245
1779071706,2994.881208
1779071706,2993.817531
1779071706,2995.653567
1779071706,2994.615821
1779071706,2994.689158
1779071706,3295.523204
1779071706,3605.016565
1779071706,2676.882206
1779071706,2986.227853
1779071706,2676.956910
1779071706,2677.090668
1779071706,2986.261434
1779071706,2986.760261
1779071706,3608.204794
1779071706,2991.155834
1779071706,3300.950811
1779071706,3301.326500
1779071706,2682.608692
1779071706,2992.187410
1779071706,2991.935599
1779071706,2682.745766
1779071706,2992.588437
1779071706,2992.662120
1779071706,2991.486958
1779071706,3296.862665
1779071706,2683.627262
1779071706,2988.157828
1779071706,2991.912874
1779071706,2992.094961
1779071706,2683.759458
1779071706,2682.943409
1779071706,2683.005497
1779071706,2683.307308
1779071706,2684.131206
1779071706,2992.435571
1779071706,2990.767006
1779071706,2681.707161
1779071706,2683.617556
1779071706,2989.326672
1779071706,3298.526131
1779071706,2989.473874
1779071706,2989.411235
1779071706,2989.732698
1779071706,2989.676974
1779071706,2681.636156
1779071706,2681.833896
1779071706,2989.693215
1779071706,2990.407889
1779071706,2990.303562
1779071706,2994.042886
1779071706,2994.123471
1779071706,2994.176433
1779071706,2994.662526
1779071706,2994.574373
1779071706,2994.740195
1779071706,2987.669633
1779071706,2678.155756
1779071706,2678.198466
1779071706,3295.257268
1779071706,2986.746270
1779071706,2986.760541
1779071706,3295.902615
1779071706,2679.465268
1779071706,2988.120593
1779071706,3608.189402
1779071706,2990.271123
1779071706,2681.795918
1779071706,2681.814475
1779071706,3607.804112
1779071706,3295.920391
1779071706,2682.441982
1779071706,2991.315516
1779071706,3299.970926
1779071706,3296.299774
1779071706,2682.832728
1779071706,2682.983095
1779071706,2991.906957
1779071706,3301.883375
1779071706,2988.265992
1779071706,2683.161902
1779071706,3297.320327
1779071706,3302.379178
1779071706,2683.372587
1779071706,2684.178168
1779071706,2683.994708
1779071706,2682.000819
1779071706,2681.571135
1779071706,2682.623575
1779071706,3297.005386
1779071706,2683.983736
1779071706,2681.983673
1779071706,2683.146349
1779071706,2989.977213
1779071706,2989.823485
1779071706,3298.663692
1779071706,2990.266391
1779071706,2683.317264
1779071706,2990.959117
1779071706,2682.731670
1779071706,2993.460757
1779071706,2994.461955
1779071706,2994.603602
1779071706,2994.574781
1779071706,2685.283935
1779071706,2994.653563
1779071706,2987.748751
1779071706,2678.447225
1779071706,2987.769246
1779071706,2987.716639
1779071706,2987.862096
1779071706,2987.747565
1779071706,2678.566856
1779071706,2988.310313
1779071706,2988.455210
1779071706,2990.095632
1779071706,2683.036420
1779071706,2991.049365
1779071706,2681.966203
1779071706,2991.127931
1779071706,2682.107565
1779071706,2991.457812
1779071706,2682.365370
1779071706,2991.564896
1779071706,2682.419612
1779071706,2682.509658
1779071706,2682.913395
1779071706,2682.956781
1779071706,2988.769700
1779071706,2683.126334
1779071706,2683.268874
1779071706,2991.286910
1779071706,2991.530642
1779071706,2991.418209
1779071706,2683.897747
1779071706,2683.702964
1779071706,2683.746034
1779071706,3297.892554
1779071706,3297.828558
1779071706,2680.702868
1779071706,2683.890173
1779071706,2989.890379
1779071706,2682.139252
1779071706,2682.270446
1779071706,2682.177971
1779071706,2989.367450
1779071706,2990.766908
1779071706,2681.971096
1779071706,2991.238023
1779071706,2990.847313
1779071706,2993.729791
1779071706,2994.592349
1779071706,2994.610381
1779071706,2994.323807
1779071706,2994.386893
1779071706,2994.336156
1779071706,2985.917535
1779071706,3914.204969
1779071706,3914.900686
1779071706,3914.880302
1779071706,2986.798896
1779071706,2986.728246
1779071706,2986.695207
1779071706,2986.861330
1779071706,2988.140567
1779071706,2989.758427
1779071706,3299.926921
1779071706,2990.685926
1779071706,3300.174803
1779071706,2682.748039
1779071706,2991.113187
1779071706,3300.494512
1779071706,2991.217551
1779071706,2991.379742
1779071706,2682.601674
1779071706,2990.554305
1779071706,3301.119180
1779071706,2681.575043
1779071706,2988.409708
1779071706,3609.552266
1779071706,3300.320559
1779071706,3299.149525
1779071706,2991.285001
1779071706,2681.715695
1779071706,3298.474880
1779071706,2990.306605
1779071706,2991.722345
1779071706,3297.418831
1779071706,2992.299930
1779071706,2991.015064
1779071706,2989.771684
1779071706,2989.841795
1779071706,2988.611512
1779071706,3298.561835
1779071706,2990.302723
1779071706,3298.525061
1779071706,2989.435135
1779071706,2989.760167
1779071706,2990.038655
1779071706,2990.112313
1779071706,2992.843404
1779071706,2993.705335
1779071706,2993.841539
1779071706,2994.516063
1779071706,2994.439815
1779071706,2994.568561
1779071706,2986.839689
1779071706,2986.738042
1779071706,3296.636590
1779071706,3914.260008
1779071706,2987.213617
1779071706,3296.923376
1779071706,2987.283620
1779071706,2987.399880
1779071706,2987.611431
1779071706,2989.074481
1779071706,3608.553955
1779071706,3609.846485
1779071706,2682.219468
1779071706,2990.451435
1779071706,2990.489559
1779071706,2990.590089
1779071706,2990.821903
1779071706,3609.286910
1779071706,2991.084487
1779071706,3604.560950
1779071706,4227.608985
1779071706,2991.262041
1779071706,2991.182703
1779071706,2991.282714
1779071706,2681.033035
1779071706,2681.087822
1779071706,2991.343618
1779071706,3610.537097
1779071706,2680.893664
1779071706,2680.714932
1779071706,3605.737102
1779071706,3303.477002
1779071706,2680.330150
1779071706,3605.126838
1779071706,3297.511962
1779071706,2989.650949
1779071706,2989.622950
1779071706,2989.340198
1779071706,2680.102603
1779071706,3298.558229
1779071706,3304.066214
1779071706,2990.009996
1779071706,2990.483003
1779071706,2990.474962
1779071706,2993.351323
1779071706,2993.892591
1779071706,2994.036809
1779071706,3304.915069
1779071706,2995.416565
1779071706,2995.591622
1779071706,3295.727181
1779071706,3295.809879
1779071706,2986.537639
1779071706,2986.614971
1779071706,2679.497311
1779071706,2679.597250
1779071706,2678.698292
1779071706,2679.943990
1779071706,2988.460244
1779071706,2989.923429
1779071706,2989.655558
1779071706,2989.905326
1779071706,3299.161772
1779071706,3608.668789
1779071706,3609.032051
1779071706,2990.346274
1779071706,2682.296593
1779071706,3299.627367
1779071706,2682.423420
1779071706,3609.432832
1779071706,3609.477647
1779071706,2681.243051
1779071706,3299.024575
1779071706,3298.951200
1779071706,2991.151149
1779071706,3605.012268
1779071706,2991.266334
1779071706,3300.676303
1779071706,2991.243436
1779071706,2680.654758
1779071706,2990.568863
1779071706,2990.054785
1779071706,2990.200489
1779071706,3606.118918
1779071706,2680.928685
1779071706,3297.903068
1779071706,2680.771175
1779071706,3297.280709
1779071706,3298.510483
1779071706,3299.279758
1779071706,2990.235833
1779071706,2990.559772
1779071706,2991.010925
1779071706,2990.980523
1779071706,2992.786034
1779071706,2993.276214
1779071706,2993.413866
1779071707,2995.775623
1779071707,2995.758374
1779071707,2994.696798
1779071707,2986.449234
1779071707,2986.515690
1779071707,2987.732292
1779071707,2986.443112
1779071707,2679.896918
1779071707,2987.843908
1779071707,2679.071751
1779071707,2679.100806
1779071707,2988.067920
1779071707,2989.394928
1779071707,2681.088288
1779071707,2990.566149
1779071707,3298.720255
1779071707,2990.005989
1779071707,2990.067923
1779071707,3299.006488
1779071707,2989.730267
1779071707,2987.571752
1779071707,2990.516657
1779071707,3607.896708
1779071707,2682.880785
1779071707,2681.631403
1779071707,2989.654661
1779071707,3299.225970
1779071707,2988.538468
1779071707,2989.041612
1779071707,2680.731345
1779071707,2988.753225
1779071707,2988.657795
1779071707,2987.832322
1779071707,2988.858245
1779071707,2680.625859
1779071707,2988.935870
1779071707,2680.822447
1779071707,2989.040177
1779071707,2989.074739
1779071707,2987.425275
1779071707,2987.909618
1779071707,2988.229598
1779071707,2988.218332
1779071707,2987.599800
1779071707,2988.204946
1779071707,2988.089395
1779071707,2989.313851
1779071707,2993.318396
1779071707,2993.860038
1779071707,2993.857149
1779071707,2995.551614
1779071707,2994.464954
1779071707,2995.665292
1779071707,2987.484449
1779071707,2987.508127
1779071707,2679.273447
1779071707,2987.707996
1779071707,2987.662600
1779071707,2679.219387
1779071707,2987.579267
1779071707,2986.713721
1779071707,2987.591424
1779071707,2988.981166
1779071707,3915.526808
1779071707,2988.766756
1779071707,2990.210775
1779071707,2989.968177
1779071707,2989.776100
1779071707,2989.590858
1779071707,2989.427590
1779071707,2990.149838
1779071707,2989.273964
1779071707,2681.602340
1779071707,2989.562094
1779071707,2988.666642
1779071707,3299.256564
1779071707,3604.422290
1779071707,2682.228691
1779071707,2680.733839
1779071707,2680.776574
1779071707,3913.310422
1779071707,2988.536977
1779071707,2988.270203
1779071707,2680.394994
1779071707,3297.803263
1779071707,2988.368373
1779071707,2987.460754
1779071707,2987.591140
1779071707,2680.986835
1779071707,3914.789109
1779071707,2986.469961
1779071707,2987.524543
1779071707,2988.047325
1779071707,2988.526844
1779071707,2988.088168
1779071707,2680.109082
1779071707,2987.293229
1779071707,2992.635447
1779071707,2992.897199
1779071707,2993.032124
1779071707,2995.069615
1779071707,2995.073565
1779071707,2995.077216
1779071707,3295.364414
1779071707,2987.227498
1779071707,2987.133823
1779071707,3295.514550
1779071707,3295.562019
1779071707,2987.272358
1779071707,3295.645350
1779071707,2679.035707
1779071707,2987.736030
1779071707,2988.381317
1779071707,2988.483306
1779071707,2988.855039
1779071707,2988.465817
1779071707,3916.101324
1779071707,2989.470227
1779071707,2681.167276
1779071707,2989.005261
1779071707,2989.294500
1779071707,3297.080133
1779071707,2989.420361
1779071707,3916.161044
1779071707,2988.348869
1779071707,2988.554470
1779071707,2990.825598
1779071707,2681.591586
1779071707,2988.746162
1779071707,2988.631712
1779071707,2988.346629
1779071707,2988.989344
1779071707,2988.371557
1779071707,3297.646157
1779071707,2986.703269
1779071707,2988.805699
1779071707,2988.364598
1779071707,3914.321145
1779071707,2987.610337
1779071707,2988.783723
1779071707,2987.632762
1779071707,2987.657016
1779071707,2987.217160
1779071707,2988.258097
1779071707,2988.013186
1779071707,2987.649751
1779071707,2988.398338
1779071707,2993.664137
1779071707,2993.935446
1779071707,2993.975113
1779071707,2994.967660
1779071707,2994.965914
1779071707,2994.940522
1779071707,2988.854717
1779071707,2679.231738
1779071707,3297.002614
1779071707,2989.033032
1779071707,3295.759232
1779071707,2986.930898
1779071707,3295.828474
1779071707,2988.108870
1779071707,2987.218227
1779071707,2988.402276
1779071707,2988.497020
1779071707,3295.928941
1779071707,2680.123426
1779071707,2989.110201
1779071707,2989.036906
1779071707,3296.644142
1779071707,2681.369447
1779071707,2989.149334
1779071707,2989.146590
1779071707,2680.497899
1779071707,2987.452464
1779071707,3296.715121
1779071707,2989.194320
1779071707,2988.186754
1779071707,2681.063721
1779071707,2681.794520
1779071707,2988.099336
1779071707,2988.330459
1779071707,2989.828406
1779071707,2679.936380
1779071707,3296.326516
1779071707,2988.251281
1779071707,3295.573822
1779071707,2988.042000
1779071707,2988.153896
1779071707,2680.111519
1779071707,2680.077424
1779071707,2987.646705
1779071707,2987.514084
1779071707,2988.302876
1779071707,2987.578699
1779071707,2988.137014
1779071707,2987.205922
1779071707,2988.543936
1779071707,2993.919882
1779071707,2994.062573
1779071707,2994.209327
1779071707,2995.199773
1779071707,2995.249792
1779071707,2995.238661
1779071707,2987.864577
1779071707,2988.276016
1779071707,3296.896718
1779071707,2988.441459
1779071707,2988.392858
1779071707,2679.402789
1779071707,2987.371510
1779071707,3295.869353
1779071707,2987.485360
1779071707,2988.559336
1779071707,2988.687249
1779071707,2988.754325
1779071707,2988.851309
1779071707,2989.286570
1779071707,2988.617209
1779071707,2988.271063
1779071707,2988.801615
1779071707,3295.837962
1779071707,3297.007051
1779071707,2989.024882
1779071707,2681.252811
1779071707,3295.647105
1779071707,2681.394480
1779071707,2680.984064
1779071707,2680.927727
1779071707,2680.621485
1779071707,2987.910367
1779071707,3296.482670
1779071707,2987.963853
1779071707,2988.200588
1779071707,3295.845294
1779071707,2990.006044
1779071707,2987.821687
1779071707,2987.429308
1779071707,2987.488585
1779071707,2988.240508
1779071707,2987.896767
1779071707,2987.895728
1779071707,2680.115293
1779071707,2988.023362
1779071707,2987.592487
1779071707,3296.532294
1779071707,2988.469925
1779071707,2987.289734
1779071707,2993.636513
1779071707,2993.698674
1779071707,2994.688714
1779071707,2995.125144
1779071707,2995.302715
1779071707,2995.331662
1779071707,2678.868465
1779071707,2987.179181
1779071707,2987.475130
1779071707,2679.496551
1779071707,2679.624923
1779071707,2679.626383
1779071707,2988.156043
1779071707,3296.208253
1779071707,2678.721413
1779071707,2988.851983
1779071707,2988.995373
1779071707,2987.829461
1779071707,2988.157163
1779071707,5773.193085
1779071707,2988.771347
1779071707,2988.973846
1779071707,2680.591359
1779071707,2680.765214
1779071707,2988.477299
1779071707,2679.829160
1779071707,2989.041452
1779071707,3295.399448
1779071707,2988.278420
1779071707,2680.567376
1779071707,2989.345892
1779071707,2988.244843
1779071707,2988.580378
1779071707,2988.602797
1779071707,2988.494009
1779071707,2988.168132
1779071707,2987.432036
1779071707,2680.615599
1779071707,2988.572057
1779071707,2987.750036
1779071707,2987.832010
1779071707,2987.964016
1779071707,2988.007550
1779071707,2987.873109
1779071707,2987.530749
1779071707,2988.092400
1779071707,2988.456655
1779071707,2988.417073
1779071707,2988.677258
1779071707,2987.508980
1779071707,2993.802160
1779071707,2994.961708
1779071707,2995.025156
1779071707,2995.751665
1779071707,2995.669693
1779071707,2995.836870
1779071707,2987.328080
1779071707,2987.152492
1779071707,2987.329605
1779071707,2676.318587
1779071707,2676.508622
1779071707,3296.579243
1779071707,2986.800939
1779071707,2988.135211
1779071707,2988.110200
1779071707,3296.465606
1779071707,2987.732361
1779071707,2988.154893
1779071707,2988.094042
1779071707,2988.187024
1779071707,3297.102476
1779071707,2988.967097
1779071707,2989.258647
1779071707,2679.008885
1779071707,2989.329945
1779071707,3295.995477
1779071707,2988.971639
1779071707,3604.589043
1779071707,2988.474976
1779071707,2988.715205
1779071707,2988.234958
1779071707,2989.292849
1779071707,2988.435427
1779071707,3296.641660
1779071707,2987.835659
1779071707,3295.973139
1779071707,3295.372055
1779071707,2990.009563
1779071707,2990.168471
1779071707,2987.810160
1779071707,2988.505355
1779071707,2990.083509
1779071707,2988.056277
1779071707,2989.962504
1779071707,2988.551088
1779071707,2683.254239
1779071707,2988.408913
1779071707,2988.526072
1779071707,2988.404045
1779071707,2991.395376
1779071707,2994.265356
1779071707,2994.265305
1779071707,2994.270962
1779071707,2995.541456
1779071707,2996.524763
1779071707,2995.606190
1779071707,2987.270747
1779071707,2987.418800
1779071707,2987.484308
1779071707,2986.513732
1779071707,2988.033707
1779071707,2987.863138
1779071707,2987.962571
1779071707,2987.304433
1779071707,2987.304703
1779071707,2987.578489
1779071707,2988.943378
1779071707,2987.907618
1779071707,2988.002064
1779071707,2679.540123
1779071707,2988.156769
1779071707,2988.361606
1779071707,2679.818805
1779071707,3296.774180
1779071707,2680.405583
1779071707,2988.837062
1779071707,2989.512250
1779071707,3296.104294
1779071707,2680.218718
1779071707,3296.434206
1779071707,2989.160813
1779071707,2680.335733
1779071707,2680.408393
1779071707,2681.057537
1779071707,2989.118923
1779071707,2680.649272
1779071707,2988.163307
1779071707,2988.140902
1779071707,2680.787636
1779071707,2988.635894
1779071707,2681.112142
1779071707,2682.190428
1779071707,2989.326454
1779071707,3297.039265
1779071707,2989.729346
1779071707,2989.268335
1779071707,2988.933408
1779071707,2988.292556
1779071707,2675.494183
1779071707,2989.422986
1779071707,2994.439548
1779071707,2994.419909
1779071707,2994.469725
1779071707,2995.897837
1779071707,2995.904382
1779071707,2687.589271
1779071707,2677.559446
1779071707,2987.511195
1779071707,2678.019894
1779071707,3296.062409
1779071707,2678.025924
1779071707,3296.317984
1779071707,2986.859141
1779071707,2987.020876
1779071707,2987.436681
1779071707,2987.514725
1779071707,2987.763084
1779071707,2987.627071
1779071707,2988.078273
1779071707,2988.071525
1779071707,2987.122598
1779071707,3296.107358
1779071707,2678.869017
1779071707,3296.662131
1779071707,2679.288391
1779071707,2679.741469
1779071707,2679.792645
1779071707,2679.833853
1779071707,3296.859455
1779071707,2988.674467
1779071707,2679.950852
1779071707,2679.434303
1779071707,2989.177891
1779071707,2680.218166
1779071707,2988.157348
1779071707,2989.698854
1779071707,2680.624136
1779071707,2681.104671
1779071707,2681.099204
1779071707,2989.518770
1779071707,2681.208328
1779071707,2988.489162
1779071707,2989.445435
1779071707,2989.358202
1779071707,2989.231069
1779071707,2989.859606
1779071707,2679.702942
1779071707,2988.915085
1779071707,2988.920918
1779071707,2681.887910
1779071707,2994.497275
1779071707,2994.419553
1779071707,2994.549707
1779071707,2990.227374
1779071707,2990.779099
1779071707,2991.152042
1779071707,2984.730691
1779071707,2677.405023
1779071707,3296.163796
1779071707,3296.385760
1779071707,2984.910208
1779071707,2984.809905
1779071707,2985.480929
1779071707,2985.217437
1779071707,2985.265972
1779071707,2985.211043
1779071707,2678.356452
1779071707,2985.334789
1779071707,2986.132235
1779071707,2986.022636
1779071707,2986.182517
1779071707,2986.688340
1779071707,2986.618363
1779071707,2986.754729
1779071707,3296.849938
1779071707,2987.566104
1779071707,2987.414344
1779071707,2987.390906
1779071707,2679.001074
1779071707,2987.856340
1779071707,2988.027614
1779071707,2987.999098
1779071707,2988.166218
1779071707,2988.327044
1779071707,3604.128172
1779071707,2988.616793
1779071707,2988.211224
1779071707,2988.196638
1779071707,2989.260990
1779071707,2989.439124
1779071707,2988.881812
1779071707,2990.628195
1779071707,2988.599692
1779071708,2989.192090
1779071708,2988.010207
1779071708,2989.373154
1779071708,2989.526326
1779071708,2989.153454
1779071708,2988.676183
1779071708,2988.010770
1779071708,2985.789940
1779071708,2992.717184
1779071708,2985.796534
1779071708,2993.479885
1779071708,2993.965115
1779071708,2993.768183
1779071708,2985.429127
1779071708,2986.059596
1779071708,3604.986723
1779071708,2987.588745
1779071708,2986.166836
1779071708,2986.102060
1779071708,2677.735993
1779071708,2986.332270
1779071708,2986.745444
1779071708,2986.614787
1779071708,2986.705500
1779071708,2986.836504
1779071708,2987.507148
1779071708,2987.663330
1779071708,2987.507775
1779071708,2677.865459
1779071708,4839.682361
1779071708,2987.193369
1779071708,2987.200884
1779071708,3296.103050
1779071708,3297.858555
1779071708,2987.701530
1779071708,2988.142837
1779071708,3296.801631
1779071708,2988.628220
1779071708,3295.993619
1779071708,2987.499485
1779071708,2987.572035
1779071708,2988.135882
1779071708,3296.208446
1779071708,2988.054133
1779071708,2988.167814
1779071708,2987.543707
1779071708,3298.157766
1779071708,2987.780785
1779071708,3607.705470
1779071708,3298.789174
1779071708,2989.180271
1779071708,3300.600716
1779071708,2989.604623
1779071708,2679.252647
1779071708,2983.376874
1779071708,2983.681658
1779071708,3296.498508
1779071708,2988.682765
1779071708,2988.737872
1779071708,2988.679827
1779071708,2996.582701
1779071708,2685.860747
1779071708,3305.332157
1779071708,2986.085693
1779071708,2986.084109
1779071708,3604.389320
1779071708,3604.312479
1779071708,3604.704521
1779071708,2986.523883
1779071708,2986.524986
1779071708,2986.928643
1779071708,2986.845406
1779071708,2986.922069
1779071708,2986.895689
1779071708,2987.163359
1779071708,2986.344269
1779071708,2986.398350
1779071708,3604.774770
1779071708,2986.806589
1779071708,2986.942074
1779071708,2678.246885
1779071708,3295.879432
1779071708,3296.298234
1779071708,2987.522159
1779071708,2987.421196
1779071708,3296.824321
1779071708,2678.237078
1779071708,3297.015110
1779071708,2988.137608
1779071708,3604.315896
1779071708,2988.342646
1779071708,2987.994509
1779071708,2988.311228
1779071708,3296.385635
1779071708,3297.482210
1779071708,3296.897149
1779071708,2988.965606
1779071708,3298.314329
1779071708,2988.482203
1779071708,2988.575094
1779071708,2987.574837
1779071708,2987.985573
1779071708,2988.879571
1779071708,3297.121279
1779071708,2678.887048
1779071708,3296.112004
1779071708,2990.841847
1779071708,2994.859523
1779071708,2994.879007
1779071708,2994.869609
1779071708,2995.346661
1779071708,2995.336207
1779071708,2995.499480
1779071708,2985.045966
1779071708,2985.710254
1779071708,2985.939852
1779071708,2985.766088
1779071708,2985.991662
1779071708,2986.222890
1779071708,3293.296411
1779071708,2986.412336
1779071708,2986.643296
1779071708,2986.555830
1779071708,3293.780783
1779071708,2985.740732
1779071708,2985.797872
1779071708,2985.762304
1779071708,2985.823111
1779071708,2987.795219
1779071708,2987.894204
1779071708,2986.061770
1779071708,2986.816196
1779071708,2988.409627
1779071708,2986.658627
1779071708,3295.563274
1779071708,2987.011301
1779071708,2678.578099
1779071708,2987.112961
1779071708,2987.581035
1779071708,2678.571746
1779071708,2986.827878
1779071708,2987.402730
1779071708,2679.062240
1779071708,2987.171833
1779071708,2987.591280
1779071708,2987.197672
1779071708,2987.456216
1779071708,2986.764830
1779071708,2987.326929
1779071708,2986.998003
1779071708,2988.237330
1779071708,2987.889634
1779071708,2988.095313
1779071708,2679.849596
1779071708,2988.468861
1779071708,2988.190493
1779071708,2988.684557
1779071708,2992.544368
1779071708,2993.197412
1779071708,2993.155260
1779071708,2996.137632
1779071708,2996.089737
1779071708,2996.249798
1779071708,2985.476082
1779071708,3294.216172
1779071708,2985.644438
1779071708,2984.448889
1779071708,2985.784485
1779071708,2677.909636
1779071708,2986.103577
1779071708,2985.958957
1779071708,2986.415788
1779071708,2985.554288
1779071708,2985.521052
1779071708,2985.767397
1779071708,3295.789849
1779071708,2985.404823
1779071708,2986.315056
1779071708,2986.294040
1779071708,2985.607809
1779071708,2985.824167
1779071708,2985.972472
1779071708,2986.166404
1779071708,2985.736413
1779071708,2985.953575
1779071708,2986.117083
1779071708,2986.234602
1779071708,2986.253275
1779071708,2985.391507
1779071708,2985.668684
1779071708,2678.562393
1779071708,2986.377285
1779071708,2986.164287
1779071708,2986.588099
1779071708,2986.460939
1779071708,2986.391351
1779071708,2986.073674
1779071708,2986.609350
1779071708,2986.162299
1779071708,2986.774469
1779071708,2986.093756
1779071708,3291.196630
1779071708,2987.649826
1779071708,2987.788805
1779071708,2987.628641
1779071708,2987.458828
1779071708,2987.471182
1779071708,2992.137918
1779071708,2992.403154
1779071708,2992.601274
1779071708,2995.104610
1779071708,3305.868381
1779071708,2995.405557
1779071708,2985.166371
1779071708,2677.645573
1779071708,2985.292557
1779071708,2985.765310
1779071708,2985.656118
1779071708,2678.071455
1779071708,2678.225526
1779071708,2678.306574
1779071708,2985.982131
1779071708,2985.038020
1779071708,2986.299888
1779071708,2679.097236
1779071708,2985.662254
1779071708,2677.994537
1779071708,2985.695601
1779071708,2985.891561
1779071708,2984.903136
1779071708,2677.603973
1779071708,2986.140647
1779071708,2985.790802
1779071708,2985.974024
1779071708,2986.098751
1779071708,2677.389014
1779071708,2986.273543
1779071708,3604.843221
1779071708,2986.040027
1779071708,2986.522253
1779071708,2986.603525
1779071708,2986.253987
1779071708,2985.920429
1779071708,2986.132453
1779071708,2986.468130
1779071708,2986.278101
1779071708,2986.186952
1779071708,2986.207573
1779071708,2986.006428
1779071708,2986.180772
1779071708,2987.551018
1779071708,2987.402779
1779071708,2986.644067
1779071708,3299.371830
1779071708,2987.096618
1779071708,2986.833714
1779071708,2987.650515
1779071708,2992.398091
1779071708,2992.567120
1779071708,2683.525267
1779071708,2995.092004
1779071708,2995.088248
1779071708,2995.208693
1779071708,2986.339512
1779071708,2985.469880
1779071708,2677.377197
1779071708,2985.811860
1779071708,2985.805010
1779071708,2986.050542
1779071708,2985.934230
1779071708,2677.534624
1779071708,2986.299615
1779071708,2678.125751
1779071708,2986.352962
1779071708,2985.874744
1779071708,2986.010457
1779071708,2985.931293
1779071708,2678.882914
1779071708,2678.413440
1779071708,2985.667809
1779071708,2677.283322
1779071708,2985.709587
1779071708,2985.732700
1779071708,3293.839994
1779071708,2986.008296
1779071708,2985.666559
1779071708,3294.130374
1779071708,2986.114699
1779071708,2986.165841
1779071708,2986.300595
1779071708,2986.430151
1779071708,3294.803368
1779071708,2985.914489
1779071708,2986.253581
1779071708,2986.479843
1779071708,2986.528768
1779071708,2986.266990
1779071708,2986.272069
1779071708,2986.021063
1779071708,2986.172788
1779071708,2987.641788
1779071708,2986.857103
1779071708,3295.972573
1779071708,2987.343834
1779071708,2987.006063
1779071708,2986.957483
1779071708,2987.412277
1779071708,2991.091606
1779071708,2991.925968
1779071708,2991.965362
1779071708,2995.173584
1779071708,2995.309615
1779071708,2995.281884
1779071708,2986.045544
1779071708,2986.242572
1779071708,2986.317542
1779071708,3294.347238
1779071708,2986.455656
1779071708,2986.553242
1779071708,2677.277269
1779071708,2986.938106
1779071708,2985.861368
1779071708,2677.737229
1779071708,2986.016704
1779071708,2985.721790
1779071708,2986.098863
1779071708,2985.716919
1779071708,2986.353913
1779071708,2985.822597
1779071708,2986.508981
1779071708,2677.210033
1779071708,2986.019588
1779071708,2985.444379
1779071708,2677.524430
1779071708,2985.993816
1779071708,2985.692824
1779071708,3293.912416
1779071708,2986.309152
1779071708,2986.305427
1779071708,2986.430651
1779071708,2986.268958
1779071708,2986.285359
1779071708,2985.853502
1779071708,2986.646123
1779071708,2678.637933
1779071708,2986.449057
1779071708,2986.517800
1779071708,2986.103208
1779071708,2986.344991
1779071708,2986.171070
1779071708,2986.706389
1779071708,2986.981874
1779071708,2987.019341
1779071708,2987.271874
1779071708,2986.896171
1779071708,2987.391123
1779071708,2986.968984
1779071708,2991.947425
1779071708,2992.291983
1779071708,2992.337385
1779071708,2995.276300
1779071708,2995.219363
1779071708,2995.368060
1779071708,2678.084408
1779071708,2677.901111
1779071708,2678.140296
1779071708,3294.244978
1779071708,2677.987376
1779071708,2986.476896
1779071708,2986.552877
1779071708,2986.547865
1779071708,3293.541856
1779071708,3295.015797
1779071708,2986.004533
1779071708,2677.484521
1779071708,2985.991586
1779071708,2986.204876
1779071708,3911.704338
1779071708,2986.455421
1779071708,2677.849414
1779071708,2677.267490
1779071708,2678.009177
1779071708,2985.602076
1779071708,2985.737451
1779071708,2985.756952
1779071708,2985.751421
1779071708,3293.683255
1779071708,2986.357961
1779071708,2986.400184
1779071708,2986.163223
1779071708,2986.191025
1779071708,2986.236367
1779071708,2985.699369
1779071708,2986.177419
1779071708,2985.583124
1779071708,2986.446140
1779071708,2986.176485
1779071708,2986.293580
1779071708,2986.101404
1779071708,2985.824952
1779071708,2986.720513
1779071708,2986.672121
1779071708,2987.933856
1779071708,2986.615220
1779071708,2987.216214
1779071708,2986.682910
1779071708,2986.843330
1779071708,3300.556742
1779071708,2991.702166
1779071708,2992.436174
1779071708,2996.126778
1779071708,2996.187233
1779071708,2996.166925
1779071708,2984.424726
1779071708,2985.877352
1779071708,3294.431166
1779071708,2678.153646
1779071708,2678.247226
1779071708,2677.185809
1779071708,3293.563419
1779071708,2986.483561
1779071708,2677.551477
1779071708,2986.608075
1779071708,2986.591770
1779071708,2986.580144
1779071708,2679.101773
1779071708,2985.646674
1779071708,2678.273091
1779071708,2672.962755
1779071708,2672.953490
1779071708,2985.813258
1779071708,2986.437131
1779071708,2679.346353
1779071708,2986.661842
1779071708,2985.628802
1779071708,2985.908680
1779071708,2986.108542
1779071708,2986.912175
1779071708,2673.469532
1779071708,2985.791866
1779071708,2986.245476
1779071708,2986.280358
1779071708,2988.415237
1779071708,2986.660570
1779071708,2986.022965
1779071708,2985.883412
1779071708,2988.215835
1779071708,2986.801209
1779071708,2987.471381
1779071708,2989.897362
1779071708,2987.712738
1779071708,2986.632916
1779071708,2986.353482
1779071708,2986.518469
1779071708,2988.598042
1779071708,2986.726116
1779071708,2992.640594
1779071708,2991.135446
1779071708,2991.043583
1779071708,2991.913082
1779071708,2995.073819
1779071708,2995.073806
1779071708,2995.759338
1779071709,2985.909083
1779071709,2986.053276
1779071709,2677.980881
1779071709,2677.918151
1779071709,2677.978708
1779071709,2677.973663
1779071709,2678.096410
1779071709,2674.754101
1779071709,2672.664617
1779071709,2672.747339
1779071709,2985.754205
1779071709,2987.112811
1779071709,2986.056907
1779071709,3294.518951
1779071709,2673.746171
1779071709,2673.891638
1779071709,2986.507125
1779071709,2672.979122
1779071709,2674.510422
1779071709,2986.191662
1779071709,2987.399658
1779071709,2674.992648
1779071709,2674.004167
1779071709,2987.108634
1779071709,2673.932558
1779071709,2987.713039
1779071709,2987.198545
1779071709,2674.667567
1779071709,2987.274518
1779071709,2988.047446
1779071709,2987.042466
1779071709,2676.756325
1779071709,2987.154428
1779071709,2987.353369
1779071709,2676.345178
1779071709,2987.839426
1779071709,2988.843041
1779071709,2987.764626
1779071709,2986.704345
1779071709,2986.679872
1779071709,2677.372813
1779071709,2986.944543
1779071709,2987.302956
1779071709,2989.297190
1779071709,2991.362716
1779071709,2991.418788
1779071709,2992.046515
1779071709,2993.977116
1779071709,2995.068974
1779071709,2995.742236
1779071709,2676.752955
1779071709,2676.824017
1779071709,3602.849232
1779071709,2677.458700
1779071709,3295.308780
1779071709,3602.946301
1779071709,2677.606816
1779071709,2673.615554
1779071709,2674.677488
1779071709,2678.209176
1779071709,2986.618175
1779071709,2673.466959
1779071709,2986.874853
1779071709,2673.841814
1779071709,2672.857527
1779071709,3295.022388
1779071709,2673.026458
1779071709,3295.146628
1779071709,2984.594212
1779071709,2986.483103
1779071709,2986.586809
1779071709,2985.036620
1779071709,2673.661915
1779071709,2673.567793
1779071709,2674.149169
1779071709,2982.324232
1779071709,2987.550520
1779071709,2673.829517
1779071709,2988.781459
1779071709,2674.590636
1779071709,2983.607036
1779071709,2985.916877
1779071709,2674.767186
1779071709,2986.513235
1779071709,2675.408820
1779071709,2987.989807
1779071709,2986.986258
1779071709,2676.733828
1779071709,2986.208740
1779071709,2677.061438
1779071709,2677.094160
1779071709,2677.310618
1779071709,2990.391796
1779071709,2987.093961
1779071709,2991.070766
1779071709,2991.121627
1779071709,2991.356419
1779071709,2993.897518
1779071709,2994.856322
1779071709,2995.862761
1779071709,3602.467448
1779071709,3294.237993
1779071709,3294.475813
1779071709,3602.943650
1779071709,2985.576666
1779071709,3295.069276
1779071709,3295.573324
1779071709,2981.254646
1779071709,2981.291547
1779071709,2981.536833
1779071709,3602.977633
1779071709,2986.863849
1779071709,2981.620458
1779071709,3603.245736
1779071709,2981.998440
1779071709,2673.723908
1779071709,3295.056084
1779071709,2672.876237
1779071709,2674.227589
1779071709,2982.638838
1779071709,2673.175115
1779071709,2982.841612
1779071709,2981.996840
1779071709,3294.492497
1779071709,2982.135025
1779071709,2982.279638
1779071709,2674.321961
1779071709,2982.473674
1779071709,2982.974787
1779071709,2983.373986
1779071709,2983.625879
1779071709,2983.553034
1779071709,2983.866914
1779071709,2983.872090
1779071709,2984.237148
1779071709,2984.951830
1779071709,2988.537312
1779071709,2988.572075
1779071709,2988.280539
1779071709,2988.554673
1779071709,2989.294942
1779071709,2988.680721
1779071709,2988.379768
1779071709,2988.846520
1779071709,2991.121784
1779071709,2991.145170
1779071709,2991.158833
1779071709,2991.873103
1779071709,2993.453226
1779071709,2993.729699
1779071709,3294.001374
1779071709,3603.205062
1779071709,3294.219722
1779071709,2986.254314
1779071709,3294.461406
1779071709,2986.412903
1779071709,2986.586330
1779071709,3294.797063
1779071709,3294.997122
1779071709,3603.187187
1779071709,2671.927562
1779071709,2676.709929
1779071709,3294.145585
1779071709,3295.433049
1779071709,2981.949990
1779071709,3295.883855
1779071709,3603.319986
1779071709,2674.127701
1779071709,2673.098953
1779071709,2981.280149
1779071709,2981.419906
1779071709,3295.298109
1779071709,2982.267864
1779071709,3295.763458
1779071709,3295.889969
1779071709,2673.208232
1779071709,2982.401149
1779071709,2982.381259
1779071709,2982.919264
1779071709,3603.309287
1779071709,2983.391750
1779071709,2983.650326
1779071709,2983.423945
1779071709,2983.708193
1779071709,2983.722638
1779071709,2988.378113
1779071709,2988.710746
1779071709,3300.152458
1779071709,2679.953580
1779071709,2988.453693
1779071709,2988.563857
1779071709,2679.657766
1779071709,2988.058780
1779071709,2680.394044
1779071709,2991.741348
1779071709,2991.707490
1779071709,2991.798351
1779071709,2991.385238
1779071709,2992.946719
1779071709,2993.454268
1779071709,3911.329244
1779071709,2672.517057
1779071709,2985.839013
1779071709,3293.824373
1779071709,2675.862704
1779071709,3293.939848
1779071709,2675.946891
1779071709,2985.959350
1779071709,3294.343592
1779071709,3295.976395
1779071709,2676.675721
1779071709,2980.343073
1779071709,3294.944650
1779071709,2980.336156
1779071709,3603.370151
1779071709,3602.794044
1779071709,3295.375782
1779071709,2980.821940
1779071709,2980.972819
1779071709,2981.277825
1779071709,2981.392437
1779071709,2673.629219
1779071709,3295.143930
1779071709,3295.997559
1779071709,3295.133736
1779071709,2982.016385
1779071709,2982.066598
1779071709,2981.815255
1779071709,3294.463494
1779071709,2982.820188
1779071709,3296.855962
1779071709,2982.534126
1779071709,3297.653115
1779071709,2674.875360
1779071709,3294.594695
1779071709,2679.289103
1779071709,2987.426861
1779071709,2988.081535
1779071709,2680.093685
1779071709,3302.806629
1779071709,2679.977141
1779071709,2679.968677
1779071709,3303.026249
1779071709,2988.460700
1779071709,2991.732423
1779071709,2991.737093
1779071709,2991.839500
1779071709,2991.514014
1779071709,2992.580234
1779071709,2993.143535
1779071709,2676.137002
1779071709,2985.627533
1779071709,2676.512626
1779071709,2676.636237
1779071709,2676.689170
1779071709,2676.630790
1779071709,2983.556815
1779071709,2986.140271
1779071709,2981.233546
1779071709,2677.306503
1779071709,2981.268175
1779071709,2981.390718
1779071709,2677.369200
1779071709,2981.392390
1779071709,3289.645878
1779071709,3289.943278
1779071709,2980.741406
1779071709,3290.041357
1779071709,2980.992992
1779071709,3290.590938
1779071709,2981.010265
1779071709,2981.485190
1779071709,3289.978675
1779071709,2982.044001
1779071709,2982.239030
1779071709,2982.153656
1779071709,2982.060957
1779071709,2982.333754
1779071709,2981.853210
1779071709,2982.669970
1779071709,2983.339392
1779071709,2983.501809
1779071709,2983.539548
1779071709,2983.202651
1779071709,2983.234570
1779071709,2987.725657
1779071709,2987.824246
1779071709,2987.680631
1779071709,2987.082505
1779071709,2988.277589
1779071709,2988.014751
1779071709,2679.967097
1779071709,2988.817459
1779071709,2988.566910
1779071709,2990.716909
1779071709,2991.299256
1779071709,2991.327190
1779071709,2991.487842
1779071709,2992.636479
1779071709,2992.848035
1779071709,2675.432980
1779071709,2985.128297
1779071709,2985.471702
1779071709,2677.129749
1779071709,2677.158554
1779071709,2677.180824
1779071709,2676.046449
1779071709,3603.051938
1779071709,2673.669138
1779071709,2673.719761
1779071709,2981.806784
1779071709,2673.632783
1779071709,2675.536730
1779071709,2673.640842
1779071709,3288.685320
1779071709,2672.862763
1779071709,2980.946318
1779071709,2981.038476
1779071709,2981.087683
1779071709,2981.098103
1779071709,2981.138682
1779071709,2672.254920
1779071709,2981.446229
1779071709,2981.917182
1779071709,2981.789333
1779071709,3602.985666
1779071709,2981.037013
1779071709,2673.502504
1779071709,2981.610643
1779071709,2982.766817
1779071709,2982.639328
1779071709,2982.924052
1779071709,2982.966626
1779071709,2674.960203
1779071709,2982.861693
1779071709,2986.839501
1779071709,2987.028883
1779071709,3295.967301
1779071709,3296.107422
1779071709,3296.749590
1779071709,2987.670766
1779071709,2987.805263
1779071709,2987.355199
1779071709,2679.411715
1779071709,2991.176631
1779071709,2991.284423
1779071709,2992.472367
1779071709,2991.721214
1779071709,2992.793981
1779071709,2682.918018
1779071709,3602.482434
1779071709,2676.775574
1779071709,3602.626201
1779071709,3294.383428
1779071709,2984.344754
1779071709,2676.706888
1779071709,2983.462632
1779071709,2984.450607
1779071709,2676.207717
1779071709,2980.614164
1779071709,2673.914648
1779071709,2672.865854
1779071709,2980.789013
1779071709,2980.800659
1779071709,2673.055649
1779071709,3290.438707
1779071709,2980.962097
1779071709,3289.432723
1779071709,2673.305569
1779071709,2981.371888
1779071709,2981.281816
1779071709,2981.705103
1779071709,2980.744742
1779071709,2980.911234
1779071709,2674.023195
1779071709,2982.573567
1779071709,2981.668697
1779071709,2982.754634
1779071709,2982.812887
1779071709,2982.968694
1779071709,2982.772663
1779071709,2680.130035
1779071709,2984.750490
1779071709,2676.648580
1779071709,3292.932847
1779071709,2986.239216
1779071709,2679.346166
1779071709,2678.848477
1779071709,3610.219719
1779071709,3296.510417
1779071709,2987.454296
1779071709,2986.974482
1779071709,2987.888081
1779071709,2986.594779
1779071709,2991.437243
1779071709,2991.626789
1779071709,2991.547748
1779071709,2991.597687
1779071709,2993.040625
1779071709,2992.947648
1779071709,2675.816778
1779071709,3293.913088
1779071709,3294.090722
1779071709,2676.040759
1779071709,2981.523958
1779071709,2676.738354
1779071709,2676.692036
1779071709,2676.653714
1779071709,2676.755880
1779071709,2674.817783
1779071709,2673.210105
1779071709,2673.264378
1779071709,2676.314513
1779071709,2673.444063
1779071709,3290.528320
1779071709,2981.205529
1779071709,2981.243220
1779071709,2981.543481
1779071709,2981.546884
1779071709,2673.755356
1779071709,2981.749741
1779071709,2674.151938
1779071709,2981.958360
1779071709,2982.241742
1779071709,2674.170297
1779071709,2981.906633
1779071709,2981.863533
1779071709,2982.193323
1779071709,2982.903938
1779071709,2982.876477
1779071709,2675.656358
1779071709,2983.461340
1779071709,2984.062189
1779071709,2984.132163
1779071709,2984.432476
1779071709,2986.370140
1779071709,2987.143394
1779071709,2987.323045
1779071709,2987.026315
1779071709,3296.046427
1779071709,2987.136712
1779071709,2987.488105
1779071709,2987.312605
1779071709,2987.414716
1779071709,2990.888765
1779071709,2990.950917
1779071709,2992.330873
1779071709,2991.664725
1779071709,2992.300343
1779071709,2993.232397
1779071709,3293.571931
1779071709,3293.679721
1779071709,3293.665056
1779071709,2984.188618
1779071709,3293.758989
1779071709,3294.157454
1779071709,3289.671052
1779071709,3910.576413
1779071709,3289.999274
1779071709,2980.720076
1779071709,2980.821781
1779071709,2980.882023
1779071709,2985.241311
1779071709,2675.057270
1779071709,2674.603587
1779071709,2675.576533
1779071709,2981.331477
1779071709,3597.599026
1779071709,2673.719723
1779071709,2673.822272
1779071709,2981.736588
1779071709,2982.028681
1779071709,2982.320961
1779071709,2982.070861
1779071709,3288.956034
1779071709,3289.116572
1779071709,2981.938286
1779071709,2982.380007
1779071709,2982.446161
1779071709,2982.896061
1779071709,2983.165367
1779071709,2983.726938
1779071709,2983.717918
1779071709,3292.185398
1779071709,2984.350075
1779071709,2987.108349
1779071709,2986.831665
1779071709,2986.862547
1779071709,2679.449540
1779071709,2987.140648
1779071709,3294.462532
1779071709,2987.480747
1779071709,2987.113467
1779071709,2987.163278
1779071709,2991.381132
1779071709,2991.333586
1779071709,2991.762540
1779071710,2990.877125
1779071710,3301.219649
1779071710,2992.301056
1779071710,2985.261813
1779071710,2985.257184
1779071710,3292.965478
1779071710,2985.360046
1779071710,3292.924541
1779071710,2985.266097
1779071710,2985.419525
1779071710,2676.267839
1779071710,2981.041853
1779071710,3293.731549
1779071710,3289.219715
1779071710,3290.576111
1779071710,2981.396496
1779071710,3289.356514
1779071710,3289.632319
1779071710,2675.300485
1779071710,2674.794658
1779071710,2673.619879
1779071710,2981.681738
1779071710,2673.881038
1779071710,2673.969976
1779071710,2981.945378
1779071710,3289.210019
1779071710,2674.497219
1779071710,2981.309427
1779071710,2981.235016
1779071710,2981.391573
1779071710,2982.104856
1779071710,2982.030249
1779071710,2982.289770
1779071710,3290.754119
1779071710,2982.874804
1779071710,2983.758773
1779071710,2983.801635
1779071710,2984.215194
1779071710,3913.860391
1779071710,3603.691752
1779071710,2986.608995
1779071710,2987.296014
1779071710,2987.341063
1779071710,2987.235329
1779071710,2987.685790
1779071710,2987.127480
1779071710,2987.295381
1779071710,2991.690183
1779071710,2991.651853
1779071710,2990.962803
1779071710,2991.498642
1779071710,2991.513980
1779071710,2992.637680
1779071710,2980.789039
1779071710,3603.140342
1779071710,2675.978110
1779071710,3603.129091
1779071710,2981.082573
1779071710,3293.945989
1779071710,2675.986796
1779071710,2676.082944
1779071710,3603.852195
1779071710,3289.526677
1779071710,2676.617980
1779071710,2981.754775
1779071710,3291.107730
1779071710,2675.147067
1779071710,2677.007526
1779071710,2982.256684
1779071710,3290.007622
1779071710,3290.433739
1779071710,2674.770222
1779071710,3291.292725
1779071710,2982.893033
1779071710,3290.085049
1779071710,2982.228827
1779071710,2982.842923
1779071710,2983.803585
1779071710,2679.697498
1779071710,2982.993661
1779071710,2982.740395
1779071710,2984.740948
1779071710,2983.909566
1779071710,2983.592652
1779071710,2985.652149
1779071710,2986.693657
1779071710,2680.808432
1779071710,2985.802316
1779071710,2988.307012
1779071710,2986.889288
1779071710,2986.961923
1779071710,2986.530676
1779071710,2987.111072
1779071710,2987.801956
1779071710,2987.205936
1779071710,2987.189858
1779071710,2987.313840
1779071710,2991.501080
1779071710,2991.641112
1779071710,2991.803081
1779071710,2992.071253
1779071710,2992.006931
1779071710,2992.893723
1779071710,2984.481467
1779071710,2675.984421
1779071710,2984.564042
1779071710,2984.965261
1779071710,2984.870500
1779071710,2985.046380
1779071710,2985.206695
1779071710,2676.709110
1779071710,2676.968392
1779071710,2981.723090
1779071710,2675.941394
1779071710,3290.363432
1779071710,2675.564513
1779071710,2675.998535
1779071710,2678.157756
1779071710,3602.463025
1779071710,2678.268469
1779071710,2983.407110
1779071710,2983.594368
1779071710,2675.666075
1779071710,2676.309809
1779071710,2983.835667
1779071710,2984.154503
1779071710,2983.839033
1779071710,2984.161773
1779071710,2984.234347
1779071710,2983.968847
1779071710,2983.837166
1779071710,2985.156233
1779071710,2985.055637
1779071710,2984.574308
1779071710,2984.743722
1779071710,2682.086508
1779071710,2986.864609
1779071710,3294.508892
1779071710,2986.633717
1779071710,2986.542340
1779071710,2986.609224
1779071710,2986.970228
1779071710,2987.083956
1779071710,2988.029091
1779071710,2987.288242
1779071710,2987.248586
1779071710,2987.276662
1779071710,2991.967441
1779071710,2990.874862
1779071710,2682.498957
1779071710,2992.246466
1779071710,2992.273852
1779071710,2993.085684
1779071710,2984.885843
1779071710,2677.207645
1779071710,2677.171500
1779071710,3294.586925
1779071710,2985.033145
1779071710,2677.402816
1779071710,2985.302813
1779071710,2985.304939
1779071710,2985.326151
1779071710,2984.224714
1779071710,2676.057203
1779071710,2676.095077
1779071710,3290.591745
1779071710,2676.394849
1779071710,2676.415874
1779071710,3290.829511
1779071710,2983.190750
1779071710,3599.157957
1779071710,3291.445134
1779071710,2676.914736
1779071710,2983.834621
1779071710,3291.750776
1779071710,2983.620948
1779071710,2984.238793
1779071710,2984.099321
1779071710,2984.527458
1779071710,2984.267214
1779071710,2984.453122
1779071710,2984.816845
1779071710,2984.719644
1779071710,2985.286951
1779071710,2985.012666
1779071710,2985.138335
1779071710,2985.650329
1779071710,2985.515959
1779071710,2986.373537
1779071710,2986.522447
1779071710,2986.558188
1779071710,2986.399289
1779071710,2986.840205
1779071710,2987.242685
1779071710,2987.909882
1779071710,2987.293209
1779071710,2987.352998
1779071710,2991.693900
1779071710,2991.830259
1779071710,2991.867406
1779071710,2992.278600
1779071710,2992.380053
1779071710,2993.001459
1779071710,3293.590143
1779071710,2984.680193
1779071710,3294.081041
1779071710,2984.758852
1779071710,3601.072193
1779071710,3912.219394
1779071710,2675.875764
1779071710,2677.280997
1779071710,2677.370366
1779071710,2677.945214
1779071710,2984.644487
1779071710,2984.660057
1779071710,2984.805792
1779071710,2984.352939
1779071710,2982.999046
1779071710,2676.923860
1779071710,3598.941625
1779071710,3291.190371
1779071710,2676.433650
1779071710,2983.874446
1779071710,2983.953045
1779071710,2676.155511
1779071710,2676.161808
1779071710,2984.181982
1779071710,3292.093448
1779071710,2984.356060
1779071710,2676.126762
1779071710,2984.644538
1779071710,2985.114994
1779071710,2985.248832
1779071710,2985.141728
1779071710,2676.769717
1779071710,2985.179423
1779071710,2986.188213
1779071710,2986.053457
1779071710,2986.351662
1779071710,2986.551760
1779071710,2986.444989
1779071710,2677.856027
1779071710,2986.667110
1779071710,2987.301912
1779071710,2987.959256
1779071710,2987.454049
1779071710,2987.579488
1779071710,2991.937191
1779071710,2991.930266
1779071710,2992.029615
1779071710,2991.675931
1779071710,2991.667411
1779071710,2991.685356
1779071710,2983.873543
1779071710,3597.746603
1779071710,2677.757117
1779071710,2676.605949
1779071710,2677.893315
1779071710,2676.730633
1779071710,3292.574446
1779071710,2676.740661
1779071710,2984.593111
1779071710,2677.056008
1779071710,2986.018959
1779071710,2986.298214
1779071710,2983.968862
1779071710,3603.137298
1779071710,2676.221705
1779071710,3291.128491
1779071710,2984.096744
1779071710,2984.235609
1779071710,3291.315971
1779071710,2983.950507
1779071710,3292.231360
1779071710,2984.167215
1779071710,2984.383764
1779071710,2984.272973
1779071710,2984.153072
1779071710,2984.794823
1779071710,2984.911645
1779071710,2984.742416
1779071710,2984.872530
1779071710,2984.956435
1779071710,2676.611133
1779071710,2984.879260
1779071710,2985.196049
1779071710,2985.304465
1779071710,3295.534669
1779071710,2986.223723
1779071710,2677.694527
1779071710,2985.993894
1779071710,2986.405827
1779071710,2986.674038
1779071710,2987.947080
1779071710,2987.113485
1779071710,2987.352705
1779071710,2987.390416
1779071710,2991.098622
1779071710,3300.515661
1779071710,2992.091825
1779071710,2992.564584
1779071710,2992.628280
1779071710,2992.598433
1779071710,3293.768994
1779071710,2984.979304
1779071710,3292.150130
1779071710,2677.768585
1779071710,2677.710458
1779071710,2985.141015
1779071710,2677.800678
1779071710,2678.104140
1779071710,2676.929794
1779071710,2676.996395
1779071710,3292.412879
1779071710,2677.146443
1779071710,2676.053016
1779071710,2677.152462
1779071710,2676.159915
1779071710,2677.508155
1779071710,2984.544405
1779071710,3291.728799
1779071710,3600.121452
1779071710,2984.835164
1779071710,2984.016664
1779071710,2983.024972
1779071710,2984.480760
1779071710,2984.673381
1779071710,2984.716027
1779071710,2676.684006
1779071710,2984.840047
1779071710,2983.741139
1779071710,2985.509634
1779071710,2984.634871
1779071710,2984.809413
1779071710,2985.022370
1779071710,2985.738052
1779071710,2985.434635
1779071710,2986.984254
1779071710,2986.129654
1779071710,2985.982497
1779071710,2985.315338
1779071710,2986.391328
1779071710,2987.729843
1779071710,2987.832982
1779071710,2987.391054
1779071710,2987.252969
1779071710,2987.498200
1779071710,2990.950446
1779071710,2991.346877
1779071710,2991.264836
1779071710,2991.782304
1779071710,2991.865003
1779071710,2991.925374
1779071710,2986.205437
1779071710,2986.124521
1779071710,2677.758642
1779071710,2677.627656
1779071710,2677.719106
1779071710,2677.889469
1779071710,2677.758429
1779071710,3291.048729
1779071710,2678.070096
1779071710,2676.893035
1779071710,2986.673564
1779071710,2678.139983
1779071710,2676.965865
1779071710,2985.654615
1779071710,2678.228996
1779071710,2985.164291
1779071710,2984.206128
1779071710,3292.222166
1779071710,2985.169254
1779071710,2678.868946
1779071710,2984.479890
1779071710,3292.452271
1779071710,2984.582221
1779071710,2984.291581
1779071710,3292.602808
1779071710,2984.141489
1779071710,2984.224665
1779071710,2984.180606
1779071710,2983.625417
1779071710,2984.421980
1779071710,3293.050058
1779071710,2984.311789
1779071710,2984.628423
1779071710,2984.128329
1779071710,2984.896010
1779071710,3294.186440
1779071710,2985.273504
1779071710,2984.444166
1779071710,2677.854107
1779071710,2985.402041
1779071710,2986.680378
1779071710,2987.292748
1779071710,2987.150039
1779071710,2987.501026
1779071710,2990.457335
1779071710,2990.603092
1779071710,2990.820532
1779071710,2991.111345
1779071710,2991.852779
1779071710,2991.881539
1779071710,3603.453991
1779071710,3603.479601
1779071710,2677.942391
1779071710,2679.037526
1779071710,2677.955072
1779071710,3294.003450
1779071710,2987.442676
1779071710,2678.115728
1779071710,2678.556549
1779071710,2678.650655
1779071710,2678.591248
1779071710,2678.614345
1779071710,2677.513456
1779071710,2678.800106
1779071710,2678.888545
1779071710,2677.748328
1779071710,2677.965670
1779071710,2679.355769
1779071710,2677.735272
1779071710,2985.643540
1779071710,2678.023757
1779071710,2985.285625
1779071710,2985.228571
1779071710,3292.422207
1779071710,2984.774702
1779071710,2676.795856
1779071710,2985.231959
1779071710,2984.640034
1779071710,2984.172622
1779071710,2984.135721
1779071710,2984.227534
1779071710,2676.213471
1779071710,2675.819179
1779071710,2984.933198
1779071710,2984.834352
1779071710,3293.884051
1779071710,2677.368121
1779071710,2985.161538
1779071710,2677.387996
1779071710,2985.331380
1779071710,2986.917827
1779071710,2987.076943
1779071710,2987.106435
1779071710,2987.521831
1779071710,2991.015003
1779071710,2991.003765
1779071710,2991.024542
1779071710,2990.483373
1779071710,2991.585007
1779071710,2991.719503
1779071710,3603.817014
1779071710,2987.631437
1779071710,2987.558683
1779071710,3294.842546
1779071710,3294.976579
1779071710,3294.962458
1779071710,3295.037256
1779071710,2679.124550
1779071710,2678.295283
1779071710,2678.329706
1779071710,2678.669928
1779071710,2678.622906
1779071710,2678.613001
1779071710,2678.697376
1779071710,2678.604827
1779071710,2679.193261
1779071710,2678.124288
1779071710,2985.729333
1779071710,2677.744547
1779071710,2680.448090
1779071710,2985.973341
1779071710,2680.578992
1779071710,2678.149345
1779071710,2984.691266
1779071710,2677.507086
1779071710,2678.838099
1779071710,2678.854329
1779071710,2985.494067
1779071710,2985.538356
1779071710,2985.516700
1779071710,2984.134308
1779071710,2985.034011
1779071710,2984.994583
1779071710,2984.313878
1779071710,2984.718327
1779071710,2983.326852
1779071710,2984.874333
1779071710,2985.447962
1779071710,2984.693491
1779071710,2985.142045
1779071710,2986.092567
1779071710,2987.388466
1779071710,2987.335656
1779071710,2987.447482
1779071711,2991.518923
1779071711,2991.621997
1779071711,2991.687349
1779071711,2992.452117
1779071711,2993.500057
1779071711,2992.531981
1779071711,2678.583956
1779071711,3295.754276
1779071711,4217.780749
1779071711,2679.155289
1779071711,2679.135165
1779071711,2679.091481
1779071711,2679.277666
1779071711,2679.497258
1779071711,2676.724559
1779071711,2678.672089
1779071711,2678.701699
1779071711,2678.567640
1779071711,2678.758393
1779071711,2678.873474
1779071711,2678.926786
1779071711,2678.554178
1779071711,2678.097940
1779071711,2678.751368
1779071711,2678.665008
1779071711,2986.770775
1779071711,2678.789726
1779071711,2677.790501
1779071711,2984.846836
1779071711,2985.457130
1779071711,2677.862562
1779071711,2677.517636
1779071711,2985.717035
1779071711,2678.265023
1779071711,2679.614369
1779071711,2985.142036
1779071711,2984.493386
1779071711,2984.740743
1779071711,2678.176843
1779071711,2985.480387
1779071711,2984.735111
1779071711,3291.465293
1779071711,2983.854843
1779071711,2984.833141
1779071711,2984.272675
1779071711,2985.054925
1779071711,2986.796078
1779071711,2987.584165
1779071711,2987.474838
1779071711,2679.388048
1779071711,2991.077921
1779071711,2991.221551
1779071711,2991.316198
1779071711,2993.418124
1779071711,2993.424618
1779071711,2992.364959
1779071711,2679.301279
1779071711,2986.927684
1779071711,4525.963084
1779071711,2985.658297
1779071711,3604.253235
1779071711,3295.402398
1779071711,2679.800615
1779071711,2679.828648
1779071711,2677.699745
1779071711,3602.451555
1779071711,2678.863913
1779071711,2678.919486
1779071711,3296.006056
1779071711,2679.070706
1779071711,3294.981075
1779071711,2681.020579
1779071711,2679.080566
1779071711,2679.185569
1779071711,3295.786060
1779071711,3292.314002
1779071711,2678.866218
1779071711,2680.183961
1779071711,2679.355918
1779071711,2678.699512
1779071711,2677.921124
1779071711,2678.530123
1779071711,2678.788565
1779071711,2678.051442
1779071711,2678.438919
1779071711,2985.976633
1779071711,2985.580927
1779071711,2984.947842
1779071711,2985.934074
1779071711,3293.421047
1779071711,3292.205262
1779071711,3291.759326
1779071711,2983.713162
1779071711,2985.697546
1779071711,2984.151574
1779071711,2984.769076
1779071711,2986.668030
1779071711,2987.501826
1779071711,2987.784845
1779071711,2987.871354
1779071711,2991.676985
1779071711,2991.614192
1779071711,2991.683322
1779071711,2993.580149
1779071711,2993.591802
1779071711,2993.579965
1779071711,2679.609077
1779071711,3294.059925
1779071711,2679.826099
1779071711,2679.675588
1779071711,2679.771724
1779071711,2679.912080
1779071711,2988.152699
1779071711,3913.154365
1779071711,3292.663956
1779071711,2678.779125
1779071711,2988.478357
1779071711,2678.935736
1779071711,2679.030668
1779071711,2679.040604
1779071711,3603.460884
1779071711,2987.464377
1779071711,3296.701167
1779071711,3295.366163
1779071711,3294.791134
1779071711,2984.361122
1779071711,2679.202690
1779071711,2679.183961
1779071711,2679.359331
1779071711,3294.106480
1779071711,2678.238286
1779071711,2984.189288
1779071711,2678.653251
1779071711,2986.777009
1779071711,2678.763750
1779071711,2677.974966
1779071711,2984.847396
1779071711,2985.324143
1779071711,2986.225642
1779071711,2678.960927
1779071711,2680.312080
1779071711,2985.422232
1779071711,2679.103376
1779071711,2984.004325
1779071711,2984.134120
1779071711,2984.518497
1779071711,2985.499986
1779071711,2987.869972
1779071711,2987.729672
1779071711,2987.735419
1779071711,2991.869687
1779071711,2991.872479
1779071711,2991.998924
1779071711,2992.966510
1779071711,2993.020907
1779071711,2993.042952
1779071711,3295.268445
1779071711,2679.122986
1779071711,2986.557474
1779071711,4525.366323
1779071711,3295.974836
1779071711,3604.795535
1779071711,2679.579833
1779071711,3911.730747
1779071711,2678.786394
1779071711,2680.068500
1779071711,2680.226819
1779071711,3294.860520
1779071711,3604.339099
1779071711,3294.307201
1779071711,2677.232418
1779071711,2679.725924
1779071711,3294.174078
1779071711,2679.881691
1779071711,2679.136607
1779071711,2679.289148
1779071711,3604.597618
1779071711,3914.425402
1779071711,3294.822235
1779071711,2678.901396
1779071711,2678.705440
1779071711,2677.771493
1779071711,2986.184332
1779071711,2677.036186
1779071711,2985.305632
1779071711,2983.781234
1779071711,2682.818265
1779071711,2984.278494
1779071711,2681.396353
1779071711,2682.127926
1779071711,2682.830039
1779071711,2681.022720
1779071711,2985.483584
1779071711,2988.159357
1779071711,2682.660030
1779071711,2682.778291
1779071711,2987.003600
1779071711,3295.829251
1779071711,2987.764562
1779071711,2987.816511
1779071711,2992.364214
1779071711,2992.516683
1779071711,2992.480993
1779071711,2992.253443
1779071711,2994.105155
1779071711,2994.167925
1779071711,3601.841900
1779071711,4220.491717
1779071711,3602.608075
1779071711,2679.056605
1779071711,2679.283738
1779071711,2679.307916
1779071711,2679.467580
1779071711,3602.842639
1779071711,3603.445482
1779071711,2679.839307
1779071711,2986.933977
1779071711,2678.991780
1779071711,2679.136724
1779071711,3294.799772
1779071711,2987.074570
1779071711,2679.457248
1779071711,2679.672444
1779071711,2679.714516
1779071711,2681.005313
1779071711,3294.729869
1779071711,2679.233841
1779071711,2678.906298
1779071711,2679.057072
1779071711,2679.148327
1779071711,2986.398329
1779071711,3603.630493
1779071711,2987.240479
1779071711,2679.735787
1779071711,2986.258595
1779071711,3297.468317
1779071711,2987.609226
1779071711,2679.120732
1779071711,2684.294599
1779071711,2987.440134
1779071711,2991.307502
1779071711,2986.196363
1779071711,2682.978540
1779071711,2680.079419
1779071711,2987.094379
1779071711,2987.152899
1779071711,2986.939549
1779071711,2987.444582
1779071711,2987.909514
1779071711,2987.611678
1779071711,2992.134000
1779071711,2992.046617
1779071711,2992.169249
1779071711,2992.744791
1779071711,2992.909533
1779071711,2993.127089
1779071711,3600.562259
1779071711,3909.989328
1779071711,3296.163389
1779071711,2678.680445
1779071711,4219.980510
1779071711,2988.090217
1779071711,2988.352053
1779071711,3296.938669
1779071711,3602.918399
1779071711,3912.824629
1779071711,2677.914562
1779071711,2679.258890
1779071711,3603.259255
1779071711,2679.663750
1779071711,2679.740365
1779071711,2680.095758
1779071711,2988.485207
1779071711,3911.245609
1779071711,2987.818692
1779071711,2987.835249
1779071711,3295.248808
1779071711,2988.322678
1779071711,2679.862770
1779071711,2679.550720
1779071711,3295.088033
1779071711,3603.079369
1779071711,3294.908013
1779071711,3294.544214
1779071711,3295.923339
1779071711,3297.184399
1779071711,2987.878637
1779071711,2988.207548
1779071711,2987.507873
1779071711,2680.677113
1779071711,2680.132157
1779071711,2987.724679
1779071711,2987.778622
1779071711,2986.800066
1779071711,2986.898257
1779071711,2679.788736
1779071711,2986.875098
1779071711,2987.788080
1779071711,2987.603109
1779071711,2679.869625
1779071711,2992.458194
1779071711,2992.562769
1779071711,2992.612647
1779071711,2683.978446
1779071711,2993.042999
1779071711,2993.157350
1779071711,2986.412937
1779071711,2986.842458
1779071711,2985.565960
1779071711,3297.062269
1779071711,3602.870789
1779071711,3911.492444
1779071711,3603.465235
1779071711,4218.199674
1779071711,2987.185700
1779071711,3913.514244
1779071711,2987.055478
1779071711,2988.554098
1779071711,2987.483632
1779071711,2987.615613
1779071711,2987.704090
1779071711,2988.126029
1779071711,3603.427634
1779071711,3604.268956
1779071711,3603.606624
1779071711,3605.138476
1779071711,3294.718037
1779071711,3602.312708
1779071711,3603.918209
1779071711,2987.454861
1779071711,3294.697000
1779071711,2679.632718
1779071711,3294.870644
1779071711,3603.130982
1779071711,3294.934274
1779071711,3295.096441
1779071711,3295.207872
1779071711,2988.304651
1779071711,2987.445344
1779071711,2987.503350
1779071711,2987.586194
1779071711,3295.736372
1779071711,2681.298853
1779071711,2986.535339
1779071711,2988.474482
1779071711,2987.024738
1779071711,2986.785420
1779071711,2987.902783
1779071711,2986.830155
1779071711,2679.479388
1779071711,2994.173903
1779071711,2993.187244
1779071711,2993.259334
1779071711,2993.321637
1779071711,2993.352782
1779071711,2993.469883
1779071711,3295.659247
1779071711,2986.497099
1779071711,3295.763611
1779071711,3602.296502
1779071711,2985.714280
1779071711,2986.971175
1779071711,3911.324696
1779071711,3296.684693
1779071711,2986.625601
1779071711,2987.972779
1779071711,2986.577045
1779071711,3295.089177
1779071711,3910.547150
1779071711,2678.189247
1779071711,2678.090474
1779071711,2678.230570
1779071711,2987.029475
1779071711,3911.165224
1779071711,2987.953831
1779071711,2988.015083
1779071711,2678.475190
1779071711,3913.181100
1779071711,2986.931881
1779071711,2678.764291
1779071711,3603.326534
1779071711,3603.726934
1779071711,3604.475526
1779071711,2678.287585
1779071711,3295.873889
1779071711,3295.137604
1779071711,2987.615375
1779071711,2988.080674
1779071711,3295.475618
1779071711,2987.270164
1779071711,2679.253412
1779071711,2988.528690
1779071711,2987.841185
1779071711,2987.205468
1779071711,2987.338254
1779071711,2986.607750
1779071711,2678.124214
1779071711,2987.919100
1779071711,2987.023945
1779071711,2987.159491
1779071711,2993.664921
1779071711,2993.773134
1779071711,2993.687658
1779071711,2992.742883
1779071711,2993.297594
1779071711,2993.295340
1779071711,2986.407547
1779071711,2986.279570
1779071711,2986.408051
1779071711,2986.479764
1779071711,4218.794058
1779071711,2986.581562
1779071711,2986.607378
1779071711,2986.834243
1779071711,2986.988330
1779071711,2679.090080
1779071711,2678.055556
1779071711,3295.664388
1779071711,2678.255584
1779071711,2987.346075
1779071711,2678.495353
1779071711,3295.959507
1779071711,3295.986821
1779071711,2986.726724
1779071711,2986.837902
1779071711,2678.447610
1779071711,2986.476951
1779071711,3602.550262
1779071711,2987.324984
1779071711,3295.035598
1779071711,2986.956635
1779071711,2987.530831
1779071711,2988.072886
1779071711,2678.469168
1779071711,2987.947516
1779071711,2988.357809
1779071711,2988.110589
1779071711,2987.698903
1779071711,3296.322152
1779071711,2987.737228
1779071711,2987.859931
1779071711,3295.820943
1779071711,2988.335716
1779071711,2986.153205
1779071711,2987.744554
1779071711,3295.481368
1779071711,2986.752097
1779071711,2987.753995
1779071711,3295.946555
1779071711,2987.731148
1779071711,2994.565116
1779071711,2993.434325
1779071711,2994.645525
1779071711,2993.189059
1779071711,2993.347697
1779071711,3302.374264
1779071712,2677.343874
1779071712,2986.748984
1779071712,2986.637561
1779071712,2986.753558
1779071712,2986.587561
1779071712,2986.766503
1779071712,2986.820021
1779071712,2678.767223
1779071712,2986.995691
1779071712,2677.891375
1779071712,2678.001327
1779071712,2985.901599
1779071712,2987.533953
1779071712,2678.178223
1779071712,2678.272713
1779071712,2986.411638
1779071712,2986.520299
1779071712,2986.712058
1779071712,2986.862085
1779071712,2678.957448
1779071712,2678.957654
1779071712,2678.751647
1779071712,2678.606164
1779071712,2987.210961
1779071712,2987.088724
1779071712,2986.411558
1779071712,2678.265801
1779071712,2986.919375
1779071712,2986.792365
1779071712,2986.688786
1779071712,2985.561467
1779071712,2987.282606
1779071712,2678.859779
1779071712,2987.563139
1779071712,2679.006600
1779071712,2987.619206
1779071712,2985.967592
1779071712,2986.503611
1779071712,2986.449980
1779071712,2986.502824
1779071712,2986.440430
1779071712,3295.335581
1779071712,2987.120397
1779071712,2987.935614
1779071712,2993.813428
1779071712,2993.796281
1779071712,2993.832333
1779071712,2993.731280
1779071712,2994.228524
1779071712,2993.116838
1779071712,2986.673554
1779071712,2986.889220
1779071712,2986.808967
1779071712,2986.972460
1779071712,2986.940951
1779071712,2987.164436
1779071712,2987.062983
1779071712,2679.213188
1779071712,2678.145362
1779071712,2986.115366
1779071712,2987.594330
1779071712,3605.956169
1779071712,2986.532072
1779071712,3603.842207
1779071712,2678.588267
1779071712,2679.972346
1779071712,2987.274578
1779071712,2988.363590
1779071712,2678.491304
1779071712,2678.798821
1779071712,2678.217717
1779071712,2678.968180
1779071712,2985.578792
1779071712,2678.397591
1779071712,2986.384152
1779071712,2989.372348
1779071712,2985.722890
1779071712,2678.936248
1779071712,2680.076819
1779071712,2986.399689
1779071712,2986.665327
1779071712,2986.132186
1779071712,3603.659528
1779071712,2986.416355
1779071712,2678.778707
1779071712,2986.446861
1779071712,2673.484247
1779071712,2986.055542
1779071712,3294.535655
1779071712,2986.036785
1779071712,2986.256303
1779071712,2986.114342
1779071712,2987.418235
1779071712,2987.921198
1779071712,2993.859671
1779071712,2993.841725
1779071712,2993.870889
1779071712,2994.082177
1779071712,2993.354631
1779071712,2994.388819
1779071712,2987.105338
1779071712,2679.116502
1779071712,2679.113808
1779071712,2679.119841
1779071712,2679.041579
1779071712,2679.128822
1779071712,2679.575498
1779071712,2679.703241
1779071712,2679.636569
1779071712,2679.771868
1779071712,2679.622480
1779071712,2679.781141
1779071712,2679.062464
1779071712,2680.101243
1779071712,2679.098624
1779071712,2679.067145
1779071712,2679.134331
1779071712,2987.719005
1779071712,2680.276679
1779071712,2678.776052
1779071712,2679.263465
1779071712,2679.150890
1779071712,2679.721506
1779071712,2680.752121
1779071712,2987.449165
1779071712,2678.964908
1779071712,2986.996018
1779071712,2986.833215
1779071712,2679.136135
1779071712,2986.810715
1779071712,2986.330909
1779071712,2986.892699
1779071712,2984.698085
1779071712,2986.574117
1779071712,2987.230710
1779071712,2679.088109
1779071712,2986.722609
1779071712,2985.822469
1779071712,2985.862405
1779071712,2985.397934
1779071712,2986.122662
1779071712,2986.198486
1779071712,2987.335793
1779071712,2987.608571
1779071712,2994.796338
1779071712,2994.831151
1779071712,2994.865452
1779071712,2993.455563
1779071712,2992.599463
1779071712,2994.599133
1779071712,2987.498585
1779071712,2987.867210
1779071712,2679.033194
1779071712,2679.114324
1779071712,2987.960481
1779071712,2679.343709
1779071712,3296.122055
1779071712,2987.077125
1779071712,2679.517380
1779071712,3296.523040
1779071712,3296.649335
1779071712,2987.567259
1779071712,2679.001597
1779071712,2678.969629
1779071712,2680.209828
1779071712,2680.377223
1779071712,2988.016423
1779071712,2679.231378
1779071712,2679.485986
1779071712,2679.143277
1779071712,2679.626808
1779071712,2679.561413
1779071712,2987.075521
1779071712,2679.151020
1779071712,2988.719760
1779071712,3293.098040
1779071712,2678.815699
1779071712,2679.468495
1779071712,2987.266033
1779071712,2986.043027
1779071712,2986.369102
1779071712,2677.946620
1779071712,3295.856531
1779071712,3601.408237
1779071712,2986.176545
1779071712,2678.381285
1779071712,2981.019579
1779071712,2981.848611
1779071712,2981.904050
1779071712,2981.924201
1779071712,2673.991511
1779071712,2984.481529
1779071712,2984.581565
1779071712,2984.638316
1779071712,2994.902278
1779071712,2994.853043
1779071712,2994.931378
1779071712,2993.497068
1779071712,2995.667156
1779071712,2993.677636
1779071712,2987.203226
1779071712,2987.624207
1779071712,2987.706944
1779071712,2987.672316
1779071712,2987.801100
1779071712,2987.764365
1779071712,2986.435963
1779071712,2987.931707
1779071712,2679.286094
1779071712,2987.897717
1779071712,2679.548015
1779071712,2679.349676
1779071712,2986.781221
1779071712,2678.480661
1779071712,3294.921501
1779071712,2679.925169
1779071712,2987.463621
1779071712,2992.435936
1779071712,3608.482204
1779071712,2683.977454
1779071712,2991.272632
1779071712,2984.032519
1779071712,2684.051818
1779071712,2990.237145
1779071712,2984.223728
1779071712,2990.540410
1779071712,3297.209517
1779071712,2684.506187
1779071712,2991.893816
1779071712,2684.564403
1779071712,2990.512403
1779071712,2984.768000
1779071712,2686.165988
1779071712,2984.915340
1779071712,2685.134780
1779071712,2685.033813
1779071712,2985.118033
1779071712,2991.906667
1779071712,2985.349696
1779071712,2991.716674
1779071712,3298.551883
1779071712,2984.510728
1779071712,2985.628850
1779071712,4227.613412
1779071712,2993.481847
1779071712,2993.957032
1779071712,2994.043487
1779071712,2993.737009
1779071712,2995.815169
1779071712,2993.797943
1779071712,2678.801724
1779071712,2678.804522
1779071712,2678.785082
1779071712,3296.350183
1779071712,2678.754465
1779071712,3604.337896
1779071712,2678.963164
1779071712,2678.843304
1779071712,3295.511280
1779071712,3294.635598
1779071712,3295.958180
1779071712,3603.808146
1779071712,3295.371230
1779071712,3297.248135
1779071712,3605.214634
1779071712,3295.402410
1779071712,2684.033082
1779071712,2684.141127
1779071712,2683.941139
1779071712,2683.991246
1779071712,4225.839136
1779071712,2684.118445
1779071712,2684.352679
1779071712,2684.210097
1779071712,2683.785044
1779071712,2684.589154
1779071712,2682.811341
1779071712,2992.394783
1779071712,2682.848347
1779071712,2681.129605
1779071712,2681.289241
1779071712,2683.194744
1779071712,3297.763224
1779071712,2681.385683
1779071712,2683.094411
1779071712,3920.837983
1779071712,2677.006032
1779071712,2679.168657
1779071712,2681.903435
1779071712,2685.901063
1779071712,2991.729771
1779071712,2678.208493
1779071712,2985.884383
1779071712,2986.070322
1779071712,2993.836459
1779071712,2993.856504
1779071712,2994.041012
1779071712,2993.339874
1779071712,2994.418875
1779071712,2995.838625
1779071712,2679.671885
1779071712,3296.911695
1779071712,3295.802338
1779071712,2679.767366
1779071712,2679.927828
1779071712,2988.267567
1779071712,3605.046972
1779071712,2680.264532
1779071712,2988.538615
1779071712,2680.398140
1779071712,2680.548688
1779071712,2680.531312
1779071712,2679.343945
1779071712,3604.476140
1779071712,3296.323110
1779071712,2988.671917
1779071712,2992.749303
1779071712,3300.270760
1779071712,2684.396858
1779071712,2683.990791
1779071712,3609.773386
1779071712,3609.894269
1779071712,3300.695256
1779071712,2685.369724
1779071712,3609.267887
1779071712,2683.008671
1779071712,3300.359034
1779071712,2681.449171
1779071712,2683.231926
1779071712,2986.545511
1779071712,2678.149093
1779071712,2986.863959
1779071712,2677.189835
1779071712,2678.375540
1779071712,2678.478896
1779071712,2986.330204
1779071712,2682.863287
1779071712,2994.469195
1779071712,2685.163871
1779071712,2679.509070
1779071712,2681.268108
1779071712,2689.740084
1779071712,2689.281565
1779071712,2687.029209
1779071712,2994.601354
1779071712,2994.620441
1779071712,2994.626707
1779071712,2993.472881
1779071712,2995.518320
1779071712,2994.912382
1779071712,2989.439208
1779071712,2989.427520
1779071712,2680.024891
1779071712,2680.055568
1779071712,2680.211131
1779071712,2680.237662
1779071712,2680.652283
1779071712,2989.249288
1779071712,2681.404399
1779071712,3297.581924
1779071712,2990.722557
1779071712,2991.006274
1779071712,2683.180048
1779071712,2990.962566
1779071712,2684.946708
1779071712,2992.341472
1779071712,2684.389453
1779071712,2684.268854
1779071712,2993.874250
1779071712,2684.639833
1779071712,2992.807400
1779071712,3300.322973
1779071712,2992.606445
1779071712,2685.558514
1779071712,2684.338442
1779071712,3609.894577
1779071712,2683.714564
1779071712,2682.411431
1779071712,2986.822021
1779071712,2986.944456
1779071712,3302.258352
1779071712,2687.420625
1779071712,2986.833969
1779071712,2988.080364
1779071712,2988.686402
1779071712,2995.650274
1779071712,2687.937276
1779071712,2988.355562
1779071712,2687.248756
1779071712,2686.418599
1779071712,2995.295409
1779071712,2988.723808
1779071712,2988.782360
1779071712,2989.364109
1779071712,2994.220884
1779071712,2685.598360
1779071712,2994.266521
1779071712,2994.613690
1779071712,2994.563723
1779071712,2685.915170
1779071712,3606.255619
1779071712,2680.134893
1779071712,2988.698748
1779071712,3606.437554
1779071712,3605.271691
1779071712,2680.301114
1779071712,2680.649674
1779071712,3298.090688
1779071712,2680.762674
1779071712,2989.651162
1779071712,2990.442813
1779071712,2990.646105
1779071712,2991.072489
1779071712,2990.668693
1779071712,2992.596887
1779071712,3608.221133
1779071712,2682.969890
1779071712,2683.675227
1779071712,2683.724800
1779071712,2991.954836
1779071712,3609.481926
1779071712,3299.444035
1779071712,2684.884146
1779071712,2685.090609
1779071712,2685.165933
1779071712,3301.059655
1779071712,3300.341450
1779071712,3300.459188
1779071712,3302.388266
1779071712,2685.413552
1779071712,2686.149636
1779071712,2987.798434
1779071712,3296.618833
1779071712,3296.733705
1779071712,3296.182437
1779071712,3296.345752
1779071712,2988.871314
1779071712,3297.010109
1779071712,3297.319747
1779071712,2988.786917
1779071712,2988.812888
1779071712,2681.716496
1779071712,2682.575476
1779071712,2989.479427
1779071712,2994.383419
1779071712,2994.400752
1779071712,2994.537779
1779071712,2995.206150
1779071712,2994.172253
1779071712,2994.220850
1779071712,3298.217810
1779071712,3298.034957
1779071712,3298.289044
1779071712,3298.091759
1779071712,2989.886666
1779071712,2989.946098
1779071712,3915.016858
1779071712,2680.613763
1779071712,3298.422438
1779071712,3605.513117
1779071712,2989.627775
1779071712,2989.634786
1779071712,3607.420749
1779071712,2990.848230
1779071712,2991.224065
1779071712,2992.055826
1779071712,2992.522329
1779071712,2992.563469
1779071712,2992.694735
1779071712,2991.828883
1779071712,4533.920128
1779071712,3302.951364
1779071712,3608.867984
1779071712,2993.062320
1779071712,3300.788288
1779071712,2992.769753
1779071712,2684.592824
1779071712,2683.472178
1779071712,2990.690387
1779071712,3300.798872
1779071712,3300.400494
1779071712,3607.846845
1779071712,3301.922687
1779071712,3302.807521
1779071712,3609.606706
1779071712,3296.326589
1779071712,2682.153495
1779071712,3296.048705
1779071712,3605.532739
1779071712,3297.332115
1779071712,2988.879729
1779071712,2988.970219
1779071712,3296.770475
1779071712,2989.448573
1779071712,2995.989977
1779071712,2995.990030
1779071712,2994.935120
1779071713,2994.335936
1779071713,2995.476581
1779071713,2996.518000
1779071713,3298.000563
1779071713,3606.748432
1779071713,2989.701268
1779071713,2681.248720
1779071713,3914.137399
1779071713,2988.541271
1779071713,2989.775674
1779071713,3913.550834
1779071713,3298.262674
1779071713,3914.436147
1779071713,3298.730669
1779071713,2990.741406
1779071713,2990.993782
1779071713,2990.516205
1779071713,2991.388416
1779071713,2991.428629
1779071713,2991.746607
1779071713,4841.078249
1779071713,3300.392589
1779071713,2992.285202
1779071713,2992.680684
1779071713,2683.238968
1779071713,2683.343971
1779071713,4227.648832
1779071713,2992.049395
1779071713,2683.007457
1779071713,3300.011099
1779071713,2992.502264
1779071713,3300.529118
1779071713,3300.560830
1779071713,3300.666479
1779071713,2991.468079
1779071713,2683.534995
1779071713,2988.562825
1779071713,2988.760254
1779071713,3920.475988
1779071713,2682.071472
1779071713,2989.913805
1779071713,2682.898197
1779071713,2989.066057
1779071713,2989.077166
1779071713,2988.827516
1779071713,3303.874081
1779071713,2989.253717
1779071713,2995.347949
1779071713,2995.290442
1779071713,3304.002381
1779071713,2994.329179
1779071713,3304.286474
1779071713,2995.492945
1779071713,4224.018396
1779071713,2681.165716
1779071713,2989.898654
1779071713,2681.177763
1779071713,3916.130343
1779071713,2681.393654
1779071713,2990.066146
1779071713,2989.867600
1779071713,2990.297653
1779071713,2990.199041
1779071713,2990.095926
1779071713,3298.692518
1779071713,2990.238265
1779071713,2990.634454
1779071713,2990.651825
1779071713,3299.423083
1779071713,3917.673506
1779071713,3607.711382
1779071713,2991.260272
1779071713,2682.215105
1779071713,2991.699208
1779071713,2992.164553
1779071713,2992.478530
1779071713,3916.076288
1779071713,2991.949655
1779071713,2993.217238
1779071713,2993.069392
1779071713,2683.421966
1779071713,3918.640782
1779071713,3608.591184
1779071713,2991.607631
1779071713,2992.791627
1779071713,2992.809695
1779071713,2681.692316
1779071713,2992.699968
1779071713,2682.715273
1779071713,2989.127829
1779071713,3296.634948
1779071713,2990.238136
1779071713,3605.350596
1779071713,2989.121179
1779071713,2681.888968
1779071713,2989.525844
1779071713,2989.456350
1779071713,2995.603475
1779071713,2995.522132
1779071713,2995.696143
1779071713,2995.790239
1779071713,2994.782741
1779071713,2996.028597
1779071713,2989.860286
1779071713,2989.966273
1779071713,2989.856993
1779071713,2989.796893
1779071713,3299.513472
1779071713,2989.956286
1779071713,2682.030727
1779071713,2989.876552
1779071713,2990.120828
1779071713,2990.128729
1779071713,2681.104931
1779071713,2990.225082
1779071713,2682.720687
1779071713,2990.565084
1779071713,2989.880654
1779071713,2991.199234
1779071713,2991.490277
1779071713,2990.928738
1779071713,2990.918791
1779071713,2990.791793
1779071713,2990.211561
1779071713,2991.497831
1779071713,3299.720019
1779071713,2991.669571
1779071713,3607.541508
1779071713,2991.096278
1779071713,2991.190566
1779071713,2683.566216
1779071713,2991.414551
1779071713,2991.430469
1779071713,2990.829490
1779071713,2991.741300
1779071713,2990.385317
1779071713,2989.956656
1779071713,3603.784296
1779071713,2989.991241
1779071713,2989.772894
1779071713,2990.182215
1779071713,2990.858084
1779071713,2989.567625
1779071713,2989.301589
1779071713,2989.302985
1779071713,2989.057930
1779071713,2988.782204
1779071713,2995.863641
1779071713,2995.977307
1779071713,2995.915524
1779071713,2995.017283
1779071713,2993.932977
1779071713,2995.074156
1779071713,2990.042149
1779071713,2681.104257
1779071713,2989.321823
1779071713,2990.655371
1779071713,2990.635147
1779071713,2681.582137
1779071713,2681.671253
1779071713,2681.470809
1779071713,2990.724736
1779071713,2681.969344
1779071713,2682.259452
1779071713,2682.140465
1779071713,2990.155026
1779071713,2989.191308
1779071713,2990.592391
1779071713,2989.615099
1779071713,2989.861602
1779071713,4223.911237
1779071713,2990.164350
1779071713,2990.338958
1779071713,2990.481682
1779071713,3300.645702
1779071713,2990.533735
1779071713,2990.820812
1779071713,2682.644285
1779071713,2990.729463
1779071713,2990.556639
1779071713,2990.861335
1779071713,2990.614199
1779071713,2991.123928
1779071713,2990.801717
1779071713,3299.181008
1779071713,3295.727912
1779071713,2989.516741
1779071713,2990.715152
1779071713,2989.842184
1779071713,2989.793976
1779071713,2682.150251
1779071713,3296.943927
1779071713,2989.584199
1779071713,2989.015187
1779071713,2682.057525
1779071713,2988.102086
1779071713,2988.578878
1779071713,2996.234111
1779071713,2996.298490
1779071713,2996.358402
1779071713,2994.853726
1779071713,2994.952700
1779071713,2994.992245
1779071713,2988.923393
1779071713,2989.591571
1779071713,3606.701411
1779071713,2681.104121
1779071713,2680.982144
1779071713,2680.988453
1779071713,2990.336773
1779071713,2680.866055
1779071713,2989.258878
1779071713,2989.323542
1779071713,2989.497857
1779071713,2990.958075
1779071713,2681.644047
1779071713,2989.587075
1779071713,2989.942043
1779071713,2989.998593
1779071713,2682.285684
1779071713,2990.237379
1779071713,2990.967224
1779071713,2990.207123
1779071713,2990.280394
1779071713,4226.065304
1779071713,2990.833582
1779071713,2990.553793
1779071713,2991.102727
1779071713,4225.614835
1779071713,2990.934131
1779071713,2990.952512
1779071713,2990.457617
1779071713,2990.632867
1779071713,2990.683422
1779071713,2683.152511
1779071713,3299.332334
1779071713,2990.574686
1779071713,3296.772332
1779071713,2989.901304
1779071713,2989.871282
1779071713,2990.167695
1779071713,3296.764183
1779071713,2988.707247
1779071713,2991.514691
1779071713,2989.218044
1779071713,2988.317151
1779071713,2988.752459
1779071713,2995.456342
1779071713,2995.394240
1779071713,2995.546117
1779071713,2994.709743
1779071713,2994.750997
1779071713,2994.728231
1779071713,3297.001283
1779071713,2989.089770
1779071713,3297.630384
1779071713,2989.008493
1779071713,3298.281296
1779071713,2990.382684
1779071713,2989.248999
1779071713,2990.530868
1779071713,2989.437716
1779071713,2989.354709
1779071713,2990.732389
1779071713,2989.604300
1779071713,2990.924928
1779071713,2989.566689
1779071713,2989.780156
1779071713,2989.929266
1779071713,2990.635706
1779071713,2990.756563
1779071713,2989.860876
1779071713,2989.985685
1779071713,2990.160713
1779071713,3297.896891
1779071713,2990.617474
1779071713,2990.654005
1779071713,2990.557860
1779071713,2682.487230
1779071713,2990.182585
1779071713,2991.430478
1779071713,2989.850515
1779071713,2990.983011
1779071713,2990.546686
1779071713,2682.862098
1779071713,2683.238462
1779071713,2989.740332
1779071713,2989.729334
1779071713,2989.053803
1779071713,2989.741693
1779071713,2990.123717
1779071713,2990.978216
1779071713,2989.795248
1779071713,2987.695270
1779071713,2988.157073
1779071713,2988.335615
1779071713,2988.780853
1779071713,2995.973394
1779071713,2995.960954
1779071713,2995.980448
1779071713,2994.270121
1779071713,2994.242271
1779071713,2994.804114
1779071713,3297.769628
1779071713,3297.984537
1779071713,3914.967643
1779071713,3297.639480
1779071713,2989.784976
1779071713,3299.404133
1779071713,3298.035311
1779071713,3298.253207
1779071713,2989.092148
1779071713,2990.506447
1779071713,2990.616226
1779071713,2680.374466
1779071713,2989.636157
1779071713,2680.468974
1779071713,2989.677393
1779071713,2680.619608
1779071713,2990.392149
1779071713,2990.571989
1779071713,2989.639169
1779071713,2680.170988
1779071713,2680.317372
1779071713,2989.828239
1779071713,2990.040211
1779071713,3916.735342
1779071713,2990.356460
1779071713,2990.870856
1779071713,2990.832027
1779071713,2991.019747
1779071713,2990.419951
1779071713,2990.888885
1779071713,2990.862327
1779071713,2990.577866
1779071713,2991.083983
1779071713,2683.237540
1779071713,2682.117522
1779071713,2990.855283
1779071713,2989.800187
1779071713,3296.732427
1779071713,2990.992892
1779071713,3297.027922
1779071713,2987.756750
1779071713,2988.243175
1779071713,2988.651744
1779071713,2988.958083
1779071713,2996.349917
1779071713,2997.421125
1779071713,2996.463892
1779071713,2994.684103
1779071713,2994.730666
1779071713,2994.758585
1779071713,3297.701757
1779071713,3606.280331
1779071713,2988.570855
1779071713,3607.144003
1779071713,2679.579691
1779071713,3298.608824
1779071713,2679.656429
1779071713,2989.506051
1779071713,2679.896604
1779071713,2679.908847
1779071713,2679.979046
1779071713,2989.867903
1779071713,2989.802966
1779071713,2990.246758
1779071713,2988.731764
1779071713,3298.333629
1779071713,2989.514386
1779071713,2989.666710
1779071713,2989.820786
1779071713,2989.958838
1779071713,2989.857601
1779071713,2990.060861
1779071713,2989.256277
1779071713,2990.199710
1779071713,2989.776979
1779071713,2990.429118
1779071713,2990.396766
1779071713,2990.871862
1779071713,3298.140260
1779071713,2990.819393
1779071713,2990.852305
1779071713,2991.053748
1779071713,2990.632872
1779071713,2990.649955
1779071713,2989.942830
1779071713,2989.001351
1779071713,2990.195683
1779071713,2990.251000
1779071713,2990.825668
1779071713,2990.012238
1779071713,2987.859120
1779071713,2988.385001
1779071713,2679.629912
1779071713,2988.109564
1779071713,2997.039429
1779071713,2997.040489
1779071713,2997.021547
1779071713,2993.530571
1779071713,2993.631451
1779071713,2993.676978
1779071713,2988.595821
1779071713,2988.633604
1779071713,2988.546418
1779071713,2988.742655
1779071713,2988.825790
1779071713,2989.102200
1779071713,2679.191112
1779071713,2989.342353
1779071713,2679.456937
1779071713,2989.578118
1779071713,2679.650845
1779071713,2989.935281
1779071713,2990.254078
1779071713,2989.063110
1779071713,2989.035006
1779071713,2989.414146
1779071713,2989.586708
1779071713,2989.702636
1779071713,2990.182146
1779071713,2991.612741
1779071713,3298.693128
1779071713,2990.235611
1779071713,2681.896961
1779071713,2990.800512
1779071713,2990.938367
1779071713,2990.872077
1779071713,2991.273868
1779071713,3298.052984
1779071713,2991.520121
1779071713,2681.531701
1779071713,2991.143688
1779071713,2991.281105
1779071713,2682.045191
1779071713,2990.045448
1779071713,2991.318001
1779071713,2991.501245
1779071713,2989.826178
1779071713,2990.403154
1779071713,2990.730622
1779071713,2989.969790
1779071713,2988.335575
1779071713,2988.660788
1779071713,2988.764055
1779071713,2988.410639
1779071713,2996.460420
1779071713,2996.421654
1779071713,2996.549396
1779071713,2994.574371
1779071713,2994.637108
1779071713,2994.593433
1779071713,2987.434975
1779071713,2987.572528
1779071713,2987.678763
1779071713,2987.710963
1779071713,2679.593849
1779071713,3297.224598
1779071713,2679.757534
1779071713,2988.540574
1779071713,2680.150674
1779071713,2988.794571
1779071713,3298.028288
1779071713,2988.898907
1779071713,2989.331355
1779071713,2679.656319
1779071713,2679.873485
1779071713,3297.919208
1779071713,2989.937561
1779071713,2988.533625
1779071713,2988.816328
1779071713,2989.047377
1779071713,2680.565056
1779071713,2989.411998
1779071713,2989.701476
1779071713,2989.774557
1779071713,2680.897479
1779071713,2990.403850
1779071713,2990.448543
1779071713,2682.275916
1779071713,2990.941266
1779071713,3297.832927
1779071713,2681.488028
1779071713,2991.164477
1779071713,2991.485930
1779071713,2989.715640
1779071713,2989.994861
1779071713,3297.645334
1779071713,2990.437393
1779071713,2683.369712
1779071713,2990.728195
1779071713,2990.278965
1779071713,2988.605318
1779071713,2681.186313
1779071713,2988.895545
1779071713,2988.562328
1779071714,2997.011817
1779071714,2997.175626
1779071714,2997.196948
1779071714,2995.579113
1779071714,2994.543731
1779071714,2994.620086
1779071714,3605.990882
1779071714,2678.541582
1779071714,2678.600448
1779071714,2678.562431
1779071714,3297.825447
1779071714,2678.985986
1779071714,2678.815036
1779071714,2679.074164
1779071714,2988.399728
1779071714,2679.711611
1779071714,2679.491946
1779071714,2679.876819
1779071714,2987.969412
1779071714,2679.769713
1779071714,2988.121632
1779071714,2988.455769
1779071714,2988.559285
1779071714,2679.744770
1779071714,2988.763894
1779071714,2679.892046
1779071714,2988.799704
1779071714,2989.248975
1779071714,2680.777709
1779071714,2681.524695
1779071714,2990.061453
1779071714,2682.483540
1779071714,2681.451146
1779071714,2990.666428
1779071714,2991.075926
1779071714,2990.596194
1779071714,2681.939803
1779071714,2682.095874
1779071714,2991.197073
1779071714,2990.415089
1779071714,2991.059720
1779071714,2989.990109
1779071714,2991.497654
1779071714,2990.815080
1779071714,2990.713680
1779071714,2990.438259
1779071714,2989.642808
1779071714,3296.935054
1779071714,2988.129339
1779071714,2988.696649
1779071714,2997.515826
1779071714,2997.459746
1779071714,2997.601381
1779071714,2993.720762
1779071714,2993.627604
1779071714,2993.786820
1779071714,2987.652027
1779071714,2988.357941
1779071714,2988.305630
1779071714,2988.283757
1779071714,2987.472554
1779071714,2987.789866
1779071714,2679.946295
1779071714,2987.974169
1779071714,2986.679881
1779071714,3298.017598
1779071714,3298.168589
1779071714,3298.415951
1779071714,2988.590952
1779071714,2988.644888
1779071714,2679.104790
1779071714,2988.726703
1779071714,2989.088300
1779071714,2987.940065
1779071714,2988.159068
1779071714,2988.156534
1779071714,2988.701086
1779071714,2988.667191
1779071714,2680.187980
1779071714,2989.101947
1779071714,2989.710690
1779071714,2989.614169
1779071714,2989.587966
1779071714,2681.132394
1779071714,2989.283938
1779071714,2990.460264
1779071714,3606.806480
1779071714,2990.588433
1779071714,3297.675742
1779071714,2990.681605
1779071714,2990.615732
1779071714,2681.242278
1779071714,2991.255508
1779071714,2990.462312
1779071714,2991.096286
1779071714,2990.357377
1779071714,2987.243188
1779071714,2987.382104
1779071714,2989.015630
1779071714,2988.927494
1779071714,2997.059742
1779071714,2997.131783
1779071714,2997.138010
1779071714,2993.543423
1779071714,2993.609210
1779071714,2993.716446
1779071714,2987.236647
1779071714,2987.608941
1779071714,3296.078409
1779071714,2987.776294
1779071714,2680.148529
1779071714,2987.867942
1779071714,2679.083384
1779071714,2988.140022
1779071714,2988.201483
1779071714,2987.024860
1779071714,2988.403577
1779071714,2988.455216
1779071714,2987.527026
1779071714,3297.610918
1779071714,2987.669975
1779071714,3605.848968
1779071714,2680.171527
1779071714,2988.416783
1779071714,2988.421617
1779071714,2679.683549
1779071714,3297.255013
1779071714,2989.091195
1779071714,2988.320648
1779071714,2989.428477
1779071714,3298.041858
1779071714,2989.030663
1779071714,2989.318147
1779071714,3298.431970
1779071714,2989.385644
1779071714,2989.502216
1779071714,3299.187670
1779071714,2989.812457
1779071714,2990.041980
1779071714,2989.987990
1779071714,2679.511665
1779071714,2990.723273
1779071714,2989.911280
1779071714,2991.068722
1779071714,2990.691160
1779071714,2990.351090
1779071714,3296.222475
1779071714,2987.675972
1779071714,2988.269962
1779071714,2988.356729
1779071714,2996.804080
1779071714,2996.800936
1779071714,2996.808565
1779071714,2993.380529
1779071714,2993.342879
1779071714,2993.459206
1779071714,3295.855087
1779071714,2986.639800
1779071714,3296.057932
1779071714,2986.651586
1779071714,2679.849133
1779071714,3606.036887
1779071714,3296.573250
1779071714,2679.487880
1779071714,3295.773091
1779071714,3295.822883
1779071714,3606.756326
1779071714,2986.730754
1779071714,2988.291681
1779071714,3296.478310
1779071714,3296.328076
1779071714,2987.311162
1779071714,2987.575304
1779071714,3296.559630
1779071714,2988.978158
1779071714,2988.232578
1779071714,3297.324907
1779071714,2988.096433
1779071714,3297.559416
1779071714,2679.745243
1779071714,2989.291502
1779071714,2989.327397
1779071714,2989.436685
1779071714,3298.536014
1779071714,2988.898638
1779071714,2988.191756
1779071714,2989.582020
1779071714,3299.403774
1779071714,2679.296476
1779071714,3299.402968
1779071714,2989.903809
1779071714,2989.893097
1779071714,2990.090021
1779071714,2990.943444
1779071714,2991.051394
1779071714,2991.791455
1779071714,2990.089212
1779071714,2987.907964
1779071714,2988.410688
1779071714,2989.370449
1779071714,2996.238541
1779071714,2996.668142
1779071714,2996.806744
1779071714,2993.031490
1779071714,2993.167817
1779071714,2993.212095
1779071714,2987.531142
1779071714,2680.276177
1779071714,2987.742795
1779071714,2987.566655
1779071714,2987.693206
1779071714,3605.719070
1779071714,2987.723529
1779071714,2988.182808
1779071714,2986.960158
1779071714,2986.962339
1779071714,2987.140190
1779071714,2987.243576
1779071714,3295.863200
1779071714,2987.713510
1779071714,2987.763637
1779071714,2987.901068
1779071714,2988.002922
1779071714,2988.063190
1779071714,2988.042034
1779071714,2988.197119
1779071714,3296.626051
1779071714,2680.186129
1779071714,2988.272033
1779071714,3297.078580
1779071714,2988.531958
1779071714,2988.250454
1779071714,2988.625620
1779071714,2680.276549
1779071714,2988.691939
1779071714,2680.530267
1779071714,2988.218653
1779071714,2989.013908
1779071714,3298.565502
1779071714,2680.365038
1779071714,2987.728179
1779071714,2988.110748
1779071714,2988.295019
1779071714,2988.113671
1779071714,2987.339565
1779071714,2987.787464
1779071714,2988.581347
1779071714,2680.306771
1779071714,2988.052301
1779071714,2989.414995
1779071714,2996.050163
1779071714,2996.202342
1779071714,2996.248461
1779071714,2994.162219
1779071714,2993.236994
1779071714,2993.480985
1779071714,2986.563439
1779071714,2988.272405
1779071714,2987.172777
1779071714,3296.235953
1779071714,3914.993358
1779071714,2987.342114
1779071714,2679.499058
1779071714,2987.906702
1779071714,2986.905751
1779071714,2987.806037
1779071714,3605.377785
1779071714,2988.079081
1779071714,2987.339011
1779071714,2987.196046
1779071714,2987.518109
1779071714,2987.553891
1779071714,2679.463860
1779071714,2987.341929
1779071714,2987.885247
1779071714,2987.575982
1779071714,2987.487618
1779071714,2987.729226
1779071714,2987.704096
1779071714,2987.853218
1779071714,2680.230919
1779071714,2680.622346
1779071714,2988.411101
1779071714,2987.562554
1779071714,2987.164306
1779071714,2988.250688
1779071714,2987.070414
1779071714,2986.924005
1779071714,2987.565747
1779071714,3298.168479
1779071714,2987.499379
1779071714,2987.618013
1779071714,2987.539828
1779071714,2987.526912
1779071714,2987.602138
1779071714,2988.035453
1779071714,2988.217074
1779071714,2680.634516
1779071714,2988.197897
1779071714,2989.448978
1779071714,2996.608193
1779071714,2996.590150
1779071714,2996.762011
1779071714,2993.084162
1779071714,2993.983190
1779071714,2993.944554
1779071714,2988.538107
1779071714,2986.745418
1779071714,2986.931620
1779071714,2987.051910
1779071714,3604.535298
1779071714,2987.081647
1779071714,2988.134352
1779071714,2680.064914
1779071714,2987.487993
1779071714,3915.432641
1779071714,2987.935383
1779071714,2987.930494
1779071714,2988.149976
1779071714,2680.140253
1779071714,2988.444191
1779071714,2680.276436
1779071714,2680.344233
1779071714,2988.885826
1779071714,2987.504353
1779071714,2679.365598
1779071714,2987.636424
1779071714,2988.021915
1779071714,3605.550769
1779071714,2987.776941
1779071714,2987.709032
1779071714,2680.094876
1779071714,2987.687804
1779071714,2988.213850
1779071714,2988.176466
1779071714,2987.138089
1779071714,2986.862343
1779071714,3297.782548
1779071714,2987.937301
1779071714,2987.410849
1779071714,2987.645732
1779071714,2987.518097
1779071714,2987.648125
1779071714,2987.443500
1779071714,2987.415207
1779071714,2987.817672
1779071714,2988.160949
1779071714,2987.684612
1779071714,2988.412148
1779071714,2989.600537
1779071714,2995.948152
1779071714,2996.041739
1779071714,2996.109730
1779071714,2992.498352
1779071714,2993.381712
1779071714,2993.401488
1779071714,2985.942003
1779071714,3295.667197
1779071714,2678.630807
1779071714,2988.534841
1779071714,2678.608540
1779071714,2987.404567
1779071714,2987.528980
1779071714,2986.389177
1779071714,2987.995539
1779071714,2986.996389
1779071714,2987.090816
1779071714,2987.147972
1779071714,2987.308177
1779071714,2680.754530
1779071714,2988.307823
1779071714,2681.059041
1779071714,2988.155585
1779071714,2680.839770
1779071714,2679.593847
1779071714,2679.757300
1779071714,2679.201210
1779071714,2988.023030
1779071714,2988.412477
1779071714,3296.323830
1779071714,2988.514746
1779071714,3296.274183
1779071714,2988.188196
1779071714,2988.255374
1779071714,3294.971236
1779071714,2987.520818
1779071714,2986.961887
1779071714,2988.451682
1779071714,2987.014999
1779071714,2987.668464
1779071714,2987.456077
1779071714,2679.769290
1779071714,2987.939115
1779071714,2987.215115
1779071714,2987.677676
1779071714,2987.695409
1779071714,3295.272771
1779071714,2987.760255
1779071714,2988.384470
1779071714,2989.578089
1779071714,2996.506692
1779071714,2996.602253
1779071714,2996.674613
1779071714,2992.869758
1779071714,2993.237332
1779071714,2993.265904
1779071714,2677.832312
1779071714,2678.545614
1779071714,2987.627465
1779071714,2678.698128
1779071714,2987.724346
1779071714,2678.618299
1779071714,2678.651467
1779071714,2678.591686
1779071714,2987.794882
1779071714,2986.849636
1779071714,2679.068110
1779071714,2988.187250
1779071714,2987.024591
1779071714,2679.116018
1779071714,2679.231679
1779071714,2679.219437
1779071714,2679.169832
1779071714,2679.425430
1779071714,2679.389372
1779071714,2679.300100
1779071714,2987.671607
1779071714,2988.546271
1779071714,2988.262666
1779071714,3295.750195
1779071714,2988.524495
1779071714,3295.667673
1779071714,2988.116633
1779071714,2988.330491
1779071714,2987.664014
1779071714,2986.438404
1779071714,2988.261510
1779071714,2987.545712
1779071714,2987.163024
1779071714,2987.205461
1779071714,2987.234195
1779071714,2679.499268
1779071714,2987.452200
1779071714,2987.191056
1779071714,2987.637744
1779071714,3294.460348
1779071714,2987.468526
1779071714,2987.681134
1779071714,2988.644999
1779071714,2989.609548
1779071714,2995.026720
1779071714,2995.755760
1779071714,2995.815810
1779071714,2994.138732
1779071714,2993.159093
1779071714,2993.218854
1779071714,2987.557892
1779071714,2987.941468
1779071714,2678.118323
1779071714,2678.262506
1779071714,2988.086095
1779071714,2678.313442
1779071714,2986.963766
1779071714,2678.337182
1779071714,2678.711022
1779071714,2987.441810
1779071714,2987.614284
1779071714,2678.780708
1779071714,2987.436912
1779071714,2987.041578
1779071714,2678.837421
1779071714,2678.805580
1779071714,2678.974194
1779071714,2988.918159
1779071714,2679.036034
1779071714,3296.775222
1779071714,2679.114053
1779071714,2988.195481
1779071714,2988.333114
1779071714,2986.166619
1779071714,2987.990707
1779071714,2988.232536
1779071714,3296.214126
1779071714,2988.386002
1779071714,2987.432903
1779071714,2988.920546
1779071714,2679.578976
1779071714,2988.147101
1779071714,2986.923815
1779071714,2986.735330
1779071714,2987.239790
1779071714,2679.664108
1779071714,2987.074812
1779071714,2988.095579
1779071714,2987.293876
1779071714,2679.469865
1779071714,2987.439455
1779071714,2987.475928
1779071715,2988.504291
1779071715,2989.817813
1779071715,2995.731244
1779071715,2996.265327
1779071715,2996.198346
1779071715,2993.225384
1779071715,2993.295909
1779071715,2993.379945
1779071715,3295.622715
1779071715,2986.113812
1779071715,2986.611136
1779071715,2678.721272
1779071715,2678.823149
1779071715,2678.982039
1779071715,2678.897008
1779071715,2987.340008
1779071715,2987.718953
1779071715,2679.481825
1779071715,2987.750961
1779071715,2987.962323
1779071715,2988.096305
1779071715,3295.878364
1779071715,2678.196564
1779071715,3296.291842
1779071715,3604.241347
1779071715,2679.482018
1779071715,3296.522096
1779071715,2679.782940
1779071715,2679.191103
1779071715,2679.219448
1779071715,2679.201655
1779071715,2679.260374
1779071715,2989.032264
1779071715,2679.701110
1779071715,2986.764219
1779071715,2987.809185
1779071715,2987.823564
1779071715,3294.661169
1779071715,2987.286828
1779071715,2681.622820
1779071715,2987.311546
1779071715,2680.904840
1779071715,2989.715938
1779071715,2988.580497
1779071715,2986.705984
1779071715,2987.460537
1779071715,2987.987127
1779071715,2987.491893
1779071715,2987.499857
1779071715,2987.242746
1779071715,2988.564820
1779071715,2989.802448
1779071715,2996.348055
1779071715,2996.330160
1779071715,2996.356306
1779071715,2994.206629
1779071715,2994.132239
1779071715,2994.274029
1779071715,3294.818670
1779071715,3295.195137
1779071715,3295.308981
1779071715,3295.713164
1779071715,2987.011503
1779071715,2678.232095
1779071715,2678.482676
1779071715,2987.411729
1779071715,3604.559666
1779071715,2679.064820
1779071715,2986.683344
1779071715,4222.589777
1779071715,3295.889060
1779071715,3296.232261
1779071715,2988.508283
1779071715,2678.799217
1779071715,2678.776487
1779071715,2674.145225
1779071715,2988.241853
1779071715,2674.277063
1779071715,2674.315591
1779071715,2989.730978
1779071715,2674.811015
1779071715,2987.880273
1779071715,2988.341012
1779071715,2988.390570
1779071715,2988.469539
1779071715,2675.488143
1779071715,2675.531677
1779071715,2987.585413
1779071715,2675.937354
1779071715,2674.970502
1779071715,2989.668478
1779071715,2987.755317
1779071715,2987.454688
1779071715,2987.595152
1779071715,2987.920662
1779071715,2992.076962
1779071715,2987.088365
1779071715,2990.565827
1779071715,2679.622468
1779071715,2988.318874
1779071715,3303.470128
1779071715,2989.876855
1779071715,2995.842449
1779071715,2995.950684
1779071715,2687.107012
1779071715,2994.174112
1779071715,2994.141075
1779071715,2994.243929
1779071715,2986.669612
1779071715,3602.888573
1779071715,3294.361481
1779071715,2986.132177
1779071715,3296.376326
1779071715,3296.379375
1779071715,2986.778105
1779071715,3296.918872
1779071715,2987.320065
1779071715,3603.823480
1779071715,2986.364701
1779071715,2679.121694
1779071715,2679.058817
1779071715,3604.336093
1779071715,3296.854603
1779071715,2679.687771
1779071715,2987.065812
1779071715,3296.580856
1779071715,2987.762914
1779071715,2674.286203
1779071715,2987.854863
1779071715,3605.214018
1779071715,2674.668032
1779071715,2674.727110
1779071715,2988.521924
1779071715,2988.488024
1779071715,2675.462165
1779071715,2675.334440
1779071715,2675.625047
1779071715,2675.565652
1779071715,2675.726308
1779071715,2988.570281
1779071715,2675.095907
1779071715,2988.488525
1779071715,2675.284833
1779071715,2988.601754
1779071715,2989.078136
1779071715,3296.091159
1779071715,2989.074492
1779071715,2677.204134
1779071715,2990.080517
1779071715,2678.417621
1779071715,2988.886511
1779071715,2990.114285
1779071715,2996.322111
1779071715,2996.409139
1779071715,2996.489607
1779071715,2993.126111
1779071715,2993.931736
1779071715,2993.899392
1779071715,3603.396377
1779071715,2986.343448
1779071715,3294.783887
1779071715,2986.492435
1779071715,3295.323509
1779071715,3295.330123
1779071715,2986.030568
1779071715,3295.788608
1779071715,2986.556303
1779071715,2986.584662
1779071715,2986.554055
1779071715,2986.738920
1779071715,2987.254259
1779071715,2987.184796
1779071715,2987.215558
1779071715,3296.000646
1779071715,3604.971726
1779071715,2987.416471
1779071715,3604.911600
1779071715,3296.776595
1779071715,2674.592381
1779071715,3296.904607
1779071715,3297.395773
1779071715,3297.420952
1779071715,3297.438502
1779071715,3297.549063
1779071715,2988.601563
1779071715,2988.822213
1779071715,2674.487063
1779071715,2988.812473
1779071715,2988.809434
1779071715,2989.041878
1779071715,2989.000323
1779071715,2988.567817
1779071715,2987.153789
1779071715,2988.681755
1779071715,2984.586367
1779071715,2673.883715
1779071715,2988.670846
1779071715,2986.224649
1779071715,2991.349090
1779071715,2990.795996
1779071715,2990.788373
1779071715,2989.152702
1779071715,2996.045143
1779071715,2995.961681
1779071715,2996.150809
1779071715,2993.203525
1779071715,2993.776311
1779071715,2994.056164
1779071715,2984.676838
1779071715,2984.892415
1779071715,2985.910110
1779071715,3603.584689
1779071715,2677.476086
1779071715,2986.404672
1779071715,2986.529524
1779071715,3295.209020
1779071715,2987.325970
1779071715,2987.092332
1779071715,3605.287590
1779071715,2987.277842
1779071715,2987.864763
1779071715,2986.634003
1779071715,2986.619180
1779071715,2674.311020
1779071715,2981.686245
1779071715,3605.211185
1779071715,3605.464408
1779071715,3296.317738
1779071715,2674.792003
1779071715,2982.860394
1779071715,3296.857589
1779071715,3296.260923
1779071715,2673.597023
1779071715,2983.061542
1779071715,2983.637899
1779071715,2983.662143
1779071715,2983.857016
1779071715,3296.355591
1779071715,2673.861791
1779071715,3296.276653
1779071715,3604.528481
1779071715,2983.507940
1779071715,2983.523237
1779071715,2673.824170
1779071715,3296.807867
1779071715,2984.266696
1779071715,2984.975200
1779071715,2985.718621
1779071715,2986.226138
1779071715,2986.961843
1779071715,2987.229009
1779071715,2988.709458
1779071715,2997.047939
1779071715,2997.067914
1779071715,3306.128490
1779071715,2992.385010
1779071715,2992.929785
1779071715,2992.922657
1779071715,2983.761515
1779071715,2983.891219
1779071715,2985.673492
1779071715,2985.607225
1779071715,2986.016761
1779071715,2986.042988
1779071715,2676.119300
1779071715,2986.224681
1779071715,2987.055935
1779071715,3295.434459
1779071715,2987.000574
1779071715,2987.059743
1779071715,2675.757636
1779071715,3295.978668
1779071715,2987.446662
1779071715,2674.223182
1779071715,2981.382775
1779071715,2982.060060
1779071715,2982.007389
1779071715,2674.547912
1779071715,3296.323176
1779071715,2982.620679
1779071715,2982.722755
1779071715,3296.437371
1779071715,3603.971463
1779071715,2673.890411
1779071715,3296.604486
1779071715,3296.562015
1779071715,2674.359257
1779071715,3297.383318
1779071715,2982.530000
1779071715,2982.726866
1779071715,3604.012841
1779071715,2983.265853
1779071715,3297.168115
1779071715,2983.593098
1779071715,2983.941581
1779071715,2984.078740
1779071715,3296.820441
1779071715,2985.515256
1779071715,3295.884805
1779071715,2986.794283
1779071715,2987.369686
1779071715,2988.696789
1779071715,2997.051772
1779071715,2997.092976
1779071715,2997.181346
1779071715,2993.435802
1779071715,2993.748572
1779071715,2993.754972
1779071715,2983.532679
1779071715,2983.733058
1779071715,2985.084525
1779071715,2985.253655
1779071715,2984.318636
1779071715,2985.706363
1779071715,2985.609590
1779071715,2985.767666
1779071715,2675.393205
1779071715,2986.279287
1779071715,2986.780550
1779071715,2985.536078
1779071715,2985.852738
1779071715,2981.168630
1779071715,2985.960292
1779071715,2675.585304
1779071715,2981.604550
1779071715,3603.655463
1779071715,2986.974074
1779071715,2982.435350
1779071715,2987.352805
1779071715,2982.741943
1779071715,2982.415568
1779071715,2982.558900
1779071715,2983.097553
1779071715,2674.815026
1779071715,3296.272392
1779071715,2982.192766
1779071715,2982.330639
1779071715,2982.393322
1779071715,2982.346570
1779071715,2982.511272
1779071715,2672.974000
1779071715,2982.835289
1779071715,2980.364914
1779071715,2983.077672
1779071715,3298.095690
1779071715,2984.157206
1779071715,2984.372711
1779071715,2985.173491
1779071715,2981.882621
1779071715,2985.936564
1779071715,2983.717409
1779071715,2985.249620
1779071715,2997.772733
1779071715,2997.837509
1779071715,2997.866628
1779071715,2993.363070
1779071715,2993.407409
1779071715,2993.579924
1779071715,2983.386773
1779071715,2983.438360
1779071715,2984.905693
1779071715,3293.838035
1779071715,2985.317372
1779071715,2985.406347
1779071715,2984.378176
1779071715,2984.435525
1779071715,2984.469882
1779071715,2983.873211
1779071715,2983.538018
1779071715,2675.573355
1779071715,2982.923498
1779071715,2983.852757
1779071715,3912.162959
1779071715,2981.672490
1779071715,2981.767713
1779071715,3290.221607
1779071715,2980.704953
1779071715,2982.373094
1779071715,2981.865330
1779071715,2982.157702
1779071715,2982.117786
1779071715,3290.954196
1779071715,2673.900803
1779071715,2981.852973
1779071715,2982.053468
1779071715,2674.139382
1779071715,2981.511290
1779071715,2674.526881
1779071715,2673.869268
1779071715,2674.651687
1779071715,3290.821900
1779071715,2673.103789
1779071715,2981.230392
1779071715,2981.389259
1779071715,2981.783652
1779071715,2981.352225
1779071715,2986.790026
1779071715,2986.171428
1779071715,2986.669812
1779071715,2986.832204
1779071715,2986.797057
1779071715,2986.932978
1779071715,2999.806010
1779071715,2999.786551
1779071715,2999.850986
1779071715,2683.090557
1779071715,2993.210478
1779071715,2993.486296
1779071715,2982.132275
1779071715,2982.283696
1779071715,2983.297584
1779071715,2983.496044
1779071715,2674.943186
1779071715,2983.896347
1779071715,2983.878777
1779071715,2983.680111
1779071715,2984.009736
1779071715,2984.421544
1779071715,3602.314621
1779071715,2983.014684
1779071715,2983.661705
1779071715,2983.863494
1779071715,3294.408110
1779071715,2674.241055
1779071715,2981.692917
1779071715,2982.143286
1779071715,3289.870336
1779071715,2981.746077
1779071715,3913.202710
1779071715,2982.235747
1779071715,2982.188381
1779071715,2674.719665
1779071715,2674.589983
1779071715,2981.561545
1779071715,3604.721761
1779071715,2981.920905
1779071715,2981.668671
1779071715,2674.339603
1779071715,2981.129898
1779071715,2981.102802
1779071715,2674.195891
1779071715,2982.131408
1779071715,2981.202591
1779071715,2981.405581
1779071715,2981.273267
1779071715,2982.057547
1779071715,2678.746652
1779071715,2678.286432
1779071715,2986.630887
1779071715,2986.464487
1779071715,2986.660958
1779071715,2986.752775
1779071715,3000.545376
1779071715,3000.580638
1779071715,3000.654496
1779071715,2992.761484
1779071715,2992.879293
1779071715,2993.025041
1779071716,2981.891040
1779071716,2981.934288
1779071716,2982.646625
1779071716,2982.686661
1779071716,2983.150531
1779071716,2983.117060
1779071716,2983.221324
1779071716,3293.715076
1779071716,2983.435684
1779071716,2983.699257
1779071716,2984.109638
1779071716,2982.142502
1779071716,2674.890587
1779071716,2984.411681
1779071716,3289.330902
1779071716,2981.698912
1779071716,2675.164383
1779071716,2982.272734
1779071716,2981.819993
1779071716,2981.908325
1779071716,2981.373415
1779071716,2981.371067
1779071716,3290.289239
1779071716,2981.461718
1779071716,2981.736178
1779071716,2982.754747
1779071716,2982.066005
1779071716,2982.044377
1779071716,2981.807379
1779071716,2981.667734
1779071716,2981.915640
1779071716,2981.220000
1779071716,2981.355935
1779071716,3289.616341
1779071716,2981.669712
1779071716,2981.761113
1779071716,2982.306894
1779071716,2981.696467
1779071716,2986.549339
1779071716,2986.665159
1779071716,2986.852247
1779071716,2986.892919
1779071716,2986.696252
1779071716,2987.012465
1779071716,2999.986989
1779071716,2999.980129
1779071716,3000.057366
1779071716,2992.743387
1779071716,2992.726818
1779071716,2992.848035
1779071716,2981.588190
1779071716,2981.636860
1779071716,2982.068611
1779071716,2982.115336
1779071716,2982.578143
1779071716,2982.608730
1779071716,2982.620156
1779071716,2982.795524
1779071716,2982.856169
1779071716,2982.849248
1779071716,3291.126365
1779071716,2981.721093
1779071716,2983.601586
1779071716,2674.975245
1779071716,2982.700283
1779071716,2982.573112
1779071716,2982.028752
1779071716,2673.877538
1779071716,2982.683681
1779071716,2982.316761
1779071716,2982.714125
1779071716,2981.440283
1779071716,3289.292142
1779071716,3288.865648
1779071716,2981.856282
1779071716,2981.891391
1779071716,3913.161035
1779071716,3289.159633
1779071716,2981.622854
1779071716,3288.688413
1779071716,2981.727226
1779071716,2981.174009
1779071716,3289.077363
1779071716,2981.069447
1779071716,2981.694501
1779071716,2981.763055
1779071716,2982.165059
1779071716,2981.574922
1779071716,2679.502681
1779071716,2987.693988
1779071716,2987.566767
1779071716,2987.459241
1779071716,2986.975029
1779071716,2988.152408
1779071716,3000.266626
1779071716,3000.321559
1779071716,3000.264476
1779071716,2992.745904
1779071716,2992.818322
1779071716,3302.628008
1779071716,2982.517025
1779071716,2982.609796
1779071716,2982.611467
1779071716,3601.909301
1779071716,2982.922591
1779071716,2982.983639
1779071716,2983.239940
1779071716,2983.181448
1779071716,2983.324861
1779071716,2983.548236
1779071716,2983.592408
1779071716,2674.113949
1779071716,2982.847259
1779071716,3289.167867
1779071716,2982.292054
1779071716,2981.925650
1779071716,2675.070684
1779071716,3288.214356
1779071716,2982.349561
1779071716,2982.365095
1779071716,2674.873131
1779071716,2982.585352
1779071716,3289.307597
1779071716,2982.207604
1779071716,2982.601181
1779071716,2981.891822
1779071716,3288.952919
1779071716,2982.233134
1779071716,2981.421943
1779071716,3288.717619
1779071716,2981.646215
1779071716,2673.348178
1779071716,2981.514158
1779071716,2981.576558
1779071716,2982.413127
1779071716,2982.081128
1779071716,2982.606433
1779071716,2981.645113
1779071716,2985.445015
1779071716,3294.382214
1779071716,2987.616406
1779071716,2986.717663
1779071716,2987.481730
1779071716,3296.324351
1779071716,2999.782173
1779071716,2999.697068
1779071716,2999.858740
1779071716,2992.513690
1779071716,2992.521505
1779071716,2992.660790
1779071716,2981.273484
1779071716,2981.351221
1779071716,2981.243894
1779071716,2981.315061
1779071716,2981.739758
1779071716,2981.800331
1779071716,2674.229519
1779071716,2981.780847
1779071716,2674.454619
1779071716,3290.057687
1779071716,2673.639056
1779071716,2982.490292
1779071716,3289.803896
1779071716,2674.166513
1779071716,2982.040231
1779071716,2983.117720
1779071716,2982.586382
1779071716,2982.221113
1779071716,2982.158641
1779071716,2674.703296
1779071716,2982.115311
1779071716,2980.659954
1779071716,2979.962637
1779071716,2982.300921
1779071716,2983.281300
1779071716,2982.024395
1779071716,2982.574109
1779071716,2982.131430
1779071716,2981.899526
1779071716,2983.360622
1779071716,2981.095000
1779071716,2981.839323
1779071716,2981.664361
1779071716,2981.759579
1779071716,2982.546565
1779071716,2982.269021
1779071716,2982.806021
1779071716,2981.847186
1779071716,2986.614299
1779071716,2987.065508
1779071716,2987.300172
1779071716,2987.322940
1779071716,2986.739589
1779071716,2987.750324
1779071716,3000.540774
1779071716,3000.559529
1779071716,3000.552450
1779071716,2992.447719
1779071716,2992.583928
1779071716,2992.582128
1779071716,2675.131177
1779071716,2981.852599
1779071716,2674.046386
1779071716,2981.827549
1779071716,2982.004103
1779071716,2982.531456
1779071716,2982.845478
1779071716,2982.953578
1779071716,2982.503419
1779071716,2982.486302
1779071716,2674.331051
1779071716,2983.794398
1779071716,2674.535776
1779071716,3289.491226
1779071716,2982.220137
1779071716,2983.508231
1779071716,2674.654030
1779071716,2674.790323
1779071716,2982.238934
1779071716,2674.214948
1779071716,2981.410158
1779071716,2981.448871
1779071716,2981.385820
1779071716,2981.533640
1779071716,2981.854086
1779071716,2981.903916
1779071716,2985.311897
1779071716,2678.503829
1779071716,2987.795147
1779071716,2983.160177
1779071716,2675.141546
1779071716,2679.249819
1779071716,2679.383000
1779071716,2982.688661
1779071716,2983.221618
1779071716,2986.556321
1779071716,2681.308701
1779071716,2680.900518
1779071716,3294.358283
1779071716,2987.314188
1779071716,2987.847504
1779071716,2987.005394
1779071716,2987.105125
1779071716,2987.775828
1779071716,3000.027319
1779071716,2999.984977
1779071716,3000.100696
1779071716,2683.699241
1779071716,2992.778629
1779071716,2992.704531
1779071716,2983.167530
1779071716,2675.282646
1779071716,2674.132504
1779071716,2675.368481
1779071716,2674.213460
1779071716,2675.367523
1779071716,2674.360234
1779071716,2674.500554
1779071716,2982.917279
1779071716,2675.073419
1779071716,2675.458827
1779071716,3291.968978
1779071716,2983.482710
1779071716,2983.987034
1779071716,2984.354196
1779071716,3291.160843
1779071716,2984.007625
1779071716,2675.501886
1779071716,2983.171562
1779071716,2983.237493
1779071716,2983.493834
1779071716,2982.918265
1779071716,2675.863816
1779071716,2676.181102
1779071716,2983.574676
1779071716,2983.923449
1779071716,2676.184431
1779071716,2983.787817
1779071716,2983.527457
1779071716,2676.999818
1779071716,2675.786622
1779071716,2676.059880
1779071716,2983.859626
1779071716,2984.381698
1779071716,2676.416419
1779071716,2983.589034
1779071716,2984.158427
1779071716,2984.843647
1779071716,2986.385580
1779071716,2987.053258
1779071716,2987.141261
1779071716,2987.928776
1779071716,2987.302666
1779071716,2987.687976
1779071716,3000.790552
1779071716,3000.876321
1779071716,3000.931567
1779071716,2992.408611
1779071716,2992.474388
1779071716,2992.428868
1779071716,2981.651629
1779071716,2983.866701
1779071716,2982.631210
1779071716,3290.289462
1779071716,2984.014615
1779071716,2982.944986
1779071716,2983.086410
1779071716,3290.857339
1779071716,2982.400541
1779071716,3291.177264
1779071716,2982.735768
1779071716,3291.489725
1779071716,2982.988618
1779071716,3290.421063
1779071716,2983.698088
1779071716,2983.682939
1779071716,2983.407299
1779071716,2983.989665
1779071716,2675.076424
1779071716,2983.258143
1779071716,2983.813773
1779071716,2983.850137
1779071716,2983.782256
1779071716,2983.748123
1779071716,2983.905782
1779071716,2983.675223
1779071716,2983.639582
1779071716,2983.557428
1779071716,2983.779925
1779071716,2984.287680
1779071716,2983.876262
1779071716,2983.865860
1779071716,2984.099686
1779071716,2984.276212
1779071716,2984.421346
1779071716,2984.751651
1779071716,2984.661971
1779071716,2984.698402
1779071716,2985.347232
1779071716,2987.223539
1779071716,2987.455518
1779071716,2987.457968
1779071716,2988.367176
1779071716,2987.898062
1779071716,3000.576074
1779071716,3000.672011
1779071716,3000.760537
1779071716,2993.305448
1779071716,2993.409514
1779071716,2993.434591
1779071716,2983.064056
1779071716,2982.714671
1779071716,3290.803657
1779071716,3290.781085
1779071716,2982.917335
1779071716,2981.877377
1779071716,2982.058682
1779071716,3290.967415
1779071716,3291.280307
1779071716,3600.075155
1779071716,2982.772055
1779071716,2982.793583
1779071716,2982.812562
1779071716,2674.452113
1779071716,2982.997635
1779071716,2983.183409
1779071716,3292.031429
1779071716,3290.899919
1779071716,2674.369660
1779071716,3292.106496
1779071716,3291.332759
1779071716,3291.114147
1779071716,2983.668887
1779071716,2674.851180
1779071716,2983.838936
1779071716,2983.456391
1779071716,2982.681687
1779071716,3291.975159
1779071716,2983.782317
1779071716,2984.199133
1779071716,2983.684308
1779071716,2984.004294
1779071716,2983.763062
1779071716,2984.009140
1779071716,2984.104160
1779071716,3292.002458
1779071716,2984.502594
1779071716,2984.743847
1779071716,2985.365541
1779071716,2987.115342
1779071716,2987.515915
1779071716,2988.503038
1779071716,2987.754538
1779071716,2988.036181
1779071716,3000.934406
1779071716,3000.974021
1779071716,3000.949077
1779071716,3302.276353
1779071716,2993.344136
1779071716,2993.309336
1779071716,3291.148030
1779071716,3290.308329
1779071716,3290.520060
1779071716,2673.949259
1779071716,3290.506734
1779071716,2674.148475
1779071716,2982.458326
1779071716,2982.455672
1779071716,2981.750526
1779071716,3599.499666
1779071716,2983.226503
1779071716,3291.523506
1779071716,2673.798724
1779071716,3291.629745
1779071716,2982.968836
1779071716,2983.169571
1779071716,2983.049716
1779071716,2983.259508
1779071716,2983.140478
1779071716,2983.321726
1779071716,2983.616249
1779071716,2982.618187
1779071716,3291.491055
1779071716,3290.802660
1779071716,2982.526339
1779071716,3294.418241
1779071716,2674.695816
1779071716,2983.556600
1779071716,2983.206883
1779071716,3599.819721
1779071716,2983.755787
1779071716,3291.693323
1779071716,3292.107731
1779071716,2983.851090
1779071716,3292.972690
1779071716,2984.844074
1779071716,2984.531064
1779071716,2984.776391
1779071716,2985.357071
1779071716,2987.114483
1779071716,2988.159173
1779071716,2988.734652
1779071716,2988.015663
1779071716,2987.669555
1779071716,3001.519912
1779071716,3001.445180
1779071716,3001.630157
1779071716,2993.351465
1779071716,2993.351416
1779071716,2993.333823
1779071716,2981.651025
1779071716,2674.285850
1779071716,2674.500967
1779071716,2982.137106
1779071716,2983.272438
1779071716,2674.615096
1779071716,2674.711481
1779071716,2674.793013
1779071716,2982.741809
1779071716,2982.773443
1779071716,2982.841297
1779071716,2981.716592
1779071716,2981.786572
1779071716,2982.378251
1779071716,2982.550962
1779071716,2982.817908
1779071716,3291.410219
1779071716,2674.469841
1779071716,2982.964876
1779071716,2982.635040
1779071716,2982.968001
1779071716,2983.014081
1779071716,2983.084070
1779071716,2674.727151
1779071716,2982.963889
1779071716,2983.305238
1779071716,2981.919154
1779071716,2981.769221
1779071716,2983.283414
1779071716,2984.159606
1779071716,2983.681756
1779071716,2984.748093
1779071716,2675.516409
1779071716,2984.075387
1779071716,2984.781215
1779071716,2984.468548
1779071716,2983.847878
1779071716,2984.117067
1779071716,2988.013002
1779071716,2986.774321
1779071716,2988.183022
1779071716,2989.011958
1779071716,2987.814925
1779071716,2988.099607
1779071717,3001.197280
1779071717,3001.098871
1779071717,3001.295600
1779071717,2992.187373
1779071717,2993.259256
1779071717,2993.339207
1779071717,2982.508343
1779071717,2982.586580
1779071717,2674.260216
1779071717,2674.321837
1779071717,2981.764618
1779071717,2981.702446
1779071717,2981.812140
1779071717,2982.069853
1779071717,2982.029140
1779071717,2982.069930
1779071717,2982.171856
1779071717,2982.226166
1779071717,3290.686140
1779071717,2982.562551
1779071717,2981.896457
1779071717,2982.090770
1779071717,3291.000385
1779071717,2674.966091
1779071717,2982.293241
1779071717,2982.681592
1779071717,2982.565901
1779071717,3599.260448
1779071717,2982.728812
1779071717,2675.430601
1779071717,2982.477673
1779071717,2982.702519
1779071717,2982.694219
1779071717,2982.842653
1779071717,2982.990612
1779071717,2983.415731
1779071717,2983.442273
1779071717,2983.778680
1779071717,2983.577459
1779071717,2983.520980
1779071717,2983.763387
1779071717,2984.159655
1779071717,2983.729027
1779071717,2984.356690
1779071717,2985.259219
1779071717,2987.417984
1779071717,2987.720550
1779071717,2987.741791
1779071717,2988.524619
1779071717,2987.535880
1779071717,3002.114489
1779071717,3002.193989
1779071717,3002.288112
1779071717,2991.776193
1779071717,2992.617408
1779071717,2992.694270
1779071717,2981.919497
1779071717,2983.047257
1779071717,2982.113298
1779071717,2673.755562
1779071717,3599.867812
1779071717,2982.235444
1779071717,2982.277408
1779071717,2982.435549
1779071717,2982.620962
1779071717,2981.505358
1779071717,2981.475594
1779071717,2673.293214
1779071717,3290.466508
1779071717,2982.092254
1779071717,2982.275622
1779071717,2674.201649
1779071717,2982.676056
1779071717,2982.168631
1779071717,2674.735120
1779071717,2982.571022
1779071717,2982.379073
1779071717,2983.191874
1779071717,2982.779161
1779071717,2982.699057
1779071717,2674.491288
1779071717,2982.648351
1779071717,2982.667223
1779071717,2983.167961
1779071717,2982.905084
1779071717,2983.369530
1779071717,2983.561490
1779071717,2983.805001
1779071717,2675.626973
1779071717,2675.871279
1779071717,2983.739155
1779071717,2984.249733
1779071717,2983.463898
1779071717,2676.056257
1779071717,2985.388896
1779071717,2987.466319
1779071717,2988.674602
1779071717,2988.187100
1779071717,2988.187655
1779071717,2987.684125
1779071717,3001.727659
1779071717,3001.837495
1779071717,3001.920532
1779071717,2991.714219
1779071717,2992.219844
1779071717,2992.267567
1779071717,3290.583258
1779071717,2673.441132
1779071717,2980.947637
1779071717,3289.996058
1779071717,3291.395444
1779071717,3290.187295
1779071717,2674.172180
1779071717,2981.759304
1779071717,2981.773611
1779071717,2981.890559
1779071717,2674.557451
1779071717,2673.466864
1779071717,2982.239652
1779071717,2982.440353
1779071717,2674.057995
1779071717,2982.443253
1779071717,2982.515529
1779071717,2982.509928
1779071717,2983.070343
1779071717,2983.056977
1779071717,2982.705617
1779071717,3290.505714
1779071717,2982.798532
1779071717,2674.802464
1779071717,2982.014317
1779071717,2982.620230
1779071717,2982.609299
1779071717,3290.707927
1779071717,2983.388839
1779071717,2983.182578
1779071717,2983.303071
1779071717,2675.510393
1779071717,2983.633851
1779071717,2983.606644
1779071717,2983.888026
1779071717,2984.296617
1779071717,2983.882048
1779071717,2983.533959
1779071717,2985.238775
1779071717,2986.421419
1779071717,2988.437076
1779071717,2989.050321
1779071717,2989.211763
1779071717,2987.816846
1779071717,3002.221798
1779071717,3002.236187
1779071717,3002.223134
1779071717,2992.766502
1779071717,2993.274095
1779071717,2993.231337
1779071717,3290.371591
1779071717,3290.370822
1779071717,2982.099388
1779071717,2982.174809
1779071717,2673.796128
1779071717,2982.338506
1779071717,2981.195615
1779071717,2982.422881
1779071717,2981.572349
1779071717,2981.569673
1779071717,2981.587456
1779071717,2981.794806
1779071717,2981.962166
1779071717,2982.133223
1779071717,3289.368815
1779071717,2981.753409
1779071717,2982.824261
1779071717,2983.041456
1779071717,2982.541757
1779071717,3290.793824
1779071717,2982.744488
1779071717,2982.274443
1779071717,2982.759754
1779071717,2674.814674
1779071717,2674.335006
1779071717,2982.284151
1779071717,2983.023725
1779071717,2983.134681
1779071717,2983.198191
1779071717,2982.835588
1779071717,2983.084392
1779071717,2675.440099
1779071717,2983.502891
1779071717,2983.718719
1779071717,2983.956649
1779071717,2984.012034
1779071717,2984.173661
1779071717,2983.831688
1779071717,2985.106147
1779071717,2986.432899
1779071717,2989.428843
1779071717,2989.011854
1779071717,2988.390025
1779071717,2987.876679
1779071717,3001.828811
1779071717,3001.836099
1779071717,3001.909564
1779071717,2992.075210
1779071717,2992.144189
1779071717,2992.128361
1779071717,2982.109822
1779071717,3906.838751
1779071717,2674.825004
1779071717,2982.161654
1779071717,2982.348655
1779071717,2674.158938
1779071717,2672.945245
1779071717,2674.103764
1779071717,2672.999340
1779071717,2674.699416
1779071717,2981.845556
1779071717,2982.015469
1779071717,2982.133337
1779071717,2982.094513
1779071717,3290.469233
1779071717,3290.190326
1779071717,2982.431099
1779071717,2981.913037
1779071717,2982.148832
1779071717,2674.449842
1779071717,2982.581559
1779071717,2982.716683
1779071717,2982.066404
1779071717,2674.639999
1779071717,2982.425251
1779071717,2982.690774
1779071717,2982.767009
1779071717,2983.138962
1779071717,2983.314515
1779071717,2675.490765
1779071717,2675.816076
1779071717,3291.118387
1779071717,2675.169346
1779071717,2675.324011
1779071717,2983.668096
1779071717,3291.261018
1779071717,2983.808505
1779071717,2676.012288
1779071717,2985.040756
1779071717,2986.654215
1779071717,2989.667096
1779071717,2989.225261
1779071717,2988.611406
1779071717,2987.609713
1779071717,3002.636464
1779071717,3002.586332
1779071717,3002.705965
1779071717,2993.400447
1779071717,2993.421416
1779071717,2993.470151
1779071717,2672.942094
1779071717,3289.364221
1779071717,2982.442678
1779071717,2982.499044
1779071717,2673.569592
1779071717,2982.599495
1779071717,2673.925847
1779071717,2981.304659
1779071717,3290.306400
1779071717,2981.971481
1779071717,2674.348270
1779071717,2674.595809
1779071717,2674.503133
1779071717,2673.346550
1779071717,2982.626450
1779071717,2674.757953
1779071717,2673.836952
1779071717,2673.957417
1779071717,3290.115461
1779071717,2982.964244
1779071717,2982.284318
1779071717,2674.130200
1779071717,2674.752386
1779071717,2983.318906
1779071717,2982.420719
1779071717,2983.578530
1779071717,2983.213821
1779071717,2983.682480
1779071717,2983.336037
1779071717,2983.289805
1779071717,2984.316770
1779071717,2983.598992
1779071717,2983.615998
1779071717,2676.890323
1779071717,2983.705404
1779071717,2983.801663
1779071717,2675.991663
1779071717,2983.884296
1779071717,2984.974535
1779071717,2986.758356
1779071717,2989.483228
1779071717,2989.395093
1779071717,2988.789470
1779071717,2988.180964
1779071717,3003.061123
1779071717,3003.070378
1779071717,3003.245260
1779071717,2992.392743
1779071717,2993.397646
1779071717,2993.488062
1779071717,3290.755617
1779071717,2982.343371
1779071717,2982.246485
1779071717,2982.311545
1779071717,2674.654446
1779071717,2673.551296
1779071717,2674.943115
1779071717,2672.986254
1779071717,2675.108586
1779071717,2983.212748
1779071717,2981.892006
1779071717,2982.366437
1779071717,2982.515224
1779071717,2982.806820
1779071717,2982.580543
1779071717,2983.031733
1779071717,3290.092184
1779071717,2674.541320
1779071717,2674.229814
1779071717,2674.228148
1779071717,2983.238528
1779071717,2982.125981
1779071717,2674.863313
1779071717,2674.911195
1779071717,2984.768206
1779071717,2983.364178
1779071717,2675.603036
1779071717,2677.527029
1779071717,2983.950165
1779071717,2984.269538
1779071717,2676.127109
1779071717,2675.599084
1779071717,2675.658767
1779071717,2675.983532
1779071717,2984.137217
1779071717,2676.675225
1779071717,2676.208838
1779071717,2984.005672
1779071717,2984.702099
1779071717,2987.026433
1779071717,2989.857164
1779071717,2989.985924
1779071717,2683.009131
1779071717,2987.851717
1779071717,3002.587557
1779071717,3002.579337
1779071717,3002.656546
1779071717,2992.366635
1779071717,2993.288942
1779071717,2993.358615
1779071717,3291.128813
1779071717,2675.187290
1779071717,3598.100143
1779071717,2674.102542
1779071717,2674.172127
1779071717,2674.179846
1779071717,2674.222170
1779071717,2981.633696
1779071717,2674.355680
1779071717,2674.566762
1779071717,3290.386646
1779071717,2674.725217
1779071717,2982.129072
1779071717,2982.518698
1779071717,2674.409920
1779071717,2674.193841
1779071717,2982.911661
1779071717,2674.448624
1779071717,2674.045744
1779071717,2983.164288
1779071717,2983.360174
1779071717,2674.832557
1779071717,4216.356399
1779071717,2983.119842
1779071717,2983.101523
1779071717,2983.614616
1779071717,2983.537619
1779071717,3291.287369
1779071717,2676.210879
1779071717,3599.476356
1779071717,2983.232784
1779071717,3291.652801
1779071717,3291.759810
1779071717,2984.237155
1779071717,3291.349848
1779071717,2984.012656
1779071717,2675.901513
1779071717,2983.922753
1779071717,2984.523096
1779071717,2987.181769
1779071717,2986.802453
1779071717,2989.965115
1779071717,2990.192549
1779071717,2682.024879
1779071717,3003.311793
1779071717,3003.315868
1779071717,3003.336755
1779071717,2992.005279
1779071717,2993.174037
1779071717,2994.162426
1779071717,2982.511399
1779071717,3291.515989
1779071717,2675.979658
1779071717,2676.054058
1779071717,2675.087252
1779071717,2982.634757
1779071717,3290.534407
1779071717,2674.172976
1779071717,2674.403637
1779071717,3906.246318
1779071717,3290.888424
1779071717,2674.486105
1779071717,2981.867377
1779071717,2674.490439
1779071717,2674.842013
1779071717,3291.134794
1779071717,2982.435233
1779071717,3291.126823
1779071717,3291.079310
1779071717,2674.664896
1779071717,2982.678690
1779071717,3290.234207
1779071717,2674.997242
1779071717,2983.231063
1779071717,2982.554062
1779071717,2983.334362
1779071717,2983.807390
1779071717,2983.494550
1779071717,2674.292614
1779071717,2983.152548
1779071717,2675.827231
1779071717,2983.195661
1779071717,2983.297307
1779071717,2984.800444
1779071717,2984.304380
1779071717,3292.736102
1779071717,2677.433450
1779071717,2984.882741
1779071717,2984.579447
1779071717,2987.456922
1779071717,2989.635962
1779071717,2989.900762
1779071717,2989.174823
1779071717,2987.930177
1779071717,3003.548185
1779071717,3003.574464
1779071717,3003.569073
1779071717,2992.167818
1779071717,2993.294236
1779071717,2993.294230
1779071717,2981.713795
1779071717,2675.539801
1779071717,2675.502230
1779071717,2674.522184
1779071717,2675.663067
1779071717,2674.486509
1779071717,3291.739685
1779071717,3290.643482
1779071717,2675.880938
1779071717,2674.977971
1779071717,3290.994081
1779071717,2675.147230
1779071717,2983.008821
1779071717,2982.257113
1779071717,2982.178978
1779071717,2982.282131
1779071717,3291.221960
1779071717,2674.480931
1779071717,3291.776125
1779071717,3291.232491
1779071717,3290.914015
1779071717,3292.164921
1779071717,2982.803863
1779071717,3599.282369
1779071717,3291.301340
1779071717,2983.202158
1779071717,2983.590903
1779071717,2983.408984
1779071717,3292.189339
1779071717,3599.496166
1779071717,2983.704702
1779071717,3291.919892
1779071717,3292.024431
1779071717,3292.509601
1779071717,3292.713781
1779071717,2984.425453
1779071717,3292.923405
1779071717,2983.966632
1779071717,2675.727867
1779071717,2987.483263
1779071717,2989.233194
1779071717,2988.848562
1779071717,2987.504053
1779071717,3297.841294
1779071718,3004.262509
1779071718,3004.262707
1779071718,3004.287515
1779071718,2992.129633
1779071718,2992.180683
1779071718,2992.959851
1779071718,3291.176498
1779071718,2673.854990
1779071718,2675.226620
1779071718,3291.665845
1779071718,2675.378554
1779071718,2675.539101
1779071718,2675.493624
1779071718,2675.461004
1779071718,2674.539907
1779071718,3290.672032
1779071718,2674.889592
1779071718,3291.183212
1779071718,2675.071156
1779071718,2675.016998
1779071718,2982.594561
1779071718,2675.003225
1779071718,2675.118966
1779071718,2674.803373
1779071718,2983.156446
1779071718,3291.514022
1779071718,2982.974969
1779071718,2674.389390
1779071718,2982.882739
1779071718,2674.610787
1779071718,2983.154532
1779071718,3291.093194
1779071718,2983.394588
1779071718,2983.789768
1779071718,2983.129150
1779071718,2983.907111
1779071718,2983.876831
1779071718,2674.525386
1779071718,2984.238354
1779071718,2984.426776
1779071718,3293.001754
1779071718,2984.957752
1779071718,2984.548597
1779071718,2983.700847
1779071718,2985.227024
1779071718,2987.499933
1779071718,2990.851549
1779071718,2989.078176
1779071718,3297.453248
1779071718,2987.912668
1779071718,3003.752697
1779071718,3003.847897
1779071718,3003.942730
1779071718,2992.285724
1779071718,2992.274910
1779071718,2992.268558
1779071718,3291.211996
1779071718,4217.436238
1779071718,2675.074008
1779071718,2675.138375
1779071718,3291.219960
1779071718,3291.292423
1779071718,2675.298073
1779071718,3599.197946
1779071718,2675.621204
1779071718,3599.539270
1779071718,2675.587058
1779071718,2675.311025
1779071718,2675.464224
1779071718,2983.156664
1779071718,2982.347294
1779071718,3290.539239
1779071718,2674.724143
1779071718,2674.901683
1779071718,2982.800730
1779071718,2675.131492
1779071718,2674.508735
1779071718,2979.871948
1779071718,2980.488328
1779071718,2982.146742
1779071718,2981.655749
1779071718,3289.680235
1779071718,2983.162001
1779071718,2982.686913
1779071718,3906.942476
1779071718,2977.234566
1779071718,2982.917350
1779071718,2981.730916
1779071718,2982.119152
1779071718,2985.487863
1779071718,2984.041284
1779071718,3291.875220
1779071718,2983.506648
1779071718,2986.561746
1779071718,2984.180867
1779071718,2989.652295
1779071718,2989.869898
1779071718,2993.124207
1779071718,2994.346618
1779071718,2680.343469
1779071718,3004.224545
1779071718,3004.312875
1779071718,3004.417563
1779071718,2991.690946
1779071718,2991.642418
1779071718,2991.834618
1779071718,2981.631300
1779071718,3291.914014
1779071718,3599.927949
1779071718,2676.024724
1779071718,2676.067533
1779071718,2983.038859
1779071718,2676.287660
1779071718,2675.717578
1779071718,2673.956451
1779071718,2676.482928
1779071718,3290.338744
1779071718,2675.980347
1779071718,2981.366702
1779071718,2675.103823
1779071718,2674.613119
1779071718,2675.257631
1779071718,2983.395100
1779071718,2675.013213
1779071718,2675.170557
1779071718,2982.549051
1779071718,2674.664636
1779071718,2982.549377
1779071718,2981.881194
1779071718,2674.125565
1779071718,2982.067145
1779071718,2982.827720
1779071718,2674.298656
1779071718,2982.181909
1779071718,2982.116391
1779071718,2982.632465
1779071718,2982.482562
1779071718,2982.004513
1779071718,2982.326632
1779071718,2982.790494
1779071718,2982.994328
1779071718,3291.617815
1779071718,2983.021024
1779071718,2982.279672
1779071718,2675.273133
1779071718,2986.020758
1779071718,2988.914632
1779071718,2989.018482
1779071718,2988.640963
1779071718,2987.889602
1779071718,3004.505206
1779071718,3004.505210
1779071718,3004.544634
1779071718,2991.254550
1779071718,2991.365236
1779071718,2991.325679
1779071718,2674.749552
1779071718,2983.265191
1779071718,3599.509112
1779071718,2674.928609
1779071718,2676.676223
1779071718,2675.791927
1779071718,3599.793419
1779071718,3291.276520
1779071718,2677.143357
1779071718,3291.359932
1779071718,3291.575198
1779071718,3907.550290
1779071718,2674.684224
1779071718,2674.855565
1779071718,2675.031722
1779071718,2674.980268
1779071718,2982.453757
1779071718,2675.021534
1779071718,2982.334173
1779071718,2981.784568
1779071718,2674.001508
1779071718,2674.581746
1779071718,2982.162194
1779071718,2674.291663
1779071718,3291.499901
1779071718,2981.558154
1779071718,2982.951815
1779071718,2981.906777
1779071718,2981.781161
1779071718,2982.370786
1779071718,3291.736116
1779071718,2982.014226
1779071718,2982.329715
1779071718,2982.529645
1779071718,2983.051855
1779071718,2983.371730
1779071718,2983.127299
1779071718,2982.940921
1779071718,2982.715479
1779071718,2986.259877
1779071718,2989.283259
1779071718,2988.977225
1779071718,2988.340780
1779071718,2987.818344
1779071718,3003.978138
1779071718,3003.915521
1779071718,3004.074143
1779071718,2991.116292
1779071718,2992.164572
1779071718,2991.254234
1779071718,2983.120595
1779071718,3290.573815
1779071718,2677.390251
1779071718,3291.862388
1779071718,3598.321815
1779071718,4215.840607
1779071718,2675.280308
1779071718,2675.333870
1779071718,2983.049159
1779071718,3291.172486
1779071718,2983.805567
1779071718,2982.302801
1779071718,2674.831672
1779071718,3291.791323
1779071718,2675.006155
1779071718,3292.003983
1779071718,2982.504650
1779071718,2675.210373
1779071718,3291.547995
1779071718,2674.664974
1779071718,2674.170508
1779071718,2674.171019
1779071718,2982.277636
1779071718,2982.219608
1779071718,2982.352581
1779071718,2982.262684
1779071718,2983.263453
1779071718,2981.937452
1779071718,2982.423334
1779071718,2981.633568
1779071718,2982.374884
1779071718,2674.782255
1779071718,2982.066574
1779071718,2982.604632
1779071718,2982.574173
1779071718,2981.853435
1779071718,2983.075481
1779071718,2982.804257
1779071718,2982.666165
1779071718,2986.177474
1779071718,2989.673200
1779071718,2988.685096
1779071718,3297.613855
1779071718,2682.209585
1779071718,3003.506041
1779071718,3003.570311
1779071718,3003.588825
1779071718,2992.110922
1779071718,2992.142559
1779071718,2992.219529
1779071718,3598.984515
1779071718,2675.324706
1779071718,2677.567104
1779071718,3600.432238
1779071718,3290.596973
1779071718,2676.545290
1779071718,3600.449900
1779071718,2674.218992
1779071718,2676.924020
1779071718,3290.975987
1779071718,3290.856007
1779071718,2983.260331
1779071718,2983.256814
1779071718,3291.221150
1779071718,3291.262919
1779071718,2674.808210
1779071718,3599.409694
1779071718,3290.706315
1779071718,2983.162992
1779071718,3289.712815
1779071718,2675.081839
1779071718,2980.832439
1779071718,2674.885847
1779071718,2981.963292
1779071718,2675.354629
1779071718,2982.662055
1779071718,2675.294545
1779071718,2982.039820
1779071718,2982.879143
1779071718,2982.249978
1779071718,2981.326320
1779071718,2982.314296
1779071718,2982.842900
1779071718,2982.137769
1779071718,2982.645804
1779071718,2982.512979
1779071718,3289.350114
1779071718,2982.708106
1779071718,2982.677020
1779071718,2986.412273
1779071718,2989.789061
1779071718,2988.635523
1779071718,2988.711051
1779071718,2987.709825
1779071718,3004.061335
1779071718,3004.097383
1779071718,3004.260647
1779071718,2991.642700
1779071718,2991.685077
1779071718,2992.805394
1779071718,2675.313330
1779071718,2677.313923
1779071718,4216.789633
1779071718,2676.229401
1779071718,2675.133322
1779071718,2676.278109
1779071718,2677.467140
1779071718,2675.431192
1779071718,2675.595172
1779071718,2674.678543
1779071718,2983.027486
1779071718,2675.703052
1779071718,2675.657536
1779071718,2983.125925
1779071718,3291.043337
1779071718,2982.708579
1779071718,2983.409074
1779071718,2675.316422
1779071718,2982.836757
1779071718,2674.828000
1779071718,2675.320611
1779071718,2674.823909
1779071718,3290.500699
1779071718,2982.695515
1779071718,2674.493755
1779071718,2674.796745
1779071718,2982.312691
1779071718,2981.588237
1779071718,2675.414335
1779071718,2982.705309
1779071718,2982.525322
1779071718,2982.501276
1779071718,2981.940472
1779071718,2982.011343
1779071718,2982.122548
1779071718,2982.260532
1779071718,2982.569078
1779071718,2982.697017
1779071718,2982.716949
1779071718,2986.691276
1779071718,2985.696353
1779071718,2989.799670
1779071718,2988.451479
1779071718,2989.305219
1779071718,3004.258669
1779071718,3004.376920
1779071718,3004.447396
1779071718,2992.564936
1779071718,2992.598974
1779071718,2992.668902
1779071718,2985.450283
1779071718,2982.141559
1779071718,3291.653528
1779071718,2983.827507
1779071718,3600.473313
1779071718,2677.412454
1779071718,3290.457874
1779071718,2984.006740
1779071718,2676.296170
1779071718,2676.660175
1779071718,2675.613513
1779071718,2675.620981
1779071718,2983.126996
1779071718,2675.613122
1779071718,2675.661306
1779071718,2675.715820
1779071718,3290.527726
1779071718,2983.011394
1779071718,2675.697778
1779071718,2675.003731
1779071718,2675.023072
1779071718,2674.930783
1779071718,2675.591996
1779071718,3290.233605
1779071718,2982.719877
1779071718,2982.669533
1779071718,2982.442118
1779071718,2982.702353
1779071718,2675.182200
1779071718,3290.445398
1779071718,2982.829172
1779071718,2983.265202
1779071718,2982.799950
1779071718,2982.152716
1779071718,2982.607477
1779071718,2982.168610
1779071718,2982.450147
1779071718,2674.239171
1779071718,2982.825062
1779071718,2986.716402
1779071718,2987.520605
1779071718,3295.654503
1779071718,2990.265996
1779071718,2986.505468
1779071718,3004.267011
1779071718,3004.424490
1779071718,3004.449614
1779071718,2991.742891
1779071718,2991.810536
1779071718,2991.893595
1779071718,3908.348393
1779071718,2675.222786
1779071718,2676.776755
1779071718,2983.728720
1779071718,2676.880648
1779071718,2676.968327
1779071718,2675.757238
1779071718,2984.040157
1779071718,3909.187026
1779071718,2986.471472
1779071718,2676.159065
1779071718,2675.139396
1779071718,2676.307102
1779071718,2983.253481
1779071718,2675.105796
1779071718,2983.191708
1779071718,2982.999085
1779071718,3291.185669
1779071718,3290.854994
1779071718,2675.586482
1779071718,2675.003967
1779071718,2675.861648
1779071718,2675.426262
1779071718,2982.892837
1779071718,2675.529909
1779071718,2676.000016
1779071718,2982.635481
1779071718,2675.245388
1779071718,2982.795507
1779071718,2674.962365
1779071718,2983.398642
1779071718,2675.164647
1779071718,2675.672164
1779071718,2981.886676
1779071718,2982.682551
1779071718,2982.486337
1779071718,2982.223278
1779071718,2982.504126
1779071718,2977.466273
1779071718,2982.489284
1779071718,2985.846229
1779071718,2986.125106
1779071718,2986.241486
1779071718,2986.454096
1779071718,3000.746189
1779071718,3001.303469
1779071718,3001.371544
1779071718,2992.528261
1779071718,2992.455265
1779071718,2992.632873
1779071719,3292.329665
1779071719,4525.106680
1779071719,2983.361372
1779071719,3290.835301
1779071719,3908.294077
1779071719,3292.317905
1779071719,3292.437889
1779071719,3907.106809
1779071719,4523.545600
1779071719,3599.871084
1779071719,4215.936825
1779071719,3599.259877
1779071719,2983.071122
1779071719,2983.180784
1779071719,2983.415544
1779071719,2983.450243
1779071719,2983.225642
1779071719,3909.230637
1779071719,2983.292950
1779071719,3598.936848
1779071719,3290.794541
1779071719,4216.264897
1779071719,3291.012006
1779071719,3290.441080
1779071719,2982.885017
1779071719,3291.403897
1779071719,2983.361264
1779071719,2983.167213
1779071719,2982.777756
1779071719,2982.925399
1779071719,2982.350865
1779071719,2983.012220
1779071719,2982.577474
1779071719,2982.434745
1779071719,2982.842648
1779071719,2982.408509
1779071719,2982.126867
1779071719,2982.526245
1779071719,2977.285473
1779071719,2982.534125
1779071719,2985.463017
1779071719,2986.142868
1779071719,2985.996377
1779071719,2985.125792
1779071719,3001.144020
1779071719,3001.055978
1779071719,3001.758012
1779071719,2991.204481
1779071719,2992.215373
1779071719,2992.265121
1779071719,2984.677114
1779071719,2983.717564
1779071719,2984.301713
1779071719,3599.539101
1779071719,3292.053828
1779071719,2984.591540
1779071719,2984.742137
1779071719,3291.076305
1779071719,3292.618257
1779071719,3292.305362
1779071719,2983.719101
1779071719,4215.732050
1779071719,3292.937488
1779071719,2983.483303
1779071719,3290.830553
1779071719,2983.015188
1779071719,2983.184652
1779071719,3290.168559
1779071719,2983.936870
1779071719,3291.949062
1779071719,2982.809030
1779071719,3599.272239
1779071719,3290.820259
1779071719,3290.144244
1779071719,2982.649720
1779071719,3908.050151
1779071719,2983.251053
1779071719,2982.883294
1779071719,2982.820529
1779071719,2982.930086
1779071719,2983.764378
1779071719,2982.496269
1779071719,2983.099868
1779071719,2982.009401
1779071719,2982.864375
1779071719,2982.172616
1779071719,3290.475978
1779071719,2982.132242
1779071719,2977.129419
1779071719,2982.124309
1779071719,2985.732177
1779071719,2986.235767
1779071719,2985.249602
1779071719,2985.340911
1779071719,3000.765534
1779071719,3000.766236
1779071719,3000.896771
1779071719,2991.504739
1779071719,2991.480441
1779071719,2992.186281
1779071719,3600.034173
1779071719,2984.690641
1779071719,3291.518003
1779071719,3600.037376
1779071719,3905.708589
1779071719,3291.975294
1779071719,3290.562736
1779071719,2982.802536
1779071719,3292.201211
1779071719,2982.738245
1779071719,2984.048147
1779071719,2984.066500
1779071719,2984.239232
1779071719,3291.144450
1779071719,2984.811130
1779071719,2983.665710
1779071719,3291.828874
1779071719,3598.490500
1779071719,2983.984220
1779071719,3290.708828
1779071719,3290.478721
1779071719,3906.994405
1779071719,3598.869411
1779071719,2982.940006
1779071719,3291.009451
1779071719,2982.907765
1779071719,3289.792728
1779071719,3290.750115
1779071719,2982.618186
1779071719,3290.827312
1779071719,3290.984457
1779071719,2983.095625
1779071719,2982.843705
1779071719,2981.885855
1779071719,2983.051832
1779071719,2982.301687
1779071719,2982.053602
1779071719,2981.836269
1779071719,2976.140370
1779071719,2981.430611
1779071719,2984.814852
1779071719,2984.878799
1779071719,2985.016320
1779071719,2985.065773
1779071719,3001.355927
1779071719,3001.444458
1779071719,3001.517893
