timestamp,duration_ms
1779071479,108.557593
1779071479,105.676680
1779071479,105.733039
1779071479,105.835032
1779071479,105.813751
1779071479,106.021624
1779071479,105.728996
1779071479,106.009606
1779071479,106.161641
1779071479,106.144931
1779071479,106.264007
1779071479,106.255820
1779071479,106.577113
1779071479,106.802378
1779071479,106.935420
1779071479,106.835291
1779071479,106.867410
1779071479,107.025109
1779071479,107.117788
1779071479,107.199269
1779071479,107.183240
1779071479,107.274843
1779071479,107.170753
1779071479,107.226301
1779071479,107.430407
1779071479,107.533098
1779071479,107.643971
1779071479,107.840191
1779071479,107.675063
1779071479,108.080678
1779071479,106.700424
1779071479,107.722783
1779071479,107.209768
1779071479,108.344692
1779071479,108.500709
1779071479,108.529023
1779071479,107.975115
1779071479,108.623283
1779071479,109.172460
1779071479,108.710115
1779071479,108.978622
1779071479,108.876522
1779071479,108.994333
1779071479,107.848898
1779071479,108.955072
1779071479,109.229119
1779071479,109.088865
1779071479,109.326373
1779071479,109.614139
1779071479,109.739051
1779071479,206.822855
1779071479,206.849037
1779071479,206.993830
1779071479,207.205927
1779071479,197.859536
1779071479,201.167154
1779071479,208.121266
1779071479,198.372745
1779071479,198.800189
1779071479,196.858559
1779071479,205.977771
1779071479,202.295006
1779071479,203.310738
1779071479,197.761177
1779071479,192.612469
1779071479,205.162436
1779071479,206.674087
1779071479,207.960532
1779071479,205.367080
1779071479,192.939861
1779071479,209.574326
1779071479,200.219875
1779071479,210.591888
1779071479,204.836466
1779071479,197.853204
1779071479,199.430466
1779071479,202.679327
1779071479,208.128300
1779071479,201.334951
1779071479,204.072348
1779071479,208.429688
1779071479,208.344783
1779071479,194.815472
1779071479,203.879281
1779071479,194.301248
1779071479,210.708489
1779071479,203.479498
1779071479,210.337677
1779071479,210.169321
1779071479,207.328213
1779071479,209.954588
1779071479,203.439205
1779071479,216.011600
1779071479,198.777855
1779071479,209.267353
1779071479,208.627495
1779071479,210.488797
1779071479,214.992777
1779071479,204.539438
1779071479,205.432607
1779071479,308.447499
1779071479,296.804677
1779071479,303.824640
1779071479,301.125007
1779071479,309.064930
1779071479,309.246884
1779071479,307.966703
1779071479,294.016729
1779071479,304.959617
1779071479,304.927235
1779071479,308.252406
1779071479,310.446148
1779071479,299.375676
1779071479,298.807373
1779071479,303.949876
1779071479,310.353162
1779071479,309.753828
1779071479,307.288467
1779071479,310.136721
1779071479,309.802252
1779071479,301.275207
1779071479,309.474987
1779071479,307.222577
1779071479,310.730168
1779071479,300.811016
1779071479,301.129004
1779071479,304.278127
1779071479,294.579396
1779071479,297.907379
1779071479,304.397568
1779071479,312.971026
1779071479,305.920384
1779071479,311.594264
1779071479,307.869177
1779071479,311.728071
1779071479,313.236179
1779071479,307.451797
1779071479,312.972372
1779071479,312.833651
1779071479,312.862443
1779071479,315.107954
1779071479,313.747046
1779071479,314.445055
1779071479,315.208437
1779071479,315.380873
1779071479,317.345643
1779071479,317.695229
1779071479,316.674779
1779071479,317.250533
1779071479,317.746847
1779071479,409.704266
1779071479,409.587490
1779071479,410.449313
1779071479,411.771034
1779071479,410.311002
1779071479,410.163548
1779071479,410.323351
1779071479,411.224528
1779071479,403.466039
1779071479,412.461520
1779071479,412.808247
1779071479,411.233524
1779071479,411.885838
1779071479,408.520076
1779071479,401.947112
1779071479,411.853718
1779071479,408.642389
1779071479,414.012471
1779071479,414.231625
1779071479,404.729038
1779071479,412.497293
1779071479,413.543379
1779071479,414.545687
1779071479,413.310892
1779071479,413.361667
1779071479,415.202752
1779071479,413.984175
1779071479,414.054458
1779071479,415.787556
1779071479,415.214065
1779071479,411.776418
1779071479,414.793604
1779071479,401.098614
1779071479,410.813845
1779071479,416.221571
1779071479,414.404508
1779071479,415.024307
1779071479,415.162911
1779071479,415.229021
1779071479,427.109383
1779071479,426.879936
1779071479,413.128921
1779071479,424.306815
1779071479,428.017626
1779071479,417.630086
1779071479,427.755549
1779071479,427.339854
1779071479,428.573266
1779071479,427.915776
1779071479,432.457496
1779071479,510.285661
1779071479,515.753939
1779071479,499.502094
1779071479,499.257527
1779071479,499.924414
1779071479,504.078889
1779071479,516.164809
1779071479,516.426328
1779071479,516.132954
1779071479,509.981567
1779071479,517.017325
1779071479,518.382617
1779071479,517.095751
1779071479,516.705029
1779071479,513.078134
1779071479,517.684630
1779071479,512.126024
1779071479,517.886360
1779071479,518.330906
1779071479,517.477123
1779071479,518.432175
1779071479,498.973255
1779071479,518.640700
1779071479,515.707795
1779071479,518.336515
1779071479,518.552684
1779071479,518.337848
1779071479,516.789319
1779071479,513.377449
1779071479,502.676738
1779071479,516.767045
1779071479,524.886077
1779071479,517.559822
1779071479,516.929058
1779071479,519.559224
1779071479,508.021922
1779071479,516.923720
1779071479,520.236459
1779071479,518.149823
1779071479,522.537629
1779071479,520.264127
1779071479,518.998853
1779071479,534.069836
1779071479,523.685692
1779071479,526.426455
1779071479,529.996821
1779071479,531.801359
1779071479,530.181317
1779071479,535.179779
1779071479,516.308177
1779071479,598.598245
1779071479,606.116798
1779071479,613.253613
1779071479,617.191320
1779071479,615.712217
1779071479,620.373568
1779071479,615.817384
1779071479,620.717886
1779071479,607.203528
1779071479,627.952900
1779071479,626.169945
1779071479,636.269486
1779071479,636.430919
1779071479,629.043186
1779071479,635.107326
1779071479,637.833157
1779071479,633.897211
1779071479,638.076453
1779071479,638.286107
1779071479,637.057976
1779071479,638.567196
1779071479,628.058940
1779071479,632.334804
1779071479,637.272837
1779071479,629.900928
1779071479,637.410950
1779071479,633.070245
1779071479,638.952113
1779071479,637.660464
1779071479,628.493765
1779071479,637.653505
1779071479,633.926227
1779071479,627.332287
1779071479,622.615672
1779071479,635.101606
1779071479,627.682748
1779071479,624.309189
1779071479,624.017108
1779071479,636.265247
1779071479,643.106701
1779071479,633.603631
1779071479,624.285528
1779071479,629.722612
1779071479,630.173429
1779071479,629.457897
1779071479,633.459155
1779071479,631.526797
1779071479,629.099025
1779071479,636.283681
1779071479,644.023143
1779071479,703.616029
1779071479,706.975199
1779071479,704.516344
1779071479,710.250599
1779071479,704.317253
1779071479,722.738545
1779071479,713.726129
1779071479,720.381689
1779071479,719.772002
1779071479,721.018195
1779071479,706.056200
1779071479,709.320180
1779071479,716.231279
1779071479,726.068333
1779071479,736.118463
1779071479,726.591919
1779071479,735.669254
1779071479,738.929956
1779071479,726.414987
1779071479,738.227062
1779071479,730.303517
1779071479,730.109815
1779071479,729.985364
1779071479,726.531193
1779071479,731.249074
1779071479,741.915837
1779071479,731.498426
1779071479,742.329930
1779071479,736.391487
1779071479,730.919610
1779071479,737.377788
1779071479,737.033622
1779071479,736.724811
1779071479,732.999440
1779071479,736.872029
1779071479,732.299982
1779071479,728.180436
1779071479,731.743714
1779071479,732.719721
1779071479,738.003851
1779071479,731.293521
1779071479,742.426031
1779071479,728.264243
1779071479,727.138546
1779071479,739.321791
1779071479,737.977640
1779071479,739.198207
1779071479,731.679298
1779071479,729.988741
1779071479,733.211549
1779071479,821.559354
1779071479,823.677207
1779071479,819.248777
1779071479,823.544678
1779071479,818.442160
1779071479,816.302983
1779071479,818.337689
1779071479,807.798307
1779071479,813.270794
1779071479,819.277389
1779071479,815.448592
1779071479,827.193756
1779071479,818.492827
1779071479,843.255601
1779071479,842.025117
1779071479,839.686222
1779071479,827.217510
1779071479,833.279075
1779071479,834.351722
1779071479,828.622114
1779071479,833.395013
1779071479,833.060285
1779071479,839.444424
1779071479,835.454221
1779071479,846.456004
1779071479,847.844553
1779071479,830.443398
1779071479,845.153775
1779071479,843.561156
1779071479,830.822434
1779071479,831.708034
1779071479,848.251700
1779071479,835.000704
1779071479,841.309758
1779071479,848.502458
1779071479,834.347893
1779071479,836.252157
1779071479,845.126514
1779071479,836.008167
1779071479,838.124508
1779071479,849.536439
1779071479,846.060282
1779071479,841.109404
1779071479,842.045038
1779071479,838.758923
1779071479,846.748694
1779071479,849.018801
1779071479,839.065219
1779071479,849.984380
1779071479,844.089118
1779071480,922.876828
1779071480,923.694076
1779071480,917.640392
1779071480,922.444736
1779071480,920.606347
1779071480,925.517749
1779071480,924.220269
1779071480,924.565376
1779071480,921.153238
1779071480,918.358581
1779071480,924.439705
1779071480,922.271451
1779071480,925.797878
1779071480,928.504040
1779071480,937.568265
1779071480,942.295507
1779071480,949.330523
1779071480,931.610930
1779071480,938.593900
1779071480,942.361362
1779071480,941.026676
1779071480,946.206054
1779071480,939.327790
1779071480,932.806116
1779071480,937.808430
1779071480,950.824870
1779071480,932.349790
1779071480,948.302393
1779071480,932.626672
1779071480,939.993628
1779071480,939.700052
1779071480,940.643026
1779071480,932.232100
1779071480,937.028622
1779071480,948.102590
1779071480,951.463198
1779071480,944.830935
1779071480,940.177198
1779071480,946.531678
1779071480,936.341571
1779071480,937.311590
1779071480,945.008451
1779071480,932.578592
1779071480,938.534205
1779071480,944.662584
1779071480,940.234772
1779071480,939.460756
1779071480,952.270141
1779071480,934.302017
1779071480,939.071585
1779071480,1011.858308
1779071480,1020.377588
1779071480,1019.965831
1779071480,1019.534905
1779071480,1020.998371
1779071480,1026.528756
1779071480,1013.907569
1779071480,1016.892787
1779071480,1018.601403
1779071480,1014.207307
1779071480,1027.936595
1779071480,1024.590289
1779071480,1017.905426
1779071480,1048.586627
1779071480,1047.564740
1779071480,1048.246793
1779071480,1048.167902
1779071480,1047.582911
1779071480,1048.504928
1779071480,1035.407237
1779071480,1048.778190
1779071480,1038.007558
1779071480,1047.404052
1779071480,1042.547428
1779071480,1038.107058
1779071480,1047.521870
1779071480,1034.537652
1779071480,1050.702536
1779071480,1036.469841
1779071480,1035.190734
1779071480,1045.641625
1779071480,1039.321079
1779071480,1041.305359
1779071480,1049.634100
1779071480,1046.280888
1779071480,1040.485503
1779071480,1039.719993
1779071480,1051.310473
1779071480,1047.742691
1779071480,1045.877396
1779071480,1042.188795
1779071480,1048.585654
1779071480,1044.058281
1779071480,1055.853018
1779071480,1047.720811
1779071480,1044.000958
1779071480,1055.805766
1779071480,1046.707387
1779071480,1055.691006
1779071480,1049.733317
1779071480,1120.449271
1779071480,1122.360146
1779071480,1119.455166
1779071480,1120.837278
1779071480,1123.487813
1779071480,1127.259821
1779071480,1124.300451
1779071480,1116.040328
1779071480,1116.023213
1779071480,1132.120976
1779071480,1120.424501
1779071480,1123.471672
1779071480,1121.675782
1779071480,1152.830875
1779071480,1149.559861
1779071480,1143.830618
1779071480,1151.558718
1779071480,1145.365939
1779071480,1146.947138
1779071480,1143.824811
1779071480,1155.542140
1779071480,1141.866760
1779071480,1153.307674
1779071480,1145.427816
1779071480,1154.747022
1779071480,1147.021729
1779071480,1149.614981
1779071480,1149.059204
1779071480,1141.826270
1779071480,1142.543711
1779071480,1155.337900
1779071480,1152.946922
1779071480,1154.140426
1779071480,1138.278438
1779071480,1151.928319
1779071480,1152.791023
1779071480,1139.607178
1779071480,1146.306053
1779071480,1138.686448
1779071480,1149.542062
1779071480,1142.868273
1779071480,1145.203833
1779071480,1151.755389
1779071480,1152.755517
1779071480,1139.046950
1779071480,1145.022428
1779071480,1147.499367
1779071480,1147.113996
1779071480,1149.596971
1779071480,1150.479767
1779071480,1230.576298
1779071480,1223.144824
1779071480,1226.235816
1779071480,1226.769152
1779071480,1232.522157
1779071480,1223.513481
1779071480,1232.783240
1779071480,1228.995196
1779071480,1231.891142
1779071480,1225.069715
1779071480,1235.647930
1779071480,1230.514330
1779071480,1229.522610
1779071480,1247.198304
1779071480,1252.999536
1779071480,1243.583463
1779071480,1250.239651
1779071480,1239.419539
1779071480,1245.570249
1779071480,1250.281069
1779071480,1246.210409
1779071480,1245.621889
1779071480,1254.911176
1779071480,1244.123069
1779071480,1252.067881
1779071480,1251.539677
1779071480,1255.676937
1779071480,1250.026943
1779071480,1258.397116
1779071480,1241.064683
1779071480,1259.576359
1779071480,1247.146862
1779071480,1254.268783
1779071480,1242.179024
1779071480,1257.300830
1779071480,1243.076639
1779071480,1249.925970
1779071480,1252.136122
1779071480,1243.252096
1779071480,1251.827078
1779071480,1245.663276
1779071480,1261.546513
1779071480,1247.339335
1779071480,1253.777428
1779071480,1261.413883
1779071480,1246.932375
1779071480,1254.851108
1779071480,1243.311836
1779071480,1250.064719
1779071480,1258.078455
1779071480,1333.159427
1779071480,1327.181929
1779071480,1327.035091
1779071480,1334.040974
1779071480,1333.018802
1779071480,1322.408792
1779071480,1326.992732
1779071480,1334.073041
1779071480,1329.918847
1779071480,1329.463819
1779071480,1326.603006
1779071480,1333.009815
1779071480,1331.366387
1779071480,1359.109783
1779071480,1352.805297
1779071480,1352.080924
1779071480,1353.064390
1779071480,1341.254378
1779071480,1342.602336
1779071480,1348.154200
1779071480,1348.849892
1779071480,1358.414380
1779071480,1354.156665
1779071480,1354.241908
1779071480,1354.542354
1779071480,1349.201112
1779071480,1348.367318
1779071480,1348.117083
1779071480,1344.347222
1779071480,1358.464635
1779071480,1350.944759
1779071480,1354.500462
1779071480,1348.956005
1779071480,1348.925944
1779071480,1356.378991
1779071480,1356.324036
1779071480,1353.246730
1779071480,1354.377578
1779071480,1360.217647
1779071480,1350.450382
1779071480,1349.657960
1779071480,1358.333587
1779071480,1364.029203
1779071480,1350.062831
1779071480,1349.322982
1779071480,1350.368396
1779071480,1357.007026
1779071480,1353.866805
1779071480,1356.512305
1779071480,1364.879947
1779071480,1431.370123
1779071480,1431.483879
1779071480,1436.711165
1779071480,1426.899762
1779071480,1433.617020
1779071480,1435.496139
1779071480,1431.912510
1779071480,1426.451330
1779071480,1429.519475
1779071480,1425.313058
1779071480,1440.844014
1779071480,1427.276899
1779071480,1433.200251
1779071480,1455.627744
1779071480,1456.673549
1779071480,1447.742929
1779071480,1459.251212
1779071480,1453.761993
1779071480,1452.690976
1779071480,1447.985923
1779071480,1458.495656
1779071480,1450.098150
1779071480,1446.029190
1779071480,1454.515492
1779071480,1462.464359
1779071480,1455.779628
1779071480,1451.360099
1779071480,1458.446834
1779071480,1451.761185
1779071480,1466.086768
1779071480,1455.278015
1779071480,1452.251416
1779071480,1460.241862
1779071480,1452.465547
1779071480,1455.495527
1779071480,1458.187171
1779071480,1453.526417
1779071480,1459.599681
1779071480,1458.656128
1779071480,1457.942567
1779071480,1462.705781
1779071480,1464.479430
1779071480,1452.058930
1779071480,1459.897613
1779071480,1460.091701
1779071480,1454.214187
1779071480,1449.173814
1779071480,1462.846067
1779071480,1455.098392
1779071480,1467.833303
1779071480,1533.686371
1779071480,1533.050190
1779071480,1531.899765
1779071480,1539.329772
1779071480,1535.093075
1779071480,1540.486768
1779071480,1543.171031
1779071480,1541.358383
1779071480,1544.805306
1779071480,1538.808962
1779071480,1534.362253
1779071480,1539.436132
1779071480,1537.118628
1779071480,1551.285673
1779071480,1553.794952
1779071480,1553.012851
1779071480,1552.345292
1779071480,1557.952653
1779071480,1559.096574
1779071480,1552.451346
1779071480,1558.814526
1779071480,1551.728531
1779071480,1560.687898
1779071480,1555.974877
1779071480,1556.437053
1779071480,1552.775162
1779071480,1563.086555
1779071480,1553.622286
1779071480,1559.885214
1779071480,1564.443883
1779071480,1549.145528
1779071480,1556.433756
1779071480,1565.832714
1779071480,1558.053777
1779071480,1554.782822
1779071480,1562.294421
1779071480,1558.695057
1779071480,1565.142237
1779071480,1562.446769
1779071480,1566.715846
1779071480,1559.240794
1779071480,1556.196185
1779071480,1565.614143
1779071480,1562.090333
1779071480,1556.358832
1779071480,1571.638628
1779071480,1562.846585
1779071480,1572.270170
1779071480,1554.933772
1779071480,1558.982932
1779071480,1630.224808
1779071480,1634.874570
1779071480,1634.702392
1779071480,1638.159678
1779071480,1639.398648
1779071480,1635.696255
1779071480,1638.855216
1779071480,1641.294335
1779071480,1642.555909
1779071480,1637.868853
1779071480,1646.065752
1779071480,1632.007135
1779071480,1646.245718
1779071480,1656.513363
1779071480,1654.630100
1779071480,1662.966133
1779071480,1660.587629
1779071480,1658.601458
1779071480,1657.265468
1779071480,1660.693465
1779071480,1661.323142
1779071480,1664.062558
1779071480,1651.025032
1779071480,1666.877556
1779071480,1667.024603
1779071480,1666.707099
1779071480,1666.007414
1779071480,1655.020933
1779071480,1664.219306
1779071480,1663.109857
1779071480,1663.675546
1779071480,1658.950829
1779071480,1657.584424
1779071480,1665.878116
1779071480,1662.727030
1779071480,1654.459012
1779071480,1667.763088
1779071480,1666.362470
1779071480,1667.854653
1779071480,1661.302492
1779071480,1670.108718
1779071480,1673.024814
1779071480,1665.038311
1779071480,1664.911620
1779071480,1669.876880
1779071480,1656.017853
1779071480,1663.172632
1779071480,1659.642852
1779071480,1658.650408
1779071480,1677.081043
1779071480,1747.298090
1779071480,1742.765838
1779071480,1743.340074
1779071480,1739.135625
1779071480,1738.415676
1779071480,1734.702976
1779071480,1741.314138
1779071480,1745.798629
1779071480,1749.870270
1779071480,1733.991782
1779071480,1740.156945
1779071480,1743.035870
1779071480,1748.197835
1779071480,1760.251143
1779071480,1755.800207
1779071480,1752.761294
1779071480,1764.721920
1779071480,1757.994053
1779071480,1758.989311
1779071480,1759.432260
1779071480,1768.334048
1779071480,1763.184833
1779071480,1758.866066
1779071480,1758.220774
1779071480,1753.894141
1779071480,1759.107084
1779071480,1766.301374
1779071480,1762.146339
1779071480,1767.922459
1779071480,1768.149224
1779071480,1763.004739
1779071480,1760.948304
1779071480,1765.819765
1779071480,1762.762673
1779071480,1775.632202
1779071480,1777.781005
1779071480,1768.489272
1779071480,1779.210024
1779071480,1782.394576
1779071480,1768.532773
1779071480,1770.549943
1779071480,1762.135591
1779071480,1775.152067
1779071480,1773.391730
1779071480,1776.245001
1779071480,1770.853240
1779071480,1771.363586
1779071480,1771.865560
1779071480,1769.501882
1779071480,1771.524194
1779071480,1849.497478
1779071480,1852.048297
1779071480,1839.234010
1779071480,1849.426538
1779071480,1857.176852
1779071480,1857.890489
1779071480,1857.315062
1779071480,1848.524337
1779071480,1843.846509
1779071480,1853.324796
1779071480,1843.588714
1779071480,1843.924151
1779071480,1845.331671
1779071481,1862.791808
1779071481,1867.221456
1779071481,1864.069252
1779071481,1862.820267
1779071481,1854.569866
1779071481,1854.749630
1779071481,1863.818492
1779071481,1866.364336
1779071481,1860.832693
1779071481,1867.021085
1779071481,1861.791886
1779071481,1857.482595
1779071481,1875.830942
1779071481,1864.442582
1779071481,1871.358582
1779071481,1863.379461
1779071481,1862.313088
1779071481,1864.675536
1779071481,1861.788898
1779071481,1868.445528
1779071481,1867.731808
1779071481,1874.426781
1779071481,1870.361261
1779071481,1876.995012
1779071481,1871.190010
1779071481,1886.269966
1779071481,1870.490678
1779071481,1871.688249
1779071481,1871.790711
1779071481,1871.294207
1779071481,1871.243101
1779071481,1867.670834
1779071481,1871.085733
1779071481,1873.088864
1779071481,1886.754140
1779071481,1868.398826
1779071481,1873.253344
1779071481,1940.809290
1779071481,1961.145670
1779071481,1941.408009
1779071481,1946.445733
1779071481,1952.455669
1779071481,1949.974626
1779071481,1958.556603
1779071481,1955.469474
1779071481,1954.438163
1779071481,1961.882877
1779071481,1961.717109
1779071481,1961.980020
1779071481,1947.325591
1779071481,1970.729760
1779071481,1957.970437
1779071481,1963.543856
1779071481,1966.741684
1779071481,1975.822227
1779071481,1975.845736
1779071481,1957.853368
1779071481,1964.397273
1779071481,1964.620960
1779071481,1964.472261
1779071481,1965.913319
1779071481,1970.808899
1779071481,1971.298779
1779071481,1969.021115
1779071481,1972.145932
1779071481,1967.676403
1779071481,1960.034482
1779071481,1979.040934
1779071481,1962.122685
1779071481,1973.528522
1779071481,1973.514037
1779071481,1974.649558
1779071481,1975.136267
1779071481,1985.795766
1779071481,1981.190068
1779071481,1980.700753
1779071481,1981.625188
1779071481,1981.151751
1779071481,1981.295296
1779071481,1984.288584
1779071481,1981.225388
1779071481,1983.067574
1779071481,1980.225538
1779071481,1971.156990
1779071481,1982.964596
1779071481,1977.746418
1779071481,1986.187902
1779071481,2051.411317
1779071481,2045.670062
1779071481,2048.202765
1779071481,2044.937868
1779071481,2050.546296
1779071481,2052.595785
1779071481,2055.683739
1779071481,2054.695129
1779071481,2052.706605
1779071481,2053.695852
1779071481,2053.309691
1779071481,2053.755517
1779071481,2057.313167
1779071481,2059.220344
1779071481,2066.177360
1779071481,2060.530710
1779071481,2059.534383
1779071481,2072.827874
1779071481,2064.446286
1779071481,2064.335561
1779071481,2074.906698
1779071481,2067.678634
1779071481,2074.172179
1779071481,2067.239750
1779071481,2071.336468
1779071481,2074.550058
1779071481,2071.546033
1779071481,2067.301209
1779071481,2062.537924
1779071481,2076.404053
1779071481,2072.489695
1779071481,2072.533254
1779071481,2073.451639
1779071481,2076.648506
1779071481,2079.422822
1779071481,2091.406875
1779071481,2080.254987
1779071481,2086.171793
1779071481,2078.153642
1779071481,2072.786131
1779071481,2076.231616
1779071481,2088.895569
1779071481,2088.265941
1779071481,2080.264283
1779071481,2077.776776
1779071481,2072.893915
1779071481,2078.230119
1779071481,2087.334388
1779071481,2084.475205
1779071481,2077.545443
1779071481,2159.173623
1779071481,2149.003420
1779071481,2149.485650
1779071481,2153.181151
1779071481,2160.544862
1779071481,2164.365026
1779071481,2157.681207
1779071481,2167.289490
1779071481,2162.536173
1779071481,2149.433923
1779071481,2158.657762
1779071481,2168.011571
1779071481,2160.122232
1779071481,2166.797648
1779071481,2167.076655
1779071481,2172.457273
1779071481,2167.303471
1779071481,2162.841096
1779071481,2162.459191
1779071481,2177.168803
1779071481,2168.092034
1779071481,2167.333334
1779071481,2168.946479
1779071481,2174.470278
1779071481,2168.139241
1779071481,2164.687690
1779071481,2165.976167
1779071481,2175.677194
1779071481,2172.121473
1779071481,2165.148132
1779071481,2170.795292
1779071481,2166.111967
1779071481,2180.344293
1779071481,2177.974071
1779071481,2192.664657
1779071481,2190.195162
1779071481,2178.462713
1779071481,2191.312821
1779071481,2186.771486
1779071481,2176.303169
1779071481,2191.155569
1779071481,2182.110446
1779071481,2176.711605
1779071481,2181.019007
1779071481,2185.658175
1779071481,2185.960162
1779071481,2181.290607
1779071481,2180.835709
1779071481,2185.265511
1779071481,2186.205279
1779071481,2261.887914
1779071481,2255.821081
1779071481,2262.346556
1779071481,2264.787012
1779071481,2270.226907
1779071481,2263.379860
1779071481,2263.599217
1779071481,2260.166157
1779071481,2259.605793
1779071481,2265.551377
1779071481,2262.718201
1779071481,2263.404160
1779071481,2257.329911
1779071481,2277.861038
1779071481,2273.214995
1779071481,2283.581415
1779071481,2276.951882
1779071481,2272.474152
1779071481,2272.139323
1779071481,2274.164104
1779071481,2278.461977
1779071481,2271.137784
1779071481,2270.904200
1779071481,2280.105302
1779071481,2263.928030
1779071481,2271.436261
1779071481,2277.299281
1779071481,2268.733356
1779071481,2275.583602
1779071481,2269.495024
1779071481,2269.337622
1779071481,2269.328198
1779071481,2270.748460
1779071481,2282.003720
1779071481,2291.065738
1779071481,2282.155588
1779071481,2286.012403
1779071481,2283.243556
1779071481,2273.437435
1779071481,2282.866724
1779071481,2282.307667
1779071481,2297.654370
1779071481,2285.091753
1779071481,2274.496962
1779071481,2283.506345
1779071481,2273.127079
1779071481,2292.265963
1779071481,2287.331146
1779071481,2275.989711
1779071481,2288.332200
1779071481,2359.671485
1779071481,2361.233040
1779071481,2365.891229
1779071481,2348.759398
1779071481,2366.393618
1779071481,2362.118755
1779071481,2349.037328
1779071481,2350.769013
1779071481,2359.487708
1779071481,2366.364026
1779071481,2365.197163
1779071481,2365.817204
1779071481,2355.792439
1779071481,2376.837247
1779071481,2374.715420
1779071481,2383.281633
1779071481,2378.433597
1779071481,2372.952432
1779071481,2372.920567
1779071481,2382.142863
1779071481,2368.192674
1779071481,2376.174089
1779071481,2374.608992
1779071481,2379.852923
1779071481,2376.259868
1779071481,2385.917571
1779071481,2377.243086
1779071481,2377.927530
1779071481,2378.276099
1779071481,2366.524665
1779071481,2378.826242
1779071481,2372.571463
1779071481,2373.089535
1779071481,2389.037245
1779071481,2384.254665
1779071481,2392.284464
1779071481,2392.064923
1779071481,2383.663301
1779071481,2391.986789
1779071481,2389.581940
1779071481,2385.374760
1779071481,2381.691868
1779071481,2393.536016
1779071481,2393.003171
1779071481,2386.020552
1779071481,2387.102438
1779071481,2397.567811
1779071481,2386.203087
1779071481,2393.092488
1779071481,2385.852735
1779071481,2467.255052
1779071481,2464.077516
1779071481,2472.317685
1779071481,2468.289491
1779071481,2469.062060
1779071481,2467.548793
1779071481,2461.529955
1779071481,2464.393418
1779071481,2466.889434
1779071481,2458.947820
1779071481,2473.726318
1779071481,2463.423267
1779071481,2472.219624
1779071481,2487.603271
1779071481,2488.117681
1779071481,2469.643026
1779071481,2480.670095
1779071481,2471.727453
1779071481,2479.810979
1779071481,2477.751579
1779071481,2485.817657
1779071481,2484.140795
1779071481,2478.199063
1779071481,2486.755562
1779071481,2473.895475
1779071481,2482.054483
1779071481,2478.552220
1779071481,2477.889700
1779071481,2492.360142
1779071481,2482.009019
1779071481,2474.874894
1779071481,2483.185626
1779071481,2485.588663
1779071481,2492.070635
1779071481,2487.405658
1779071481,2486.754851
1779071481,2482.382576
1779071481,2492.954260
1779071481,2487.903950
1779071481,2483.434962
1779071481,2488.111875
1779071481,2490.544255
1779071481,2492.568535
1779071481,2488.846676
1779071481,2498.707263
1779071481,2488.957534
1779071481,2495.593004
1779071481,2495.930709
1779071481,2495.143051
1779071481,2496.736693
1779071481,2574.200782
1779071481,2560.704350
1779071481,2571.278647
1779071481,2570.775804
1779071481,2556.697890
1779071481,2564.422860
1779071481,2555.094625
1779071481,2565.102829
1779071481,2571.554795
1779071481,2568.845977
1779071481,2565.907989
1779071481,2555.442145
1779071481,2567.276642
1779071481,2581.250663
1779071481,2578.476959
1779071481,2577.051358
1779071481,2576.794080
1779071481,2578.742140
1779071481,2574.635745
1779071481,2568.454339
1779071481,2567.878124
1779071481,2582.592519
1779071481,2571.168187
1779071481,2581.480949
1779071481,2570.817468
1779071481,2571.244251
1779071481,2571.983156
1779071481,2570.861090
1779071481,2584.758612
1779071481,2571.156388
1779071481,2573.033767
1779071481,2573.738024
1779071481,2573.812276
1779071481,2579.963348
1779071481,2581.827693
1779071481,2580.928417
1779071481,2593.742296
1779071481,2579.490914
1779071481,2601.551765
1779071481,2595.195822
1779071481,2582.660923
1779071481,2581.392262
1779071481,2595.403924
1779071481,2600.924164
1779071481,2581.507224
1779071481,2597.017051
1779071481,2596.326643
1779071481,2583.442816
1779071481,2595.957940
1779071481,2589.867490
1779071481,2657.004238
1779071481,2659.166480
1779071481,2657.994787
1779071481,2658.736169
1779071481,2670.779200
1779071481,2671.505742
1779071481,2659.225390
1779071481,2682.868933
1779071481,2658.174908
1779071481,2673.109357
1779071481,2661.818869
1779071481,2662.935802
1779071481,2660.840052
1779071481,2681.238668
1779071481,2669.199584
1779071481,2683.178617
1779071481,2670.479305
1779071481,2670.769758
1779071481,2671.999361
1779071481,2672.485138
1779071481,2672.629358
1779071481,2686.296699
1779071481,2673.688576
1779071481,2674.376025
1779071481,2685.381266
1779071481,2674.640730
1779071481,2675.529854
1779071481,2692.461825
1779071481,2674.970097
1779071481,2675.355502
1779071481,2674.791005
1779071481,2676.668207
1779071481,2677.460005
1779071481,2682.869459
1779071481,2683.663624
1779071481,2691.365067
1779071481,2695.765156
1779071481,2683.029215
1779071481,2683.001444
1779071481,2686.109321
1779071481,2686.048272
1779071481,2686.353476
1779071481,2697.578302
1779071481,2686.727743
1779071481,2684.832333
1779071481,2698.486473
1779071481,2685.111225
1779071481,2698.241648
1779071481,2684.864512
1779071481,2686.843764
1779071481,2760.962698
1779071481,2773.803961
1779071481,2762.465103
1779071481,2762.209122
1779071481,2761.248640
1779071481,2773.989554
1779071481,2775.399861
1779071481,2761.503028
1779071481,2774.705177
1779071481,2764.391856
1779071481,2764.605226
1779071481,2777.229494
1779071481,2764.055289
1779071481,2772.383262
1779071481,2771.636396
1779071481,2771.975835
1779071481,2771.613983
1779071481,2774.916974
1779071481,2775.419870
1779071481,2773.943556
1779071481,2774.630275
1779071481,2787.810707
1779071481,2776.801774
1779071481,2788.098832
1779071481,2777.183535
1779071481,2777.380813
1779071481,2778.143991
1779071481,2795.919290
1779071481,2776.539865
1779071481,2776.606283
1779071481,2779.189528
1779071481,2777.670487
1779071481,2778.863268
1779071481,2785.443339
1779071481,2785.561697
1779071481,2787.666515
1779071481,2798.882263
1779071481,2785.754777
1779071481,2799.149111
1779071481,2788.249502
1779071481,2786.576261
1779071481,2800.605623
1779071481,2788.408586
1779071481,2788.200471
1779071481,2788.569224
1779071481,2800.596260
1779071481,2800.929597
1779071481,2787.396043
1779071481,2788.777768
1779071481,2803.882083
1779071482,2864.871815
1779071482,2682.026674
1779071482,2870.946732
1779071482,2682.084533
1779071482,2683.170577
1779071482,2680.844930
1779071482,2682.226217
1779071482,2874.932310
1779071482,2682.244296
1779071482,2866.434339
1779071482,2867.819462
1779071482,2866.066692
1779071482,2867.601871
1779071482,2886.968148
1779071482,2875.407314
1779071482,2874.972555
1779071482,2876.688603
1779071482,2876.504670
1779071482,2890.632352
1779071482,2875.851202
1779071482,2876.592041
1779071482,2879.431016
1779071482,2878.043885
1779071482,2879.376319
1779071482,2880.648135
1779071482,2694.243175
1779071482,2878.637661
1779071482,2693.878089
1779071482,2877.982452
1779071482,2694.668301
1779071482,2881.584271
1779071482,2880.770632
1779071482,2880.804014
1779071482,2888.912668
1779071482,2887.942467
1779071482,2889.727941
1779071482,2890.216977
1779071482,2888.791172
1779071482,2901.663053
1779071482,2889.969337
1779071482,2891.530168
1779071482,2902.874295
1779071482,2889.994088
1779071482,2704.488537
1779071482,2903.225698
1779071482,2892.007560
1779071482,2890.826940
1779071482,2890.219257
1779071482,2905.780011
1779071482,2894.116282
1779071482,2978.393163
1779071482,2681.214532
1779071482,2681.257484
1779071482,2682.333505
1779071482,2682.339626
1779071482,2968.585098
1779071482,2981.706446
1779071482,2681.636251
1779071482,2980.833741
1779071482,2969.466933
1779071482,2969.178814
1779071482,2682.258446
1779071482,2970.938636
1779071482,2976.235440
1779071482,2990.972687
1779071482,2979.363415
1779071482,2978.276503
1779071482,2690.669501
1779071482,2978.074853
1779071482,2993.202841
1779071482,2981.030506
1779071482,2994.283307
1779071482,2994.072144
1779071482,2981.888049
1779071482,2692.883399
1779071482,2982.323186
1779071482,2981.451072
1779071482,2981.732947
1779071482,2994.412514
1779071482,2984.008028
1779071482,2985.105656
1779071482,2983.523265
1779071482,2997.405711
1779071482,2991.191288
1779071482,2989.842684
1779071482,3003.150168
1779071482,2992.455908
1779071482,2991.252327
1779071482,2993.736538
1779071482,2701.944527
1779071482,3005.365515
1779071482,3005.127396
1779071482,3006.486879
1779071482,2992.453051
1779071482,2701.292808
1779071482,3007.027168
1779071482,2700.776258
1779071482,2994.985876
1779071482,2995.083691
1779071482,2998.138034
1779071482,3083.156715
1779071482,3072.018291
1779071482,2681.654293
1779071482,2682.678353
1779071482,2681.758900
1779071482,3071.992206
1779071482,2681.831278
1779071482,3084.907715
1779071482,3083.522176
1779071482,3072.609298
1779071482,3071.774097
1779071482,3084.797666
1779071482,3074.460736
1779071482,3092.153472
1779071482,2689.459889
1779071482,3081.404949
1779071482,3081.432452
1779071482,3082.272309
1779071482,3094.191080
1779071482,3083.417222
1779071482,2691.902861
1779071482,3084.731137
1779071482,3084.611357
1779071482,3086.246904
1779071482,3085.101044
1779071482,3096.728723
1779071482,3097.083341
1779071482,3097.478025
1779071482,3083.945240
1779071482,3096.731697
1779071482,3087.688431
1779071482,3100.195810
1779071482,3088.339023
1779071482,3094.684160
1779071482,3092.684236
1779071482,3092.475327
1779071482,3107.477519
1779071482,2701.305857
1779071482,3093.984259
1779071482,3096.441385
1779071482,3095.713635
1779071482,3096.658449
1779071482,3108.808240
1779071482,2701.488243
1779071482,3095.107642
1779071482,2700.786575
1779071482,3096.165630
1779071482,3096.361647
1779071482,3099.371593
1779071482,3100.251144
1779071482,2682.977076
1779071482,3173.674500
1779071482,3192.504557
1779071482,3175.266812
1779071482,2681.844204
1779071482,2990.247182
1779071482,3194.778210
1779071482,2683.198164
1779071482,2989.994408
1779071482,2990.428268
1779071482,2682.438495
1779071482,2991.211779
1779071482,2992.502450
1779071482,2998.201360
1779071482,2689.043829
1779071482,2998.434332
1779071482,2689.637224
1779071482,2998.772060
1779071482,3187.861801
1779071482,3002.412895
1779071482,3001.705970
1779071482,3001.711729
1779071482,3003.027064
1779071482,3199.749301
1779071482,3001.778580
1779071482,2692.962867
1779071482,3002.067618
1779071482,3002.845973
1779071482,3003.409894
1779071482,3003.045224
1779071482,3003.833474
1779071482,3003.742547
1779071482,3004.182328
1779071482,3009.857838
1779071482,3010.132903
1779071482,3010.342402
1779071482,3010.961121
1779071482,3010.818577
1779071482,3011.114020
1779071482,3011.410126
1779071482,3197.836013
1779071482,3012.111470
1779071482,3011.813141
1779071482,2690.460997
1779071482,3012.596663
1779071482,3011.843092
1779071482,3011.869484
1779071482,3012.124273
1779071482,3013.709083
1779071482,3015.040908
1779071482,2989.645376
1779071482,3278.103359
1779071482,3277.551071
1779071482,3277.880729
1779071482,2990.530705
1779071482,2991.585475
1779071482,3276.576414
1779071482,2683.084161
1779071482,3293.723330
1779071482,2682.240619
1779071482,2991.085789
1779071482,2990.599804
1779071482,2992.063924
1779071482,2997.590898
1779071482,2997.687322
1779071482,2997.652748
1779071482,3298.584498
1779071482,2997.364582
1779071482,3001.298973
1779071482,2693.459291
1779071482,3001.346894
1779071482,2693.913786
1779071482,2693.540494
1779071482,3001.598904
1779071482,2693.654896
1779071482,3001.252799
1779071482,3001.363695
1779071482,3001.238543
1779071482,3000.965551
1779071482,3001.908243
1779071482,3002.767382
1779071482,3003.046860
1779071482,3002.688141
1779071482,3008.554076
1779071482,3008.900554
1779071482,2700.574253
1779071482,3008.978400
1779071482,3009.166642
1779071482,3009.232399
1779071482,3009.338996
1779071482,3009.466264
1779071482,3300.475313
1779071482,3009.197452
1779071482,3302.305309
1779071482,3007.166204
1779071482,3008.682456
1779071482,3008.130385
1779071482,2703.744752
1779071482,3008.207810
1779071482,3008.871050
1779071482,2682.682095
1779071482,3392.646729
1779071482,3393.213046
1779071482,2683.616278
1779071482,2682.383154
1779071482,2683.564518
1779071482,2682.505129
1779071482,2990.883513
1779071482,2683.799911
1779071482,2989.976310
1779071482,2990.129111
1779071482,2990.252030
1779071482,2991.866852
1779071482,2997.358552
1779071482,2997.404970
1779071482,2670.242513
1779071482,2670.314211
1779071482,3401.686165
1779071482,2673.484946
1779071482,2673.534677
1779071482,3000.206621
1779071482,3001.433140
1779071482,3394.039471
1779071482,3001.143932
1779071482,2674.545118
1779071482,3000.886932
1779071482,2674.760343
1779071482,3000.868836
1779071482,3001.209286
1779071482,3001.613119
1779071482,3001.961372
1779071482,3002.609930
1779071482,3003.092576
1779071482,3008.795520
1779071482,2682.000297
1779071482,2681.891028
1779071482,3008.834263
1779071482,3400.932720
1779071482,3009.015501
1779071482,3009.362992
1779071482,3009.557771
1779071482,3008.790207
1779071482,2684.369649
1779071482,3403.853085
1779071482,3007.173689
1779071482,3005.055654
1779071482,3006.346607
1779071482,3009.181630
1779071482,3009.237023
1779071482,3010.018827
1779071482,2989.530306
1779071482,2990.728474
1779071482,2682.897738
1779071482,3298.399265
1779071482,2683.007874
1779071482,2683.053587
1779071482,2683.305351
1779071482,2990.713744
1779071482,2990.789074
1779071482,2990.965765
1779071482,2990.990120
1779071482,2683.791862
1779071482,2992.447049
1779071482,2998.269818
1779071482,3306.621788
1779071482,2997.496268
1779071482,3306.815700
1779071482,2997.627072
1779071482,3000.166563
1779071482,3000.264229
1779071482,3493.185111
1779071482,3000.435383
1779071482,3000.819476
1779071482,3000.965417
1779071482,3001.027228
1779071482,3001.082286
1779071482,3000.579082
1779071482,3001.112625
1779071482,2673.954948
1779071482,3001.847316
1779071482,3001.974117
1779071482,3002.377935
1779071482,3003.026578
1779071482,3007.759370
1779071482,2682.319682
1779071482,3008.788407
1779071482,3008.735336
1779071482,3008.790824
1779071482,3009.109749
1779071482,2997.269597
1779071482,2997.856509
1779071482,2998.232858
1779071482,3320.255204
1779071482,2997.570017
1779071482,2998.789301
1779071482,2998.835643
1779071482,2997.969890
1779071482,2684.324346
1779071482,2999.671992
1779071482,3001.753466
1779071482,2989.671303
1779071482,2990.470774
1779071482,2683.771946
1779071482,2683.701859
1779071482,2683.777776
1779071482,2990.387876
1779071482,2990.532362
1779071482,2682.840024
1779071482,2991.912417
1779071482,2990.842758
1779071482,2992.064684
1779071482,2683.389681
1779071482,2992.554628
1779071482,2997.751493
1779071482,2998.122383
1779071482,2997.829729
1779071482,2998.331208
1779071482,2997.869359
1779071482,3308.350446
1779071482,2999.864415
1779071482,3596.675192
1779071482,2672.708521
1779071482,3308.324546
1779071482,3000.840792
1779071482,3000.532432
1779071482,3000.788318
1779071482,2999.495038
1779071482,2672.794752
1779071482,2987.161635
1779071482,2987.064085
1779071482,3001.412924
1779071482,3001.758773
1779071482,3002.454435
1779071482,3605.370303
1779071482,3007.329294
1779071482,3008.231667
1779071482,2681.446657
1779071482,2996.095021
1779071482,2996.814232
1779071482,2997.159540
1779071482,2997.619643
1779071482,2997.966562
1779071482,3010.595704
1779071482,3010.938711
1779071482,3011.203859
1779071482,2998.648283
1779071482,3315.822776
1779071482,2684.521865
1779071482,3000.796532
1779071482,3015.640116
1779071482,2990.022208
1779071482,3700.443292
1779071482,3298.256403
1779071482,3299.046514
1779071482,2683.541120
1779071482,3689.828425
1779071482,2683.741626
1779071482,2683.753911
1779071482,3299.357712
1779071482,2971.304612
1779071482,2682.713975
1779071482,2971.626374
1779071482,2973.023970
1779071482,3305.598991
1779071482,2978.529710
1779071482,3305.266585
1779071482,2978.472705
1779071482,2978.531107
1779071482,3308.159170
1779071482,2981.408851
1779071482,3308.201976
1779071482,2981.477963
1779071482,2673.011316
1779071482,3307.892071
1779071482,2673.105496
1779071482,2982.896524
1779071482,2982.676674
1779071482,2983.050025
1779071482,2981.594883
1779071482,2982.854786
1779071482,2983.407035
1779071482,2983.811644
1779071482,2984.361073
1779071482,3314.845478
1779071482,2989.012558
1779071482,3315.735905
1779071482,2989.784093
1779071482,2990.476539
1779071482,2991.115005
1779071482,2991.426179
1779071482,3712.350151
1779071482,2992.121796
1779071482,2992.374176
1779071482,2992.860230
1779071482,2992.173192
1779071482,2992.900227
1779071482,2993.477968
1779071482,2993.379337
1779071482,2995.088969
1779071482,2997.527915
1779071482,2989.679618
1779071482,2989.999668
1779071482,3790.329579
1779071482,3298.600567
1779071482,3804.613504
1779071482,2991.318981
1779071482,3607.087768
1779071482,2683.391631
1779071482,2990.491003
1779071482,2990.487341
1779071482,3299.526814
1779071482,2990.842794
1779071482,2992.274651
1779071482,2977.886913
1779071482,2977.779374
1779071482,2977.872749
1779071482,2977.786253
1779071482,2977.873467
1779071482,2980.453023
1779071482,2980.497634
1779071482,2980.530164
1779071482,2980.681558
1779071482,2980.638330
1779071482,3307.842011
1779071482,2981.128983
1779071482,2981.216873
1779071482,2981.987924
1779071482,2982.154938
1779071482,2982.171375
1779071482,2983.007172
1779071482,2983.779500
1779071482,2984.085941
1779071482,2984.865822
1779071482,3315.326426
1779071482,2988.237770
1779071482,2988.201532
1779071482,2988.830507
1779071482,2989.667025
1779071482,2989.982376
1779071482,2990.359191
1779071482,2990.981241
1779071482,2991.004030
1779071482,2991.590226
1779071482,2682.985636
1779071482,2991.789520
1779071482,2992.239414
1779071482,3306.385091
1779071482,2993.058522
1779071482,2994.348097
1779071482,2996.947967
1779071483,2990.381926
1779071483,2990.686835
1779071483,3298.830147
1779071483,2681.496544
1779071483,3299.392884
1779071483,3607.136565
1779071483,2681.995762
1779071483,2990.854859
1779071483,2990.953107
1779071483,3906.983543
1779071483,2991.166230
1779071483,2991.226937
1779071483,2992.995721
1779071483,2977.955926
1779071483,2977.968614
1779071483,2978.048130
1779071483,2978.035196
1779071483,2978.392512
1779071483,2979.743719
1779071483,3616.079635
1779071483,2980.402250
1779071483,2980.658405
1779071483,2672.583915
1779071483,2979.857481
1779071483,2981.291853
1779071483,2980.359148
1779071483,2673.353780
1779071483,2980.634086
1779071483,2981.254712
1779071483,2981.952505
1779071483,2982.744766
1779071483,2982.931798
1779071483,2983.711937
1779071483,2988.109933
1779071483,3303.625393
1779071483,2988.513427
1779071483,2988.680141
1779071483,2988.994542
1779071483,2989.591188
1779071483,2989.985979
1779071483,2990.390446
1779071483,2991.237583
1779071483,2991.430845
1779071483,2683.005229
1779071483,2991.841168
1779071483,2992.635520
1779071483,2992.389275
1779071483,3318.905887
1779071483,2993.971249
1779071483,2996.516260
1779071483,2989.560983
1779071483,2679.542998
1779071483,3298.121239
1779071483,3298.526471
1779071483,3606.988788
1779071483,2680.451545
1779071483,2680.602629
1779071483,3279.059079
1779071483,2990.608125
1779071483,2992.040783
1779071483,2990.804268
1779071483,2990.820034
1779071483,2992.765125
1779071483,2977.888826
1779071483,2978.040765
1779071483,2672.012990
1779071483,2672.099461
1779071483,2978.362380
1779071483,2979.580012
1779071483,2979.170217
1779071483,3289.345638
1779071483,2980.229402
1779071483,2980.144569
1779071483,2980.921535
1779071483,3616.116768
1779071483,2980.786791
1779071483,2980.824193
1779071483,2981.039175
1779071483,2981.675442
1779071483,2982.372911
1779071483,2983.023949
1779071483,2983.473882
1779071483,2984.013507
1779071483,2987.845861
1779071483,2988.055672
1779071483,2988.166883
1779071483,2988.439099
1779071483,2988.796645
1779071483,2989.210051
1779071483,2989.671622
1779071483,2989.641216
1779071483,2991.371940
1779071483,2991.039553
1779071483,2990.999671
1779071483,2682.832986
1779071483,2992.299147
1779071483,2992.425573
1779071483,2683.587985
1779071483,2993.529116
1779071483,2996.852462
1779071483,2989.817314
1779071483,2990.200438
1779071483,2990.253536
1779071483,2990.486055
1779071483,2990.949876
1779071483,3298.986459
1779071483,2991.191045
1779071483,2990.268683
1779071483,2990.315879
1779071483,2990.422561
1779071483,2681.385768
1779071483,2990.744845
1779071483,2992.433344
1779071483,2979.337230
1779071483,2978.165552
1779071483,2979.384785
1779071483,2978.246590
1779071483,2978.418835
1779071483,2979.747105
1779071483,2980.156037
1779071483,2979.271361
1779071483,2980.370921
1779071483,2979.815956
1779071483,2979.894084
1779071483,2979.921846
1779071483,2980.551461
1779071483,2980.500609
1779071483,2980.735909
1779071483,2981.401848
1779071483,2982.201001
1779071483,2982.924593
1779071483,2983.555222
1779071483,2983.852050
1779071483,2987.674518
1779071483,2987.911620
1779071483,2988.044684
1779071483,2988.191807
1779071483,2679.504287
1779071483,2988.776148
1779071483,2989.659918
1779071483,2989.685478
1779071483,2991.030169
1779071483,3299.940703
1779071483,2990.973079
1779071483,2991.254812
1779071483,2992.147457
1779071483,2992.009915
1779071483,2992.317212
1779071483,2993.343691
1779071483,2997.114996
1779071483,2988.919001
1779071483,2989.125725
1779071483,2989.217222
1779071483,2989.316216
1779071483,2989.676469
1779071483,2989.849934
1779071483,2990.065362
1779071483,3298.665448
1779071483,3606.625718
1779071483,2990.470242
1779071483,2681.020313
1779071483,2990.926880
1779071483,2992.721928
1779071483,2978.209214
1779071483,2978.281638
1779071483,2978.282920
1779071483,2978.497265
1779071483,2978.580127
1779071483,2980.027051
1779071483,2980.076860
1779071483,2980.095246
1779071483,3288.213543
1779071483,2979.380906
1779071483,2979.325831
1779071483,2979.496204
1779071483,3602.529101
1779071483,2980.026318
1779071483,2672.877899
1779071483,2981.137830
1779071483,2981.847376
1779071483,2982.564998
1779071483,2982.780942
1779071483,2983.858680
1779071483,2987.426787
1779071483,2987.682826
1779071483,2988.002579
1779071483,2987.891108
1779071483,2988.482659
1779071483,2988.559990
1779071483,2989.182524
1779071483,2989.632695
1779071483,2991.009724
1779071483,2991.089762
1779071483,3299.728885
1779071483,2990.969626
1779071483,2992.089448
1779071483,2992.055437
1779071483,2991.946424
1779071483,2993.293913
1779071483,2997.051652
1779071483,2987.903859
1779071483,2987.853727
1779071483,3298.878328
1779071483,2679.397206
1779071483,2679.601388
1779071483,3299.056561
1779071483,3298.085710
1779071483,2988.511072
1779071483,2988.607853
1779071483,2988.869431
1779071483,2988.915073
1779071483,2989.289229
1779071483,2991.137862
1779071483,2977.812264
1779071483,3286.053551
1779071483,3286.254684
1779071483,2978.085380
1779071483,2978.042585
1779071483,2979.531820
1779071483,2979.648710
1779071483,2979.810770
1779071483,2672.201786
1779071483,2979.067715
1779071483,2980.468674
1779071483,2979.295536
1779071483,2979.320302
1779071483,2980.097460
1779071483,2980.587387
1779071483,2981.003011
1779071483,2981.831268
1779071483,2982.693914
1779071483,2982.721389
1779071483,2983.835346
1779071483,2986.089113
1779071483,2987.310048
1779071483,2987.362107
1779071483,2987.333950
1779071483,2987.574639
1779071483,2988.124665
1779071483,2988.550071
1779071483,2988.955012
1779071483,2990.567630
1779071483,2990.694741
1779071483,2681.423967
1779071483,3299.451479
1779071483,2991.722614
1779071483,2991.624965
1779071483,2681.848087
1779071483,2993.075298
1779071483,2997.148857
1779071483,2988.887279
1779071483,2988.921069
1779071483,2989.001835
1779071483,2988.981236
1779071483,2989.150814
1779071483,2989.017281
1779071483,2989.123556
1779071483,2989.253729
1779071483,2988.058444
1779071483,3298.358760
1779071483,2988.289969
1779071483,2989.638482
1779071483,2990.756882
1779071483,2979.937103
1779071483,2977.950105
1779071483,2977.944750
1779071483,2979.088980
1779071483,2980.406862
1779071483,2979.501646
1779071483,2979.564303
1779071483,2979.602515
1779071483,2671.762648
1779071483,2980.145954
1779071483,2980.256029
1779071483,2979.546548
1779071483,2979.711087
1779071483,2980.159465
1779071483,2980.535014
1779071483,2980.821832
1779071483,2981.465879
1779071483,2982.017561
1779071483,2982.264414
1779071483,2983.354512
1779071483,2985.758435
1779071483,2986.895179
1779071483,2987.069342
1779071483,3296.002546
1779071483,2987.228163
1779071483,2987.771910
1779071483,2988.001252
1779071483,2988.774335
1779071483,2989.740487
1779071483,2681.588940
1779071483,2990.027583
1779071483,2988.949053
1779071483,2990.209262
1779071483,2991.057562
1779071483,2991.608432
1779071483,2992.730685
1779071483,2996.818366
1779071483,3297.906170
1779071483,2989.746270
1779071483,2989.803678
1779071483,2988.760761
1779071483,2988.843452
1779071483,2988.920322
1779071483,2988.824034
1779071483,2989.155087
1779071483,2989.357059
1779071483,2990.402422
1779071483,2988.205960
1779071483,2987.502281
1779071483,2989.730602
1779071483,2979.382188
1779071483,2979.398155
1779071483,2978.329985
1779071483,2979.473833
1779071483,2978.336094
1779071483,2979.668812
1779071483,2979.419701
1779071483,2979.987016
1779071483,2672.224021
1779071483,2979.920503
1779071483,2671.936383
1779071483,2979.517863
1779071483,2979.736152
1779071483,3288.145766
1779071483,2981.145206
1779071483,2979.971415
1779071483,2980.671526
1779071483,2981.174862
1779071483,2981.334346
1779071483,2982.515605
1779071483,2985.206138
1779071483,2986.223197
1779071483,2986.638125
1779071483,2986.692378
1779071483,2671.485356
1779071483,2987.326317
1779071483,2987.381843
1779071483,2988.049002
1779071483,2989.468040
1779071483,2673.726500
1779071483,2989.649631
1779071483,2989.522623
1779071483,2990.088735
1779071483,2990.014945
1779071483,2989.747791
1779071483,2990.439001
1779071483,2994.059569
1779071483,2679.415896
1779071483,2679.478815
1779071483,2679.494249
1779071483,3297.232775
1779071483,2988.774767
1779071483,3297.377222
1779071483,2679.535255
1779071483,2989.153657
1779071483,2989.286339
1779071483,2989.141025
1779071483,2989.347044
1779071483,2988.526896
1779071483,2989.638871
1779071483,2978.437400
1779071483,2978.562646
1779071483,2979.735546
1779071483,2979.736627
1779071483,2979.871537
1779071483,2979.826224
1779071483,3287.538348
1779071483,2979.963588
1779071483,2672.100135
1779071483,2979.696989
1779071483,2979.898969
1779071483,2979.459246
1779071483,2979.709324
1779071483,2980.081218
1779071483,2981.089609
1779071483,2981.230859
1779071483,2981.836457
1779071483,2981.347637
1779071483,2981.341022
1779071483,2982.761668
1779071483,2985.074064
1779071483,2986.166286
1779071483,2986.212284
1779071483,2986.319943
1779071483,2986.198313
1779071483,2987.240765
1779071483,2986.828749
1779071483,2987.678330
1779071483,3298.131289
1779071483,2672.863116
1779071483,2989.329368
1779071483,2990.002891
1779071483,2989.069584
1779071483,3608.993585
1779071483,2989.823976
1779071483,2990.281149
1779071483,2994.255905
1779071483,2678.595333
1779071483,2989.935407
1779071483,2678.512230
1779071483,2678.684157
1779071483,2989.135202
1779071483,2989.093348
1779071483,2678.694021
1779071483,2989.118830
1779071483,2678.991173
1779071483,2989.580677
1779071483,2989.582937
1779071483,2677.986776
1779071483,2990.052509
1779071483,2978.439441
1779071483,3286.127514
1779071483,2978.535770
1779071483,2979.820156
1779071483,2979.984636
1779071483,2979.791144
1779071483,2672.683043
1779071483,2979.521630
1779071483,2979.724889
1779071483,2979.714003
1779071483,2979.779905
1779071483,2979.726215
1779071483,2980.062322
1779071483,2980.156260
1779071483,2981.466523
1779071483,2673.378152
1779071483,2981.736713
1779071483,2981.208621
1779071483,2981.447759
1779071483,2982.896231
1779071483,2985.268513
1779071483,2986.237914
1779071483,2986.391643
1779071483,2986.667393
1779071483,2986.532735
1779071483,2987.091945
1779071483,2987.123906
1779071483,2987.750114
1779071483,3296.448176
1779071483,2989.227871
1779071483,2988.706394
1779071483,2989.610056
1779071483,2989.888175
1779071483,2988.968820
1779071483,2990.637595
1779071483,2989.447644
1779071483,2994.160504
1779071483,2678.390656
1779071483,2989.231724
1779071483,2989.035211
1779071483,2989.171034
1779071483,2990.334180
1779071483,2678.946055
1779071483,2989.274222
1779071483,2679.313385
1779071483,2678.472181
1779071483,2989.556405
1779071483,2678.589440
1779071483,2989.899237
1779071483,2989.992729
1779071483,2978.937270
1779071483,2670.669449
1779071483,2980.137842
1779071483,2979.006287
1779071483,2979.285121
1779071483,2979.266424
1779071483,3287.834426
1779071483,2980.215777
1779071483,2979.412935
1779071483,2979.256391
1779071483,3287.890399
1779071483,2979.796196
1779071483,2980.135078
1779071483,2980.061879
1779071483,2981.469050
1779071483,2981.798194
1779071483,2981.904030
1779071483,2981.494043
1779071483,2981.674459
1779071483,2983.149145
1779071483,2977.579911
1779071483,2978.793953
1779071483,2978.978366
1779071483,3294.299118
1779071483,2979.265458
1779071483,2979.828703
1779071483,2670.685447
1779071483,2979.992746
1779071483,3296.395902
1779071483,2981.658790
1779071483,2981.782213
1779071483,2982.090445
1779071483,2982.436346
1779071483,2982.696632
1779071483,2982.659519
1779071483,2984.159139
1779071484,2989.006365
1779071484,3297.439830
1779071484,2988.150704
1779071484,2677.842195
1779071484,2988.003803
1779071484,2677.747631
1779071484,3297.654775
1779071484,3297.578520
1779071484,2678.068272
1779071484,2988.717188
1779071484,2987.952383
1779071484,2987.966984
1779071484,2988.037461
1779071484,2988.332007
1779071484,2978.991263
1779071484,2978.966646
1779071484,2979.701853
1779071484,2979.903558
1779071484,2978.793466
1779071484,2671.210723
1779071484,2979.844167
1779071484,2979.941536
1779071484,2980.099537
1779071484,2979.520691
1779071484,2979.621422
1779071484,2979.879115
1779071484,2980.421450
1779071484,2980.178734
1779071484,2980.453169
1779071484,2981.562819
1779071484,2982.271362
1779071484,2674.208536
1779071484,2981.474384
1779071484,2982.394483
1779071484,2976.531182
1779071484,2977.733128
1779071484,2977.859177
1779071484,2978.109532
1779071484,2978.262510
1779071484,2978.827188
1779071484,2979.055963
1779071484,2979.213200
1779071484,3296.094997
1779071484,2980.685328
1779071484,2980.970864
1779071484,2673.565168
1779071484,2981.404841
1779071484,2982.729182
1779071484,2982.740460
1779071484,2984.470091
1779071484,2989.487820
1779071484,2678.160254
1779071484,3297.635580
1779071484,2678.143587
1779071484,2678.313068
1779071484,2678.208902
1779071484,3297.921038
1779071484,2678.193435
1779071484,2986.412032
1779071484,2678.735938
1779071484,2986.881415
1779071484,2986.874841
1779071484,2988.207397
1779071484,2987.875944
1779071484,2670.985637
1779071484,2978.760362
1779071484,2978.857208
1779071484,2978.758810
1779071484,2979.498142
1779071484,2979.680085
1779071484,2978.974169
1779071484,2978.430413
1779071484,2980.585554
1779071484,2672.086427
1779071484,2979.298738
1779071484,2979.956691
1779071484,3287.475813
1779071484,2979.892062
1779071484,2980.439863
1779071484,2981.700171
1779071484,2982.350944
1779071484,2981.306804
1779071484,2981.708990
1779071484,2983.225185
1779071484,2976.377791
1779071484,2977.546907
1779071484,2977.543415
1779071484,2670.450175
1779071484,2977.837905
1779071484,2977.807596
1779071484,2978.415995
1779071484,2979.995212
1779071484,2980.136337
1779071484,2980.306179
1779071484,2981.557453
1779071484,2980.990744
1779071484,2981.027629
1779071484,2982.705451
1779071484,2982.818864
1779071484,2984.540232
1779071484,2989.752120
1779071484,3297.873235
1779071484,2987.797882
1779071484,2987.656593
1779071484,3298.052871
1779071484,2678.402214
1779071484,3297.369219
1779071484,2987.491173
1779071484,2678.620575
1779071484,2987.656201
1779071484,2679.245010
1779071484,2679.275753
1779071484,2988.104706
1779071484,2681.301563
1779071484,2979.929106
1779071484,3286.354835
1779071484,2978.860549
1779071484,2978.865523
1779071484,2979.460775
1779071484,2979.647939
1779071484,2979.349219
1779071484,2980.281434
1779071484,2979.790273
1779071484,2670.587987
1779071484,2979.332731
1779071484,2979.521364
1779071484,2979.740213
1779071484,2979.663807
1779071484,2979.860851
1779071484,2980.670255
1779071484,2981.186114
1779071484,2982.308541
1779071484,2981.134423
1779071484,2982.558492
1779071484,2977.085236
1779071484,2670.185826
1779071484,2977.514480
1779071484,2977.685435
1779071484,2669.488146
1779071484,3286.136669
1779071484,2983.149791
1779071484,2983.102094
1779071484,2981.997378
1779071484,2983.679927
1779071484,2983.785383
1779071484,2983.747781
1779071484,2982.700181
1779071484,2982.697010
1779071484,2983.224404
1779071484,2984.573469
1779071484,2990.099056
1779071484,3297.321743
1779071484,2986.865049
1779071484,2679.281753
1779071484,2678.347967
1779071484,2987.411688
1779071484,2678.885748
1779071484,2679.062776
1779071484,2679.058802
1779071484,2678.987125
1779071484,2987.845145
1779071484,2988.138170
1779071484,2679.458960
1779071484,2988.577008
1779071484,2978.134692
1779071484,2980.293949
1779071484,2672.941575
1779071484,2978.424313
1779071484,2672.133076
1779071484,2670.720221
1779071484,2978.952612
1779071484,2979.524441
1779071484,3595.198132
1779071484,2979.542183
1779071484,2979.819459
1779071484,2979.299355
1779071484,2672.003546
1779071484,2672.575183
1779071484,2980.562637
1779071484,2980.640211
1779071484,2982.020877
1779071484,2981.585808
1779071484,3290.144939
1779071484,2983.232228
1779071484,2979.429621
1779071484,2978.476096
1779071484,2977.621113
1779071484,2670.473927
1779071484,2670.525681
1779071484,2985.038146
1779071484,2984.929157
1779071484,2984.227952
1779071484,2984.302522
1779071484,3292.690055
1779071484,2676.425380
1779071484,2676.392249
1779071484,2676.384902
1779071484,2985.363350
1779071484,2676.385512
1779071484,2984.718973
1779071484,2993.159349
1779071484,3606.106748
1779071484,3294.858315
1779071484,3607.616423
1779071484,3295.381373
1779071484,2987.705274
1779071484,2987.797931
1779071484,2678.621094
1779071484,2678.627638
1779071484,2987.959778
1779071484,2987.949664
1779071484,2678.862370
1779071484,2679.022143
1779071484,2987.355384
1779071484,2978.120227
1779071484,2980.366797
1779071484,2980.478759
1779071484,2978.491090
1779071484,2673.787813
1779071484,3594.136170
1779071484,2978.643665
1779071484,2978.189299
1779071484,2671.262368
1779071484,2979.409297
1779071484,2980.091497
1779071484,2979.723493
1779071484,2980.167658
1779071484,2979.697411
1779071484,2980.018506
1779071484,2980.991061
1779071484,2980.980605
1779071484,2981.133327
1779071484,2982.000618
1779071484,2982.745196
1779071484,3285.875775
1779071484,2977.588606
1779071484,2977.840244
1779071484,2670.714382
1779071484,2980.129942
1779071484,2982.895229
1779071484,2983.086966
1779071484,2983.110280
1779071484,2983.121507
1779071484,2982.746678
1779071484,2982.777789
1779071484,2982.897570
1779071484,2983.108586
1779071484,2983.484340
1779071484,2983.640012
1779071484,2984.851973
1779071484,2997.491396
1779071484,3295.724434
1779071484,2985.955318
1779071484,3606.615955
1779071484,3607.207628
1779071484,2987.648089
1779071484,2678.418526
1779071484,2678.564697
1779071484,2678.642393
1779071484,2678.599876
1779071484,2678.554011
1779071484,2988.008083
1779071484,2988.100122
1779071484,2988.062547
1779071484,2979.611002
1779071484,2979.081973
1779071484,2980.178120
1779071484,2979.081871
1779071484,2979.100824
1779071484,2978.506365
1779071484,2672.843625
1779071484,2979.021371
1779071484,3285.915917
1779071484,2978.637577
1779071484,2978.839451
1779071484,2979.099547
1779071484,2979.588776
1779071484,2979.735713
1779071484,2980.061217
1779071484,2980.876891
1779071484,2980.040444
1779071484,2980.798062
1779071484,2981.911382
1779071484,2982.732606
1779071484,2977.713596
1779071484,2978.664073
1779071484,3285.949873
1779071484,3286.025670
1779071484,2977.701245
1779071484,2982.494883
1779071484,2981.713095
1779071484,2982.939190
1779071484,2983.145915
1779071484,2982.340793
1779071484,2982.766316
1779071484,2982.836715
1779071484,2983.157992
1779071484,2674.830468
1779071484,2983.938660
1779071484,2985.149378
1779071484,2991.218924
1779071484,2986.118355
1779071484,2986.141329
1779071484,3295.079308
1779071484,3295.720447
1779071484,2677.928676
1779071484,3916.035227
1779071484,2987.640312
1779071484,3296.603437
1779071484,2678.477854
1779071484,3606.127857
1779071484,2677.349366
1779071484,2987.922070
1779071484,2988.023950
1779071484,3287.982825
1779071484,2979.737473
1779071484,2979.008649
1779071484,2979.107721
1779071484,3287.607867
1779071484,2979.239607
1779071484,2671.242617
1779071484,2978.891140
1779071484,2977.495311
1779071484,2978.658711
1779071484,2978.722732
1779071484,3287.159325
1779071484,3287.518919
1779071484,2979.533817
1779071484,2980.170663
1779071484,2981.061948
1779071484,2981.200848
1779071484,2980.719144
1779071484,2980.698254
1779071484,2982.647311
1779071484,2977.567339
1779071484,2977.639379
1779071484,3285.988692
1779071484,2976.903021
1779071484,3285.992786
1779071484,3290.122951
1779071484,2982.598126
1779071484,2982.922353
1779071484,3290.333556
1779071484,2982.323582
1779071484,2982.061512
1779071484,3290.919657
1779071484,3291.236405
1779071484,2985.488587
1779071484,2984.134644
1779071484,2985.099246
1779071484,2991.404285
1779071484,2985.798007
1779071484,2985.790385
1779071484,2985.965342
1779071484,3915.170898
1779071484,2677.432644
1779071484,2986.571902
1779071484,3916.642082
1779071484,2986.750546
1779071484,3296.055276
1779071484,2986.988113
1779071484,2987.047971
1779071484,2987.143089
1779071484,2987.488681
1779071484,2977.771068
1779071484,3286.781532
1779071484,2978.696367
1779071484,2980.199571
1779071484,2980.467623
1779071484,2979.069887
1779071484,2672.920357
1779071484,3594.192132
1779071484,2977.793007
1779071484,2978.544972
1779071484,2978.590758
1779071484,2979.193652
1779071484,2979.455076
1779071484,2979.611295
1779071484,2980.303803
1779071484,2980.294060
1779071484,2979.825189
1779071484,2981.107594
1779071484,2980.745451
1779071484,2982.814756
1779071484,2976.995879
1779071484,2978.832503
1779071484,2978.765380
1779071484,2978.889149
1779071484,3286.208670
1779071484,2982.160299
1779071484,2982.195346
1779071484,2982.223106
1779071484,2982.672465
1779071484,2982.840129
1779071484,2982.193969
1779071484,2983.066158
1779071484,2982.872834
1779071484,2674.775368
1779071484,2983.684293
1779071484,2984.666198
1779071484,2990.535976
1779071484,2985.524904
1779071484,2985.504079
1779071484,2985.597163
1779071484,2985.759503
1779071484,3604.029931
1779071484,3295.295922
1779071484,3295.297714
1779071484,3604.379735
1779071484,3295.634847
1779071484,2985.527057
1779071484,2676.724152
1779071484,2985.128042
1779071484,2985.232082
1779071484,3286.638594
1779071484,2980.039519
1779071484,2672.459003
1779071484,2978.391402
1779071484,2981.534324
1779071484,2671.523240
1779071484,2979.044638
1779071484,2978.541074
1779071484,2977.774790
1779071484,2978.430581
1779071484,2978.556823
1779071484,2979.113584
1779071484,2979.591231
1779071484,2979.748583
1779071484,2980.112706
1779071484,2980.310420
1779071484,2980.739261
1779071484,2980.027808
1779071484,2980.816953
1779071484,2982.784522
1779071484,2976.760801
1779071484,2978.861173
1779071484,2978.878847
1779071484,2978.960104
1779071484,2978.936544
1779071484,2981.921289
1779071484,2982.317305
1779071484,2982.414860
1779071484,2982.064418
1779071484,2982.153094
1779071484,2982.093389
1779071484,2982.171489
1779071484,3291.458904
1779071484,2982.874670
1779071484,2983.704257
1779071484,2985.086122
1779071484,2989.785241
1779071484,2985.655745
1779071484,2985.520401
1779071484,2985.611980
1779071484,2985.730290
1779071484,3603.670479
1779071484,2985.912986
1779071484,2677.134094
1779071484,2677.088774
1779071484,2984.954209
1779071484,3295.711167
1779071485,3604.673684
1779071485,2984.410538
1779071485,2985.170239
1779071485,2978.704066
1779071485,2979.890924
1779071485,2980.974587
1779071485,2978.889062
1779071485,2980.034419
1779071485,3594.215497
1779071485,2977.464587
1779071485,2978.565287
1779071485,2672.409085
1779071485,2979.032480
1779071485,2979.212856
1779071485,2979.131116
1779071485,2979.540180
1779071485,2979.257565
1779071485,2979.753172
1779071485,2979.755317
1779071485,2980.758854
1779071485,2979.600582
1779071485,2980.636527
1779071485,2982.609115
1779071485,2976.484542
1779071485,2979.693642
1779071485,2978.815503
1779071485,2978.811081
1779071485,2978.882523
1779071485,2981.738438
1779071485,2983.078277
1779071485,2981.893797
1779071485,2982.031345
1779071485,2982.126631
1779071485,2982.278661
1779071485,2674.587103
1779071485,2982.805425
1779071485,2983.026046
1779071485,2983.764853
1779071485,2985.028537
1779071485,2989.908380
1779071485,2676.228547
1779071485,3604.155744
1779071485,2986.315779
1779071485,2986.025199
1779071485,2985.995550
1779071485,2986.128671
1779071485,2986.251495
1779071485,2676.456829
1779071485,2986.450106
1779071485,2676.790178
1779071485,2984.239417
1779071485,2985.121911
1779071485,2985.352755
1779071485,3285.453680
1779071485,2980.467259
1779071485,2979.367857
1779071485,2979.441985
1779071485,2672.700201
1779071485,2671.848380
1779071485,2978.422823
1779071485,2978.421871
1779071485,2668.114196
1779071485,2978.900445
1779071485,2978.123849
1779071485,2978.746648
1779071485,2979.211486
1779071485,2979.517748
1779071485,2979.915327
1779071485,2980.129303
1779071485,2980.139834
1779071485,2979.427846
1779071485,2980.369954
1779071485,2982.336718
1779071485,2976.403682
1779071485,2979.976309
1779071485,2978.960106
1779071485,2978.881474
1779071485,2978.999349
1779071485,2981.868594
1779071485,2981.338413
1779071485,2981.124770
1779071485,2982.190575
1779071485,2982.455316
1779071485,2982.258877
1779071485,2981.739933
1779071485,3291.153132
1779071485,2983.176464
1779071485,2983.780416
1779071485,2984.441979
1779071485,2990.126603
1779071485,2989.702037
1779071485,2989.708563
1779071485,2680.041377
1779071485,3295.849359
1779071485,2989.920853
1779071485,2989.924025
1779071485,2990.018241
1779071485,2990.187678
1779071485,3287.077696
1779071485,2980.824307
1779071485,2990.604674
1779071485,2988.356228
1779071485,2989.547809
1779071485,2980.044048
1779071485,2990.741834
1779071485,2979.262358
1779071485,2979.111901
1779071485,2673.752665
1779071485,3288.359440
1779071485,2681.385338
1779071485,2980.594137
1779071485,2977.613962
1779071485,2977.934659
1779071485,2670.021484
1779071485,2978.942611
1779071485,2979.282634
1779071485,2979.303891
1779071485,2979.605718
1779071485,2979.104094
1779071485,2980.177379
1779071485,2979.531058
1779071485,2980.329450
1779071485,2982.533173
1779071485,2976.259987
1779071485,2979.740409
1779071485,2979.837986
1779071485,2978.835900
1779071485,2978.878949
1779071485,2981.691663
1779071485,2982.297086
1779071485,2981.560019
1779071485,2981.921073
1779071485,2982.128943
1779071485,2982.377755
1779071485,2982.473325
1779071485,2983.064523
1779071485,2983.146818
1779071485,2984.338120
1779071485,2984.722331
1779071485,2990.049808
1779071485,2680.803409
1779071485,2989.824986
1779071485,2680.174004
1779071485,2680.260963
1779071485,2988.795968
1779071485,2680.364878
1779071485,2680.353640
1779071485,2680.514701
1779071485,2990.403318
1779071485,2680.790370
1779071485,2990.677612
1779071485,2680.816067
1779071485,2680.897941
1779071485,2988.268927
1779071485,2979.429839
1779071485,2981.355327
1779071485,2981.347174
1779071485,2682.637771
1779071485,2981.433968
1779071485,2674.253659
1779071485,3287.919867
1779071485,2670.758287
1779071485,2978.870155
1779071485,2978.009125
1779071485,2979.139605
1779071485,2979.598478
1779071485,2670.521405
1779071485,2979.110276
1779071485,2979.230451
1779071485,2978.584323
1779071485,2979.405445
1779071485,2980.265298
1779071485,2982.491502
1779071485,2976.116681
1779071485,2978.750689
1779071485,2979.854681
1779071485,2978.781536
1779071485,2978.824240
1779071485,2981.754745
1779071485,2981.578765
1779071485,2673.593471
1779071485,3289.101480
1779071485,2982.077096
1779071485,2982.191866
1779071485,2982.572225
1779071485,2983.042456
1779071485,2983.127521
1779071485,2984.549058
1779071485,2985.057647
1779071485,2988.381073
1779071485,2988.820276
1779071485,2681.134987
1779071485,2680.140076
1779071485,2681.249853
1779071485,2680.159422
1779071485,2680.337818
1779071485,2680.232507
1779071485,2680.957351
1779071485,2976.861035
1779071485,2988.557789
1779071485,2680.859371
1779071485,2681.000935
1779071485,2680.936932
1779071485,2681.254138
1779071485,2673.955994
1779071485,2673.989201
1779071485,2981.466057
1779071485,2977.532949
1779071485,2674.156162
1779071485,2679.827614
1779071485,2681.882969
1779071485,2671.097607
1779071485,2978.088544
1779071485,2978.208765
1779071485,2978.331716
1779071485,2978.593163
1779071485,2978.634288
1779071485,2979.122201
1779071485,2979.237146
1779071485,2978.580485
1779071485,2979.126241
1779071485,2980.167837
1779071485,2982.531589
1779071485,2976.042084
1779071485,2978.612314
1779071485,2978.785332
1779071485,2979.908957
1779071485,2979.028208
1779071485,2981.630286
1779071485,2981.640494
1779071485,2981.412672
1779071485,2981.815622
1779071485,2674.127563
1779071485,2982.052650
1779071485,2982.033282
1779071485,2983.162158
1779071485,2983.236267
1779071485,2984.660472
1779071485,2984.647687
1779071485,2988.748831
1779071485,3296.968719
1779071485,2681.942095
1779071485,2680.066138
1779071485,2680.396525
1779071485,2680.625900
1779071485,2673.631525
1779071485,2681.041855
1779071485,2681.082938
1779071485,2989.851748
1779071485,2679.681572
1779071485,2670.526857
1779071485,2674.461206
1779071485,2978.173123
1779071485,2978.102780
1779071485,2978.353909
1779071485,3286.988404
1779071485,2682.851012
1779071485,2978.736972
1779071485,2684.734845
1779071485,2979.378189
1779071485,2979.438059
1779071485,2979.165493
1779071485,2980.483729
1779071485,2677.082865
1779071485,2978.854570
1779071485,2981.253957
1779071485,2980.067395
1779071485,2685.880073
1779071485,2982.646037
1779071485,2680.028401
1779071485,2687.940179
1779071485,2982.387316
1779071485,2688.221840
1779071485,2976.567897
1779071485,2978.515743
1779071485,2977.498071
1779071485,2978.660102
1779071485,2978.232527
1779071485,2981.309281
1779071485,2981.693640
1779071485,2982.067833
1779071485,2982.017960
1779071485,2982.148653
1779071485,2982.087226
1779071485,2982.687395
1779071485,2983.896623
1779071485,2983.477656
1779071485,2984.596567
1779071485,2984.779281
1779071485,2989.327082
1779071485,3298.317412
1779071485,2681.915245
1779071485,3607.209071
1779071485,3607.283960
1779071485,2682.220305
1779071485,2681.509356
1779071485,2681.500347
1779071485,3289.527463
1779071485,2681.786677
1779071485,2982.435523
1779071485,2681.564937
1779071485,2682.255752
1779071485,2680.490619
1779071485,2983.223622
1779071485,3287.487929
1779071485,2675.181205
1779071485,2983.896503
1779071485,2984.052331
1779071485,2675.728446
1779071485,2980.236887
1779071485,2980.824150
1779071485,2981.072385
1779071485,2980.362453
1779071485,2980.563814
1779071485,2980.857346
1779071485,2981.163281
1779071485,2981.291392
1779071485,3289.932655
1779071485,2982.778852
1779071485,2982.564137
1779071485,2982.767479
1779071485,2982.381589
1779071485,2982.229578
1779071485,2673.904357
1779071485,2978.391663
1779071485,2979.246072
1779071485,2978.326650
1779071485,2979.065763
1779071485,2981.840105
1779071485,3289.481314
1779071485,2981.464484
1779071485,2981.703928
1779071485,2981.651385
1779071485,2674.384827
1779071485,2982.479441
1779071485,2983.377231
1779071485,2983.698749
1779071485,2984.971131
1779071485,2984.977182
1779071485,2989.501405
1779071485,3296.852181
1779071485,3607.085398
1779071485,3297.466554
1779071485,3607.401542
1779071485,2680.846022
1779071485,3297.931643
1779071485,3607.315966
1779071485,3298.164550
1779071485,3296.450193
1779071485,3290.613329
1779071485,2681.522679
1779071485,3298.629877
1779071485,3597.996267
1779071485,2680.556009
1779071485,3299.098742
1779071485,3597.456574
1779071485,2983.707424
1779071485,2980.258183
1779071485,2983.902811
1779071485,3287.353070
1779071485,2980.853275
1779071485,2980.916285
1779071485,2979.970592
1779071485,2981.334280
1779071485,2981.619390
1779071485,2980.678360
1779071485,2981.153127
1779071485,2981.893199
1779071485,2982.647715
1779071485,2982.476347
1779071485,2982.078576
1779071485,2982.181789
1779071485,2977.145969
1779071485,2981.105850
1779071485,2978.204457
1779071485,2978.993829
1779071485,2977.843796
1779071485,2979.285340
1779071485,2982.364069
1779071485,2982.681704
1779071485,3289.429516
1779071485,2981.578028
1779071485,2981.109104
1779071485,2982.092026
1779071485,2982.184752
1779071485,2983.755684
1779071485,2983.428987
1779071485,2985.489030
1779071485,2985.299971
1779071485,2989.919698
1779071485,3296.679239
1779071485,3296.739818
1779071485,3298.174851
1779071485,3297.380776
1779071485,2681.915787
1779071485,2989.269742
1779071485,3297.765184
1779071485,3297.934600
1779071485,2682.490150
1779071485,3296.410194
1779071485,2681.783776
1779071485,3298.306499
1779071485,3286.335409
1779071485,3291.265906
1779071485,3597.870811
1779071485,2979.342166
1779071485,2680.630801
1779071485,3291.500452
1779071485,3292.115026
1779071485,3606.854103
1779071485,2980.791737
1779071485,2980.908227
1779071485,2981.019891
1779071485,2981.200368
1779071485,2981.513554
1779071485,2980.510680
1779071485,2981.071181
1779071485,2981.761363
1779071485,2982.536146
1779071485,2982.338158
1779071485,2674.449703
1779071485,2981.995986
1779071485,2674.207641
1779071485,2981.038919
1779071485,2978.565786
1779071485,2979.002672
1779071485,2979.280053
1779071485,2671.990550
1779071485,2982.560107
1779071485,2981.582602
1779071485,2981.834117
1779071485,2981.277507
1779071485,2982.655213
1779071485,2981.566742
1779071485,2982.346352
1779071485,2983.718280
1779071485,2983.451437
1779071485,2985.534493
1779071485,2985.578853
1779071485,2989.971417
1779071485,2990.076088
1779071485,3296.852161
1779071485,3606.629525
1779071485,2989.128263
1779071485,2989.442270
1779071485,3297.355584
1779071485,2681.574518
1779071485,2989.778629
1779071485,2681.839064
1779071485,2989.922484
1779071485,2681.545886
1779071485,3607.938485
1779071485,2681.674885
1779071485,3605.563376
1779071485,3596.579361
1779071485,2982.965847
1779071485,2979.536820
1779071485,3608.573904
1779071485,2983.630966
1779071485,2674.494291
1779071485,2979.954266
1779071485,2980.889228
1779071485,2980.819552
1779071485,2981.066449
1779071485,2981.274477
1779071485,2980.284693
1779071485,2981.009600
1779071485,2981.454609
1779071485,2981.788974
1779071485,2982.361627
1779071485,2674.414692
1779071485,3283.908293
1779071485,2982.165826
1779071485,2976.898146
1779071485,2979.465280
1779071485,2978.017630
1779071485,2980.164635
1779071485,2979.109750
1779071485,2982.444828
1779071485,2981.868459
1779071485,2982.932898
1779071485,3289.182478
1779071485,2981.499744
1779071485,2981.456523
1779071485,2981.842340
1779071485,2983.868715
1779071485,2983.589869
1779071485,2985.986335
1779071485,2985.797500
1779071485,2990.597874
1779071486,2991.251557
1779071486,2990.240255
1779071486,2990.286333
1779071486,3605.993463
1779071486,2989.332915
1779071486,2989.366872
1779071486,2989.389964
1779071486,2681.500442
1779071486,2989.734526
1779071486,2989.871516
1779071486,2989.837322
1779071486,2989.872606
1779071486,2982.591867
1779071486,3903.784651
1779071486,2982.768952
1779071486,2982.930087
1779071486,2982.921588
1779071486,2983.227455
1779071486,2981.043062
1779071486,2981.150088
1779071486,2980.785969
1779071486,2981.249119
1779071486,2981.505391
1779071486,2980.346247
1779071486,2980.755985
1779071486,2673.945002
1779071486,2981.186860
1779071486,2981.822467
1779071486,2982.049007
1779071486,2981.458527
1779071486,2982.370720
1779071486,2982.005461
1779071486,2976.689793
1779071486,2981.505255
1779071486,2979.323029
1779071486,2980.216892
1779071486,2979.201192
1779071486,2979.304508
1779071486,2982.180265
1779071486,2982.912481
1779071486,2983.114321
1779071486,2982.411010
1779071486,2981.639583
1779071486,2675.720604
1779071486,2981.891508
1779071486,2982.852994
1779071486,2983.781619
1779071486,2986.377521
1779071486,2986.115389
1779071486,2989.712425
1779071486,2990.205034
1779071486,2991.301616
1779071486,3606.881585
1779071486,2991.252874
1779071486,2989.403358
1779071486,2989.820805
1779071486,2989.966096
1779071486,3290.673087
1779071486,2990.149445
1779071486,3599.167880
1779071486,2990.273224
1779071486,2681.816597
1779071486,2990.352964
1779071486,2681.938881
1779071486,2982.865175
1779071486,2983.133362
1779071486,2674.729741
1779071486,2983.143723
1779071486,2981.332376
1779071486,2981.119860
1779071486,2981.407127
1779071486,2981.640656
1779071486,2980.142027
1779071486,2981.482676
1779071486,2980.616028
1779071486,2980.875214
1779071486,2981.297091
1779071486,2981.775672
1779071486,2981.637167
1779071486,3289.891444
1779071486,2981.575767
1779071486,3283.744402
1779071486,2976.526717
1779071486,2981.489406
1779071486,2979.476039
1779071486,2979.066613
1779071486,2980.218912
1779071486,3286.371700
1779071486,2983.171729
1779071486,2983.273910
1779071486,2675.302044
1779071486,2984.161869
1779071486,2675.377551
1779071486,2981.551780
1779071486,2673.838911
1779071486,2982.380337
1779071486,2983.731207
1779071486,2986.525874
1779071486,2986.480749
1779071486,2990.095238
1779071486,2991.443650
1779071486,2991.526597
1779071486,2991.534169
1779071486,2990.468613
1779071486,2682.269508
1779071486,2682.369882
1779071486,2990.449870
1779071486,2682.152645
1779071486,2990.756548
1779071486,2990.728932
1779071486,2682.779193
1779071486,2682.405493
1779071486,2989.031892
1779071486,2983.343983
1779071486,3287.955671
1779071486,2983.487615
1779071486,2683.134830
1779071486,2981.278990
1779071486,2982.922688
1779071486,2981.815996
1779071486,2981.919107
1779071486,2981.528536
1779071486,2673.987317
1779071486,2981.358766
1779071486,2980.718932
1779071486,2982.060590
1779071486,2981.210857
1779071486,2981.738813
1779071486,2981.532640
1779071486,3289.690339
1779071486,2981.490378
1779071486,2981.295212
1779071486,2976.818289
1779071486,2982.479076
1779071486,2979.709581
1779071486,2980.399374
1779071486,2980.360665
1779071486,2979.341354
1779071486,2982.484579
1779071486,2983.336087
1779071486,2984.124086
1779071486,2982.037831
1779071486,2982.083281
1779071486,2676.546242
1779071486,2981.652148
1779071486,2981.370061
1779071486,2982.903995
1779071486,2986.066646
1779071486,2985.652618
1779071486,2990.564705
1779071486,2682.373593
1779071486,2991.626649
1779071486,2990.482013
1779071486,2682.641417
1779071486,2990.558385
1779071486,2682.822144
1779071486,2681.684451
1779071486,2680.724825
1779071486,2992.272083
1779071486,2674.803951
1779071486,2683.279901
1779071486,2683.211219
1779071486,2683.377966
1779071486,2983.260190
1779071486,2683.584113
1779071486,2992.714577
1779071486,2675.164665
1779071486,2683.952255
1779071486,2683.764544
1779071486,2981.862637
1779071486,2673.594057
1779071486,2982.804816
1779071486,2981.844485
1779071486,2674.854132
1779071486,2980.826545
1779071486,2676.220240
1779071486,2981.167219
1779071486,2982.015559
1779071486,2673.686685
1779071486,2981.483186
1779071486,2982.223977
1779071486,2981.909806
1779071486,2976.473523
1779071486,2674.530988
1779071486,2979.573710
1779071486,2980.212716
1779071486,2980.246846
1779071486,2980.332500
1779071486,2983.079171
1779071486,3289.724756
1779071486,2983.525161
1779071486,2982.015890
1779071486,2675.504262
1779071486,2675.640361
1779071486,2981.900009
1779071486,2981.731650
1779071486,2983.222330
1779071486,2986.253694
1779071486,2985.945160
1779071486,2990.864548
1779071486,2991.854436
1779071486,2682.763244
1779071486,2682.987566
1779071486,2682.795033
1779071486,2682.893845
1779071486,2991.958745
1779071486,2682.871880
1779071486,2683.268736
1779071486,3291.998793
1779071486,2683.421787
1779071486,2981.602492
1779071486,2675.391681
1779071486,2681.173302
1779071486,2683.371940
1779071486,2991.478826
1779071486,2683.936513
1779071486,2674.696085
1779071486,2683.786360
1779071486,2675.872885
1779071486,2684.140560
1779071486,2982.001048
1779071486,2676.231099
1779071486,2982.292893
1779071486,2676.367434
1779071486,2982.519683
1779071486,2981.609361
1779071486,2981.763084
1779071486,2981.915433
1779071486,2981.668524
1779071486,2981.280199
1779071486,2982.205083
1779071486,2981.699504
1779071486,2980.697990
1779071486,2977.612039
1779071486,2979.471676
1779071486,2979.577603
1779071486,2980.263349
1779071486,2980.286927
1779071486,2983.766189
1779071486,3288.814126
1779071486,3290.027744
1779071486,3290.521816
1779071486,2982.074087
1779071486,2675.662654
1779071486,2982.012400
1779071486,2981.850632
1779071486,2983.392163
1779071486,2986.468025
1779071486,2986.991827
1779071486,2991.061160
1779071486,2991.858161
1779071486,2682.970664
1779071486,2991.657443
1779071486,2680.720273
1779071486,3914.194354
1779071486,2683.082145
1779071486,2683.058455
1779071486,2683.323371
1779071486,2991.839903
1779071486,2990.140932
1779071486,2683.831716
1779071486,2683.815965
1779071486,2683.832299
1779071486,2675.971146
1779071486,2683.791932
1779071486,2982.445383
1779071486,2676.288565
1779071486,2675.241210
1779071486,2684.123681
1779071486,2676.427176
1779071486,2982.415583
1779071486,2684.356072
1779071486,3290.733875
1779071486,2676.923653
1779071486,2983.078413
1779071486,2674.784943
1779071486,2981.969276
1779071486,2981.942351
1779071486,2981.564629
1779071486,2981.984789
1779071486,2981.507393
1779071486,2981.389216
1779071486,2981.044496
1779071486,2978.792890
1779071486,2980.555256
1779071486,2979.563337
1779071486,2980.222629
1779071486,2980.260955
1779071486,3289.041755
1779071486,2982.506099
1779071486,2674.684590
1779071486,2982.749936
1779071486,2981.767432
1779071486,2981.825595
1779071486,2981.167860
1779071486,2981.932377
1779071486,2983.259263
1779071486,2986.801906
1779071486,2987.227188
1779071486,2990.673784
1779071486,2684.369046
1779071486,2993.743963
1779071486,3301.489444
1779071486,2684.673426
1779071486,2684.854013
1779071486,3302.964221
1779071486,3301.738806
1779071486,3301.697057
1779071486,2685.077964
1779071486,2685.390705
1779071486,2982.726845
1779071486,2676.843325
1779071486,2986.117620
1779071486,2686.516057
1779071486,2981.902859
1779071486,2679.065503
1779071486,2679.165831
1779071486,2995.863339
1779071486,2679.266463
1779071486,2677.217674
1779071486,2678.543859
1779071486,2687.241552
1779071486,2980.845477
1779071486,2687.568576
1779071486,2680.098918
1779071486,3290.117517
1779071486,2986.560700
1779071486,2986.453137
1779071486,2986.512412
1779071486,2679.710380
1779071486,2979.426488
1779071486,2987.090831
1779071486,2984.434064
1779071486,2985.134534
1779071486,2980.730647
1779071486,2979.682718
1779071486,2980.180699
1779071486,2980.255121
1779071486,2983.670302
1779071486,3288.784700
1779071486,3289.042384
1779071486,2981.306191
1779071486,2981.850309
1779071486,2981.895886
1779071486,2981.318209
1779071486,2983.436888
1779071486,2983.613384
1779071486,2987.381787
1779071486,2987.475136
1779071486,2990.825381
1779071486,3303.427691
1779071486,2685.348627
1779071486,3294.760621
1779071486,2986.339046
1779071486,3303.585376
1779071486,3294.934346
1779071486,2685.868846
1779071486,2685.847757
1779071486,2685.940991
1779071486,2685.929645
1779071486,2680.297594
1779071486,2680.338849
1779071486,2679.306528
1779071486,2679.310129
1779071486,2679.348571
1779071486,2679.311300
1779071486,2687.505583
1779071486,2678.729206
1779071486,2678.856945
1779071486,2678.898275
1779071486,2986.409386
1779071486,2685.993559
1779071486,2676.976020
1779071486,2675.956073
1779071486,2688.376207
1779071486,2676.360272
1779071486,2679.010362
1779071486,2678.971289
1779071486,2679.425056
1779071486,2978.706171
1779071486,2678.372648
1779071486,2979.175894
1779071486,2980.714640
1779071486,2678.135055
1779071486,2682.394122
1779071486,2980.347136
1779071486,2682.365511
1779071486,2691.180224
1779071486,2980.997674
1779071486,3288.908231
1779071486,2983.787708
1779071486,2676.188178
1779071486,2676.303697
1779071486,2981.390966
1779071486,2981.551882
1779071486,2983.491317
1779071486,2983.857099
1779071486,2987.887116
1779071486,2987.458826
1779071486,2991.082810
1779071486,3302.925793
1779071486,2685.547520
1779071486,2994.462583
1779071486,2685.571265
1779071486,4528.660046
1779071486,3611.443980
1779071486,3295.276601
1779071486,3912.134637
1779071486,2685.883686
1779071486,3303.458471
1779071486,2686.888196
1779071486,2684.746664
1779071486,2686.713754
1779071486,3296.165451
1779071486,2680.791504
1779071486,2680.824655
1779071486,2987.226046
1779071486,2679.962051
1779071486,2680.144077
1779071486,3295.602235
1779071486,2679.031800
1779071486,2679.327018
1779071486,3294.962711
1779071486,2986.901910
1779071486,2679.756809
1779071486,2679.754125
1779071486,2679.059301
1779071486,2679.091836
1779071486,2985.733360
1779071486,2985.408039
1779071486,2985.364422
1779071486,2985.375387
1779071486,2983.780010
1779071486,2981.817219
1779071486,2980.149791
1779071486,2980.138045
1779071486,2981.353455
1779071486,2980.369947
1779071486,2982.696977
1779071486,2984.028142
1779071486,2676.002232
1779071486,2980.723389
1779071486,3289.462825
1779071486,2981.472104
1779071486,2981.485830
1779071486,2983.790609
1779071486,2983.400062
1779071486,2987.712514
1779071486,2987.613826
1779071486,2991.202067
1779071486,2994.564577
1779071486,2994.750522
1779071486,3603.728315
1779071486,4529.008095
1779071486,3611.793511
1779071486,3611.651399
1779071486,3603.867548
1779071486,2993.166184
1779071486,2995.041294
1779071486,2995.250595
1779071486,3295.715854
1779071486,2987.685095
1779071486,3604.584080
1779071486,3604.673272
1779071486,3610.933791
1779071486,2686.785613
1779071486,3602.915990
1779071486,3295.474200
1779071486,3603.259283
1779071486,2989.711734
1779071486,3602.937920
1779071486,2987.436491
1779071486,2986.872002
1779071486,3910.082830
1779071486,2680.004998
1779071486,3601.679417
1779071486,2988.016850
1779071486,2679.186278
1779071486,2985.682896
1779071486,2985.188575
1779071486,2984.669145
1779071486,2984.832809
1779071486,2983.722283
1779071486,2981.885324
1779071486,2981.133923
1779071486,2980.182467
1779071486,2981.389649
1779071486,2673.342334
1779071486,2983.030998
1779071486,2984.113143
1779071486,2983.064152
1779071486,2982.798568
1779071486,2980.801605
1779071486,2981.322869
1779071486,2981.356203
1779071486,2983.698873
1779071486,2983.553924
1779071486,2988.202229
1779071486,2986.842776
1779071486,2991.549529
1779071487,3612.242922
1779071487,3611.374145
1779071487,2685.447575
1779071487,2684.171968
1779071487,3911.220485
1779071487,3604.042321
1779071487,3609.771345
1779071487,2994.861042
1779071487,2679.922223
1779071487,3613.519508
1779071487,3294.971441
1779071487,3602.414207
1779071487,3295.136447
1779071487,2686.206439
1779071487,2686.666313
1779071487,3614.085223
1779071487,2995.986529
1779071487,2680.770070
1779071487,2685.021838
1779071487,3295.749400
1779071487,2680.781637
1779071487,4538.270612
1779071487,3293.616417
1779071487,3305.739938
1779071487,2680.129278
1779071487,3604.076750
1779071487,2681.525899
1779071487,3293.148672
1779071487,3292.681518
1779071487,2982.710000
1779071487,3291.917232
1779071487,3289.403192
1779071487,2981.785323
1779071487,3292.067698
1779071487,2981.042762
1779071487,2981.125573
1779071487,2981.236447
1779071487,2673.640357
1779071487,3289.676365
1779071487,3289.608899
1779071487,2983.176291
1779071487,2982.920308
1779071487,2980.871332
1779071487,2981.208339
1779071487,2981.288193
1779071487,2983.899842
1779071487,2983.871418
1779071487,2988.657834
1779071487,2987.089729
1779071487,2991.594080
1779071487,2684.994378
1779071487,2994.875806
1779071487,2685.233933
1779071487,2685.445597
1779071487,2685.404855
1779071487,2685.588889
1779071487,2685.400761
1779071487,2995.069641
1779071487,2987.095706
1779071487,2685.884457
1779071487,2685.727308
1779071487,2685.863175
1779071487,3913.932988
1779071487,2685.448545
1779071487,2679.564109
1779071487,2679.513569
1779071487,3305.120550
1779071487,2686.450063
1779071487,2679.723025
1779071487,3296.241860
1779071487,2686.431794
1779071487,3295.334121
1779071487,2679.586207
1779071487,3294.349215
1779071487,2985.719225
1779071487,2987.135441
1779071487,2985.096596
1779071487,2987.873197
1779071487,2679.682020
1779071487,2985.697254
1779071487,2680.059242
1779071487,2985.908568
1779071487,2984.322056
1779071487,2981.923293
1779071487,2670.255814
1779071487,2981.010037
1779071487,2981.271165
1779071487,2980.503762
1779071487,2982.873350
1779071487,2982.013516
1779071487,3289.530739
1779071487,2982.886307
1779071487,2981.329453
1779071487,2981.490283
1779071487,2670.085718
1779071487,2983.943923
1779071487,2983.947336
1779071487,2989.092036
1779071487,2987.568602
1779071487,2990.564981
1779071487,2995.152664
1779071487,2995.248578
1779071487,2995.411324
1779071487,2995.418210
1779071487,2995.195707
1779071487,2686.447381
1779071487,2995.217667
1779071487,2995.226072
1779071487,2685.547415
1779071487,2686.013602
1779071487,2685.958045
1779071487,2686.045594
1779071487,2686.038382
1779071487,2681.429669
1779071487,2996.222008
1779071487,3295.199333
1779071487,2989.749674
1779071487,2681.924768
1779071487,2990.005980
1779071487,2989.990974
1779071487,2988.961823
1779071487,2988.886367
1779071487,2989.446324
1779071487,2681.525737
1779071487,2680.524898
1779071487,2681.230932
1779071487,2679.319857
1779071487,2681.185774
1779071487,2679.358040
1779071487,2986.319516
1779071487,2986.437707
1779071487,3295.591883
1779071487,2984.720926
1779071487,3288.303539
1779071487,2981.214613
1779071487,2981.365557
1779071487,2982.606897
1779071487,2673.183284
1779071487,2983.791228
1779071487,2983.826582
1779071487,2981.286539
1779071487,2983.040080
1779071487,2980.835722
1779071487,2980.879431
1779071487,2982.161933
1779071487,2986.199703
1779071487,2983.036988
1779071487,2988.662698
1779071487,2987.964689
1779071487,2989.644667
1779071487,2994.818935
1779071487,2994.780427
1779071487,2994.993287
1779071487,2687.716779
1779071487,3911.465427
1779071487,2995.258269
1779071487,3913.670496
1779071487,2995.243509
1779071487,2994.341593
1779071487,2686.070075
1779071487,2686.084605
1779071487,2682.682765
1779071487,2686.145275
1779071487,2686.227620
1779071487,3304.900124
1779071487,2681.899113
1779071487,3602.922742
1779071487,2990.248366
1779071487,3305.560260
1779071487,3602.438749
1779071487,2989.263073
1779071487,3924.234167
1779071487,2681.656406
1779071487,2681.813564
1779071487,2681.406765
1779071487,2988.093476
1779071487,2680.890755
1779071487,2988.627833
1779071487,2679.696785
1779071487,2986.434540
1779071487,2986.314431
1779071487,2681.419508
1779071487,3288.357097
1779071487,2983.691393
1779071487,2979.132592
1779071487,2981.675291
1779071487,2981.831714
1779071487,2979.407091
1779071487,2981.084274
1779071487,2974.108176
1779071487,2974.926908
1779071487,2975.115710
1779071487,2975.665546
1779071487,2671.670995
1779071487,2975.781493
1779071487,2978.776301
1779071487,2979.981089
1779071487,2985.584836
1779071487,2985.703700
1779071487,2984.567732
1779071487,5153.790929
1779071487,3303.420279
1779071487,2687.373517
1779071487,2687.385228
1779071487,2685.113207
1779071487,3921.718709
1779071487,2687.597380
1779071487,3304.263460
1779071487,2686.568034
1779071487,2685.919399
1779071487,2685.985423
1779071487,2685.958635
1779071487,2682.910814
1779071487,2686.010393
1779071487,2686.035893
1779071487,2988.583824
1779071487,3913.548036
1779071487,3913.288343
1779071487,2682.461435
1779071487,3604.207416
1779071487,2988.292418
1779071487,2988.573026
1779071487,2989.063268
1779071487,3605.979571
1779071487,2681.955533
1779071487,2681.563234
1779071487,2683.023889
1779071487,2682.145646
1779071487,2680.398878
1779071487,2985.279023
1779071487,3289.140310
1779071487,2985.257422
1779071487,2978.574813
1779071487,2984.211907
1779071487,2675.458414
1779071487,2978.594400
1779071487,2985.856218
1779071487,2978.953782
1779071487,2975.845893
1779071487,2975.921445
1779071487,2976.309947
1779071487,2977.112557
1779071487,2976.921098
1779071487,3289.545103
1779071487,2977.551043
1779071487,2980.483003
1779071487,2981.819641
1779071487,2987.840548
1779071487,2987.786693
1779071487,2980.483497
1779071487,2686.859469
1779071487,2994.657368
1779071487,2993.686506
1779071487,2994.783718
1779071487,2687.073297
1779071487,2687.155155
1779071487,2994.103270
1779071487,3304.036442
1779071487,2996.416346
1779071487,3912.868581
1779071487,2989.755472
1779071487,3297.953794
1779071487,2686.877276
1779071487,3303.675273
1779071487,2687.062070
1779071487,2687.037645
1779071487,2990.368158
1779071487,2681.400983
1779071487,2990.584623
1779071487,2990.703459
1779071487,2683.507791
1779071487,2990.732228
1779071487,2990.879934
1779071487,3297.814614
1779071487,2683.713549
1779071487,2979.903286
1779071487,2681.582266
1779071487,3295.000408
1779071487,2680.523387
1779071487,2680.567669
1779071487,2684.425137
1779071487,2986.384547
1779071487,2679.712390
1779071487,2986.677324
1779071487,2678.999299
1779071487,3289.488939
1779071487,2676.662502
1779071487,2981.170519
1779071487,2977.737342
1779071487,2671.392479
1779071487,2978.919232
1779071487,2978.095033
1779071487,2979.475402
1779071487,2978.757486
1779071487,2978.900963
1779071487,2982.193373
1779071487,2983.405102
1779071487,2989.697457
1779071487,2988.249193
1779071487,2983.001469
1779071487,2996.508632
1779071487,2687.074805
1779071487,2995.385737
1779071487,2687.081110
1779071487,2687.195852
1779071487,2994.337548
1779071487,2682.511734
1779071487,2687.140020
1779071487,2686.293481
1779071487,2994.781167
1779071487,2989.968811
1779071487,2994.835133
1779071487,2686.570454
1779071487,2686.607919
1779071487,3912.665745
1779071487,2686.890476
1779071487,2686.895571
1779071487,2683.944830
1779071487,2991.022720
1779071487,2683.972476
1779071487,2688.648967
1779071487,2684.162554
1779071487,3297.204661
1779071487,3298.416751
1779071487,3298.159680
1779071487,2681.918000
1779071487,3297.202054
1779071487,2980.588928
1779071487,2681.698298
1779071487,2680.766735
1779071487,2988.377576
1779071487,2987.211286
1779071487,2680.905324
1779071487,2680.940651
1779071487,2981.058810
1779071487,2981.136442
1779071487,2981.202893
1779071487,2983.807675
1779071487,2977.569105
1779071487,2977.872058
1779071487,2978.710361
1779071487,2978.879449
1779071487,2671.697491
1779071487,2979.769033
1779071487,2979.000762
1779071487,2982.828958
1779071487,2982.866187
1779071487,2988.370032
1779071487,2989.753040
1779071487,2989.544851
1779071487,3612.954570
1779071487,3303.450702
1779071487,2995.353300
1779071487,2686.907248
1779071487,2687.204441
1779071487,2686.949061
1779071487,3613.301373
1779071487,2687.154968
1779071487,2995.983608
1779071487,2686.335788
1779071487,2686.416484
1779071487,2687.742329
1779071487,3914.976621
1779071487,2991.789253
1779071487,2683.425879
1779071487,2688.393283
1779071487,2684.108037
1779071487,2688.476132
1779071487,2684.061135
1779071487,2991.398031
1779071487,2682.418481
1779071487,2684.303391
1779071487,2680.807958
1779071487,2688.802320
1779071487,2682.095928
1779071487,2682.640448
1779071487,2684.574299
1779071487,2684.532574
1779071487,2681.092937
1779071487,2681.190013
1779071487,2681.344343
1779071487,2680.130814
1779071487,2678.952230
1779071487,2680.199077
1779071487,2980.670268
1779071487,2980.655833
1779071487,2980.764648
1779071487,2981.315096
1779071487,2978.274508
1779071487,2978.580817
1779071487,2979.474398
1779071487,2978.645691
1779071487,2979.033415
1779071487,2979.491018
1779071487,2979.665469
1779071487,2982.343054
1779071487,2982.678199
1779071487,2988.752536
1779071487,2989.823321
1779071487,2989.696676
1779071487,2686.992933
1779071487,2686.977619
1779071487,2996.411777
1779071487,2687.082109
1779071487,2687.029925
1779071487,2687.224549
1779071487,2687.142648
1779071487,2687.345530
1779071487,2687.814856
1779071487,2683.130376
1779071487,2687.749555
1779071487,2687.781542
1779071487,2688.002705
1779071487,2688.182342
1779071487,2683.853586
1779071487,2685.064321
1779071487,2688.676113
1779071487,2683.919680
1779071487,2685.208220
1779071487,2983.550705
1779071487,2680.032375
1779071487,2989.234586
1779071487,3289.688745
1779071487,2682.688545
1779071487,2682.485225
1779071487,2685.705249
1779071487,2683.594070
1779071487,2993.614027
1779071487,2684.900270
1779071487,2677.377545
1779071487,2683.950938
1779071487,3606.782573
1779071487,2682.213036
1779071487,2682.138300
1779071487,2682.931117
1779071487,2680.374224
1779071487,2981.706280
1779071487,2981.778413
1779071487,3285.621610
1779071487,2978.410843
1779071487,2979.254103
1779071487,2672.177954
1779071487,2979.940872
1779071487,2980.187520
1779071487,2978.547823
1779071487,2982.661143
1779071487,2982.961602
1779071487,2988.969609
1779071487,2990.725502
1779071487,2989.806831
1779071487,2683.999031
1779071487,2996.468053
1779071487,3613.312509
1779071487,2684.049615
1779071487,2996.528481
1779071487,3303.813125
1779071487,2684.478562
1779071487,2684.731982
1779071487,2683.441270
1779071487,2997.170080
1779071487,3300.243202
1779071487,2683.416483
1779071487,2684.202641
1779071487,2980.820913
1779071487,2684.142271
1779071487,2991.645750
1779071487,3295.836013
1779071487,2682.623464
1779071487,2682.572643
1779071487,2683.368061
1779071487,2981.488486
1779071487,2989.333308
1779071487,2978.919260
1779071487,2982.721847
1779071487,2978.298089
1779071487,2688.191539
1779071487,2687.071473
1779071487,2686.948863
1779071487,2688.350248
1779071487,2687.018688
1779071487,2688.953016
1779071487,2979.877559
1779071487,3591.646916
1779071487,2980.223630
1779071487,2688.175614
1779071487,2980.310463
1779071487,2686.966082
1779071487,2980.846007
1779071488,2689.125495
1779071488,2986.153332
1779071488,2691.050872
1779071488,2687.683192
1779071488,2994.362086
1779071488,2981.821499
1779071488,2690.019077
1779071488,2691.895001
1779071488,2983.077491
1779071488,2991.025324
1779071488,2989.346951
1779071488,2991.059501
1779071488,2683.054296
1779071488,3605.734171
1779071488,4531.694729
1779071488,2683.551893
1779071488,2683.606612
1779071488,3922.711129
1779071488,2683.978416
1779071488,2996.568302
1779071488,2683.912175
1779071488,3915.680663
1779071488,3916.070502
1779071488,3300.332738
1779071488,2997.485012
1779071488,2684.913391
1779071488,2684.919561
1779071488,2993.447866
1779071488,3300.894994
1779071488,3298.095548
1779071488,2684.146019
1779071488,2684.299924
1779071488,2684.287446
1779071488,3606.981444
1779071488,3606.205462
1779071488,3606.809145
1779071488,3299.029937
1779071488,3606.823041
1779071488,2685.708798
1779071488,2685.111225
1779071488,3299.400135
1779071488,2685.876915
1779071488,2988.221218
1779071488,3298.995609
1779071488,2683.167228
1779071488,2679.791381
1779071488,2987.886647
1779071488,2985.106946
1779071488,2985.211697
1779071488,2985.507875
1779071488,2982.294620
1779071488,2981.314826
1779071488,2981.662387
1779071488,2982.202010
1779071488,2982.824418
1779071488,2983.604428
1779071488,2983.568068
1779071488,2982.582528
1779071488,2983.542339
1779071488,2991.472368
1779071488,2989.838438
1779071488,2990.408813
1779071488,3304.619382
1779071488,3611.833572
1779071488,3304.025483
1779071488,3612.047477
1779071488,2683.530750
1779071488,3305.389012
1779071488,2683.676918
1779071488,3922.371720
1779071488,3915.807603
1779071488,3301.194534
1779071488,3301.219131
1779071488,3916.531387
1779071488,2684.328921
1779071488,3305.447578
1779071488,3305.410096
1779071488,3301.556259
1779071488,3301.858665
1779071488,3301.996724
1779071488,3607.044438
1779071488,2683.881011
1779071488,3915.119254
1779071488,3609.688220
1779071488,3915.877926
1779071488,3299.433799
1779071488,3301.437613
1779071488,3914.035170
1779071488,3606.229870
1779071488,3299.438264
1779071488,3604.461551
1779071488,2992.067605
1779071488,3292.038957
1779071488,2984.592173
1779071488,3601.660296
1779071488,2683.306524
1779071488,3292.877275
1779071488,2985.211322
1779071488,2985.289733
1779071488,2985.594452
1779071488,2982.216125
1779071488,2982.507928
1779071488,3289.710830
1779071488,2982.270626
1779071488,2983.050996
1779071488,2982.381103
1779071488,2983.669305
1779071488,2983.673839
1779071488,2983.459375
1779071488,2988.995359
1779071488,2991.375677
1779071488,2990.675410
1779071488,3613.003940
1779071488,3611.742448
1779071488,2991.028958
1779071488,2683.597726
1779071488,3920.393311
1779071488,4529.488999
1779071488,3607.600782
1779071488,2991.356659
1779071488,2990.544727
1779071488,4530.209757
1779071488,2991.711321
1779071488,3916.388807
1779071488,3301.143249
1779071488,3608.501434
1779071488,2992.519908
1779071488,2992.403831
1779071488,2683.005686
1779071488,3912.291460
1779071488,3302.007781
1779071488,2682.935901
1779071488,2683.481400
1779071488,3602.573484
1779071488,3609.871990
1779071488,3606.513675
1779071488,3303.377686
1779071488,3301.634215
1779071488,3611.273461
1779071488,2991.278388
1779071488,3299.502420
1779071488,2990.725125
1779071488,3296.153229
1779071488,2988.575778
1779071488,3295.507125
1779071488,2680.863773
1779071488,2984.160123
1779071488,2985.369399
1779071488,2988.213739
1779071488,2985.599420
1779071488,2982.124752
1779071488,2982.312698
1779071488,2982.617030
1779071488,2982.384891
1779071488,2982.868919
1779071488,2983.223252
1779071488,2982.423259
1779071488,2983.816821
1779071488,2983.696421
1779071488,2989.035221
1779071488,2991.650379
1779071488,2989.625987
1779071488,4840.391380
1779071488,2991.978883
1779071488,2683.989922
1779071488,2684.081596
1779071488,2992.328714
1779071488,3613.430465
1779071488,2992.237298
1779071488,3608.002283
1779071488,2992.768372
1779071488,2991.585975
1779071488,2992.956274
1779071488,2991.729793
1779071488,4841.361967
1779071488,4530.999005
1779071488,2991.963445
1779071488,2993.468152
1779071488,3609.170130
1779071488,3915.148270
1779071488,3301.985856
1779071488,2992.184108
1779071488,2992.373705
1779071488,2992.349779
1779071488,2992.482436
1779071488,2993.333511
1779071488,2683.160182
1779071488,3307.922628
1779071488,3906.179014
1779071488,3606.931644
1779071488,2992.596876
1779071488,2683.044511
1779071488,2985.262495
1779071488,3292.659350
1779071488,2988.740634
1779071488,2680.727046
1779071488,2984.322418
1779071488,2984.275087
1779071488,2984.458701
1779071488,2677.736481
1779071488,2982.069350
1779071488,2982.191127
1779071488,2981.341241
1779071488,2982.444063
1779071488,3612.574137
1779071488,2983.347193
1779071488,2983.857739
1779071488,2982.737421
1779071488,2983.934388
1779071488,2989.551822
1779071488,2992.043057
1779071488,2990.560004
1779071488,2991.838766
1779071488,2992.245244
1779071488,2992.324384
1779071488,2992.278864
1779071488,4231.128514
1779071488,2992.508839
1779071488,3613.200965
1779071488,3301.581687
1779071488,2684.168088
1779071488,2683.381218
1779071488,2992.938614
1779071488,2683.639022
1779071488,2683.622037
1779071488,2991.795283
1779071488,3303.401498
1779071488,2683.971656
1779071488,2991.948025
1779071488,2683.909492
1779071488,2683.160175
1779071488,2683.297777
1779071488,2684.050944
1779071488,2992.076835
1779071488,2683.436087
1779071488,2993.046486
1779071488,2993.559721
1779071488,2683.451960
1779071488,2993.962320
1779071488,2992.641297
1779071488,2993.039807
1779071488,2994.303810
1779071488,2683.389750
1779071488,3295.455689
1779071488,2988.656662
1779071488,2988.230845
1779071488,2985.585415
1779071488,2984.579470
1779071488,2984.631816
1779071488,2984.732952
1779071488,2982.356418
1779071488,2982.356349
1779071488,2982.539916
1779071488,2982.784083
1779071488,2983.123017
1779071488,2983.952566
1779071488,2983.688349
1779071488,2982.855569
1779071488,2984.253200
1779071488,2988.818344
1779071488,2992.091818
1779071488,2990.637604
1779071488,4224.303804
1779071488,2711.801363
1779071488,3018.572043
1779071488,2710.714890
1779071488,3017.459598
1779071488,2710.696187
1779071488,2710.703756
1779071488,3019.943981
1779071488,2710.847201
1779071488,3019.908797
1779071488,2710.702021
1779071488,3021.145438
1779071488,3637.856503
1779071488,3019.990153
1779071488,3018.658135
1779071488,3018.725979
1779071488,3017.341660
1779071488,2712.196614
1779071488,2697.621682
1779071488,3002.670641
1779071488,3009.975672
1779071488,3017.795615
1779071488,3016.004606
1779071488,3000.872613
1779071488,3010.041717
1779071488,3017.057193
1779071488,3005.387159
1779071488,3005.466160
1779071488,3014.115112
1779071488,3004.574721
1779071488,3019.807445
1779071488,3014.178817
1779071488,3018.828689
1779071488,3005.919691
1779071488,3003.679486
1779071488,2712.124375
1779071488,3016.540413
1779071488,3018.737215
1779071488,2703.584233
1779071488,3011.800329
1779071488,2713.158285
1779071488,2713.052267
1779071488,2710.860194
1779071488,3008.158306
1779071488,3007.148640
1779071488,3016.908714
1779071488,2995.398331
1779071488,3001.729580
1779071488,3018.485358
1779071488,3320.365442
1779071488,2683.830438
1779071488,2682.634454
1779071488,2684.263705
1779071488,2684.397804
1779071488,2684.405527
1779071488,2684.369785
1779071488,2684.321202
1779071488,2684.553679
1779071488,2992.317766
1779071488,2711.298486
1779071488,2711.352063
1779071488,3019.927744
1779071488,2711.479742
1779071488,2711.391759
1779071488,2711.476890
1779071488,2711.402670
1779071488,2711.962199
1779071488,2709.948497
1779071488,2711.059927
1779071488,2710.483725
1779071488,2711.228374
1779071488,2710.612100
1779071488,2710.865689
1779071488,2711.482983
1779071488,2707.131630
1779071488,2707.242279
1779071488,2709.519575
1779071488,2712.845761
1779071488,2708.869289
1779071488,2707.885917
1779071488,2703.674316
1779071488,2710.278582
1779071488,2711.254857
1779071488,2703.906396
1779071488,2707.451055
1779071488,2708.334873
1779071488,3007.522742
1779071488,2704.289519
1779071488,2704.279448
1779071488,3005.609594
1779071488,2699.822517
1779071488,2699.759010
1779071488,3007.995087
1779071488,2699.911674
1779071488,2700.121023
1779071488,3008.423466
1779071488,3003.839367
1779071488,3005.556686
1779071488,3002.142986
1779071488,2995.963444
1779071488,2991.406926
1779071488,2992.638498
1779071488,2684.305651
1779071488,2992.886817
1779071488,2991.659104
1779071488,2684.400193
1779071488,2684.400858
1779071488,3301.016190
1779071488,2993.654747
1779071488,2710.763015
1779071488,3328.025502
1779071488,2710.282060
1779071488,2711.515148
1779071488,2711.600583
1779071488,2711.508913
1779071488,2711.492768
1779071488,2709.945574
1779071488,2711.846361
1779071488,2706.998902
1779071488,2712.221299
1779071488,2712.305526
1779071488,2712.484589
1779071488,2711.609429
1779071488,2712.529466
1779071488,3329.013652
1779071488,2710.990074
1779071488,2708.689263
1779071488,2712.323172
1779071488,2711.465944
1779071488,3020.868244
1779071488,2710.349810
1779071488,2708.980914
1779071488,3013.804421
1779071488,2712.764804
1779071488,2708.366373
1779071488,2708.459634
1779071488,3012.539370
1779071488,2710.721542
1779071488,2704.745792
1779071488,2700.334527
1779071488,3008.459708
1779071488,2700.432599
1779071488,2704.986294
1779071488,2699.293227
1779071488,2700.634662
1779071488,3006.290088
1779071488,3003.951089
1779071488,2995.703266
1779071488,2698.724828
1779071488,2699.904225
1779071488,3300.936806
1779071488,2684.566108
1779071488,2684.718128
1779071488,2684.814451
1779071488,2684.859890
1779071488,2684.666053
1779071488,2993.939157
1779071488,2993.944172
1779071488,2685.601793
1779071488,3017.968508
1779071488,2714.914792
1779071488,3022.208859
1779071488,2714.914625
1779071488,2714.005973
1779071488,2714.950039
1779071488,3004.904900
1779071488,2712.760528
1779071488,3015.808664
1779071488,2701.813156
1779071488,3317.787071
1779071488,2707.860964
1779071488,2702.091695
1779071488,3003.857972
1779071488,3018.650976
1779071488,2714.538084
1779071488,2712.126721
1779071488,3015.638248
1779071488,2711.504487
1779071488,2707.643719
1779071488,2716.416845
1779071488,3333.093226
1779071488,2714.427659
1779071488,3011.675827
1779071488,3008.623732
1779071488,2716.603418
1779071488,2712.140877
1779071488,3019.959908
1779071488,2718.172367
1779071488,2715.741493
1779071488,3012.125181
1779071488,3024.219969
1779071488,2703.942783
1779071488,2713.701127
1779071488,2998.986037
1779071488,2718.864393
1779071488,3010.436750
1779071488,2717.783441
1779071488,3027.714902
1779071488,2718.091416
1779071488,2718.874609
1779071489,3302.776509
1779071489,3610.668348
1779071489,3301.536234
1779071489,3919.348642
1779071489,3301.660716
1779071489,3302.880008
1779071489,2993.377382
1779071489,3303.301772
1779071489,3302.234347
1779071489,3326.253389
1779071489,3332.581493
1779071489,3331.266521
1779071489,3331.985015
1779071489,3332.691969
1779071489,2714.260014
1779071489,3023.785173
1779071489,2715.132886
1779071489,2715.604239
1779071489,2715.900020
1779071489,2715.832792
1779071489,2714.938887
1779071489,2716.045722
1779071489,2715.844971
1779071489,3333.375238
1779071489,2715.984918
1779071489,2714.762827
1779071489,2716.292276
1779071489,3331.610038
1779071489,2713.049841
1779071489,2715.440441
1779071489,2712.292752
1779071489,2708.407865
1779071489,3334.187023
1779071489,3319.357688
1779071489,2715.130076
1779071489,2716.939724
1779071489,2712.600125
1779071489,2713.926738
1779071489,2712.758103
1779071489,3012.788377
1779071489,3319.127077
1779071489,2705.629265
1779071489,3010.540050
1779071489,2998.044917
1779071489,2704.688101
1779071489,3007.924162
1779071489,3333.666753
1779071489,3336.150477
1779071489,2704.937890
1779071489,3007.312030
1779071489,3302.041190
1779071489,2993.909280
1779071489,3610.872262
1779071489,2993.891372
1779071489,3610.671833
1779071489,2684.865437
1779071489,2994.244143
1779071489,2993.164078
1779071489,2994.461551
1779071489,3636.988750
1779071489,2714.920880
1779071489,2715.065790
1779071489,2715.404310
1779071489,3331.073650
1779071489,2715.396030
1779071489,2715.205020
1779071489,2715.463975
1779071489,2715.957457
1779071489,3024.250332
1779071489,2715.904561
1779071489,2716.025438
1779071489,2716.122793
1779071489,2716.264500
1779071489,2716.173121
1779071489,2714.981206
1779071489,2714.969227
1779071489,2716.533962
1779071489,2715.304232
1779071489,2715.373132
1779071489,2713.708382
1779071489,2714.068213
1779071489,2712.983945
1779071489,3012.001913
1779071489,2704.546456
1779071489,2704.978771
1779071489,3005.536436
1779071489,2705.052536
1779071489,2705.020051
1779071489,3007.830728
1779071489,2710.383682
1779071489,3319.557488
1779071489,2998.999131
1779071489,2715.168308
1779071489,2712.272299
1779071489,3329.009623
1779071489,2721.098878
1779071489,2708.846619
1779071489,2714.309977
1779071489,2714.812998
1779071489,2710.150065
1779071489,3611.041379
1779071489,3610.026918
1779071489,3610.119048
1779071489,2684.012843
1779071489,2683.999797
1779071489,2684.035139
1779071489,2994.221052
1779071489,2684.881436
1779071489,2994.944753
1779071489,3020.578213
1779071489,2714.753831
1779071489,2715.309912
1779071489,4871.799859
1779071489,2715.418201
1779071489,2715.788464
1779071489,2716.071448
1779071489,3328.583573
1779071489,3024.637002
1779071489,2713.280467
1779071489,2715.440392
1779071489,2713.596698
1779071489,2716.237035
1779071489,2717.581495
1779071489,2710.057928
1779071489,3013.642468
1779071489,2717.248718
1779071489,3321.472346
1779071489,2710.586670
1779071489,3321.667695
1779071489,3322.142897
1779071489,3023.492046
1779071489,2712.006301
1779071489,3015.752018
1779071489,2720.421835
1779071489,2720.752988
1779071489,3015.462959
1779071489,2721.201664
1779071489,2721.309235
1779071489,2721.343277
1779071489,3013.131418
1779071489,3011.871070
1779071489,3010.108485
1779071489,2721.356218
1779071489,3003.142725
1779071489,2718.782529
1779071489,3017.082599
1779071489,2722.131623
1779071489,2720.820160
1779071489,2723.031967
1779071489,3025.292104
1779071489,2993.284483
1779071489,2683.840715
1779071489,2993.544380
1779071489,2684.386286
1779071489,2993.606213
1779071489,2993.827737
1779071489,2994.108243
1779071489,2994.507559
1779071489,2994.795755
1779071489,3020.661215
1779071489,3639.513793
1779071489,3636.513353
1779071489,3025.357250
1779071489,2714.871963
1779071489,2715.112318
1779071489,3024.496345
1779071489,3026.350830
1779071489,4560.793443
1779071489,3636.763659
1779071489,3948.286699
1779071489,3637.383857
1779071489,2716.867051
1779071489,2715.873380
1779071489,3939.185606
1779071489,3018.579376
1779071489,3633.841928
1779071489,3018.820693
1779071489,3630.521103
1779071489,3630.775126
1779071489,3322.986137
1779071489,3645.068375
1779071489,3020.425320
1779071489,2716.716074
1779071489,2716.964642
1779071489,2717.509209
1779071489,2713.715235
1779071489,3029.850722
1779071489,2713.554324
1779071489,3016.939149
1779071489,2714.530905
1779071489,3643.623453
1779071489,2709.668420
1779071489,3325.518435
1779071489,3323.915458
1779071489,2710.311620
1779071489,2710.574117
1779071489,3010.905368
1779071489,2707.178835
1779071489,3015.993347
1779071489,3004.915852
1779071489,2992.860281
1779071489,2993.023801
1779071489,2993.541620
1779071489,2993.572069
1779071489,2992.175556
1779071489,3302.952856
1779071489,2992.246701
1779071489,2993.813052
1779071489,2993.931279
1779071489,3019.312996
1779071489,3948.989830
1779071489,3640.992558
1779071489,3949.820162
1779071489,3949.811695
1779071489,2713.595856
1779071489,3642.293524
1779071489,2712.986259
1779071489,3638.736388
1779071489,3641.901322
1779071489,3638.934463
1779071489,3637.357664
1779071489,3949.432737
1779071489,3026.137152
1779071489,3637.846208
1779071489,3952.629847
1779071489,3644.667387
1779071489,3643.155835
1779071489,3639.275860
1779071489,2713.980436
1779071489,3639.174824
1779071489,3023.709355
1779071489,3328.793181
1779071489,3330.097062
1779071489,3641.884934
1779071489,3632.896869
1779071489,3323.649050
1779071489,3632.947000
1779071489,3637.699931
1779071489,3016.772705
1779071489,3633.657719
1779071489,2709.850733
1779071489,3633.315382
1779071489,3633.830263
1779071489,3628.383045
1779071489,3322.998498
1779071489,3016.961657
1779071489,3015.047393
1779071489,2708.788327
1779071489,3011.634274
1779071489,3004.539895
1779071489,2992.379686
1779071489,2992.160785
1779071489,3612.431700
1779071489,3920.491320
1779071489,3302.693938
1779071489,2682.147868
1779071489,2992.600164
1779071489,2682.093683
1779071489,3611.477019
1779071489,3019.843086
1779071489,4567.505303
1779071489,3947.716675
1779071489,3640.839171
1779071489,3948.331751
1779071489,3641.014519
1779071489,3333.266965
1779071489,3022.749332
1779071489,3640.869193
1779071489,3638.584695
1779071489,3333.424099
1779071489,3024.128202
1779071489,3642.093032
1779071489,3641.432886
1779071489,3643.207790
1779071489,3945.753254
1779071489,3643.532263
1779071489,3640.340511
1779071489,3643.192384
1779071489,3023.925539
1779071489,2713.411462
1779071489,3640.345485
1779071489,3636.820213
1779071489,3020.217772
1779071489,3944.064738
1779071489,3017.115321
1779071489,3632.883213
1779071489,3324.872031
1779071489,3016.616430
1779071489,3016.717370
1779071489,3016.860415
1779071489,2713.570824
1779071489,3017.309996
1779071489,3017.830098
1779071489,3016.423915
1779071489,2710.461908
1779071489,3340.491515
1779071489,3331.820392
1779071489,3012.767238
1779071489,3011.542846
1779071489,3004.362595
1779071489,2992.737516
1779071489,3302.067507
1779071489,2992.910787
1779071489,2993.054976
1779071489,2681.687216
1779071489,2993.440934
1779071489,2993.428574
1779071489,2993.288267
1779071489,2993.548066
1779071489,3019.854710
1779071489,3022.242460
1779071489,3022.257452
1779071489,3332.070285
1779071489,3949.077950
1779071489,3022.793609
1779071489,3022.152610
1779071489,3023.328661
1779071489,3022.786716
1779071489,3024.138695
1779071489,3024.770408
1779071489,3024.639098
1779071489,2712.100105
1779071489,3948.694640
1779071489,3946.461597
1779071489,2712.561394
1779071489,3024.001666
1779071489,2712.851078
1779071489,3025.881129
1779071489,3026.024550
1779071489,2713.453723
1779071489,3024.374468
1779071489,3950.777428
1779071489,3020.828188
1779071489,3954.674574
1779071489,3324.256242
1779071489,3324.293878
1779071489,2713.301818
1779071489,3945.692942
1779071489,3017.998528
1779071489,2713.589314
1779071489,3947.744312
1779071489,3017.578949
1779071489,3326.397519
1779071489,3018.286810
1779071489,3016.204486
1779071489,3325.227754
1779071489,3011.899648
1779071489,3010.947428
1779071489,3002.680190
1779071489,3321.689045
1779071489,2990.236623
1779071489,2990.654056
1779071489,2990.547154
1779071489,2990.690170
1779071489,2991.077747
1779071489,2990.866156
1779071489,2990.989876
1779071489,2991.253622
1779071489,2680.635726
1779071489,3019.088512
1779071489,3020.106072
1779071489,3020.956292
1779071489,4256.646183
1779071489,3020.151018
1779071489,3020.235281
1779071489,3948.379934
1779071489,3020.827152
1779071489,3021.591407
1779071489,3020.449046
1779071489,3020.871574
1779071489,3020.988517
1779071489,3021.105114
1779071489,2711.917263
1779071489,2712.326546
1779071489,3021.240337
1779071489,2712.408645
1779071489,3021.773237
1779071489,3950.513257
1779071489,3022.556103
1779071489,3022.375886
1779071489,3022.793111
1779071489,3023.688101
1779071489,3023.391703
1779071489,3023.406841
1779071489,3021.636735
1779071489,3021.606623
1779071489,3021.295176
1779071489,3021.532641
1779071489,3941.586741
1779071489,3017.956454
1779071489,3017.973888
1779071489,3018.189196
1779071489,3014.215574
1779071489,3017.820087
1779071489,3018.054767
1779071489,3018.329344
1779071489,3319.862038
1779071489,3011.650293
1779071489,3011.317658
1779071489,3002.924038
1779071489,2990.454316
1779071489,3300.948152
1779071489,2990.514503
1779071489,2990.503068
1779071489,3301.041159
1779071489,2990.483488
1779071489,2989.513694
1779071489,2989.650244
1779071489,2989.946376
1779071489,3017.977587
1779071489,3018.535024
1779071489,3019.221442
1779071489,3019.783086
1779071489,3019.701611
1779071489,3019.739436
1779071489,3020.080057
1779071489,3019.367962
1779071489,3019.893661
1779071489,3019.989641
1779071489,3020.518697
1779071489,3020.618153
1779071489,3020.551820
1779071489,3020.601737
1779071489,3020.789572
1779071489,3947.468069
1779071489,3021.038468
1779071489,3021.006427
1779071489,3020.255337
1779071489,3021.053591
1779071489,3020.754816
1779071489,2713.326710
1779071489,3020.592105
1779071489,3016.691420
1779071489,3021.783673
1779071489,3020.851328
1779071489,3021.490106
1779071489,2714.107008
1779071489,3021.458931
1779071489,3324.890118
1779071489,3018.058646
1779071489,3018.186733
1779071489,3018.181787
1779071489,3015.532127
1779071489,3017.781869
1779071489,3322.579893
1779071489,3014.907441
1779071489,3018.500528
1779071489,3010.493670
1779071489,3010.093149
1779071489,3002.887753
1779071489,2679.754478
1779071489,2680.209219
1779071489,2990.118136
1779071489,3611.143809
1779071489,2680.446896
1779071489,2990.416154
1779071489,2680.592687
1779071489,2680.517745
1779071489,2990.723661
1779071489,3017.715858
1779071489,3018.010654
1779071489,3018.715183
1779071489,3019.297257
1779071489,3019.401076
1779071489,3019.332776
1779071489,3019.819646
1779071489,3018.868360
1779071489,3019.361258
1779071489,3019.283414
1779071489,3019.891215
1779071489,3019.894449
1779071489,3331.554078
1779071489,3020.368739
1779071489,3332.969001
1779071489,3020.598869
1779071489,3332.196731
1779071489,3330.248239
1779071489,3021.265155
1779071489,3020.991219
1779071489,3020.995624
1779071489,3020.582049
1779071489,3021.413284
1779071489,3021.395306
1779071489,4569.978753
1779071489,3021.572660
1779071489,3021.114167
1779071489,3021.093433
1779071489,3325.747652
1779071489,3017.575897
1779071489,3018.021663
1779071489,2710.733805
1779071489,3019.517190
1779071489,3017.777844
1779071489,3017.740944
1779071489,3017.907176
1779071489,3016.373699
1779071489,3015.208773
1779071489,2708.191633
1779071489,3010.014848
1779071489,3002.694634
1779071490,2988.475279
1779071490,2988.399893
1779071490,2989.048054
1779071490,2988.970372
1779071490,2988.965810
1779071490,2989.203069
1779071490,3299.565947
1779071490,2989.270049
1779071490,2989.549339
1779071490,3018.031241
1779071490,3017.872895
1779071490,3018.424123
1779071490,3018.897558
1779071490,3018.863067
1779071490,3019.109625
1779071490,3019.479778
1779071490,2709.393131
1779071490,3019.433055
1779071490,3020.719784
1779071490,3019.794371
1779071490,3328.928728
1779071490,3020.184791
1779071490,3329.083391
1779071490,3020.104188
1779071490,3329.129957
1779071490,3020.623991
1779071490,3020.960245
1779071490,3021.207706
1779071490,3021.337852
1779071490,3021.066334
1779071490,3020.391357
1779071490,3021.089141
1779071490,3021.287036
1779071490,3020.912049
1779071490,3020.929178
1779071490,3022.034538
1779071490,3021.085636
1779071490,3018.633932
1779071490,3021.353190
1779071490,3017.021587
1779071490,3017.087612
1779071490,2709.852588
1779071490,3017.685342
1779071490,3015.792801
1779071490,3017.888770
1779071490,3018.355523
1779071490,3014.107877
1779071490,3010.069256
1779071490,3009.753601
1779071490,3002.518539
1779071490,2990.084315
1779071490,2989.974103
1779071490,2990.028157
1779071490,2989.960063
1779071490,2990.136645
1779071490,2990.372933
1779071490,2989.579679
1779071490,2990.341753
1779071490,2680.605650
1779071490,3018.217309
1779071490,3018.301432
1779071490,3018.628604
1779071490,3017.880981
1779071490,3019.219475
1779071490,2709.183200
1779071490,3018.201918
1779071490,2709.424616
1779071490,3019.247402
1779071490,3019.466886
1779071490,3019.425786
1779071490,3019.926470
1779071490,3019.742640
1779071490,3019.892622
1779071490,2710.990425
1779071490,2711.390738
1779071490,3021.189838
1779071490,3021.040824
1779071490,3329.495298
1779071490,3021.387345
1779071490,3021.035271
1779071490,2712.538003
1779071490,3021.158203
1779071490,3328.844168
1779071490,3021.127840
1779071490,3021.424903
1779071490,3021.098877
1779071490,2713.849682
1779071490,3021.290907
1779071490,3018.655370
1779071490,3017.939490
1779071490,3016.951832
1779071490,3017.446623
1779071490,3017.491465
1779071490,3017.602018
1779071490,3017.759105
1779071490,3016.027809
1779071490,3014.140432
1779071490,3009.205273
1779071490,3009.734909
1779071490,3002.366000
1779071490,2989.293542
1779071490,3299.222218
1779071490,3299.260568
1779071490,3299.479808
1779071490,3299.232428
1779071490,3299.348446
1779071490,2989.350858
1779071490,2989.653617
1779071490,2680.921340
1779071490,3017.934064
1779071490,3017.962687
1779071490,3018.013993
1779071490,3018.816889
1779071490,3018.736265
1779071490,3018.773707
1779071490,2708.685462
1779071490,3018.061246
1779071490,3018.838163
1779071490,3018.814127
1779071490,2710.093388
1779071490,3019.408474
1779071490,3019.435006
1779071490,3019.352579
1779071490,3019.591466
1779071490,3019.553660
1779071490,3019.865086
1779071490,3020.341101
1779071490,3020.594226
1779071490,3020.106455
1779071490,3020.307473
1779071490,3021.934766
1779071490,3021.321127
1779071490,3021.262894
1779071490,2712.916283
1779071490,3021.386533
1779071490,3021.353220
1779071490,3021.042751
1779071490,3021.436251
1779071490,3018.952380
1779071490,3324.908361
1779071490,3017.662306
1779071490,3018.070828
1779071490,3017.347227
1779071490,3017.410716
1779071490,2710.388424
1779071490,3318.238445
1779071490,3013.940390
1779071490,3009.038411
1779071490,3009.771104
1779071490,3002.199116
1779071490,2989.478560
1779071490,2680.751906
1779071490,2680.599370
1779071490,2680.717903
1779071490,2989.691465
1779071490,2989.565743
1779071490,2989.629313
1779071490,2989.954231
1779071490,2990.114769
1779071490,3016.641117
1779071490,3016.815985
1779071490,3016.814334
1779071490,3016.942242
1779071490,3017.147591
1779071490,3017.358562
1779071490,2709.711718
1779071490,3017.498971
1779071490,3018.428541
1779071490,3017.939134
1779071490,3018.612035
1779071490,3018.686362
1779071490,3018.849170
1779071490,3018.927781
1779071490,3018.830231
1779071490,2710.626270
1779071490,3019.537132
1779071490,3019.171819
1779071490,3019.754351
1779071490,2711.701795
1779071490,3020.571271
1779071490,3021.234620
1779071490,3021.014263
1779071490,3020.647848
1779071490,3020.742060
1779071490,3020.800294
1779071490,3021.199426
1779071490,3021.292222
1779071490,3021.028399
1779071490,3324.948685
1779071490,2713.264873
1779071490,3017.269117
1779071490,3018.141210
1779071490,3018.252519
1779071490,3017.391312
1779071490,3017.486228
1779071490,3015.023283
1779071490,3014.015628
1779071490,3009.245314
1779071490,3009.561674
1779071490,3002.976167
1779071490,2680.044767
1779071490,2989.778411
1779071490,2680.327537
1779071490,2680.378446
1779071490,2989.833270
1779071490,2680.384237
1779071490,3298.855991
1779071490,2990.502590
1779071490,2681.822257
1779071490,3016.823915
1779071490,3016.903196
1779071490,2708.712011
1779071490,3017.136001
1779071490,3017.646462
1779071490,3327.897460
1779071490,2709.312169
1779071490,3327.104665
1779071490,3018.443508
1779071490,3018.606930
1779071490,3327.563363
1779071490,2709.785017
1779071490,3019.105212
1779071490,3019.831731
1779071490,3018.329767
1779071490,3019.144195
1779071490,2710.622921
1779071490,3020.123674
1779071490,3019.577827
1779071490,3329.534521
1779071490,2711.623627
1779071490,3021.073549
1779071490,3020.763262
1779071490,2712.075109
1779071490,2712.229537
1779071490,2712.422862
1779071490,3018.465351
1779071490,3021.005678
1779071490,3021.253387
1779071490,3019.123667
1779071490,2709.742655
1779071490,3021.211171
1779071490,3017.710968
1779071490,3017.453396
1779071490,2709.680268
1779071490,2711.939607
1779071490,3013.855536
1779071490,3015.019384
1779071490,3008.961365
1779071490,3009.357471
1779071490,3002.342323
1779071490,2681.045679
1779071490,2990.140022
1779071490,2681.156110
1779071490,2681.123099
1779071490,2681.048077
1779071490,2990.337311
1779071490,2681.049819
1779071490,2990.335285
1779071490,2990.477991
1779071490,2708.909048
1779071490,3016.914672
1779071490,2708.837927
1779071490,2709.089051
1779071490,3017.302603
1779071490,3326.230154
1779071490,2709.473862
1779071490,3017.382730
1779071490,2708.154908
1779071490,3326.935140
1779071490,3018.073246
1779071490,2709.616772
1779071490,2709.845476
1779071490,2709.808913
1779071490,2710.117995
1779071490,3019.809239
1779071490,3019.920517
1779071490,2710.860802
1779071490,2710.904020
1779071490,3328.699499
1779071490,3020.585436
1779071490,3020.345916
1779071490,2712.175345
1779071490,3020.931963
1779071490,3020.740966
1779071490,3021.051292
1779071490,3021.512309
1779071490,2713.171021
1779071490,3020.945944
1779071490,2712.788702
1779071490,3017.552432
1779071490,2712.540344
1779071490,2710.425222
1779071490,3018.306383
1779071490,3017.700009
1779071490,2710.472915
1779071490,3014.829862
1779071490,3013.928723
1779071490,3007.805152
1779071490,3008.208423
1779071490,3001.806200
1779071490,2989.673338
1779071490,2990.075484
1779071490,2990.128293
1779071490,3298.998836
1779071490,3298.996975
1779071490,2990.359105
1779071490,3299.122947
1779071490,2990.527387
1779071490,2990.728978
1779071490,3017.753905
1779071490,3635.569230
1779071490,3017.784878
1779071490,3017.896769
1779071490,3016.757469
1779071490,3017.922872
1779071490,3016.904245
1779071490,3017.048448
1779071490,2707.782112
1779071490,3017.713646
1779071490,3017.772329
1779071490,3017.932633
1779071490,3018.271188
1779071490,3327.098999
1779071490,3018.667264
1779071490,3019.179552
1779071490,3019.012338
1779071490,3019.303692
1779071490,3328.369278
1779071490,3019.478294
1779071490,3019.699151
1779071490,3019.806175
1779071490,3020.439004
1779071490,3020.654121
1779071490,3021.736289
1779071490,3021.674551
1779071490,2711.750696
1779071490,3018.793573
1779071490,2711.750943
1779071490,3017.406186
1779071490,3327.134525
1779071490,2709.200966
1779071490,3019.591914
1779071490,3017.592023
1779071490,3018.426610
1779071490,3017.847982
1779071490,3014.664010
1779071490,3013.649258
1779071490,3007.562577
1779071490,3007.615063
1779071490,3001.474591
1779071490,2680.211805
1779071490,3298.846272
1779071490,2680.596430
1779071490,2680.731609
1779071490,3299.290706
1779071490,3299.342726
1779071490,2681.118484
1779071490,2680.994631
1779071490,2990.074501
1779071490,2707.673672
1779071490,3016.972166
1779071490,3325.487525
1779071490,3017.496670
1779071490,3017.172985
1779071490,2707.129816
1779071490,3017.523445
1779071490,3016.129246
1779071490,2707.508028
1779071490,3016.879097
1779071490,3016.943387
1779071490,2708.064693
1779071490,3327.278586
1779071490,3018.103583
1779071490,3018.380624
1779071490,3018.322793
1779071490,3637.518551
1779071490,3018.969750
1779071490,2708.032819
1779071490,3019.077090
1779071490,3328.084947
1779071490,3019.497776
1779071490,3328.861681
1779071490,3018.228950
1779071490,3636.957593
1779071490,2708.496973
1779071490,3020.612920
1779071490,3020.745563
1779071490,3324.550152
1779071490,3020.993308
1779071490,3021.483827
1779071490,3325.026415
1779071490,3018.450873
1779071490,3017.765532
1779071490,3326.533256
1779071490,3017.837144
1779071490,3013.700462
1779071490,3013.843400
1779071490,3007.723247
1779071490,3007.735429
1779071490,3001.310847
1779071490,2681.467462
1779071490,3299.245840
1779071490,3299.265797
1779071490,2990.116791
1779071490,3299.220878
1779071490,2990.064828
1779071490,2990.257743
1779071490,2681.658487
1779071490,2990.821382
1779071490,3324.598561
1779071490,3016.899991
1779071490,3325.042855
1779071490,3324.972897
1779071490,3017.084875
1779071490,3325.249159
1779071490,3325.259443
1779071490,3015.789805
1779071490,2707.282804
1779071490,3016.798988
1779071490,3326.474144
1779071490,3017.345720
1779071490,3017.522975
1779071490,3017.396329
1779071490,3326.946187
1779071490,3326.995059
1779071490,3328.057363
1779071490,3327.635393
1779071490,2707.669575
1779071490,2707.727003
1779071490,3019.487251
1779071490,3328.103189
1779071490,3018.054110
1779071490,3020.265965
1779071490,3020.019919
1779071490,3020.324145
1779071490,3326.720139
1779071490,3329.053822
1779071490,3021.164936
1779071490,2708.566269
1779071490,2708.842215
1779071490,3019.315654
1779071490,3018.487397
1779071490,3017.607549
1779071490,3017.839554
1779071490,2707.902764
1779071490,3013.612654
1779071490,3013.835252
1779071490,3007.437882
1779071490,3007.473978
1779071490,3000.652789
1779071490,2681.833119
1779071490,2681.903521
1779071490,2681.841466
1779071490,2681.898158
1779071490,2681.929379
1779071490,2990.618666
1779071490,2681.879756
1779071490,2683.060565
1779071490,2990.665418
1779071491,3014.954009
1779071491,3016.546328
1779071491,3016.563023
1779071491,3015.281727
1779071491,3015.488234
1779071491,3016.670641
1779071491,3325.129531
1779071491,3015.730632
1779071491,2707.241210
1779071491,3016.540949
1779071491,3016.759388
1779071491,3017.155837
1779071491,3017.061939
1779071491,3017.100053
1779071491,3017.334804
1779071491,3017.527560
1779071491,3017.980023
1779071491,3018.324063
1779071491,3018.507086
1779071491,2708.018348
1779071491,3018.394179
1779071491,2708.198602
1779071491,3018.756976
1779071491,3018.961155
1779071491,3019.096340
1779071491,3329.336500
1779071491,3018.221259
1779071491,3329.770133
1779071491,3019.799715
1779071491,2707.771959
1779071491,3018.261697
1779071491,3020.405310
1779071491,3325.902297
1779071491,3018.664157
1779071491,3017.915779
1779071491,3020.639976
1779071491,3013.877406
1779071491,3014.464867
1779071491,3007.593347
1779071491,3007.733580
1779071491,3000.488333
1779071491,2990.891352
1779071491,2682.329280
1779071491,3300.040719
1779071491,3299.896294
1779071491,2682.260139
1779071491,2682.313595
1779071491,2682.392459
1779071491,3609.370715
1779071491,2991.047744
1779071491,3324.915990
1779071491,3633.701109
1779071491,3325.336983
1779071491,3015.057179
1779071491,3015.176714
1779071491,3015.349986
1779071491,3015.409569
1779071491,3015.431508
1779071491,3015.599998
1779071491,3015.755379
1779071491,3325.632163
1779071491,3016.371505
1779071491,2708.329423
1779071491,2708.550366
1779071491,3015.676752
1779071491,3015.634789
1779071491,3015.548287
1779071491,3635.662585
1779071491,3016.214446
1779071491,2708.120792
1779071491,2708.171224
1779071491,3016.485080
1779071491,3015.830476
1779071491,3015.812873
1779071491,3328.192778
1779071491,3016.016292
1779071491,3014.924167
1779071491,3016.308267
1779071491,3016.066066
1779071491,3016.444457
1779071491,3015.772298
1779071491,3015.343633
1779071491,2708.127094
1779071491,2708.297121
1779071491,3014.500900
1779071491,3014.711752
1779071491,2706.740317
1779071491,3015.017598
1779071491,3006.601037
1779071491,3006.680492
1779071491,2999.988298
1779071491,2990.462907
1779071491,3609.465918
1779071491,2683.000696
1779071491,3918.478596
1779071491,2990.663513
1779071491,2991.877334
1779071491,2991.870840
1779071491,2990.743556
1779071491,2990.963856
1779071491,3014.536374
1779071491,3014.643930
1779071491,3015.480749
1779071491,2707.279504
1779071491,3015.628214
1779071491,3324.152647
1779071491,2707.530413
1779071491,3015.334574
1779071491,3015.621034
1779071491,3015.502875
1779071491,3016.266618
1779071491,3016.221540
1779071491,3015.916149
1779071491,3015.549211
1779071491,3016.622708
1779071491,3015.970269
1779071491,3326.633158
1779071491,3016.124136
1779071491,3015.662975
1779071491,3636.879985
1779071491,3016.101530
1779071491,3016.298494
1779071491,3016.032468
1779071491,3015.929011
1779071491,3015.799384
1779071491,2708.242029
1779071491,3015.976185
1779071491,3015.839368
1779071491,3634.838841
1779071491,3015.517636
1779071491,2707.671989
1779071491,3015.950002
1779071491,3014.779882
1779071491,3633.569449
1779071491,3014.402001
1779071491,3014.788378
1779071491,3014.949461
1779071491,3013.836948
1779071491,3006.419716
1779071491,3006.476985
1779071491,2999.577850
1779071491,2683.319728
1779071491,3300.704931
1779071491,2683.489893
1779071491,3300.738229
1779071491,3300.820562
1779071491,3300.807541
1779071491,2683.685991
1779071491,2683.729929
1779071491,3300.916963
1779071491,3013.928020
1779071491,3014.284631
1779071491,3014.881299
1779071491,3015.139248
1779071491,3015.295970
1779071491,2706.638651
1779071491,3015.314357
1779071491,3015.468470
1779071491,2706.931523
1779071491,2707.061256
1779071491,3016.204820
1779071491,3016.299539
1779071491,3016.242510
1779071491,2708.175837
1779071491,3015.758334
1779071491,3016.056259
1779071491,3016.109769
1779071491,3015.525453
1779071491,3326.578783
1779071491,2706.925408
1779071491,3016.002785
1779071491,3016.390912
1779071491,2707.394371
1779071491,3015.811224
1779071491,2709.623111
1779071491,3016.043562
1779071491,3015.915105
1779071491,3015.951269
1779071491,3016.300378
1779071491,3015.650353
1779071491,3325.683921
1779071491,3015.115077
1779071491,3014.684714
1779071491,3016.489833
1779071491,3014.470357
1779071491,3014.716588
1779071491,3015.138762
1779071491,3013.361311
1779071491,3005.311837
1779071491,3005.472762
1779071491,2999.211262
1779071491,3608.935032
1779071491,3300.762999
1779071491,2656.038436
1779071491,3919.554680
1779071491,2992.415131
1779071491,2656.345652
1779071491,2992.557568
1779071491,2656.280918
1779071491,2656.492155
1779071491,3014.918325
1779071491,3015.179862
1779071491,3015.774864
1779071491,3014.744163
1779071491,3014.911445
1779071491,3016.155556
1779071491,3014.984374
1779071491,3015.052543
1779071491,3015.239063
1779071491,3322.951054
1779071491,3015.885389
1779071491,3324.390550
1779071491,3015.892473
1779071491,3015.450647
1779071491,3016.180212
1779071491,3016.049716
1779071491,2680.984164
1779071491,3015.562550
1779071491,3324.160148
1779071491,3323.798897
1779071491,3016.239845
1779071491,3015.903457
1779071491,2682.218595
1779071491,3015.240753
1779071491,2682.475132
1779071491,3015.787872
1779071491,3015.756647
1779071491,3015.869872
1779071491,3015.648064
1779071491,3016.659603
1779071491,3015.129257
1779071491,3322.669185
1779071491,3324.032840
1779071491,2682.632467
1779071491,3012.746652
1779071491,3014.253390
1779071491,3321.899762
1779071491,2683.933201
1779071491,3006.209014
1779071491,3006.319545
1779071491,2999.931845
1779071491,2992.200771
1779071491,2683.331668
1779071491,2992.798155
1779071491,3301.503101
1779071491,2683.425780
1779071491,2683.465321
1779071491,2992.738523
1779071491,2992.782861
1779071491,2992.285504
1779071491,3014.500709
1779071491,3014.467785
1779071491,3322.933890
1779071491,3016.077143
1779071491,3017.484620
1779071491,2681.966668
1779071491,2681.839791
1779071491,3017.085309
1779071491,3017.689879
1779071491,3016.520727
1779071491,3018.026826
1779071491,3018.181817
1779071491,3017.214739
1779071491,3016.833617
1779071491,3018.332453
1779071491,3016.047055
1779071491,2682.910003
1779071491,3017.116542
1779071491,3015.747257
1779071491,3017.097432
1779071491,3015.818084
1779071491,3016.729159
1779071491,3015.853438
1779071491,3328.291437
1779071491,4248.549863
1779071491,3019.322731
1779071491,3019.282181
1779071491,3019.601714
1779071491,3016.488166
1779071491,2682.219139
1779071491,2682.962750
1779071491,3324.163395
1779071491,3016.195239
1779071491,3014.072141
1779071491,3015.089956
1779071491,3013.175803
1779071491,3013.503853
1779071491,3012.893410
1779071491,3005.144745
1779071491,3005.187834
1779071491,3000.008382
1779071491,2992.289034
1779071491,2992.375755
1779071491,2992.441446
1779071491,3301.154386
1779071491,2683.832778
1779071491,2683.735991
1779071491,2683.698361
1779071491,2993.066625
1779071491,3610.476724
1779071491,3013.844348
1779071491,3014.045054
1779071491,3631.375888
1779071491,2681.050570
1779071491,2682.063565
1779071491,2682.048527
1779071491,2681.384604
1779071491,2682.295673
1779071491,3018.517160
1779071491,2680.170641
1779071491,2682.368103
1779071491,2682.525669
1779071491,3012.401321
1779071491,2682.098117
1779071491,2682.012713
1779071491,2682.096150
1779071491,3327.136510
1779071491,2681.058531
1779071491,2681.032746
1779071491,3015.435309
1779071491,2681.112983
1779071491,2681.213441
1779071491,3015.866222
1779071491,2681.828574
1779071491,3016.042549
1779071491,2681.774385
1779071491,3002.351529
1779071491,3018.667766
1779071491,3012.007049
1779071491,2682.503542
1779071491,3002.957746
1779071491,3020.145179
1779071491,3018.307787
1779071491,2683.003021
1779071491,3021.043430
1779071491,3018.457460
1779071491,3018.527513
1779071491,2997.529446
1779071491,3021.746915
1779071491,3021.869127
1779071491,3021.660532
1779071491,2965.397339
1779071491,2965.504509
1779071491,3610.148977
1779071491,3301.498197
1779071491,2682.626053
1779071491,2682.619447
1779071491,2993.576600
1779071491,2966.045406
1779071491,3302.331078
1779071491,2986.583846
1779071491,2986.556274
1779071491,2986.744489
1779071491,2990.118543
1779071491,2677.547250
1779071491,2990.491981
1779071491,2677.895601
1779071491,2677.940834
1779071491,2678.120558
1779071491,2677.995882
1779071491,2678.060397
1779071491,2990.796253
1779071491,2678.291967
1779071491,2678.643102
1779071491,2678.769191
1779071491,2678.775913
1779071491,2991.546248
1779071491,2677.739160
1779071491,2991.899686
1779071491,2679.043556
1779071491,2677.857405
1779071491,2992.172257
1779071491,2678.077116
1779071491,2678.084039
1779071491,2991.038222
1779071491,2678.214978
1779071491,2678.509813
1779071491,2678.426574
1779071491,2677.955629
1779071491,2991.096651
1779071491,3323.770865
1779071491,2992.169245
1779071491,2679.550908
1779071491,2992.157795
1779071491,2992.679127
1779071491,2993.019689
1779071491,2993.048691
1779071491,2680.591090
1779071491,2994.308388
1779071491,2993.613973
1779071491,2995.149920
1779071491,2993.259428
1779071491,2683.105393
1779071491,2993.443401
1779071491,2683.285058
1779071491,2683.161954
1779071491,3302.772052
1779071491,2993.589647
1779071491,2993.681978
1779071491,2993.657859
1779071491,3322.446575
1779071491,2986.619529
1779071491,2679.365770
1779071491,2677.225848
1779071491,2677.319739
1779071491,3326.245000
1779071491,2677.611480
1779071491,2990.907459
1779071491,2677.859822
1779071491,2677.851369
1779071491,2677.936664
1779071491,2678.096405
1779071491,2678.088852
1779071491,2678.281046
1779071491,2990.496213
1779071491,2677.377233
1779071491,2678.720836
1779071491,2990.922571
1779071491,2990.811193
1779071491,2991.000528
1779071491,2679.124556
1779071491,2677.055104
1779071491,2991.044151
1779071491,2991.281887
1779071491,2678.004053
1779071491,2678.162408
1779071491,2677.725295
1779071491,3323.773757
1779071491,2678.239895
1779071491,2678.465005
1779071491,2991.169467
1779071491,2991.614185
1779071491,2678.220703
1779071491,2992.556891
1779071491,2992.124952
1779071491,2992.436264
1779071491,2992.885373
1779071491,2992.721196
1779071491,2993.402657
1779071491,2993.446593
1779071491,2993.560615
1779071491,3920.214478
1779071491,2994.078537
1779071491,2994.099638
1779071491,2994.190377
1779071491,3303.036918
1779071491,2994.261783
1779071491,3611.630111
1779071491,2993.032054
1779071491,2994.420041
1779071491,2987.052782
1779071491,2987.114924
1779071491,2987.185366
1779071491,3326.465287
1779071491,3635.630443
1779071491,3635.586240
1779071491,2989.986828
1779071491,3327.098818
1779071491,3327.086326
1779071491,2990.178491
1779071491,2677.525499
1779071491,3327.321626
1779071491,3327.465517
1779071491,2677.836801
1779071491,3327.931095
1779071491,3633.449159
1779071491,3320.459548
1779071491,2989.731410
1779071491,3324.248451
1779071491,2678.100113
1779071491,3325.482284
1779071491,2989.991185
1779071491,2678.258553
1779071491,2989.978810
1779071491,2677.916513
1779071491,3634.472789
1779071491,2990.594626
1779071491,3321.716943
1779071491,3321.832652
1779071491,2990.852840
1779071491,3323.241760
1779071491,2991.033008
1779071491,2991.345992
1779071491,2991.755114
1779071491,2991.759170
1779071491,2990.901905
1779071491,2991.087974
1779071491,2991.149920
1779071491,2993.218089
1779071491,2993.330433
1779071491,2992.869992
1779071492,2683.761725
1779071492,3275.758950
1779071492,3611.975821
1779071492,2683.834145
1779071492,2685.117047
1779071492,2685.075977
1779071492,2993.000252
1779071492,2685.163997
1779071492,2684.578037
1779071492,2988.326611
1779071492,2982.961401
1779071492,2982.988706
1779071492,3297.728565
1779071492,2676.076259
1779071492,3298.969857
1779071492,3299.065167
1779071492,3299.126831
1779071492,2986.316317
1779071492,2986.361776
1779071492,2675.989421
1779071492,3633.891107
1779071492,2676.717880
1779071492,2676.819650
1779071492,3300.234328
1779071492,3635.344968
1779071492,3300.706311
1779071492,3300.756021
1779071492,3633.463465
1779071492,2676.165893
1779071492,2675.483121
1779071492,2676.417749
1779071492,2676.230104
1779071492,3299.554586
1779071492,2674.908984
1779071492,3301.018849
1779071492,3299.082991
1779071492,2986.804762
1779071492,2986.962055
1779071492,2988.613418
1779071492,2674.559088
1779071492,3301.492652
1779071492,2986.781962
1779071492,3300.999606
1779071492,3631.893177
1779071492,2987.717256
1779071492,2988.489427
1779071492,2988.047328
1779071492,2988.084189
1779071492,2989.237351
1779071492,2989.031421
1779071492,2683.807898
1779071492,2684.388315
1779071492,2683.130372
1779071492,2684.406640
1779071492,2684.510073
1779071492,2684.698139
1779071492,2684.509596
1779071492,2684.610536
1779071492,2993.709284
1779071492,2981.686961
1779071492,3295.681300
1779071492,2982.488879
1779071492,3297.356811
1779071492,2676.944218
1779071492,2985.584982
1779071492,3298.861089
1779071492,3298.975043
1779071492,3299.398851
1779071492,3634.115097
1779071492,2676.304312
1779071492,3299.421650
1779071492,3298.127900
1779071492,2986.326521
1779071492,2676.022476
1779071492,2676.707570
1779071492,2985.484349
1779071492,2675.875828
1779071492,2675.845287
1779071492,3299.199997
1779071492,3298.984590
1779071492,3299.272263
1779071492,3632.648750
1779071492,2986.155421
1779071492,3300.992958
1779071492,2674.719930
1779071492,2676.625576
1779071492,2674.484172
1779071492,2674.206504
1779071492,2674.600965
1779071492,2674.049104
1779071492,2987.006385
1779071492,2986.583104
1779071492,2986.921351
1779071492,2987.781439
1779071492,2987.908303
1779071492,2988.348021
1779071492,2987.796202
1779071492,2988.045926
1779071492,2989.590936
1779071492,2988.891075
1779071492,2993.649243
1779071492,2993.946873
1779071492,2994.048754
1779071492,2994.120920
1779071492,2685.068505
1779071492,2685.085769
1779071492,2685.211313
1779071492,2994.278777
1779071492,2993.524659
1779071492,2987.527518
1779071492,2981.735007
1779071492,2981.865539
1779071492,2983.663204
1779071492,2984.782024
1779071492,2984.987717
1779071492,2985.064698
1779071492,2985.098878
1779071492,2985.216528
1779071492,3298.260491
1779071492,4251.726775
1779071492,2985.370645
1779071492,2985.554413
1779071492,2985.657626
1779071492,2985.778124
1779071492,2676.053284
1779071492,2986.023104
1779071492,3298.105015
1779071492,2985.646115
1779071492,3632.583170
1779071492,2986.564337
1779071492,2676.133172
1779071492,2675.110407
1779071492,2986.040686
1779071492,2984.659815
1779071492,2985.481592
1779071492,2986.280644
1779071492,2674.798988
1779071492,2674.663849
1779071492,2983.708925
1779071492,2985.814069
1779071492,2985.396160
1779071492,2981.033744
1779071492,2986.226203
1779071492,2983.332044
1779071492,2982.393007
1779071492,2673.778895
1779071492,2987.490200
1779071492,2674.267802
1779071492,2984.705836
1779071492,2987.988857
1779071492,2684.887022
1779071492,3301.807031
1779071492,3301.863944
1779071492,3302.344461
1779071492,3302.457370
1779071492,2685.641178
1779071492,2685.563409
1779071492,2993.425144
1779071492,3302.810302
1779071492,2981.651583
1779071492,2982.293104
1779071492,2986.740210
1779071492,2984.118638
1779071492,2985.326854
1779071492,2985.471229
1779071492,2676.819223
1779071492,2984.543130
1779071492,2983.376806
1779071492,3293.283889
1779071492,3607.507154
1779071492,3607.347904
1779071492,3607.538955
1779071492,2676.414551
1779071492,2983.995918
1779071492,2983.654410
1779071492,3294.096273
1779071492,2984.726075
1779071492,3294.553593
1779071492,3607.251766
1779071492,2676.194272
1779071492,3607.479626
1779071492,2676.424668
1779071492,2982.239469
1779071492,2677.148781
1779071492,2982.568201
1779071492,2982.911316
1779071492,2674.841463
1779071492,2982.006243
1779071492,2981.748504
1779071492,2982.156160
1779071492,2981.212282
1779071492,2983.002322
1779071492,2981.423326
1779071492,2674.066924
1779071492,2982.211972
1779071492,2982.133326
1779071492,2982.107366
1779071492,2981.948940
1779071492,2982.083792
1779071492,2982.159264
1779071492,3301.699100
1779071492,3301.761148
1779071492,3921.568169
1779071492,3921.864655
1779071492,3302.374780
1779071492,2992.401691
1779071492,3612.586776
1779071492,3302.406210
1779071492,3302.508821
1779071492,2982.414509
1779071492,2986.290846
1779071492,2981.951826
1779071492,2982.597984
1779071492,3606.954522
1779071492,2984.963397
1779071492,2984.117371
1779071492,2985.170102
1779071492,2676.771704
1779071492,3292.754502
1779071492,3292.124524
1779071492,2983.662726
1779071492,2676.149852
1779071492,2984.669680
1779071492,2983.651346
1779071492,3293.459472
1779071492,2984.414673
1779071492,3606.987674
1779071492,3607.206800
1779071492,2984.377193
1779071492,2676.293124
1779071492,2983.418535
1779071492,3607.601994
1779071492,2675.852973
1779071492,3293.987937
1779071492,2674.705576
1779071492,2983.350079
1779071492,2982.698690
1779071492,2981.641225
1779071492,3294.988118
1779071492,2674.711074
1779071492,2981.402587
1779071492,2981.223156
1779071492,3608.112202
1779071492,2674.127553
1779071492,2982.220257
1779071492,2981.926713
1779071492,2982.016973
1779071492,2982.115543
1779071492,2981.402375
1779071492,2982.240817
1779071492,2993.486954
1779071492,2993.540102
1779071492,3302.664810
1779071492,2993.629204
1779071492,3301.793420
1779071492,2684.426438
1779071492,2685.566229
1779071492,2994.128512
1779071492,2994.232424
1779071492,2985.641699
1779071492,2982.015106
1779071492,2982.322211
1779071492,2676.113962
1779071492,2983.717632
1779071492,2985.301425
1779071492,2984.354538
1779071492,2984.616023
1779071492,2984.674428
1779071492,2984.110637
1779071492,2984.360369
1779071492,2676.233452
1779071492,2676.366998
1779071492,2983.926688
1779071492,2677.836628
1779071492,2983.538791
1779071492,2983.728645
1779071492,2983.884918
1779071492,2676.940641
1779071492,2984.422389
1779071492,2983.981304
1779071492,2673.472653
1779071492,2982.405121
1779071492,2676.865146
1779071492,2677.321818
1779071492,2982.536824
1779071492,2676.456300
1779071492,2676.271536
1779071492,2675.116189
1779071492,2674.675997
1779071492,2675.283305
1779071492,2675.189083
1779071492,2981.978196
1779071492,2981.319293
1779071492,2674.439921
1779071492,3290.579512
1779071492,3294.661902
1779071492,2981.934928
1779071492,2982.331969
1779071492,2982.126426
1779071492,2982.337557
1779071492,3611.172140
1779071492,2994.340069
1779071492,2994.327434
1779071492,2993.237397
1779071492,3302.292404
1779071492,2993.247455
1779071492,2993.315969
1779071492,2685.185072
1779071492,2993.500384
1779071492,2982.787759
1779071492,2985.892106
1779071492,2983.005345
1779071492,2675.210312
1779071492,3291.691383
1779071492,2983.723596
1779071492,2984.905558
1779071492,2677.377849
1779071492,2983.958739
1779071492,2984.086539
1779071492,3291.630774
1779071492,2676.144842
1779071492,2676.383745
1779071492,2984.545638
1779071492,2984.046971
1779071492,2676.233126
1779071492,3291.032844
1779071492,2983.815816
1779071492,2984.118928
1779071492,2983.120845
1779071492,2982.828083
1779071492,3291.233407
1779071492,2674.815651
1779071492,2676.046871
1779071492,2982.838102
1779071492,3603.422374
1779071492,2676.986384
1779071492,2982.503222
1779071492,2982.229704
1779071492,2675.098240
1779071492,3289.303468
1779071492,2675.597368
1779071492,2673.485152
1779071492,2982.843185
1779071492,2674.851487
1779071492,2981.750538
1779071492,2981.980312
1779071492,2981.759089
1779071492,2982.536875
1779071492,2982.113145
1779071492,2982.245354
1779071492,2994.748728
1779071492,2994.662948
1779071492,2994.802737
1779071492,2994.974190
1779071492,2994.775447
1779071492,2995.055288
1779071492,2994.947541
1779071492,2995.014590
1779071492,2994.945788
1779071492,2982.728879
1779071492,2982.846345
1779071492,2985.005677
1779071492,2982.946545
1779071492,2984.697154
1779071492,2983.368866
1779071492,2985.329636
1779071492,3913.720562
1779071492,2983.792787
1779071492,2677.411225
1779071492,2984.035260
1779071492,3291.639026
1779071492,2984.457078
1779071492,2676.519053
1779071492,2984.073223
1779071492,2676.131290
1779071492,2984.242346
1779071492,2984.050706
1779071492,2674.144453
1779071492,2983.524064
1779071492,2983.314748
1779071492,3292.033556
1779071492,2676.482719
1779071492,2675.976767
1779071492,2982.918025
1779071492,2676.070314
1779071492,2675.405944
1779071492,2674.817485
1779071492,2982.372851
1779071492,2675.129563
1779071492,2675.242769
1779071492,2674.752308
1779071492,3289.412565
1779071492,2981.248050
1779071492,2981.709220
1779071492,2982.095796
1779071492,2982.362771
1779071492,2982.019992
1779071492,2982.517310
1779071492,2982.262312
1779071492,2982.107515
1779071492,2995.734396
1779071492,2995.764848
1779071492,3304.016001
1779071492,2686.554389
1779071492,2686.570473
1779071492,2994.738850
1779071492,2995.861338
1779071492,2686.682788
1779071492,2686.697191
1779071492,2982.951929
1779071492,2982.987378
1779071492,2984.062490
1779071492,3291.348457
1779071492,2984.276378
1779071492,2984.687555
1779071492,2985.053328
1779071492,2676.807587
1779071492,2983.851144
1779071492,2984.041861
1779071492,2984.111787
1779071492,3601.408596
1779071492,2984.396248
1779071492,2984.169963
1779071492,3292.135159
1779071492,2676.217995
1779071492,3290.222083
1779071492,3601.557427
1779071492,2984.835741
1779071492,3290.513373
1779071492,2983.795103
1779071492,2982.635185
1779071492,3601.834713
1779071492,2982.444196
1779071492,2674.986233
1779071492,3599.275484
1779071492,2982.912359
1779071492,2676.418329
1779071492,3289.366940
1779071492,3290.183538
1779071492,2674.495983
1779071492,2982.042201
1779071492,3290.190174
1779071492,2983.790355
1779071492,2981.869433
1779071492,2675.830602
1779071492,2982.727991
1779071492,2982.513030
1779071492,2982.529020
1779071492,2982.156566
1779071492,2982.051772
1779071492,2995.264887
1779071492,2995.258470
1779071492,2687.183276
1779071492,3612.617169
1779071492,2687.286952
1779071492,2995.447388
1779071492,2687.608887
1779071492,2996.065646
1779071492,2996.711570
1779071492,3290.844067
1779071492,2983.178371
1779071492,2985.315884
1779071492,2983.754644
1779071492,3291.757509
1779071492,2984.438999
1779071492,2984.478685
1779071492,2985.159423
1779071492,3292.238614
1779071492,2984.199936
1779071492,2984.355213
1779071492,2984.000088
1779071492,2676.592666
1779071492,2676.256104
1779071492,2984.342456
1779071492,3293.192340
1779071492,3290.355934
1779071492,2983.723796
1779071492,2675.675538
1779071492,2675.397259
1779071492,2675.052834
1779071492,3293.948008
1779071492,2674.989022
1779071492,2675.415282
1779071492,2675.686713
1779071492,2677.797175
1779071492,2675.276609
1779071492,3291.429749
1779071492,2982.352100
1779071492,2675.244843
1779071492,2982.480849
1779071492,2983.005652
1779071492,3290.884632
1779071492,2982.801842
1779071492,2982.789211
1779071492,2982.291730
1779071492,2983.043026
1779071492,2988.059142
1779071492,2982.157081
1779071492,2678.317937
1779071492,3295.381634
1779071493,2996.340087
1779071493,2685.787389
1779071493,2686.151268
1779071493,2686.299751
1779071493,2686.035156
1779071493,2686.347269
1779071493,2995.728027
1779071493,2995.952063
1779071493,2996.678617
1779071493,2984.331447
1779071493,2983.264190
1779071493,2983.353235
1779071493,2984.995775
1779071493,2983.954668
1779071493,3291.697920
1779071493,2676.750394
1779071493,2984.431914
1779071493,2984.472851
1779071493,2675.694426
1779071493,2984.775979
1779071493,2676.296179
1779071493,3292.226962
1779071493,2676.435591
1779071493,2984.245116
1779071493,2984.566276
1779071493,2677.277752
1779071493,2677.046272
1779071493,2676.773132
1779071493,4224.248038
1779071493,3291.027945
1779071493,3290.794446
1779071493,2676.405356
1779071493,2676.734160
1779071493,2675.935099
1779071493,2675.849636
1779071493,2983.370980
1779071493,3291.422104
1779071493,3291.616286
1779071493,2675.988004
1779071493,2983.664403
1779071493,2676.513043
1779071493,2675.400308
1779071493,2983.698694
1779071493,2675.602008
1779071493,2675.386190
1779071493,2983.857624
1779071493,2983.400233
1779071493,2983.932287
1779071493,2675.990139
1779071493,2983.325858
1779071493,2686.386710
1779071493,2995.461408
1779071493,3303.765363
1779071493,2995.606996
1779071493,3303.806246
1779071493,2995.907880
1779071493,3922.565654
1779071493,2686.615951
1779071493,2996.430441
1779071493,2984.434351
1779071493,2984.437394
1779071493,2983.329820
1779071493,2984.732042
1779071493,2983.827960
1779071493,2984.120072
1779071493,2983.349020
1779071493,2984.932262
1779071493,2676.602472
1779071493,3600.269640
1779071493,2984.465597
1779071493,2984.220080
1779071493,2983.861861
1779071493,2983.955564
1779071493,4560.113990
1779071493,2984.302822
1779071493,2984.686359
1779071493,2984.735484
1779071493,2984.043044
1779071493,2984.095264
1779071493,2983.880631
1779071493,2983.479687
1779071493,2984.573456
1779071493,3599.421445
1779071493,3599.271307
1779071493,2983.433125
1779071493,2984.123938
1779071493,2984.064537
1779071493,2675.774678
1779071493,3291.398159
1779071493,2983.133549
1779071493,2675.951135
1779071493,2982.953349
1779071493,2984.538904
1779071493,2983.883251
1779071493,2983.835405
1779071493,2983.624068
1779071493,2983.092699
1779071493,2983.577895
1779071493,2675.991285
1779071493,2983.109325
1779071493,2685.380495
1779071493,2995.999062
1779071493,2996.066224
1779071493,2686.059740
1779071493,2687.071299
1779071493,3304.560306
1779071493,2687.132386
1779071493,2686.202136
1779071493,2996.796596
1779071493,2983.109227
1779071493,2984.025480
1779071493,2984.018170
1779071493,2983.128713
1779071493,2983.253655
1779071493,2983.584446
1779071493,2984.491409
1779071493,2984.484513
1779071493,2983.621467
1779071493,2983.878177
1779071493,2984.050271
1779071493,2984.257837
1779071493,2675.589555
1779071493,3291.923578
1779071493,3292.330867
1779071493,2984.500935
1779071493,2984.211943
1779071493,3293.502773
1779071493,2984.005897
1779071493,3291.739863
1779071493,2983.807209
1779071493,3599.752056
1779071493,2985.172009
1779071493,2675.458957
1779071493,4220.227238
1779071493,2675.784585
1779071493,3291.933282
1779071493,3291.415450
1779071493,2983.941592
1779071493,2675.946283
1779071493,2982.965823
1779071493,3293.055158
1779071493,3598.897924
1779071493,2983.632905
1779071493,2983.831000
1779071493,2983.087095
1779071493,2983.568149
1779071493,2676.468246
1779071493,2983.814735
1779071493,2983.693573
1779071493,2982.751694
1779071493,3304.280948
1779071493,3304.580118
1779071493,2995.073735
1779071493,3304.566569
1779071493,3304.734369
1779071493,3304.754853
1779071493,2685.522041
1779071493,2995.359644
1779071493,2995.477613
1779071493,2983.621404
1779071493,2984.315362
1779071493,2984.450072
1779071493,2674.849631
1779071493,2983.574071
1779071493,2983.976408
1779071493,2984.747369
1779071493,3292.367632
1779071493,2983.780482
1779071493,2676.472912
1779071493,2984.188834
1779071493,2983.814158
1779071493,2675.386823
1779071493,3291.897806
1779071493,2983.773251
1779071493,2984.514436
1779071493,3598.344167
1779071493,3292.502719
1779071493,3292.963672
1779071493,2983.056519
1779071493,2983.803938
1779071493,3599.517826
1779071493,3906.544762
1779071493,2675.356501
1779071493,2983.492453
1779071493,2675.765775
1779071493,2983.300084
1779071493,2983.086578
1779071493,3292.545695
1779071493,2982.754313
1779071493,3291.797522
1779071493,2983.700320
1779071493,3291.283988
1779071493,2983.301961
1779071493,3291.206419
1779071493,2983.434456
1779071493,3297.095597
1779071493,3292.564766
1779071493,3291.260976
1779071493,2983.677345
1779071493,2983.081218
1779071493,2685.820530
1779071493,2685.816495
1779071493,2995.678717
1779071493,2685.747053
1779071493,2995.803683
1779071493,2685.840743
1779071493,2685.861873
1779071493,2995.930883
1779071493,2996.151429
1779071493,2982.900143
1779071493,2983.252953
1779071493,2983.922383
1779071493,2984.066572
1779071493,2674.960041
1779071493,2983.248477
1779071493,2983.488070
1779071493,3291.223976
1779071493,2983.208659
1779071493,2983.357745
1779071493,2983.716896
1779071493,2983.887322
1779071493,2675.756339
1779071493,2984.054011
1779071493,2984.048506
1779071493,2984.568170
1779071493,2984.263365
1779071493,2984.831362
1779071493,2984.835058
1779071493,2984.583729
1779071493,2984.151387
1779071493,2983.347543
1779071493,2983.636087
1779071493,2983.934733
1779071493,2983.894027
1779071493,2675.696457
1779071493,2984.106631
1779071493,3291.944348
1779071493,2675.710586
1779071493,3598.773908
1779071493,2983.419378
1779071493,2983.931631
1779071493,2676.305978
1779071493,2983.758344
1779071493,2984.207860
1779071493,2983.449201
1779071493,2984.446510
1779071493,2984.048104
1779071493,3291.288572
1779071493,2983.630991
1779071493,2983.078805
1779071493,2994.882982
1779071493,2993.907746
1779071493,3305.138982
1779071493,3613.514827
1779071493,3613.535357
1779071493,3305.194390
1779071493,2995.255763
1779071493,3305.507130
1779071493,2996.642770
1779071493,2982.395996
1779071493,2982.609659
1779071493,2983.146720
1779071493,2983.275423
1779071493,2675.354170
1779071493,2983.706625
1779071493,2983.767871
1779071493,2982.926910
1779071493,2982.917807
1779071493,2983.573247
1779071493,2983.273507
1779071493,2984.317873
1779071493,3292.429808
1779071493,2983.746516
1779071493,2984.008745
1779071493,2983.367504
1779071493,2983.882317
1779071493,2983.853426
1779071493,2983.936299
1779071493,2983.088848
1779071493,2984.212395
1779071493,2676.130995
1779071493,2983.614692
1779071493,3599.255163
1779071493,2983.661091
1779071493,2675.020942
1779071493,2983.635244
1779071493,2984.012348
1779071493,2983.658828
1779071493,3291.622632
1779071493,2984.072448
1779071493,2676.099228
1779071493,2984.393634
1779071493,3291.502151
1779071493,2983.113548
1779071493,2984.097348
1779071493,2984.122425
1779071493,2983.817523
1779071493,2983.450773
1779071493,2984.184102
1779071493,2983.240060
1779071493,2686.815958
1779071493,2995.155949
1779071493,2686.831868
1779071493,2995.128550
1779071493,2687.042873
1779071493,2686.989265
1779071493,2686.904267
1779071493,2687.128324
1779071493,2687.101674
1779071493,2982.025105
1779071493,3290.602619
1779071493,2983.066425
1779071493,2982.993952
1779071493,2983.311105
1779071493,2983.209586
1779071493,2983.550025
1779071493,2982.698376
1779071493,3599.100584
1779071493,2984.670906
1779071493,2675.083226
1779071493,2983.920194
1779071493,3908.108406
1779071493,2983.615801
1779071493,2983.717622
1779071493,2983.617148
1779071493,2983.159680
1779071493,2983.162404
1779071493,2983.868507
1779071493,2676.046182
1779071493,2984.089893
1779071493,2984.375965
1779071493,4214.759646
1779071493,3291.545737
1779071493,2983.552929
1779071493,2983.478864
1779071493,2983.656324
1779071493,2983.457410
1779071493,2983.838690
1779071493,2983.944758
1779071493,2984.305574
1779071493,2984.026698
1779071493,2983.748627
1779071493,2984.301365
1779071493,2676.051262
1779071493,2676.564110
1779071493,2983.789187
1779071493,2983.782394
1779071493,2983.984492
1779071493,2984.002214
1779071493,2983.947148
1779071493,3304.678091
1779071493,2995.358150
1779071493,2685.915971
1779071493,3305.371470
1779071493,3922.838443
1779071493,2995.442817
1779071493,2995.485498
1779071493,3614.844944
1779071493,2685.919949
1779071493,2981.933324
1779071493,2981.987578
1779071493,3290.942079
1779071493,2982.801482
1779071493,2982.834845
1779071493,2983.204204
1779071493,2983.164024
1779071493,2983.606843
1779071493,2982.602455
1779071493,2982.699089
1779071493,2984.276173
1779071493,3291.611033
1779071493,2983.797785
1779071493,2675.969862
1779071493,2983.808727
1779071493,2983.658278
1779071493,2983.183161
1779071493,2983.772606
1779071493,2984.004244
1779071493,2984.226307
1779071493,2984.275055
1779071493,2984.351377
1779071493,2983.658605
1779071493,2983.552446
1779071493,3291.038246
1779071493,2675.918849
1779071493,2983.648950
1779071493,3291.542410
1779071493,2983.975643
1779071493,2984.103120
1779071493,3291.602568
1779071493,2984.100240
1779071493,2983.653725
1779071493,2984.134856
1779071493,2983.680677
1779071493,2984.066113
1779071493,2983.968153
1779071493,2983.951998
1779071493,2983.784593
1779071493,2984.149382
1779071493,2983.546132
1779071493,2994.306745
1779071493,2684.303452
1779071493,2995.522268
1779071493,2995.688196
1779071493,2685.080410
1779071493,2685.301358
1779071493,2685.443886
1779071493,2685.328663
1779071493,2685.406597
1779071493,2982.452610
1779071493,2982.443567
1779071493,2983.004969
1779071493,2983.014496
1779071493,3291.432228
1779071493,2983.692183
1779071493,2983.717604
1779071493,2982.681063
1779071493,2984.303810
1779071493,2984.306402
1779071493,2983.276840
1779071493,2983.874696
1779071493,2983.335278
1779071493,2983.688949
1779071493,2983.431856
1779071493,2983.534182
1779071493,2983.728261
1779071493,2983.909242
1779071493,2983.677425
1779071493,3906.430896
1779071493,2984.229149
1779071493,2983.537211
1779071493,2984.356565
1779071493,2983.756246
1779071493,2984.082370
1779071493,2983.256900
1779071493,2983.573030
1779071493,2983.695706
1779071493,3292.121344
1779071493,2984.356663
1779071493,3292.022230
1779071493,2984.383436
1779071493,2676.708970
1779071493,2984.246319
1779071493,2984.420402
1779071493,2983.804678
1779071493,2984.076698
1779071493,2984.704633
1779071493,2982.986445
1779071493,2983.587631
1779071493,2983.752070
1779071493,3301.969520
1779071493,3303.302050
1779071493,3303.248796
1779071493,2685.432711
1779071493,3304.350943
1779071493,2685.456913
1779071493,2685.517977
1779071493,2685.774567
1779071493,2995.130308
1779071493,2982.748260
1779071493,2982.809493
1779071493,2982.837520
1779071493,2983.296914
1779071493,2983.433669
1779071493,2983.955121
1779071493,2983.012651
1779071493,2983.081745
1779071493,2982.604902
1779071493,2983.508476
1779071493,2983.697705
1779071493,3289.690160
1779071493,2983.319036
1779071493,2983.438331
1779071493,2983.148328
1779071493,2983.499860
1779071493,2983.766256
1779071493,2983.815468
1779071493,2983.269343
1779071493,3291.928308
1779071493,2983.464226
1779071493,2984.029475
1779071493,2982.603898
1779071493,2675.883200
1779071493,2984.143516
1779071493,2983.890937
1779071493,2983.951670
1779071493,2983.767719
1779071493,3290.262969
1779071493,2983.706346
1779071493,2984.259213
1779071493,2984.112357
1779071493,2983.897504
1779071493,2984.340153
1779071493,2675.945502
1779071493,3291.791757
1779071493,2984.312451
1779071493,2984.115395
1779071493,2982.987938
1779071493,2983.598775
1779071493,2983.761840
1779071494,2992.960519
1779071494,2993.800970
1779071494,2994.032333
1779071494,2994.021977
1779071494,2994.082860
1779071494,3304.770356
1779071494,2995.133176
1779071494,2995.228423
1779071494,3614.740303
1779071494,2982.068873
1779071494,2982.241900
1779071494,2983.382388
1779071494,2982.689198
1779071494,2982.577045
1779071494,2982.697696
1779071494,2983.074045
1779071494,2983.160434
1779071494,2983.710298
1779071494,2982.528640
1779071494,2982.803442
1779071494,2983.040055
1779071494,2983.359578
1779071494,2983.198580
1779071494,2983.494849
1779071494,3291.542660
1779071494,2983.764838
1779071494,2983.796707
1779071494,2983.618191
1779071494,2983.286405
1779071494,2983.841436
1779071494,2983.385708
1779071494,2984.028565
1779071494,2984.198877
1779071494,2983.321941
1779071494,3291.456597
1779071494,2984.056000
1779071494,2984.172589
1779071494,2983.418015
1779071494,2676.854650
1779071494,2676.234780
1779071494,2983.829566
1779071494,2984.281409
1779071494,2984.157019
1779071494,2984.671983
1779071494,2984.113486
1779071494,2984.352271
1779071494,2982.956686
1779071494,2676.326632
1779071494,2983.552039
1779071494,2983.738652
1779071494,3302.661840
1779071494,2992.377511
1779071494,3303.178756
1779071494,3303.684201
1779071494,3303.882471
1779071494,2993.884270
1779071494,2994.068397
1779071494,3304.807625
1779071494,3304.723644
1779071494,2981.759725
1779071494,2982.284580
1779071494,2982.549650
1779071494,2982.559457
1779071494,2982.946377
1779071494,2983.013415
1779071494,2983.543191
1779071494,2983.547405
1779071494,2983.980889
1779071494,2983.140810
1779071494,2675.782045
1779071494,2983.522567
1779071494,2673.753584
1779071494,2674.040355
1779071494,2983.522544
1779071494,2983.581008
1779071494,2983.817011
1779071494,2984.570542
1779071494,2983.513595
1779071494,2983.735217
1779071494,2983.655093
1779071494,2983.773776
1779071494,2983.975368
1779071494,2983.480297
1779071494,2675.843763
1779071494,2984.594443
1779071494,2677.318999
1779071494,2984.104541
1779071494,2984.224722
1779071494,2984.052619
1779071494,3291.594326
1779071494,2675.913701
1779071494,2984.241705
1779071494,2984.781213
1779071494,2984.350155
1779071494,2983.883156
1779071494,2984.282477
1779071494,2676.958964
1779071494,2982.977883
1779071494,2983.491308
1779071494,2982.604483
1779071494,2992.547624
1779071494,2992.737744
1779071494,3921.206003
1779071494,3611.948113
1779071494,3304.063585
1779071494,3612.736317
1779071494,2993.953890
1779071494,2993.955461
1779071494,2994.219865
1779071494,2983.057046
1779071494,2982.543092
1779071494,2983.745927
1779071494,2674.425103
1779071494,2982.976162
1779071494,2982.090732
1779071494,2672.097044
1779071494,2983.670530
1779071494,2983.758279
1779071494,2983.162774
1779071494,2983.550924
1779071494,2672.678211
1779071494,2672.751311
1779071494,2983.152093
1779071494,2983.657614
1779071494,2983.820727
1779071494,2983.772104
1779071494,2984.138184
1779071494,2983.726950
1779071494,2674.348534
1779071494,2674.723011
1779071494,2983.032517
1779071494,2983.497757
1779071494,3291.685672
1779071494,2984.394454
1779071494,2984.435120
1779071494,2675.215609
1779071494,2984.211648
1779071494,2675.497787
1779071494,2984.423001
1779071494,2984.031822
1779071494,2984.424168
1779071494,2984.369494
1779071494,2676.830146
1779071494,2676.894459
1779071494,2984.154754
1779071494,2676.580027
1779071494,3292.214827
1779071494,2676.703608
1779071494,2983.353247
1779071494,2982.762627
1779071494,2992.261949
1779071494,2992.207018
1779071494,2992.186306
1779071494,2992.204958
1779071494,2997.888769
1779071494,2997.970702
1779071494,2998.075655
1779071494,2998.187362
1779071494,2998.038385
1779071494,2980.964998
1779071494,2982.435869
1779071494,2983.214996
1779071494,2674.647502
1779071494,2982.399994
1779071494,2982.593697
1779071494,2982.668803
1779071494,2983.075423
1779071494,2983.476233
1779071494,2983.901837
1779071494,2983.377104
1779071494,2983.482005
1779071494,2983.670990
1779071494,2982.995564
1779071494,2983.337933
1779071494,2982.684758
1779071494,2983.695143
1779071494,2984.019215
1779071494,2982.680008
1779071494,2984.086979
1779071494,2983.430546
1779071494,2983.914527
1779071494,2983.099181
1779071494,2983.580111
1779071494,3291.109277
1779071494,2983.839647
1779071494,2984.530988
1779071494,2984.846017
1779071494,2676.677179
1779071494,3291.979608
1779071494,2984.130378
1779071494,2983.899079
1779071494,2984.293199
1779071494,2984.761244
1779071494,2984.634995
1779071494,2982.184965
1779071494,2984.402479
1779071494,2984.265170
1779071494,3292.489974
1779071494,2982.892778
1779071494,2982.946754
1779071494,2998.262748
1779071494,2688.834021
1779071494,2689.008141
1779071494,2998.218596
1779071494,2998.480156
1779071494,2998.397546
1779071494,2689.213273
1779071494,2998.609024
1779071494,2999.235756
1779071494,2980.706039
1779071494,2981.950547
1779071494,2982.258928
1779071494,2981.965504
1779071494,2982.234340
1779071494,2982.287980
1779071494,2982.497577
1779071494,2982.659440
1779071494,2982.795819
1779071494,2983.212893
1779071494,2671.990424
1779071494,3290.932162
1779071494,2672.230732
1779071494,2980.830547
1779071494,2984.087087
1779071494,2981.233939
1779071494,2981.458664
1779071494,2982.823720
1779071494,2984.830990
1779071494,2982.146777
1779071494,2982.335275
1779071494,2672.764279
1779071494,3291.477912
1779071494,2983.149832
1779071494,2986.554143
1779071494,3292.392833
1779071494,2985.395327
1779071494,2986.674188
1779071494,2983.221827
1779071494,2983.877465
1779071494,2675.222186
1779071494,3292.267811
1779071494,2984.273779
1779071494,2984.940132
1779071494,2675.667074
1779071494,2984.001057
1779071494,2984.167283
1779071494,3292.421089
1779071494,2675.154303
1779071494,2982.628519
1779071494,2983.125032
1779071494,2997.992393
1779071494,2998.238925
1779071494,2998.260655
1779071494,2998.517046
1779071494,2998.529080
1779071494,2998.654857
1779071494,2998.532770
1779071494,2998.785361
1779071494,2689.715243
1779071494,2982.517446
1779071494,2982.527674
1779071494,3289.888776
1779071494,2979.138320
1779071494,2979.445872
1779071494,2979.723636
1779071494,3291.282890
1779071494,2980.061882
1779071494,2670.197885
1779071494,3291.226583
1779071494,3291.564438
1779071494,2980.791120
1779071494,2980.786101
1779071494,2980.832248
1779071494,2981.438935
1779071494,2981.343351
1779071494,2981.458432
1779071494,2981.667204
1779071494,2672.213448
1779071494,2982.203073
1779071494,2980.997535
1779071494,2981.400020
1779071494,3291.303372
1779071494,2673.279372
1779071494,2982.541052
1779071494,2982.886005
1779071494,3291.746927
1779071494,2982.876425
1779071494,3292.314754
1779071494,2983.817478
1779071494,2675.319852
1779071494,2984.158605
1779071494,3292.234399
1779071494,2984.491694
1779071494,3291.930514
1779071494,2983.950198
1779071494,2675.370437
1779071494,2674.920079
1779071494,2982.571706
1779071494,2675.233409
1779071494,2983.713656
1779071494,2997.478863
1779071494,2997.774412
1779071494,2997.618505
1779071494,2997.636509
1779071494,2997.739235
1779071494,2687.655658
1779071494,2997.681408
1779071494,2687.836172
1779071494,2998.625738
1779071494,2981.692209
1779071494,2981.736473
1779071494,3289.255514
1779071494,2978.821300
1779071494,2979.337053
1779071494,2979.360274
1779071494,2978.390460
1779071494,2978.722460
1779071494,2670.658016
1779071494,2978.282687
1779071494,2979.801018
1779071494,2980.216956
1779071494,2979.356452
1779071494,2980.473063
1779071494,2980.941542
1779071494,2979.584632
1779071494,2981.021502
1779071494,2672.590815
1779071494,2980.452015
1779071494,2981.610697
1779071494,2982.187540
1779071494,2982.248634
1779071494,2981.383777
1779071494,2982.539264
1779071494,2982.090950
1779071494,2674.298807
1779071494,2982.785022
1779071494,2982.712916
1779071494,2982.629192
1779071494,2983.196466
1779071494,2982.413744
1779071494,2983.537874
1779071494,2675.116788
1779071494,2984.462745
1779071494,2982.576278
1779071494,2982.960966
1779071494,2674.797427
1779071494,2983.210314
1779071494,2982.626741
1779071494,2982.785007
1779071494,2983.268881
1779071494,2687.104066
1779071494,2687.267677
1779071494,2997.648121
1779071494,2998.069702
1779071494,2687.704129
1779071494,2687.727252
1779071494,2998.079742
1779071494,2687.953632
1779071494,2688.061536
1779071494,2981.348365
1779071494,2981.327801
1779071494,2981.407836
1779071494,2978.364974
1779071494,2979.039025
1779071494,2977.904847
1779071494,2670.419170
1779071494,2979.253272
1779071494,2670.843194
1779071494,2978.805303
1779071494,3599.147754
1779071494,2979.654015
1779071494,2671.478218
1779071494,2978.850277
1779071494,3599.072259
1779071494,2980.187658
1779071494,2980.556804
1779071494,2980.828387
1779071494,2980.256144
1779071494,2980.338003
1779071494,3290.456513
1779071494,2980.636434
1779071494,2672.679445
1779071494,2981.180726
1779071494,3289.646745
1779071494,2982.101343
1779071494,2982.264093
1779071494,2982.207409
1779071494,2982.184713
1779071494,2982.586594
1779071494,2982.695661
1779071494,2982.876573
1779071494,2674.733512
1779071494,3292.795976
1779071494,2982.922707
1779071494,2982.746101
1779071494,2982.883968
1779071494,3290.345227
1779071494,2982.799263
1779071494,2982.786550
1779071494,2983.359442
1779071494,2996.338099
1779071494,2996.378159
1779071494,2996.827093
1779071494,2996.711024
1779071494,2996.782720
1779071494,3306.891271
1779071494,2997.245165
1779071494,2686.887665
1779071494,2997.522324
1779071494,2981.670166
1779071494,2981.800270
1779071494,2981.821429
1779071494,2977.940986
1779071494,2978.650463
1779071494,2978.790226
1779071494,3287.675922
1779071494,2977.924152
1779071494,2978.403744
1779071494,2978.510550
1779071494,2980.220140
1779071494,2672.768007
1779071494,2980.366080
1779071494,2980.297647
1779071494,2980.291836
1779071494,2980.512890
1779071494,3597.909456
1779071494,2980.372998
1779071494,2980.287875
1779071494,2980.503368
1779071494,2980.701213
1779071494,2980.764320
1779071494,2980.913497
1779071494,3289.772193
1779071494,2981.527775
1779071494,2982.014570
1779071494,2982.279968
1779071494,2982.263735
1779071494,2982.207201
1779071494,3290.842663
1779071494,2982.739012
1779071494,2982.657654
1779071494,2982.299362
1779071494,2673.866226
1779071494,3599.979915
1779071494,2983.510591
1779071494,2981.853840
1779071494,3598.651722
1779071494,3290.385669
1779071494,2982.719240
1779071494,2983.418867
1779071495,3305.960323
1779071495,2995.794521
1779071495,2996.025981
1779071495,2995.925207
1779071495,2995.992052
1779071495,3306.036070
1779071495,2996.112614
1779071495,2996.066299
1779071495,2996.165238
1779071495,2980.242292
1779071495,2980.325300
1779071495,2980.727280
1779071495,2672.702228
1779071495,2978.008589
1779071495,2978.161806
1779071495,3286.376941
1779071495,2670.575185
1779071495,2979.015690
1779071495,2979.306961
1779071495,2980.598947
1779071495,2980.219664
1779071495,2672.679538
1779071495,3289.014898
1779071495,2980.806590
1779071495,2980.262241
1779071495,2980.274354
1779071495,2980.594296
1779071495,2980.058728
1779071495,2980.576773
1779071495,2980.659362
1779071495,2980.970736
1779071495,2981.009081
1779071495,2980.999399
1779071495,2981.519091
1779071495,2982.284756
1779071495,2982.068847
1779071495,3599.599322
1779071495,2982.499422
1779071495,3290.653020
1779071495,2982.302547
1779071495,2982.806780
1779071495,2674.695558
1779071495,2982.497335
1779071495,2982.465652
1779071495,3291.185360
1779071495,2982.039627
1779071495,2983.003789
1779071495,2983.152562
1779071495,2982.927278
1779071495,2983.334541
1779071495,3615.081551
1779071495,3306.163401
1779071495,3305.049160
1779071495,3615.511319
1779071495,3615.529756
1779071495,2686.111509
1779071495,2687.242623
1779071495,3305.332847
1779071495,2995.490792
1779071495,2979.832556
1779071495,2979.907232
1779071495,2979.155978
1779071495,2980.470032
1779071495,2977.940127
1779071495,2670.400368
1779071495,3285.914130
1779071495,2978.727160
1779071495,2979.121842
1779071495,2979.229021
1779071495,2671.919654
1779071495,2979.075264
1779071495,2980.257672
1779071495,2671.945683
1779071495,2672.112896
1779071495,2672.291475
1779071495,2672.316000
1779071495,2979.724813
1779071495,2979.651179
1779071495,2980.215795
1779071495,2980.375770
1779071495,3288.838939
1779071495,2980.730463
1779071495,2981.078288
1779071495,2981.159746
1779071495,2981.762830
1779071495,2981.996786
1779071495,2982.335819
1779071495,2982.420113
1779071495,2982.809296
1779071495,2982.700950
1779071495,3290.841281
1779071495,2981.946010
1779071495,2983.253745
1779071495,2982.698752
1779071495,2983.039055
1779071495,2983.370153
1779071495,2983.049492
1779071495,2983.131336
1779071495,2982.910989
1779071495,2983.542793
1779071495,2995.285578
1779071495,2996.382118
1779071495,2686.436628
1779071495,2686.392014
1779071495,2995.555704
1779071495,2686.484705
1779071495,2995.462339
1779071495,3305.928544
1779071495,2686.907113
1779071495,2980.607841
1779071495,2980.757363
1779071495,2979.167856
1779071495,2980.941360
1779071495,2977.997398
1779071495,2977.989748
1779071495,2978.211753
1779071495,2978.896936
1779071495,2979.017125
1779071495,2979.373658
1779071495,2980.769005
1779071495,2980.414734
1779071495,2980.980390
1779071495,3288.506666
1779071495,2980.554301
1779071495,2672.974002
1779071495,2980.702095
1779071495,2979.714418
1779071495,2979.918504
1779071495,2980.030848
1779071495,2980.367976
1779071495,2980.415337
1779071495,2673.398254
1779071495,2673.361391
1779071495,2981.264318
1779071495,2982.118339
1779071495,2982.298509
1779071495,2982.318403
1779071495,2982.387556
1779071495,2982.558232
1779071495,2982.490834
1779071495,2982.911939
1779071495,2982.636122
1779071495,2983.550259
1779071495,3290.361852
1779071495,2982.966166
1779071495,2982.694949
1779071495,2983.023814
1779071495,2983.247999
1779071495,2982.364817
1779071495,2983.103674
1779071495,2686.466606
1779071495,2995.962506
1779071495,2687.049647
1779071495,2687.104188
1779071495,2996.201551
1779071495,2687.445628
1779071495,2996.129878
1779071495,2687.754394
1779071495,2687.844916
1779071495,2980.377758
1779071495,3285.073543
1779071495,2979.170992
1779071495,2980.870723
1779071495,2977.890084
1779071495,3285.945042
1779071495,2978.063648
1779071495,2979.199769
1779071495,2979.119396
1779071495,2979.303639
1779071495,2978.826073
1779071495,2980.779253
1779071495,2672.994741
1779071495,2672.871771
1779071495,3289.377427
1779071495,2980.768559
1779071495,2980.044538
1779071495,2980.012961
1779071495,2980.194740
1779071495,2673.774033
1779071495,2980.059787
1779071495,2980.606330
1779071495,2980.670988
1779071495,2981.053438
1779071495,2981.450110
1779071495,2981.846748
1779071495,2981.904064
1779071495,2981.814822
1779071495,2982.669481
1779071495,2674.043213
1779071495,3290.728225
1779071495,2674.195293
1779071495,2983.502439
1779071495,2982.337409
1779071495,2983.581923
1779071495,2983.468179
1779071495,2674.819555
1779071495,2982.770664
1779071495,2983.262227
1779071495,2982.323986
1779071495,2982.998267
1779071495,3304.557763
1779071495,2995.897207
1779071495,2995.253698
1779071495,2686.249962
1779071495,3305.298335
1779071495,2686.570779
1779071495,2995.646161
1779071495,2995.969116
1779071495,2997.519460
1779071495,2980.214988
1779071495,2980.422256
1779071495,2978.997664
1779071495,2980.797268
1779071495,3593.738220
1779071495,2978.397572
1779071495,2979.211367
1779071495,2978.392942
1779071495,2979.574428
1779071495,2978.858085
1779071495,3288.041872
1779071495,2672.147788
1779071495,2672.250973
1779071495,2672.844897
1779071495,2672.856083
1779071495,2672.935418
1779071495,2980.752707
1779071495,2980.101240
1779071495,2980.103998
1779071495,2980.612170
1779071495,2672.856834
1779071495,2981.029585
1779071495,2980.983297
1779071495,2981.809043
1779071495,2982.018718
1779071495,2981.963320
1779071495,2982.589913
1779071495,2982.558961
1779071495,2982.437992
1779071495,2983.123070
1779071495,2983.091862
1779071495,2983.133906
1779071495,2983.457810
1779071495,2982.896578
1779071495,2983.275524
1779071495,2983.181022
1779071495,2982.425257
1779071495,2675.130064
1779071495,2677.466883
1779071495,2678.283414
1779071495,2983.015822
1779071495,2995.357874
1779071495,2995.222985
1779071495,3304.398025
1779071495,2685.945059
1779071495,3304.382447
1779071495,3304.453367
1779071495,2995.472792
1779071495,2686.432842
1779071495,2996.148776
1779071495,2980.003219
1779071495,2980.338691
1779071495,2980.543634
1779071495,2979.428926
1779071495,2977.897737
1779071495,2670.539872
1779071495,2978.549383
1779071495,2979.008840
1779071495,2672.012973
1779071495,2979.609245
1779071495,2980.279281
1779071495,2672.780785
1779071495,3288.192917
1779071495,2672.494765
1779071495,2672.700096
1779071495,2980.390442
1779071495,2672.877940
1779071495,2981.739963
1779071495,2673.011491
1779071495,2981.355970
1779071495,2981.312806
1779071495,2672.842518
1779071495,3289.157499
1779071495,2981.415658
1779071495,2981.734258
1779071495,2982.094523
1779071495,2982.657862
1779071495,2674.350193
1779071495,2674.855192
1779071495,2983.103287
1779071495,2983.030621
1779071495,2675.334766
1779071495,2983.704753
1779071495,2983.768783
1779071495,2984.134009
1779071495,2983.417796
1779071495,2983.642456
1779071495,2983.495242
1779071495,2983.879755
1779071495,2984.047654
1779071495,2983.295702
1779071495,3304.411747
1779071495,3304.538447
1779071495,3304.599799
1779071495,2685.759586
1779071495,3304.591610
1779071495,2685.745436
1779071495,2995.840969
1779071495,3304.723279
1779071495,2996.273915
1779071495,2980.524699
1779071495,2980.662839
1779071495,2671.382944
1779071495,2981.077244
1779071495,2977.676741
1779071495,2979.104909
1779071495,2978.456928
1779071495,2979.023819
1779071495,2979.324194
1779071495,2979.391145
1779071495,3287.814905
1779071495,2672.634436
1779071495,3288.845853
1779071495,2981.085386
1779071495,2673.031856
1779071495,2980.713926
1779071495,2980.749595
1779071495,2980.240763
1779071495,2981.005967
1779071495,2980.637765
1779071495,2980.711870
1779071495,2980.572301
1779071495,2672.277697
1779071495,2981.457723
1779071495,2981.138562
1779071495,2981.681266
1779071495,2982.702172
1779071495,3290.826286
1779071495,2982.711004
1779071495,2982.807045
1779071495,3291.253274
1779071495,2675.618437
1779071495,2983.888973
1779071495,2674.259818
1779071495,2984.064455
1779071495,3291.377529
1779071495,2983.664638
1779071495,2983.753857
1779071495,2983.976260
1779071495,2984.174453
1779071495,2983.682908
1779071495,2995.713134
1779071495,2995.826340
1779071495,2995.778249
1779071495,2995.782430
1779071495,2685.386715
1779071495,2995.771888
1779071495,2685.154626
1779071495,2685.219122
1779071495,2996.250978
1779071495,2979.560365
1779071495,2979.945107
1779071495,2980.184371
1779071495,2671.467514
1779071495,2978.596617
1779071495,2977.514487
1779071495,2978.050264
1779071495,2978.593099
1779071495,2979.061634
1779071495,2979.244974
1779071495,3595.662183
1779071495,2980.312799
1779071495,3596.314727
1779071495,2980.180374
1779071495,3905.464054
1779071495,3289.216839
1779071495,2980.931561
1779071495,3597.569336
1779071495,2980.973405
1779071495,2980.672770
1779071495,2672.614002
1779071495,2672.564700
1779071495,3289.112863
1779071495,2981.391671
1779071495,2981.724140
1779071495,2981.847665
1779071495,2982.294017
1779071495,2982.586477
1779071495,2982.891984
1779071495,3291.027152
1779071495,3291.072418
1779071495,2983.488390
1779071495,2983.306006
1779071495,2983.532494
1779071495,2982.805117
1779071495,2674.238217
1779071495,2983.935050
1779071495,2674.824724
1779071495,2984.162793
1779071495,2984.247853
1779071495,2984.016843
1779071495,2684.870594
1779071495,2995.349958
1779071495,2995.632682
1779071495,2995.593449
1779071495,2685.419076
1779071495,3614.014137
1779071495,3304.998145
1779071495,2995.983318
1779071495,2995.976774
1779071495,2979.432487
1779071495,2979.512530
1779071495,2671.080244
1779071495,2980.071757
1779071495,2978.166190
1779071495,3285.884161
1779071495,3286.354387
1779071495,2979.490013
1779071495,2979.998616
1779071495,2980.073456
1779071495,2979.252508
1779071495,2979.749867
1779071495,3287.614095
1779071495,3288.105648
1779071495,2980.395417
1779071495,3288.663873
1779071495,3288.758904
1779071495,2980.415194
1779071495,2981.229092
1779071495,2980.391035
1779071495,2980.778970
1779071495,2672.403569
1779071495,3597.335509
1779071495,2981.085707
1779071495,2981.940204
1779071495,2981.869200
1779071495,3290.301018
1779071495,2982.314717
1779071495,2982.673545
1779071495,3290.834282
1779071495,2983.414527
1779071495,2983.526782
1779071495,2983.388305
1779071495,2983.203130
1779071495,2982.997266
1779071495,3292.913531
1779071495,2983.432357
1779071495,2983.977739
1779071495,2983.963783
1779071495,2984.090790
1779071495,2983.645469
1779071495,2994.640549
1779071495,2685.596652
1779071495,2685.766636
1779071495,2685.623457
1779071495,3305.147744
1779071495,2995.154097
1779071495,2995.211801
1779071495,2686.674487
1779071495,2996.120045
1779071495,2669.907921
1779071495,2978.899831
1779071495,3288.479981
1779071495,2979.644210
1779071495,2978.621928
1779071495,2977.848502
1779071495,2978.553172
1779071495,2978.953529
1779071495,2979.478053
1779071495,2980.106215
1779071495,2671.728341
1779071495,2980.835903
1779071495,2980.407693
1779071495,3288.258871
1779071495,2980.991565
1779071495,2979.130556
1779071495,2673.371234
1779071495,2979.887001
1779071495,2981.674898
1779071495,2978.999625
1779071495,2979.328567
1779071495,2672.630092
1779071495,2672.882488
1779071495,2980.690127
1779071495,2980.019973
1779071495,2982.084412
1779071495,2983.204771
1779071495,2982.461576
1779071495,2983.231069
1779071495,2981.419204
1779071495,3290.927657
1779071495,3291.694818
1779071495,2982.239328
1779071495,2981.474612
1779071495,2981.919953
1779071495,2981.242715
1779071495,2985.034740
1779071495,2985.866725
1779071495,2987.704188
1779071495,2985.681061
1779071495,2987.832720
1779071496,3304.263861
1779071496,2993.810415
1779071496,2993.971273
1779071496,2993.834669
1779071496,3613.408906
1779071496,2993.975048
1779071496,3613.452954
1779071496,2994.619940
1779071496,2994.673132
1779071496,2977.823007
1779071496,2978.767994
1779071496,3287.586733
1779071496,2979.384485
1779071496,2978.406985
1779071496,2671.696068
1779071496,2978.387672
1779071496,2978.898159
1779071496,2979.538607
1779071496,2979.512053
1779071496,2980.048747
1779071496,2980.171027
1779071496,2980.510709
1779071496,2980.683245
1779071496,2980.295449
1779071496,2980.507057
1779071496,2980.242064
1779071496,2980.272503
1779071496,3288.602173
1779071496,2672.582504
1779071496,2980.422121
1779071496,2980.434381
1779071496,3288.881524
1779071496,2980.563793
1779071496,2980.939179
1779071496,2980.677220
1779071496,2981.441834
1779071496,2981.451557
1779071496,2981.139934
1779071496,2981.797255
1779071496,2672.889026
1779071496,2981.120485
1779071496,2982.109456
1779071496,3291.341281
1779071496,2982.299105
1779071496,2981.908647
1779071496,3599.771664
1779071496,2983.421544
1779071496,2982.904141
1779071496,2983.234746
1779071496,2982.501831
1779071496,3304.537478
1779071496,2994.243705
1779071496,2994.344203
1779071496,2994.277748
1779071496,2994.482987
1779071496,2994.360464
1779071496,3304.689172
1779071496,2994.617055
1779071496,2993.543176
1779071496,3286.574261
1779071496,2978.869344
1779071496,2979.132887
1779071496,2978.446271
1779071496,2978.435439
1779071496,2978.596172
1779071496,2978.191438
1779071496,2978.720947
1779071496,2979.248901
1779071496,2979.961789
1779071496,2980.110953
1779071496,2980.245663
1779071496,2980.804232
1779071496,2980.636679
1779071496,2980.763232
1779071496,2980.682780
1779071496,2980.323434
1779071496,2980.567753
1779071496,2980.621504
1779071496,2673.194539
1779071496,2980.230561
1779071496,2980.328797
1779071496,2980.629720
1779071496,2980.580573
1779071496,2980.691004
1779071496,2980.922789
1779071496,2981.218573
1779071496,2981.343683
1779071496,2673.600764
1779071496,2981.284442
1779071496,2981.738254
1779071496,2981.561063
1779071496,2981.270881
1779071496,2981.557605
1779071496,2674.309228
1779071496,2981.766292
1779071496,2982.568819
1779071496,2982.370670
1779071496,2982.824029
1779071496,2983.683527
1779071496,2982.565036
1779071496,3304.112622
1779071496,3923.155886
1779071496,2994.876710
1779071496,2994.878013
1779071496,3304.141949
1779071496,3304.387450
1779071496,2993.798158
1779071496,2995.112544
1779071496,2995.175627
1779071496,3286.099701
1779071496,2978.649198
1779071496,2978.777452
1779071496,2978.818383
1779071496,2978.264597
1779071496,2978.365448
1779071496,2979.156364
1779071496,2979.278388
1779071496,2979.134844
1779071496,3903.573665
1779071496,2672.698506
1779071496,2671.970982
1779071496,2980.364557
1779071496,2980.450982
1779071496,3286.521881
1779071496,2980.662790
1779071496,3288.855157
1779071496,2979.334330
1779071496,3596.583728
1779071496,2672.981849
1779071496,2980.497370
1779071496,2979.776472
1779071496,2980.216822
1779071496,2980.679947
1779071496,2980.819384
1779071496,2981.169233
1779071496,2981.001482
1779071496,2981.257059
1779071496,2981.247299
1779071496,2981.348535
1779071496,2981.228191
1779071496,2981.933615
1779071496,2981.701742
1779071496,2981.493652
1779071496,2982.136743
1779071496,2981.750848
1779071496,2982.838804
1779071496,2983.370083
1779071496,2983.488210
1779071496,2982.899636
1779071496,2983.220911
1779071496,2995.263525
1779071496,2995.450590
1779071496,2685.791544
1779071496,2995.432926
1779071496,2995.496234
1779071496,2994.288736
1779071496,2995.442555
1779071496,2995.484578
1779071496,2979.541024
1779071496,2978.518010
1779071496,2978.538107
1779071496,2995.940079
1779071496,3285.862332
1779071496,2978.201152
1779071496,2978.223858
1779071496,2978.279077
1779071496,2978.604950
1779071496,2979.616959
1779071496,2979.778974
1779071496,2980.196253
1779071496,2672.726310
1779071496,2980.273405
1779071496,2980.650513
1779071496,2980.336176
1779071496,2980.149833
1779071496,2979.149575
1779071496,2672.862108
1779071496,3287.633783
1779071496,2979.902669
1779071496,2980.322335
1779071496,2672.393315
1779071496,2980.060276
1779071496,2980.235673
1779071496,2980.054672
1779071496,2672.477422
1779071496,2981.120804
1779071496,2980.907333
1779071496,2981.278871
1779071496,3289.401776
1779071496,2981.295570
1779071496,2981.384378
1779071496,2981.405920
1779071496,2673.679466
1779071496,2982.248780
1779071496,2982.033998
1779071496,2982.722742
1779071496,2983.398352
1779071496,2983.578796
1779071496,2983.262813
1779071496,2983.008693
1779071496,2684.240266
1779071496,2994.935377
1779071496,2684.602611
1779071496,2684.779222
1779071496,2684.728512
1779071496,2684.815901
1779071496,2684.986093
1779071496,2685.148416
1779071496,2994.515496
1779071496,2979.218640
1779071496,2978.140937
1779071496,2978.295231
1779071496,2978.279207
1779071496,2978.464750
1779071496,2978.757622
1779071496,2978.343808
1779071496,2978.438916
1779071496,2979.071958
1779071496,2979.819107
1779071496,2980.153844
1779071496,2979.896228
1779071496,2980.050340
1779071496,2980.168595
1779071496,2980.639197
1779071496,2980.524707
1779071496,2980.193742
1779071496,3904.420084
1779071496,2672.226061
1779071496,2979.692139
1779071496,2980.178457
1779071496,2980.030483
1779071496,2672.307335
1779071496,2980.499527
1779071496,2672.304778
1779071496,2980.454481
1779071496,2981.092322
1779071496,3288.808574
1779071496,2981.142932
1779071496,2981.274425
1779071496,2982.095296
1779071496,3289.315721
1779071496,2982.080062
1779071496,2981.688834
1779071496,2981.788667
1779071496,2981.963867
1779071496,2982.197077
1779071496,2983.144305
1779071496,2983.731542
1779071496,2983.591146
1779071496,2982.809263
1779071496,2685.885789
1779071496,2993.829373
1779071496,2994.020259
1779071496,2993.951265
1779071496,2685.085950
1779071496,2685.272053
1779071496,2685.484270
1779071496,2685.509207
1779071496,2994.757886
1779071496,2685.692060
1779071496,2671.673246
1779071496,2979.267967
1779071496,2979.576731
1779071496,2978.523824
1779071496,2978.522214
1779071496,2978.778861
1779071496,2979.008314
1779071496,2979.880499
1779071496,3287.406854
1779071496,2979.431437
1779071496,2979.960300
1779071496,2672.765752
1779071496,2980.439009
1779071496,2980.825474
1779071496,2980.100043
1779071496,2980.688099
1779071496,2979.754898
1779071496,2980.004089
1779071496,2980.010521
1779071496,2672.100590
1779071496,3288.717917
1779071496,2672.106635
1779071496,2980.276737
1779071496,2980.271474
1779071496,2980.558161
1779071496,2980.861521
1779071496,2980.790541
1779071496,2981.242067
1779071496,2981.534748
1779071496,2981.744032
1779071496,2981.739427
1779071496,2981.778389
1779071496,2981.867512
1779071496,2981.961371
1779071496,2981.969635
1779071496,2982.361367
1779071496,2982.990953
1779071496,2984.121437
1779071496,2675.548590
1779071496,2984.178377
1779071496,2670.797449
1779071496,2994.314536
1779071496,2685.167347
1779071496,2994.336920
1779071496,2685.286857
1779071496,2686.864459
1779071496,2978.681720
1779071496,2686.176455
1779071496,2670.789592
1779071496,2686.411807
1779071496,2979.626909
1779071496,2687.243897
1779071496,2688.269616
1779071496,2980.710969
1779071496,2979.335777
1779071496,3287.592343
1779071496,2981.477659
1779071496,2979.904819
1779071496,2980.103681
1779071496,2674.305561
1779071496,2980.523847
1779071496,2980.129089
1779071496,2999.673747
1779071496,2673.544542
1779071496,3288.244488
1779071496,2676.736675
1779071496,2672.836958
1779071496,2980.234097
1779071496,2980.931256
1779071496,2980.814036
1779071496,2980.842270
1779071496,3289.350484
1779071496,2980.787590
1779071496,2984.451899
1779071496,2674.752591
1779071496,2981.537737
1779071496,2982.162225
1779071496,2981.705114
1779071496,3289.737361
1779071496,2981.992557
1779071496,2981.776109
1779071496,2983.960449
1779071496,2982.486643
1779071496,2982.332091
1779071496,2982.375759
1779071496,2679.148249
1779071496,2983.408866
1779071496,2984.158970
1779071496,2984.042645
1779071496,2983.000281
1779071496,3304.276725
1779071496,2685.857427
1779071496,2686.867359
1779071496,2685.027732
1779071496,2685.917879
1779071496,3304.540104
1779071496,2685.088432
1779071496,2685.393064
1779071496,2994.399463
1779071496,3304.942448
1779071496,2980.743804
1779071496,2980.798225
1779071496,2673.059276
1779071496,2980.003654
1779071496,2980.290315
1779071496,2980.548959
1779071496,2980.688115
1779071496,2980.622980
1779071496,2981.209156
1779071496,2981.069291
1779071496,2673.674130
1779071496,2673.718919
1779071496,2673.859429
1779071496,2673.989019
1779071496,2674.225107
1779071496,2673.712600
1779071496,2673.869311
1779071496,2981.086693
1779071496,2980.674857
1779071496,3288.595743
1779071496,2673.731622
1779071496,2981.409660
1779071496,3289.763509
1779071496,2981.815982
1779071496,2982.338087
1779071496,2674.369850
1779071496,2982.008733
1779071496,2982.572323
1779071496,2674.303849
1779071496,2674.015650
1779071496,2674.905782
1779071496,2982.348255
1779071496,2982.970635
1779071496,2982.414466
1779071496,2674.931947
1779071496,2982.427450
1779071496,2983.301078
1779071496,2983.901126
1779071496,2676.266080
1779071496,2983.246683
1779071496,3303.332050
1779071496,2684.953828
1779071496,2687.356739
1779071496,2686.282097
1779071496,2686.382617
1779071496,2686.384625
1779071496,2994.631416
1779071496,2994.626200
1779071496,3288.407507
1779071496,3288.507147
1779071496,2980.337619
1779071496,2980.287875
1779071496,2980.801720
1779071496,2995.950961
1779071496,2981.055907
1779071496,2981.096446
1779071496,2980.420281
1779071496,2980.671175
1779071496,2980.712415
1779071496,2980.073371
1779071496,2981.729087
1779071496,3597.349536
1779071496,2981.392255
1779071496,2981.455135
1779071496,2981.665491
1779071496,2982.157829
1779071496,2981.710301
1779071496,3288.440145
1779071496,2673.931867
1779071496,3288.498500
1779071496,2981.166240
1779071496,2981.643487
1779071496,2981.753297
1779071496,2982.049002
1779071496,2982.191436
1779071496,2981.855685
1779071496,2982.001509
1779071496,2981.991806
1779071496,2982.274499
1779071496,2982.267369
1779071496,2981.987474
1779071496,2981.989559
1779071496,2983.148286
1779071496,2982.073038
1779071496,2982.704341
1779071496,2982.347590
1779071496,2983.118837
1779071496,2983.894003
1779071496,3291.830665
1779071496,2983.272619
1779071496,3303.598019
1779071496,3288.498213
1779071496,2994.607552
1779071496,2686.621409
1779071496,3304.020736
1779071496,3304.078936
1779071496,2685.741779
1779071496,2685.801280
1779071496,2686.954243
1779071496,3288.150953
1779071496,3304.904594
1779071496,3289.433470
1779071496,2980.456645
1779071496,3288.647161
1779071496,2980.535233
1779071496,2672.967015
1779071496,2981.226657
1779071496,2673.548814
1779071496,2980.542680
1779071496,2980.517680
1779071496,2981.495714
1779071496,2673.507189
1779071496,2673.632913
1779071496,3596.198525
1779071496,2673.452821
1779071496,2981.415745
1779071496,2981.690937
1779071496,2980.867170
1779071496,2674.030766
1779071496,3289.100558
1779071496,2981.251279
1779071496,2980.805426
1779071496,2980.904527
1779071496,2981.307868
1779071496,2981.405904
1779071496,2981.813589
1779071496,2981.813539
1779071496,2982.027267
1779071496,2982.178992
1779071496,2981.977964
1779071496,2982.079186
1779071496,2982.431318
1779071496,2982.761080
1779071496,2982.211754
1779071496,2982.181804
1779071496,2982.596017
1779071496,2982.675701
1779071496,2984.684617
1779071496,2983.344995
1779071496,2985.187837
1779071497,2686.215341
1779071497,3613.229790
1779071497,3613.365518
1779071497,3613.191742
1779071497,2994.015228
1779071497,2686.576675
1779071497,2686.595867
1779071497,2686.899270
1779071497,2980.776168
1779071497,2980.853527
1779071497,2686.090787
1779071497,3303.665135
1779071497,2980.050179
1779071497,2981.247535
1779071497,3289.562775
1779071497,2980.379602
1779071497,2980.762423
1779071497,2980.880358
1779071497,2980.979228
1779071497,2673.355499
1779071497,3288.840027
1779071497,3288.928798
1779071497,3288.890713
1779071497,3596.085113
1779071497,3289.477897
1779071497,2980.934314
1779071497,2673.272764
1779071497,2673.359142
1779071497,2981.288912
1779071497,2981.079802
1779071497,2980.795936
1779071497,2981.008148
1779071497,3288.857326
1779071497,2981.984580
1779071497,3291.904546
1779071497,2981.459580
1779071497,3289.833434
1779071497,2981.587890
1779071497,3290.272160
1779071497,3290.328431
1779071497,2982.670930
1779071497,2981.725101
1779071497,2981.987185
1779071497,3290.701770
1779071497,2982.560294
1779071497,2674.250440
1779071497,2983.115966
1779071497,2984.803855
1779071497,3292.859579
1779071497,2984.238015
1779071497,2681.005685
1779071497,2686.777976
1779071497,2686.701248
1779071497,2686.852282
1779071497,3612.530227
1779071497,2687.043033
1779071497,2681.923978
1779071497,3289.749578
1779071497,2682.136542
1779071497,2981.084978
1779071497,2981.058752
1779071497,2981.177169
1779071497,2981.111339
1779071497,2994.632915
1779071497,2980.358781
1779071497,2981.503881
1779071497,2980.745494
1779071497,2980.630420
1779071497,2981.093030
1779071497,2980.371822
1779071497,2981.432788
1779071497,2981.506997
1779071497,2673.450646
1779071497,2980.295522
1779071497,2980.808541
1779071497,2982.677736
1779071497,3288.098591
1779071497,2979.308554
1779071497,2673.925719
1779071497,2978.772859
1779071497,2981.481017
1779071497,2982.453773
1779071497,2981.921882
1779071497,2980.786378
1779071497,2674.188112
1779071497,2982.416608
1779071497,2982.650719
1779071497,2984.236216
1779071497,2987.321251
1779071497,2984.423014
1779071497,2985.522971
1779071497,2984.789045
1779071497,2985.570822
1779071497,2985.293200
1779071497,2984.314794
1779071497,2986.827148
1779071497,2985.816688
1779071497,2985.574768
1779071497,2984.643039
1779071497,2984.563596
1779071497,2995.211041
1779071497,3612.765734
1779071497,2680.757770
1779071497,2680.675127
1779071497,2680.802405
1779071497,2680.836179
1779071497,2995.657642
1779071497,3303.639625
1779071497,2982.011025
1779071497,2681.225112
1779071497,2673.377478
1779071497,2674.562753
1779071497,2982.170020
1779071497,2681.411638
1779071497,2680.259210
1779071497,2673.055196
1779071497,2981.639231
1779071497,3288.043497
1779071497,2981.256649
1779071497,2673.537949
1779071497,2981.378371
1779071497,3288.918800
1779071497,2981.245870
1779071497,2980.909239
1779071497,3596.725526
1779071497,3595.797156
1779071497,2980.962545
1779071497,2980.755569
1779071497,2981.364208
1779071497,2981.415330
1779071497,2981.306412
1779071497,2981.332358
1779071497,2981.591352
1779071497,2981.508135
1779071497,2982.172205
1779071497,2981.869631
1779071497,2981.685571
1779071497,2982.031102
1779071497,2986.083562
1779071497,2986.132097
1779071497,2678.304505
1779071497,2677.950940
1779071497,2985.080898
1779071497,2678.142443
1779071497,2985.116125
1779071497,2985.431747
1779071497,2678.522080
1779071497,2985.080885
1779071497,2984.801041
1779071497,2983.648568
1779071497,2681.437177
1779071497,2681.401727
1779071497,2995.905614
1779071497,2681.463297
1779071497,2681.505915
1779071497,2681.571710
1779071497,2681.541469
1779071497,2681.744867
1779071497,2980.916915
1779071497,2680.634026
1779071497,2680.848224
1779071497,2675.017274
1779071497,2982.245958
1779071497,2675.114031
1779071497,2982.435964
1779071497,2675.379145
1779071497,2981.526101
1779071497,2981.893614
1779071497,2980.857436
1779071497,3289.824486
1779071497,2981.282223
1779071497,2981.379400
1779071497,2981.505754
1779071497,2980.735737
1779071497,3595.758241
1779071497,2981.380619
1779071497,3287.883440
1779071497,2981.432316
1779071497,2981.901574
1779071497,2981.163979
1779071497,2981.606975
1779071497,2982.182335
1779071497,2982.126518
1779071497,2981.990338
1779071497,2982.207381
1779071497,2981.652813
1779071497,2981.988245
1779071497,2982.009994
1779071497,2676.219053
1779071497,2677.159780
1779071497,2984.677277
1779071497,2986.450563
1779071497,2678.614489
1779071497,2678.361141
1779071497,2986.893076
1779071497,2984.451402
1779071497,2985.198668
1779071497,2985.771116
1779071497,2677.682909
1779071497,2983.615124
1779071497,2681.221682
1779071497,3303.197597
1779071497,2681.166915
1779071497,2681.121806
1779071497,2681.096856
1779071497,2674.528290
1779071497,2991.024315
1779071497,3922.345076
1779071497,2981.955444
1779071497,2681.706310
1779071497,2680.425040
1779071497,2675.054989
1779071497,2681.848439
1779071497,2991.719376
1779071497,2981.100265
1779071497,2682.398217
1779071497,2982.200660
1779071497,2982.507700
1779071497,3290.335993
1779071497,2981.531676
1779071497,2981.596769
1779071497,2676.048330
1779071497,2981.214173
1779071497,2981.430734
1779071497,2980.948902
1779071497,2982.053778
1779071497,3289.918549
1779071497,2981.737382
1779071497,2981.023082
1779071497,2981.213311
1779071497,2981.843614
1779071497,2982.240584
1779071497,2982.188872
1779071497,3291.213697
1779071497,2674.206837
1779071497,2982.266199
1779071497,2982.072196
1779071497,2674.050524
1779071497,2985.107011
1779071497,2985.633394
1779071497,2985.152557
1779071497,2984.474037
1779071497,2986.115076
1779071497,2985.607393
1779071497,2985.669983
1779071497,2985.428735
1779071497,2985.432076
1779071497,2985.543220
1779071497,2985.324627
1779071497,2983.713399
1779071497,3309.973682
1779071497,3603.877529
1779071497,2984.288292
1779071497,2983.953720
1779071497,2984.544032
1779071497,2984.763110
1779071497,2681.256392
1779071497,2682.415527
1779071497,2985.594356
1779071497,3604.487082
1779071497,2985.757347
1779071497,2987.591286
1779071497,2984.781655
1779071497,2689.404581
1779071497,2986.373951
1779071497,2689.224872
1779071497,2986.380038
1779071497,2990.282388
1779071497,2986.487429
1779071497,2988.266194
1779071497,2986.481004
1779071497,2689.392562
1779071497,2987.991534
1779071497,2689.679797
1779071497,2987.866653
1779071497,2988.919042
1779071497,2689.830808
1779071497,2682.033786
1779071497,2689.884073
1779071497,2690.036468
1779071497,2682.021750
1779071497,2689.882092
1779071497,3312.381690
1779071497,4240.670305
1779071497,2683.455460
1779071497,2683.493187
1779071497,2988.153292
1779071497,2681.886381
1779071497,3293.034319
1779071497,2984.569803
1779071497,3293.503567
1779071497,2984.894771
1779071497,2677.907221
1779071497,3293.689678
1779071497,2985.843962
1779071497,2985.826088
1779071497,2988.283864
1779071497,3296.184604
1779071497,2985.641972
1779071497,2987.746699
1779071497,3611.865988
1779071497,3906.380786
1779071497,2682.298375
1779071497,2682.465645
1779071497,2682.466133
1779071497,3612.495937
1779071497,2681.331833
1779071497,2682.497780
1779071497,2681.492112
1779071497,2982.709927
1779071497,2675.285406
1779071497,3599.125952
1779071497,2675.554981
1779071497,2675.466225
1779071497,2675.697947
1779071497,2674.890642
1779071497,2673.053747
1779071497,2674.996577
1779071497,2982.029375
1779071497,2676.200669
1779071497,2673.595863
1779071497,2675.261838
1779071497,2982.614856
1779071497,2980.768803
1779071497,2981.648210
1779071497,2981.713287
1779071497,2981.754510
1779071497,2981.656537
1779071497,2981.435671
1779071497,2673.712274
1779071497,2981.651250
1779071497,2981.904419
1779071497,2982.226485
1779071497,2981.853642
1779071497,2982.101500
1779071497,2982.231987
1779071497,2982.293681
1779071497,2982.673736
1779071497,3293.013383
1779071497,3292.945381
1779071497,3913.932566
1779071497,2984.711878
1779071497,3293.897135
1779071497,2986.042205
1779071497,2986.118039
1779071497,2985.888207
1779071497,3294.141544
1779071497,2985.760665
1779071497,2678.319357
1779071497,2984.103670
1779071497,4230.299253
1779071497,3613.177737
1779071497,2681.701096
1779071497,4230.330500
1779071497,2681.676860
1779071497,2983.453566
1779071497,3290.802675
1779071497,2682.218741
1779071497,3599.242795
1779071497,2682.083381
1779071497,3291.048286
1779071497,2682.572144
1779071497,2675.412419
1779071497,2991.128559
1779071497,2982.881237
1779071497,2675.592983
1779071497,2675.310106
1779071497,2675.672583
1779071497,2982.114948
1779071497,2982.418450
1779071497,2683.436721
1779071497,2983.264354
1779071497,2982.132531
1779071497,2982.104328
1779071497,2674.358718
1779071497,2674.330861
1779071497,2676.950043
1779071497,3293.102687
1779071497,2982.366466
1779071497,2982.101811
1779071497,2981.828089
1779071497,2982.139362
1779071497,2982.792555
1779071497,3289.666670
1779071497,2981.340828
1779071497,2981.642899
1779071497,3289.457103
1779071497,2981.990886
1779071497,2985.868259
1779071497,2677.768104
1779071497,2985.575613
1779071497,2985.720462
1779071497,2985.182002
1779071497,2986.241189
1779071497,2985.961424
1779071497,2986.862023
1779071497,2986.371020
1779071497,2985.716731
1779071497,2986.135950
1779071497,2677.959398
1779071497,2681.719821
1779071497,2681.913692
1779071497,2990.611170
1779071497,2681.831114
1779071497,2681.729299
1779071497,4214.779868
1779071497,2681.819170
1779071497,2682.218094
1779071497,2676.227336
1779071497,2676.334958
1779071497,2676.401637
1779071497,3291.471048
1779071497,2983.137997
1779071497,2677.018716
1779071497,3293.806041
1779071497,2675.893974
1779071497,2674.499601
1779071497,2982.953623
1779071497,2674.755503
1779071497,2982.704740
1779071497,2674.484124
1779071497,2981.399286
1779071497,2674.889079
1779071497,2684.632221
1779071497,2981.747034
1779071497,2981.718833
1779071497,3601.093444
1779071497,2982.012525
1779071497,2982.479202
1779071497,3293.550999
1779071497,2982.983378
1779071497,2982.118845
1779071497,2982.243257
1779071497,2687.195120
1779071497,2677.968805
1779071497,2680.740215
1779071497,2676.686687
1779071497,2680.709352
1779071497,2985.806340
1779071497,2985.741271
1779071497,2985.580537
1779071497,2985.832054
1779071497,3293.175989
1779071497,2679.090322
1779071497,2986.408571
1779071497,2985.599413
1779071497,2986.520984
1779071497,2986.285038
1779071497,2984.996327
1779071497,2987.963585
1779071497,2682.477710
1779071497,2681.820267
1779071497,3613.072488
1779071497,2682.665380
1779071497,3600.084719
1779071497,2682.688196
1779071497,2682.622180
1779071497,2682.858038
1779071497,2983.553876
1779071497,2682.897475
1779071497,2683.235052
1779071497,3601.866168
1779071497,2677.610829
1779071497,3292.808475
1779071497,3292.718834
1779071497,2676.721869
1779071497,2982.576023
1779071497,2982.642779
1779071497,2676.338765
1779071497,2678.050779
1779071497,3293.367809
1779071497,2677.114716
1779071497,3291.891607
1779071497,2677.581576
1779071497,2674.881415
1779071497,2983.388932
1779071497,2675.033820
1779071498,3291.753263
1779071498,2676.225270
1779071498,2983.128438
1779071498,2676.181705
1779071498,2983.658549
1779071498,2983.865525
1779071498,2983.844317
1779071498,2675.776979
1779071498,2984.078578
1779071498,2984.859001
1779071498,2985.365616
1779071498,2985.776165
1779071498,2985.849231
1779071498,2985.491508
1779071498,2985.878055
1779071498,2985.889852
1779071498,2678.618849
1779071498,2678.657089
1779071498,2679.605746
1779071498,3294.711584
1779071498,2987.398269
1779071498,2986.575496
1779071498,2985.419106
1779071498,2682.263703
1779071498,2991.583260
1779071498,3292.038918
1779071498,2991.598513
1779071498,3601.612516
1779071498,2682.566223
1779071498,2991.714170
1779071498,2682.460023
1779071498,3292.519171
1779071498,2677.361654
1779071498,2986.087011
1779071498,2677.485667
1779071498,2678.607504
1779071498,2986.434525
1779071498,2677.725613
1779071498,2677.737252
1779071498,2986.509983
1779071498,3290.928729
1779071498,2676.935282
1779071498,3291.894070
1779071498,3290.740920
1779071498,2983.399971
1779071498,2675.356132
1779071498,2983.463437
1779071498,3292.300745
1779071498,2983.637667
1779071498,2675.651421
1779071498,2982.277094
1779071498,2984.162592
1779071498,2982.963983
1779071498,2983.189291
1779071498,2983.804692
1779071498,2983.753561
1779071498,2983.589990
1779071498,2675.927362
1779071498,2984.177682
1779071498,2984.521638
1779071498,2984.936369
1779071498,3293.256503
1779071498,2985.911912
1779071498,2985.641137
1779071498,2985.760041
1779071498,2986.423919
1779071498,2987.979283
1779071498,2987.017629
1779071498,2987.275735
1779071498,2987.003747
1779071498,2987.503164
1779071498,3293.837771
1779071498,2985.930451
1779071498,2991.527686
1779071498,3908.833539
1779071498,2682.625185
1779071498,3609.371888
1779071498,2682.834559
1779071498,2682.831345
1779071498,3909.992157
1779071498,2682.980050
1779071498,2677.876901
1779071498,2677.870919
1779071498,2679.072416
1779071498,3910.644245
1779071498,2677.018824
1779071498,2675.925124
1779071498,2677.205512
1779071498,2677.343272
1779071498,2675.574493
1779071498,2682.566566
1779071498,2683.949202
1779071498,2679.847764
1779071498,2678.772307
1779071498,2678.857672
1779071498,3292.530812
1779071498,2676.176745
1779071498,2984.066292
1779071498,2982.506817
1779071498,2676.310402
1779071498,3292.063278
1779071498,2984.453007
1779071498,2983.043345
1779071498,2983.082968
1779071498,2983.616732
1779071498,2983.707559
1779071498,2675.736284
1779071498,2983.212377
1779071498,3291.652255
1779071498,2984.375261
1779071498,2984.383609
1779071498,2984.658910
1779071498,2985.193166
1779071498,2985.715701
1779071498,2985.738940
1779071498,2986.393180
1779071498,2986.497512
1779071498,2987.206559
1779071498,2987.200827
1779071498,2987.287766
1779071498,3296.112641
1779071498,2987.132112
1779071498,2985.917039
1779071498,3909.258387
1779071498,3601.167376
1779071498,2682.657538
1779071498,2682.755887
1779071498,4851.149446
1779071498,3301.725517
1779071498,2682.762849
1779071498,3601.761535
1779071498,2679.255673
1779071498,2679.327994
1779071498,2683.203071
1779071498,2677.474942
1779071498,2683.530430
1779071498,2679.816016
1779071498,2678.884595
1779071498,2684.089808
1779071498,2676.896675
1779071498,2677.650910
1779071498,2684.150794
1779071498,2983.775184
1779071498,2684.272719
1779071498,2680.391315
1779071498,2675.983796
1779071498,2986.963590
1779071498,2676.243752
1779071498,2675.817210
1779071498,2679.692111
1779071498,3292.932350
1779071498,3925.013756
1779071498,2676.524035
1779071498,2983.341984
1779071498,3303.003743
1779071498,3290.901327
1779071498,2675.424223
1779071498,2984.207498
1779071498,2983.712118
1779071498,2984.313373
1779071498,2984.356673
1779071498,2984.326093
1779071498,2985.414214
1779071498,2985.641724
1779071498,2985.486746
1779071498,2986.157525
1779071498,3295.598823
1779071498,2987.167955
1779071498,3296.691140
1779071498,2986.984485
1779071498,3295.536287
1779071498,2987.942034
1779071498,2986.082905
1779071498,4230.345384
1779071498,2682.801094
1779071498,2991.400768
1779071498,3909.577621
1779071498,2682.984348
1779071498,2683.163643
1779071498,2683.185543
1779071498,2683.280837
1779071498,2683.382669
1779071498,2682.414303
1779071498,2679.899041
1779071498,2679.985659
1779071498,2683.706166
1779071498,3292.589840
1779071498,2679.054550
1779071498,2679.139843
1779071498,2679.179371
1779071498,2678.121579
1779071498,2678.330696
1779071498,3292.522423
1779071498,2678.114067
1779071498,2679.664500
1779071498,2676.851665
1779071498,2986.583343
1779071498,2985.626150
1779071498,2676.513640
1779071498,2984.000651
1779071498,2984.188154
1779071498,2676.339215
1779071498,2676.982355
1779071498,2983.421495
1779071498,2983.409903
1779071498,2983.606876
1779071498,2675.966061
1779071498,2983.314483
1779071498,2983.833933
1779071498,2983.712745
1779071498,2983.729099
1779071498,2984.233945
1779071498,2985.262098
1779071498,2985.807338
1779071498,2985.277379
1779071498,2985.814569
1779071498,2985.869659
1779071498,2987.042953
1779071498,2986.860787
1779071498,2987.922285
1779071498,2987.516957
1779071498,2988.133583
1779071498,2986.383204
1779071498,3917.133222
1779071498,3910.460561
1779071498,4232.628844
1779071498,3295.378481
1779071498,2681.959299
1779071498,2678.051640
1779071498,3601.419430
1779071498,2682.211116
1779071498,2682.044621
1779071498,2682.382816
1779071498,2682.629371
1779071498,3295.050213
1779071498,2680.096559
1779071498,2680.494902
1779071498,2682.759960
1779071498,2683.150877
1779071498,2679.316914
1779071498,2985.927293
1779071498,2992.617837
1779071498,2984.070026
1779071498,3601.276534
1779071498,2676.966491
1779071498,2984.340719
1779071498,2676.565356
1779071498,3599.483774
1779071498,2676.110530
1779071498,2676.189977
1779071498,2983.622511
1779071498,2984.593194
1779071498,2676.143066
1779071498,2678.290129
1779071498,2983.723970
1779071498,2982.859425
1779071498,2675.633773
1779071498,2983.329578
1779071498,2676.044292
1779071498,2983.576049
1779071498,2984.199221
1779071498,2983.958587
1779071498,2984.389961
1779071498,2984.949888
1779071498,2984.925216
1779071498,2985.574879
1779071498,2985.928997
1779071498,2986.211728
1779071498,2986.328807
1779071498,2987.044831
1779071498,2987.071364
1779071498,2986.915409
1779071498,2986.427102
1779071498,3294.356504
1779071498,3608.508909
1779071498,2682.354048
1779071498,3908.237472
1779071498,4218.618045
1779071498,2682.648562
1779071498,2682.692756
1779071498,2682.658513
1779071498,2682.936703
1779071498,2681.711183
1779071498,3294.052691
1779071498,3301.895743
1779071498,3291.891194
1779071498,3598.808261
1779071498,2680.757018
1779071498,3603.664754
1779071498,3292.214005
1779071498,2984.850969
1779071498,2992.766396
1779071498,3292.345458
1779071498,2677.813007
1779071498,3601.102260
1779071498,2677.183346
1779071498,2677.281719
1779071498,2985.471180
1779071498,2677.151714
1779071498,2676.412395
1779071498,2676.203269
1779071498,3291.825462
1779071498,2676.361960
1779071498,2675.722579
1779071498,2984.192051
1779071498,2676.511250
1779071498,2985.236023
1779071498,2983.443131
1779071498,2983.228398
1779071498,2983.315716
1779071498,2983.652709
1779071498,2983.853267
1779071498,2984.369272
1779071498,2984.881060
1779071498,2985.017852
1779071498,2985.428393
1779071498,2985.720473
1779071498,2986.015906
1779071498,2986.947432
1779071498,2987.010225
1779071498,2986.539671
1779071498,2987.008900
1779071498,2986.680944
1779071498,2991.343358
1779071498,3299.946192
1779071498,2681.979946
1779071498,2682.360399
1779071498,2682.568662
1779071498,2682.524242
1779071498,4219.615997
1779071498,2682.698195
1779071498,2681.561972
1779071498,2680.837182
1779071498,3300.918703
1779071498,3910.705964
1779071498,2679.970986
1779071498,2679.942314
1779071498,3294.466541
1779071498,2681.142449
1779071498,2680.286783
1779071498,2678.427842
1779071498,2678.308260
1779071498,2985.467370
1779071498,3293.269981
1779071498,2678.300319
1779071498,3601.308628
1779071498,3292.544191
1779071498,2676.223906
1779071498,2984.832163
1779071498,2984.768228
1779071498,2676.887537
1779071498,2676.520143
1779071498,2984.380183
1779071498,3599.509852
1779071498,2678.395478
1779071498,2676.961439
1779071498,2984.230856
1779071498,2983.756920
1779071498,2982.845502
1779071498,2983.105244
1779071498,2983.572335
1779071498,2983.770467
1779071498,2984.323143
1779071498,2984.671774
1779071498,2984.716450
1779071498,2985.080802
1779071498,2986.219452
1779071498,2986.482389
1779071498,2986.988340
1779071498,2987.271534
1779071498,2986.375265
1779071498,2986.981451
1779071498,2986.943963
1779071498,3603.858003
1779071498,3909.778146
1779071498,2990.478020
1779071498,3911.059998
1779071498,2990.801055
1779071498,3911.411638
1779071498,3600.518929
1779071498,3300.594496
1779071498,2677.407403
1779071498,4219.417907
1779071498,2681.181326
1779071498,2680.654590
1779071498,2680.631463
1779071498,2680.568074
1779071498,2680.293613
1779071498,4217.803633
1779071498,3603.184605
1779071498,2680.127861
1779071498,2681.234943
1779071498,2983.457855
1779071498,2679.294454
1779071498,2678.698228
1779071498,2678.153804
1779071498,2677.745547
1779071498,2677.214805
1779071498,2986.371772
1779071498,2676.697524
1779071498,2985.203237
1779071498,2676.759812
1779071498,2676.819335
1779071498,3911.272701
1779071498,2984.957311
1779071498,2677.261410
1779071498,2983.999800
1779071498,3291.514833
1779071498,2983.050028
1779071498,2983.440003
1779071498,2983.475344
1779071498,2983.927499
1779071498,2984.908236
1779071498,2984.686448
1779071498,2984.715296
1779071498,2985.231300
1779071498,2986.311250
1779071498,2678.679202
1779071498,2985.456164
1779071498,2987.118856
1779071498,2987.188714
1779071498,2986.213599
1779071498,2987.095750
1779071498,2990.230737
1779071498,2990.859800
1779071498,2681.684978
1779071498,2987.433989
1779071498,2680.453509
1779071498,4540.033324
1779071498,2681.832562
1779071498,3599.953390
1779071498,3294.366514
1779071498,3294.245070
1779071498,3908.923019
1779071498,4217.779487
1779071498,2988.901903
1779071498,2989.341554
1779071498,2988.390715
1779071498,2986.987978
1779071498,2681.892610
1779071498,2679.567183
1779071498,2680.955039
1779071498,2986.931007
1779071498,2679.332529
1779071498,3599.966462
1779071498,2678.915658
1779071498,2985.215231
1779071498,2677.952833
1779071498,2677.326471
1779071498,2676.859160
1779071498,2676.974121
1779071498,2676.932279
1779071498,2984.477984
1779071498,2678.406298
1779071498,2985.207353
1779071498,2677.304710
1779071498,2677.195290
1779071498,2983.082047
1779071498,2984.343019
1779071498,2676.849069
1779071498,2983.282751
1779071498,2984.072028
1779071498,2983.754610
1779071498,2984.732408
1779071498,2984.675249
1779071498,2985.172277
1779071498,2986.495004
1779071498,2678.589669
1779071498,2986.482483
1779071498,2985.938313
1779071498,2986.643895
1779071498,2987.058356
1779071498,2987.018330
1779071499,2990.872941
1779071499,2681.838681
1779071499,2681.731188
1779071499,3609.020970
1779071499,2682.113256
1779071499,3912.222417
1779071499,2986.522614
1779071499,3603.671088
1779071499,3294.335823
1779071499,4219.121340
1779071499,3911.511868
1779071499,3293.880614
1779071499,4219.362695
1779071499,2987.383007
1779071499,2683.168389
1779071499,2680.127409
1779071499,2679.488617
1779071499,2678.987184
1779071499,2984.453080
1779071499,2985.843531
1779071499,2677.349446
1779071499,2679.060219
1779071499,3602.315237
1779071499,2677.583879
1779071499,2677.662681
1779071499,2677.268144
1779071499,3293.724781
1779071499,2679.618323
1779071499,2984.411663
1779071499,2677.664979
1779071499,2676.954325
1779071499,2984.365798
1779071499,2983.298825
1779071499,2677.886613
1779071499,3603.480268
1779071499,2983.841138
1779071499,2678.719866
1779071499,2685.699919
1779071499,2984.187587
1779071499,2984.610311
1779071499,2983.940033
1779071499,2983.908460
1779071499,2984.737076
1779071499,2986.463987
1779071499,2986.587242
1779071499,2986.482839
1779071499,2985.915963
1779071499,2986.544176
1779071499,2986.942637
1779071499,2986.181784
1779071499,2680.961895
1779071499,2990.518643
1779071499,2681.072833
1779071499,2681.052992
1779071499,2681.057324
1779071499,2681.329344
1779071499,2681.374734
1779071499,2681.520923
1779071499,2680.505647
1779071499,3295.316412
1779071499,2680.981061
1779071499,4218.866820
1779071499,2679.367696
1779071499,2679.146279
1779071499,2678.906570
1779071499,4527.698138
1779071499,2678.025369
1779071499,2678.094771
1779071499,2678.142659
1779071499,2678.347054
1779071499,3293.543611
1779071499,2678.252750
1779071499,2678.155769
1779071499,3602.879987
1779071499,2983.901875
1779071499,2984.295129
1779071499,2677.937975
1779071499,2984.417035
1779071499,2986.222851
1779071499,2685.393401
1779071499,2984.358886
1779071499,2680.197004
1779071499,2984.796350
1779071499,2686.744194
1779071499,3301.588911
1779071499,2996.610881
1779071499,2687.520410
1779071499,2987.612578
1779071499,2986.891932
1779071499,3294.646740
1779071499,2986.857541
1779071499,3302.331269
1779071499,2689.300286
1779071499,2986.485097
1779071499,2682.886976
1779071499,2684.652167
1779071499,2986.504491
1779071499,2986.897545
1779071499,2987.324439
1779071499,2679.004178
1779071499,2991.031364
1779071499,2990.960047
1779071499,2681.627218
1779071499,2681.694571
1779071499,2991.176465
1779071499,2681.835252
1779071499,2991.241218
1779071499,2991.430272
1779071499,2682.019313
1779071499,2682.122843
1779071499,2682.307421
1779071499,3297.679920
1779071499,2989.759232
1779071499,2989.323322
1779071499,2682.793761
1779071499,2681.627229
1779071499,2681.755463
1779071499,2680.674996
1779071499,2683.398992
1779071499,2680.597281
1779071499,4217.783373
1779071499,2679.051673
1779071499,2680.338868
1779071499,3601.916125
1779071499,3295.097466
1779071499,3602.556944
1779071499,3602.606600
1779071499,3603.101652
1779071499,3909.923993
1779071499,2987.703088
1779071499,3294.458345
1779071499,2987.200331
1779071499,3294.317780
1779071499,2987.076091
1779071499,2987.548402
1779071499,2986.817381
1779071499,2989.465120
1779071499,2987.309542
1779071499,2988.326310
1779071499,2987.935970
1779071499,2988.036428
1779071499,2678.484882
1779071499,2987.274724
1779071499,2680.156474
1779071499,2679.450319
1779071499,2679.681198
1779071499,2986.869894
1779071499,2986.821804
1779071499,2987.779896
1779071499,2986.321270
1779071499,2990.700934
1779071499,3298.786149
1779071499,3916.953964
1779071499,3913.800127
1779071499,3918.236635
1779071499,3300.513471
1779071499,2991.532416
1779071499,2991.306617
1779071499,2681.809197
1779071499,2681.992951
1779071499,2682.151325
1779071499,2989.567038
1779071499,2990.900543
1779071499,2989.349969
1779071499,2989.908874
1779071499,2987.129183
1779071499,2991.162740
1779071499,3294.676010
1779071499,3299.683345
1779071499,3910.810034
1779071499,3295.593405
1779071499,3911.063758
1779071499,2986.962467
1779071499,3602.269130
1779071499,3602.403080
1779071499,3294.216667
1779071499,3602.153930
1779071499,2987.193010
1779071499,3295.291801
1779071499,3293.522370
1779071499,3295.672309
1779071499,3295.504779
1779071499,2988.521069
1779071499,2986.265062
1779071499,2987.900299
1779071499,2987.403413
1779071499,2986.935844
1779071499,2988.147154
1779071499,2986.969372
1779071499,2988.039445
1779071499,2988.317085
1779071499,2987.190247
1779071499,2988.049721
1779071499,2987.503718
1779071499,2679.283288
1779071499,2987.582203
1779071499,2986.673918
1779071499,2986.311678
1779071499,2987.242356
1779071499,2986.428859
1779071499,3299.271898
1779071499,3299.365764
1779071499,2681.753792
1779071499,3299.936048
1779071499,2681.832649
1779071499,2681.904046
1779071499,3300.099191
1779071499,2680.847672
1779071499,2682.160363
1779071499,2681.141814
1779071499,3297.068025
1779071499,2990.040688
1779071499,2681.698817
1779071499,3606.253271
1779071499,2680.513616
1779071499,3301.126810
1779071499,2989.010961
1779071499,3295.372665
1779071499,3295.354501
1779071499,2680.408421
1779071499,4218.302176
1779071499,3294.786304
1779071499,2680.107641
1779071499,3910.668540
1779071499,3294.883259
1779071499,3909.592981
1779071499,2986.527519
1779071499,2679.061610
1779071499,2987.537125
1779071499,2985.593844
1779071499,3295.171015
1779071499,3293.930302
1779071499,3605.167562
1779071499,3295.686873
1779071499,3914.023701
1779071499,3297.013049
1779071499,2989.905415
1779071499,2986.976402
1779071499,2987.639878
1779071499,2985.281561
1779071499,2987.865182
1779071499,2988.084622
1779071499,2987.505285
1779071499,2988.640880
1779071499,2987.616146
1779071499,2987.673004
1779071499,2986.644102
1779071499,2986.707222
1779071499,3294.750179
1779071499,2986.588220
1779071499,4220.531189
1779071499,2989.547843
1779071499,3609.035339
1779071499,2681.706161
1779071499,2681.862876
1779071499,2681.691665
1779071499,2990.961331
1779071499,2681.733980
1779071499,3298.057080
1779071499,2679.848764
1779071499,3298.386245
1779071499,4218.781889
1779071499,2681.463135
1779071499,2680.436600
1779071499,2678.720983
1779071499,3604.908895
1779071499,2681.699214
1779071499,2988.764462
1779071499,2988.658910
1779071499,2680.875164
1779071499,3911.503545
1779071499,2987.861235
1779071499,2679.361679
1779071499,2679.828493
1779071499,2679.774181
1779071499,2679.599678
1779071499,3297.136885
1779071499,2987.199251
1779071499,2987.954755
1779071499,2987.393357
1779071499,2988.023046
1779071499,2987.642707
1779071499,2988.094130
1779071499,2986.794334
1779071499,2987.855223
1779071499,2678.974666
1779071499,2986.740012
1779071499,3304.671206
1779071499,2988.010412
1779071499,2987.620790
1779071499,2987.742462
1779071499,3294.243237
1779071499,3295.652400
1779071499,2988.011954
1779071499,3295.936038
1779071499,3604.221747
1779071499,2986.671732
1779071499,2986.842839
1779071499,2986.191029
1779071499,2988.124376
1779071499,2989.089169
1779071499,2989.380327
1779071499,2679.976885
1779071499,3299.516885
1779071499,2680.648542
1779071499,2680.594652
1779071499,2680.685463
1779071499,3299.173442
1779071499,3300.328838
1779071499,2990.743343
1779071499,2680.850165
1779071499,2681.031555
1779071499,2681.214634
1779071499,2991.158919
1779071499,2681.390342
1779071499,2680.784385
1779071499,2680.847985
1779071499,2681.720908
1779071499,2989.281302
1779071499,2988.724671
1779071499,2989.489890
1779071499,2988.951997
1779071499,2987.865625
1779071499,2680.042705
1779071499,2679.875119
1779071499,2680.449719
1779071499,2988.069852
1779071499,2987.889427
1779071499,2987.430906
1779071499,2678.412839
1779071499,2988.309962
1779071499,2987.753277
1779071499,2987.420752
1779071499,2678.739324
1779071499,2987.326071
1779071499,2988.401807
1779071499,2987.207395
1779071499,2986.722573
1779071499,2987.976474
1779071499,2986.421386
1779071499,2987.785105
1779071499,2987.945610
1779071499,2679.220326
1779071499,2988.072676
1779071499,3294.089621
1779071499,2987.604413
1779071499,2986.705965
1779071499,2985.937928
1779071499,2986.956286
1779071499,2987.101405
1779071499,2989.797717
1779071499,2989.893910
1779071499,3607.837885
1779071499,3608.131061
1779071499,2680.961446
1779071499,2681.596426
1779071499,2681.450750
1779071499,2989.629374
1779071499,3913.172488
1779071499,3296.985496
1779071499,2681.843610
1779071499,2680.802055
1779071499,2988.842855
1779071499,2989.177213
1779071499,2987.349937
1779071499,2988.681118
1779071499,2682.511363
1779071499,2988.777801
1779071499,3914.279638
1779071499,2988.107545
1779071499,2681.785650
1779071499,2680.836845
1779071499,2987.770236
1779071499,3293.783254
1779071499,2987.783788
1779071499,2680.396491
1779071499,2988.006529
1779071499,2679.969881
1779071499,2986.279837
1779071499,2678.652163
1779071499,2986.655997
1779071499,2986.720878
1779071499,2986.260052
1779071499,2986.613312
1779071499,2986.090396
1779071499,2678.927198
1779071499,2985.623106
1779071499,2985.653893
1779071499,2987.347289
1779071499,2679.260380
1779071499,2679.015905
1779071499,2987.606122
1779071499,2986.867123
1779071499,2987.005311
1779071499,2679.336499
1779071499,2984.774236
1779071499,2987.324371
1779071499,2679.283231
1779071499,2987.131774
1779071499,2987.388803
1779071499,3298.528027
1779071499,2989.861128
1779071499,3608.389026
1779071499,2989.868728
1779071499,2680.890905
1779071499,3299.093182
1779071499,2990.283894
1779071499,2681.204216
1779071499,2990.262115
1779071499,3298.345718
1779071499,2990.545835
1779071499,3604.036377
1779071499,2988.728524
1779071499,2680.638239
1779071499,2680.925803
1779071499,3911.761003
1779071499,2680.934174
1779071499,2682.343623
1779071499,2987.610954
1779071499,3295.694338
1779071499,3295.583014
1779071499,2681.369220
1779071499,3295.938749
1779071499,3604.610043
1779071499,2987.029528
1779071499,3296.062188
1779071499,2680.003166
1779071499,2680.154349
1779071499,2986.579012
1779071499,2986.647044
1779071499,2986.797525
1779071499,2986.659155
1779071499,3294.962992
1779071499,2986.249864
1779071499,2678.420245
1779071499,2985.928576
1779071499,2679.210623
1779071499,2984.897949
1779071499,2986.446427
1779071499,2986.727797
1779071499,2679.279852
1779071499,2986.739835
1779071499,2987.038879
1779071499,2679.832315
1779071499,2987.763838
1779071499,2986.341268
1779071499,2987.140999
1779071499,2984.965810
1779071499,2986.682856
1779071499,2986.849765
1779071499,3298.601062
1779071499,3298.496067
1779071499,2988.898051
1779071499,2988.863431
1779071499,2988.967243
1779071499,2988.757725
1779071499,2989.212760
1779071499,3299.534239
1779071499,3299.429719
1779071499,2681.038577
1779071499,3298.210596
1779071499,2681.233367
1779071499,3299.490817
1779071499,3298.115681
1779071499,2681.863330
1779071499,3299.025451
1779071499,2682.020463
1779071499,2680.943955
1779071499,2680.971034
1779071499,2680.368419
1779071499,2682.314775
1779071499,2987.788923
1779071499,3296.812730
1779071499,3299.723217
1779071499,3296.748060
1779071499,2987.816623
1779071499,2987.849012
1779071499,2989.416918
1779071499,2987.041328
1779071499,2987.033608
1779071499,3296.224090
1779071499,2678.740188
1779071499,2986.138901
1779071499,2678.827820
1779071499,2985.555120
1779071499,2986.319131
1779071499,2986.882652
1779071499,2986.576003
1779071499,3295.212343
1779071499,2986.953167
1779071499,2987.347574
1779071499,2987.401660
1779071499,2987.046847
1779071499,2987.013424
1779071499,2987.015652
1779071499,2987.066062
1779071499,2984.762497
1779071499,2986.436523
1779071499,2986.854152
1779071499,2986.973879
1779071500,2989.727608
1779071500,3607.411973
1779071500,2989.996011
1779071500,2989.903561
1779071500,2989.968007
1779071500,4535.632494
1779071500,2988.679169
1779071500,3607.151160
1779071500,2681.501898
1779071500,3608.329460
1779071500,3297.491786
1779071500,2681.490466
1779071500,2989.357692
1779071500,2681.581974
1779071500,2681.974584
1779071500,2989.190319
1779071500,4219.921979
1779071500,2681.007778
1779071500,2988.416977
1779071500,2682.270907
1779071500,2681.118328
1779071500,2681.224436
1779071500,2988.153624
1779071500,2681.352426
1779071500,3294.925703
1779071500,2680.890440
1779071500,2987.212589
1779071500,2680.583801
1779071500,2986.713145
1779071500,2681.256569
1779071500,2680.096965
1779071500,2680.414060
1779071500,3294.295280
1779071500,2986.634016
1779071500,2986.744983
1779071500,2986.349187
1779071500,2986.384852
1779071500,2985.670375
1779071500,3294.375094
1779071500,3295.463120
1779071500,3293.268241
1779071500,3294.861822
1779071500,2987.356730
1779071500,2675.713873
1779071500,2676.026546
1779071500,2987.184266
1779071500,2676.381064
1779071500,2986.568357
1779071500,2986.056847
1779071500,2987.402404
1779071500,3608.081535
1779071500,2679.879326
1779071500,2990.041209
1779071500,2990.145116
1779071500,2990.067348
1779071500,2990.295658
1779071500,2990.230673
1779071500,2990.207959
1779071500,2990.763477
1779071500,4223.562595
1779071500,3294.066711
1779071500,2989.575300
1779071500,2990.936533
1779071500,2681.044966
1779071500,2989.959479
1779071500,2989.044264
1779071500,2681.555332
1779071500,2681.300226
1779071500,2680.132745
1779071500,2990.141299
1779071500,2988.907863
1779071500,2989.050135
1779071500,2682.006432
1779071500,2681.940982
1779071500,2987.090686
1779071500,3301.196900
1779071500,2680.816145
1779071500,2680.883465
1779071500,2680.130145
1779071500,2680.180149
1779071500,3294.377007
1779071500,3294.327906
1779071500,2987.665868
1779071500,2989.218598
1779071500,2678.365185
1779071500,2986.411656
1779071500,2986.487884
1779071500,2985.679980
1779071500,2986.585280
1779071500,3294.950007
1779071500,3294.612550
1779071500,2987.598148
1779071500,2986.852072
1779071500,2986.750138
1779071500,2674.882073
1779071500,2986.315320
1779071500,2675.387567
1779071500,2987.584352
1779071500,2986.839875
1779071500,2986.192840
1779071500,2990.396365
1779071500,2672.348354
1779071500,2990.381279
1779071500,2990.461131
1779071500,2990.446847
1779071500,3608.421828
1779071500,2990.559093
1779071500,2672.590478
1779071500,2672.581672
1779071500,3298.048264
1779071500,2672.603868
1779071500,2990.950926
1779071500,2672.782586
1779071500,2672.890213
1779071500,2672.974268
1779071500,2672.859690
1779071500,2672.885873
1779071500,2989.182548
1779071500,2673.069637
1779071500,2673.293753
1779071500,2673.922135
1779071500,2673.504803
1779071500,3604.684862
1779071500,2988.631028
1779071500,2985.620797
1779071500,2673.885998
1779071500,2674.834053
1779071500,2991.889456
1779071500,2982.587519
1779071500,2675.614822
1779071500,2675.751425
1779071500,2983.157573
1779071500,2983.181820
1779071500,2983.543025
1779071500,2676.140322
1779071500,2677.061444
1779071500,2989.152737
1779071500,2983.886803
1779071500,2984.244413
1779071500,2677.525314
1779071500,2676.046419
1779071500,2676.069800
1779071500,2984.606880
1779071500,2678.714958
1779071500,2994.849796
1779071500,2678.754010
1779071500,2991.685833
1779071500,2992.566081
1779071500,2986.828015
1779071500,2986.031111
1779071500,2674.123051
1779071500,2990.662254
1779071500,2990.786063
1779071500,2674.106376
1779071500,3607.765276
1779071500,2990.653522
1779071500,2675.803853
1779071500,3298.441281
1779071500,2674.907774
1779071500,2675.191846
1779071500,2675.595319
1779071500,2990.996812
1779071500,2988.939198
1779071500,3296.312059
1779071500,3608.842851
1779071500,2675.733319
1779071500,2676.049712
1779071500,3297.536920
1779071500,2677.313445
1779071500,3297.661756
1779071500,2989.615919
1779071500,2988.377044
1779071500,2987.220737
1779071500,2987.126909
1779071500,3296.002802
1779071500,2681.013873
1779071500,2681.511515
1779071500,2682.841212
1779071500,2683.668308
1779071500,2994.879033
1779071500,2987.890966
1779071500,2683.450422
1779071500,2684.297788
1779071500,3001.398238
1779071500,2685.273315
1779071500,2989.323122
1779071500,2682.152897
1779071500,2999.639407
1779071500,2685.140126
1779071500,2686.108779
1779071500,2991.163961
1779071500,2995.763104
1779071500,2990.603769
1779071500,2686.457019
1779071500,2991.832800
1779071500,2686.888434
1779071500,3001.163809
1779071500,2686.191433
1779071500,2687.160047
1779071500,2686.669114
1779071500,2681.474630
1779071500,2989.575093
1779071500,2680.671452
1779071500,2682.059915
1779071500,2680.956291
1779071500,2990.004131
1779071500,2990.057619
1779071500,2681.737763
1779071500,2990.532376
1779071500,2681.959855
1779071500,2681.985957
1779071500,2682.260549
1779071500,2991.125235
1779071500,2991.248206
1779071500,3300.208661
1779071500,3608.313202
1779071500,2683.178157
1779071500,2683.761247
1779071500,2996.355108
1779071500,2997.607709
1779071500,3614.725763
1779071500,2688.288413
1779071500,3304.432686
1779071500,2997.072318
1779071500,3303.926222
1779071500,2688.794639
1779071500,3304.057721
1779071500,3304.120241
1779071500,2688.830173
1779071500,2996.996220
1779071500,2995.705616
1779071500,2996.767475
1779071500,2996.283334
1779071500,3303.302731
1779071500,2996.333853
1779071500,2687.733399
1779071500,2687.870586
1779071500,2995.662702
1779071500,2683.662126
1779071500,2683.711657
1779071500,2687.652659
1779071500,2990.685275
1779071500,2990.894482
1779071500,3303.062133
1779071500,2683.171930
1779071500,2683.443287
1779071500,2683.510980
1779071500,2683.201422
1779071500,2991.660089
1779071500,2991.669943
1779071500,2981.004108
1779071500,2981.069853
1779071500,2981.119422
1779071500,2981.498148
1779071500,3299.110440
1779071500,2981.396367
1779071500,2981.544006
1779071500,2981.912689
1779071500,2681.715398
1779071500,3300.263116
1779071500,2982.292182
1779071500,3300.798250
1779071500,2682.333014
1779071500,3300.771698
1779071500,3915.288123
1779071500,3607.343741
1779071500,3608.601158
1779071500,3606.882306
1779071500,3304.202691
1779071500,3307.140555
1779071500,3306.141937
1779071500,3303.867752
1779071500,3305.836860
1779071500,3305.430722
1779071500,2989.392756
1779071500,2990.034945
1779071500,2989.930663
1779071500,3305.458728
1779071500,3305.092566
1779071500,3303.426825
1779071500,3612.065624
1779071500,3304.125932
1779071500,2990.560123
1779071500,2990.713241
1779071500,2991.396217
1779071500,2991.975109
1779071500,2991.719685
1779071500,2991.763157
1779071500,2688.133856
1779071500,2991.952751
1779071500,3299.597882
1779071500,2991.502000
1779071500,2993.003215
1779071500,2991.941041
1779071500,2684.115589
1779071500,2992.518650
1779071500,3299.703617
1779071500,2992.149276
1779071500,2683.577646
1779071500,2992.526126
1779071500,3607.219468
1779071500,2680.507402
1779071500,2680.467763
1779071500,2982.845269
1779071500,2982.912599
1779071500,3299.670011
1779071500,3299.398801
1779071500,2983.198312
1779071500,3607.895318
1779071500,2983.342380
1779071500,2984.909760
1779071500,2983.609335
1779071500,3607.705879
1779071500,3300.734836
1779071500,3608.787709
1779071500,2984.278298
1779071500,3606.209321
1779071500,2985.029909
1779071500,2989.337832
1779071500,3304.714621
1779071500,3613.604316
1779071500,2687.099037
1779071500,3305.326380
1779071500,3921.126746
1779071500,2990.854210
1779071500,2686.249907
1779071500,3920.043227
1779071500,2991.220836
1779071500,2688.125934
1779071500,2991.796454
1779071500,2687.336274
1779071500,3303.796862
1779071500,3303.232657
1779071500,3303.289976
1779071500,2991.840218
1779071500,2685.341314
1779071500,2687.140286
1779071500,3299.418826
1779071500,2993.312537
1779071500,3610.584175
1779071500,3304.967890
1779071500,2991.399786
1779071500,2684.188535
1779071500,2684.280349
1779071500,2991.692760
1779071500,2989.852685
1779071500,2989.752570
1779071500,2991.585749
1779071500,2989.769798
1779071500,2989.972879
1779071500,3297.981415
1779071500,2989.496388
1779071500,2989.128178
1779071500,2989.468042
1779071500,2680.581563
1779071500,3298.679172
1779071500,3298.569877
1779071500,4225.478808
1779071500,2989.889482
1779071500,3298.836109
1779071500,2681.146803
1779071500,2681.182099
1779071500,2990.524082
1779071500,2681.536131
1779071500,3299.765949
1779071500,3608.526179
1779071500,2989.817061
1779071500,2990.552709
1779071500,2994.674257
1779071500,2994.936625
1779071500,2995.295991
1779071500,2995.426492
1779071500,2995.851714
1779071500,3919.580999
1779071500,2687.158188
1779071500,2996.580351
1779071500,2996.158762
1779071500,2995.379178
1779071500,2996.113496
1779071500,2995.566208
1779071500,3302.933841
1779071500,2687.097747
1779071500,3306.533058
1779071500,2994.815682
1779071500,2686.897480
1779071500,3299.424070
1779071500,3307.896409
1779071500,3299.547396
1779071500,2991.614095
1779071500,2990.474181
1779071500,3298.941933
1779071500,3310.145655
1779071500,3607.350657
1779071500,2684.634361
1779071500,3310.862627
1779071500,3300.051150
1779071500,2991.789780
1779071500,2991.477774
1779071500,3300.294998
1779071500,3301.737537
1779071500,2989.318807
1779071500,2989.471566
1779071500,2989.534654
1779071500,2989.515916
1779071500,2989.555586
1779071500,2679.491365
1779071500,2989.524136
1779071500,2679.546230
1779071500,4225.263075
1779071500,2989.855905
1779071500,2990.055057
1779071500,2679.633305
1779071500,2990.179877
1779071500,2990.331264
1779071500,2989.367244
1779071500,2990.641440
1779071500,2989.527240
1779071500,2990.415237
1779071500,2993.973861
1779071500,2994.303738
1779071500,2994.885094
1779071500,2995.213827
1779071500,2995.990730
1779071500,2995.919005
1779071500,2996.471301
1779071500,2996.530847
1779071500,2996.110267
1779071500,2994.981772
1779071500,2996.432849
1779071500,2996.619201
1779071500,2995.699089
1779071500,2688.555593
1779071500,2688.874322
1779071500,2996.964087
1779071500,2997.279206
1779071500,2996.598895
1779071500,2992.009758
1779071500,2996.458766
1779071500,3299.970654
1779071500,2992.267868
1779071500,2992.880311
1779071500,2992.448104
1779071500,3608.376690
1779071500,2991.196882
1779071500,2682.375392
1779071500,2992.085646
1779071500,2991.718177
1779071500,2991.783210
1779071500,3299.645464
1779071500,2991.423663
1779071500,2679.377063
1779071500,3608.384614
1779071500,2679.612084
1779071500,2679.391275
1779071500,2679.585333
1779071500,2679.580486
1779071500,2679.536511
1779071500,2989.321339
1779071500,2989.433140
1779071500,2989.319085
1779071500,2989.512488
1779071500,2680.237938
1779071500,2679.997732
1779071500,2989.729324
1779071500,2988.813405
1779071500,2989.942404
1779071500,2680.645530
1779071500,2989.503836
1779071500,2993.292400
1779071500,2683.906493
1779071500,2994.096580
1779071500,2994.345845
1779071500,2994.998009
1779071500,2995.160072
1779071500,2995.408327
1779071500,3298.987185
1779071500,2995.687013
1779071500,2994.917341
1779071500,3299.359047
1779071500,2995.168298
1779071500,3612.198975
1779071500,2687.111015
1779071500,2994.336968
1779071500,2994.941339
1779071500,3617.835301
1779071500,2992.271840
1779071500,2994.060791
1779071500,3918.692057
1779071500,2686.701884
1779071500,2686.522676
1779071500,3298.858277
1779071500,2990.501764
1779071500,2684.578728
1779071500,3300.022099
1779071500,2682.728797
1779071500,2991.056387
1779071500,2991.533395
1779071500,2990.586990
1779071500,2991.829828
1779071500,2990.687993
1779071501,3298.805821
1779071501,2990.063319
1779071501,2679.993022
1779071501,2989.990492
1779071501,2680.163328
1779071501,2989.862604
1779071501,2989.950184
1779071501,2680.181373
1779071501,2680.183131
1779071501,2680.329775
1779071501,2680.299233
1779071501,2680.604520
1779071501,2989.257194
1779071501,2989.484671
1779071501,2990.797497
1779071501,2680.975899
1779071501,2989.457117
1779071501,2989.498804
1779071501,2993.478644
1779071501,2993.382288
1779071501,3303.138929
1779071501,2994.395180
1779071501,2995.210521
1779071501,2995.422452
1779071501,2995.627245
1779071501,2995.686646
1779071501,2994.925090
1779071501,2994.764099
1779071501,3610.919834
1779071501,3297.990184
1779071501,2994.508036
1779071501,2686.285094
1779071501,2995.353235
1779071501,2995.394735
1779071501,2994.565236
1779071501,2686.817571
1779071501,2993.896152
1779071501,2686.089014
1779071501,2686.841413
1779071501,2992.577355
1779071501,2993.019587
1779071501,2990.391826
1779071501,3299.589202
1779071501,2990.684243
1779071501,2685.115467
1779071501,2990.948291
1779071501,2991.059407
1779071501,2990.436468
1779071501,2989.319030
1779071501,2681.652175
1779071501,2680.596993
1779071501,2988.979241
1779071501,2987.922944
1779071501,2987.967464
1779071501,2680.813546
1779071501,2680.876246
1779071501,2989.485863
1779071501,4225.452653
1779071501,2988.182237
1779071501,2681.108910
1779071501,2682.381025
1779071501,2682.352737
1779071501,2681.311628
1779071501,2989.976902
1779071501,2988.734025
1779071501,2681.610515
1779071501,2681.674805
1779071501,2681.764117
1779071501,2993.122887
1779071501,2993.335793
1779071501,2993.566314
1779071501,2994.433685
1779071501,2994.826226
1779071501,2995.352500
1779071501,2685.608690
1779071501,2995.402070
1779071501,2995.821079
1779071501,2994.730843
1779071501,3303.492881
1779071501,3304.235829
1779071501,2996.345170
1779071501,2686.675872
1779071501,2994.696994
1779071501,2995.052128
1779071501,2993.917382
1779071501,2995.065391
1779071501,2993.602809
1779071501,2992.382812
1779071501,2993.207251
1779071501,2686.093405
1779071501,2991.831432
1779071501,2992.695793
1779071501,2992.826323
1779071501,3299.373701
1779071501,2990.411287
1779071501,2990.293455
1779071501,2990.333059
1779071501,2991.071805
1779071501,2991.170843
1779071501,2989.920685
1779071501,3299.015655
1779071501,2989.564495
1779071501,3299.430313
1779071501,2682.174121
1779071501,2682.167419
1779071501,2682.119881
1779071501,2682.272752
1779071501,2990.495206
1779071501,2682.192660
1779071501,2682.295817
1779071501,2682.584593
1779071501,3300.178566
1779071501,2682.751198
1779071501,2681.427812
1779071501,2681.394482
1779071501,2681.409967
1779071501,2683.159248
1779071501,2682.015805
1779071501,3604.831825
1779071501,2991.489967
1779071501,2992.273606
1779071501,2992.580330
1779071501,2993.260166
1779071501,2993.204047
1779071501,2993.911437
1779071501,2993.983404
1779071501,2684.830802
1779071501,2994.538019
1779071501,2994.653555
1779071501,2994.462314
1779071501,2994.931660
1779071501,2994.803560
1779071501,2994.971072
1779071501,2994.665649
1779071501,2995.376077
1779071501,3299.740596
1779071501,2687.229600
1779071501,2991.716840
1779071501,2993.812914
1779071501,2994.062603
1779071501,2992.786195
1779071501,3298.955285
1779071501,2992.169286
1779071501,2685.615732
1779071501,2990.479603
1779071501,2990.929768
1779071501,2990.941593
1779071501,2989.242873
1779071501,2990.508852
1779071501,2990.025149
1779071501,3299.850035
1779071501,3299.808074
1779071501,2681.943164
1779071501,2682.184743
1779071501,2989.096047
1779071501,4534.794999
1779071501,3300.196467
1779071501,2682.616378
1779071501,3609.325958
1779071501,2681.483000
1779071501,3299.146802
1779071501,2990.536132
1779071501,2682.794865
1779071501,2681.644834
1779071501,2681.791903
1779071501,2682.125188
1779071501,2683.139181
1779071501,2990.472646
1779071501,2990.883323
1779071501,2991.778696
1779071501,2992.163535
1779071501,2992.188652
1779071501,2993.317246
1779071501,2993.528518
1779071501,2993.056819
1779071501,2993.761038
1779071501,2994.062391
1779071501,2993.838783
1779071501,2994.411491
1779071501,2994.698646
1779071501,3302.125839
1779071501,3299.067030
1779071501,2995.556340
1779071501,2995.850890
1779071501,2995.076527
1779071501,3300.566304
1779071501,3301.619770
1779071501,2993.340336
1779071501,2993.877627
1779071501,2993.069734
1779071501,3299.627690
1779071501,2684.737948
1779071501,2990.668485
1779071501,2992.268644
1779071501,2684.894774
1779071501,2990.987022
1779071501,2991.183599
1779071501,2991.095046
1779071501,3299.170086
1779071501,2990.026947
1779071501,3298.630525
1779071501,3608.717419
1779071501,2680.417443
1779071501,2682.082815
1779071501,2682.009137
1779071501,2682.299555
1779071501,2681.006470
1779071501,2682.635282
1779071501,2682.659244
1779071501,2682.671764
1779071501,2682.805074
1779071501,3299.655680
1779071501,3299.558251
1779071501,2991.110566
1779071501,2681.988040
1779071501,2681.880042
1779071501,2991.007760
1779071501,2991.262091
1779071501,2991.334589
1779071501,2991.621351
1779071501,2992.171814
1779071501,3301.901395
1779071501,2992.517506
1779071501,2993.319683
1779071501,2685.255271
1779071501,2993.391848
1779071501,2993.595580
1779071501,2993.767814
1779071501,2993.741279
1779071501,3301.826719
1779071501,2685.422264
1779071501,2994.444444
1779071501,2994.637285
1779071501,2994.808355
1779071501,2686.032022
1779071501,2994.187455
1779071501,2993.989803
1779071501,3299.639601
1779071501,2993.877758
1779071501,2991.961701
1779071501,2993.094433
1779071501,2991.718401
1779071501,2992.866319
1779071501,2990.974303
1779071501,2990.870070
1779071501,2991.204607
1779071501,2991.193300
1779071501,2990.695862
1779071501,2990.061701
1779071501,2990.155768
1779071501,2681.553870
1779071501,3608.692075
1779071501,4227.807034
1779071501,3608.615352
1779071501,2681.678975
1779071501,2681.754301
1779071501,2989.745949
1779071501,3299.491833
1779071501,2682.039580
1779071501,2682.078454
1779071501,2682.385475
1779071501,2682.189564
1779071501,3609.293930
1779071501,2990.729689
1779071501,2682.633505
1779071501,2683.283201
1779071501,2682.632769
1779071501,2991.882994
1779071501,2992.534739
1779071501,2992.383855
1779071501,2992.761546
1779071501,2993.308078
1779071501,2993.516738
1779071501,2993.679354
1779071501,2993.149459
1779071501,3609.784129
1779071501,2993.457810
1779071501,2993.716728
1779071501,2994.223274
1779071501,2994.257269
1779071501,2994.897473
1779071501,2994.430195
1779071501,2993.910090
1779071501,2995.375846
1779071501,2686.091943
1779071501,2686.427684
1779071501,2993.967620
1779071501,2994.604606
1779071501,3607.035855
1779071501,2687.740897
1779071501,2992.208295
1779071501,2992.277434
1779071501,2991.370337
1779071501,2991.052366
1779071501,2989.113141
1779071501,2991.406503
1779071501,2990.583329
1779071501,2990.917370
1779071501,2991.041333
1779071501,2990.396739
1779071501,2681.898675
1779071501,3298.891235
1779071501,2991.150449
1779071501,2682.573773
1779071501,2682.526053
1779071501,3299.133506
1779071501,2682.765326
1779071501,2683.016965
1779071501,2680.692549
1779071501,2680.781223
1779071501,2681.884263
1779071501,2990.781982
1779071501,2680.975325
1779071501,3298.759546
1779071501,2990.938096
1779071501,2991.236421
1779071501,2993.038785
1779071501,2993.406483
1779071501,2684.868849
1779071501,2684.765656
1779071501,2993.600198
1779071501,2993.636072
1779071501,2684.674855
1779071501,2683.934863
1779071501,2992.786171
1779071501,2992.695019
1779071501,2992.973533
1779071501,2685.492838
1779071501,2993.378051
1779071501,2685.965670
1779071501,2993.675869
1779071501,2994.628275
1779071501,2687.006709
1779071501,2994.952848
1779071501,2994.693545
1779071501,2994.025936
1779071501,2994.603072
1779071501,2993.499822
1779071501,2994.213481
1779071501,3300.157030
1779071501,2993.333775
1779071501,3297.859050
1779071501,2991.333758
1779071501,2990.951596
1779071501,2991.294821
1779071501,2989.740436
1779071501,2989.748705
1779071501,2989.572439
1779071501,2990.334707
1779071501,2990.197879
1779071501,3917.992731
1779071501,3298.926358
1779071501,3607.928822
1779071501,3607.883599
1779071501,3607.859269
1779071501,2682.861979
1779071501,2681.981585
1779071501,3300.624912
1779071501,2682.355285
1779071501,2682.232636
1779071501,2682.440818
1779071501,2682.589723
1779071501,2682.486417
1779071501,2990.478282
1779071501,2990.906298
1779071501,2991.185975
1779071501,2992.593535
1779071501,2992.616620
1779071501,2992.756906
1779071501,2993.022846
1779071501,2992.954316
1779071501,2992.905982
1779071501,2683.521278
1779071501,3301.274321
1779071501,2992.455341
1779071501,2992.502423
1779071501,2992.767427
1779071501,2993.155282
1779071501,2684.239725
1779071501,3301.183568
1779071501,2993.394283
1779071501,2993.486857
1779071501,3302.894687
1779071501,2685.769604
1779071501,2994.508595
1779071501,2994.517834
1779071501,2994.314547
1779071501,2993.990679
1779071501,2685.554450
1779071501,2993.249914
1779071501,2992.565439
1779071501,2992.745270
1779071501,2992.391201
1779071501,2991.487612
1779071501,2683.489548
1779071501,2989.754229
1779071501,2989.830437
1779071501,2990.180229
1779071501,2989.631706
1779071501,2990.233778
1779071501,2989.735699
1779071501,2681.389435
1779071501,2989.860474
1779071501,3917.221210
1779071501,3607.576790
1779071501,3917.550260
1779071501,3607.938064
1779071501,2990.703828
1779071501,2990.597737
1779071501,2682.098050
1779071501,2990.885014
1779071501,2682.307458
1779071501,2682.399793
1779071501,2681.157347
1779071501,2681.267619
1779071501,2990.843969
1779071501,2992.041621
1779071501,2992.189478
1779071501,3301.430185
1779071501,2682.334986
1779071501,3610.752934
1779071501,2683.548827
1779071501,2992.410179
1779071501,3301.235355
1779071501,2992.223631
1779071501,2992.282044
1779071501,2992.640939
1779071501,2682.552209
1779071501,2993.012554
1779071501,2993.105837
1779071501,2683.830465
1779071501,2993.276548
1779071501,2993.810393
1779071501,2994.011160
1779071501,3915.823755
1779071501,3301.154962
1779071501,2994.586433
1779071501,2994.154352
1779071501,2993.892703
1779071501,2993.158620
1779071501,2992.661551
1779071501,2992.941995
1779071501,2681.957769
1779071501,2989.727569
1779071501,2990.964935
1779071501,2991.888428
1779071501,2991.124153
1779071501,2989.637481
1779071501,2990.163151
1779071501,2990.535625
1779071502,2680.527231
1779071502,2990.948454
1779071502,3299.710696
1779071502,2680.555341
1779071502,2991.105563
1779071502,2680.438842
1779071502,3916.269040
1779071502,2990.973050
1779071502,2681.119129
1779071502,2681.348259
1779071502,2681.356265
1779071502,3607.334058
1779071502,2989.530883
1779071502,2989.478104
1779071502,2681.472740
1779071502,2990.888699
1779071502,2992.307539
1779071502,2992.286234
1779071502,2991.710878
1779071502,3301.196979
1779071502,2683.611564
1779071502,2682.697385
1779071502,2682.747495
1779071502,2993.066095
1779071502,3301.096412
1779071502,3302.234487
1779071502,3301.335268
1779071502,3301.615421
1779071502,2992.898189
1779071502,2992.758674
1779071502,2994.147569
1779071502,2682.891976
1779071502,3302.668189
1779071502,2993.998294
1779071502,2994.117537
1779071502,2993.884956
1779071502,2994.422963
1779071502,2994.473528
1779071502,2993.779857
1779071502,2993.273245
1779071502,2993.552415
1779071502,2992.962922
1779071502,2992.344433
1779071502,2991.658059
1779071502,2990.925601
1779071502,2989.842599
1779071502,2991.019247
1779071502,2990.047021
1779071502,2989.448156
1779071502,2990.156954
1779071502,2681.901410
1779071502,2990.770295
1779071502,2991.782004
1779071502,2682.108608
1779071502,2682.285832
1779071502,2682.305616
1779071502,2682.187625
1779071502,2682.339370
1779071502,2682.269290
1779071502,2990.970556
1779071502,2681.113923
1779071502,3299.354536
1779071502,3300.597495
1779071502,2990.115802
1779071502,2990.113623
1779071502,2990.629360
1779071502,2991.412510
1779071502,2991.531770
1779071502,2683.127281
1779071502,2683.052227
1779071502,3301.107255
1779071502,2991.749892
1779071502,2991.855977
1779071502,2992.066829
1779071502,2992.230067
1779071502,2992.359034
1779071502,2992.524301
1779071502,3301.155613
1779071502,2992.222120
1779071502,2992.222892
1779071502,2992.484957
1779071502,3301.444402
1779071502,2993.568136
1779071502,2993.474225
1779071502,2994.162879
1779071502,2682.825555
1779071502,2993.626198
1779071502,2993.553513
1779071502,3301.953162
1779071502,2993.263170
1779071502,2993.311373
1779071502,2993.132781
1779071502,2992.541402
1779071502,2988.659221
1779071502,3299.617784
1779071502,2991.184006
1779071502,2990.584999
1779071502,2682.842727
1779071502,2682.940994
1779071502,2990.287283
1779071502,2990.797382
1779071502,3916.898950
1779071502,3916.903828
1779071502,2991.005835
1779071502,2991.202944
1779071502,2989.827818
1779071502,2991.190669
1779071502,2682.365798
1779071502,2681.233186
1779071502,2681.362495
1779071502,2682.558205
1779071502,2681.485808
1779071502,2682.918208
1779071502,2682.789514
1779071502,2990.364454
1779071502,2681.881739
1779071502,2990.198546
1779071502,2990.254613
1779071502,2682.622693
1779071502,3300.361305
1779071502,3300.357451
1779071502,3300.529945
1779071502,2990.760118
1779071502,2682.129576
1779071502,2990.661782
1779071502,2991.008535
1779071502,2682.609795
1779071502,2990.453478
1779071502,2682.574629
1779071502,2990.245566
1779071502,2990.205312
1779071502,2682.966953
1779071502,2989.479076
1779071502,2990.767947
1779071502,2990.308697
1779071502,2991.489272
1779071502,2683.234919
1779071502,2990.440755
1779071502,2989.432376
1779071502,2989.508287
1779071502,2681.470077
1779071502,3300.447597
1779071502,2990.092756
1779071502,2989.995357
1779071502,2990.711700
1779071502,2989.149947
1779071502,2990.565376
1779071502,2989.501611
1779071502,2988.633310
1779071502,2990.097535
1779071502,2680.743375
1779071502,3916.142730
1779071502,3607.169895
1779071502,2989.684948
1779071502,2681.429146
1779071502,2990.189051
1779071502,2682.886899
1779071502,3299.228232
1779071502,2681.589697
1779071502,2681.795952
1779071502,2681.832989
1779071502,2681.871949
1779071502,2683.312833
1779071502,3298.829028
1779071502,2990.796253
1779071502,2682.256449
1779071502,3608.193777
1779071502,2990.329533
1779071502,2683.001029
1779071502,2990.444136
1779071502,3300.539209
1779071502,2682.354661
1779071502,2990.843497
1779071502,2682.024117
1779071502,2990.812337
1779071502,2682.506811
1779071502,2990.969996
1779071502,2682.526213
1779071502,2682.278297
1779071502,2682.837140
1779071502,2990.153529
1779071502,2990.133523
1779071502,2990.919828
1779071502,2988.520416
1779071502,2990.634750
1779071502,2990.637582
1779071502,2990.632476
1779071502,2990.256724
1779071502,2990.493899
1779071502,2989.248957
1779071502,2681.293841
1779071502,2990.318837
1779071502,2990.588072
1779071502,2990.056044
1779071502,2990.214386
1779071502,2990.178094
1779071502,2989.461766
1779071502,2683.025723
1779071502,2681.369362
1779071502,2990.086819
1779071502,4225.100148
1779071502,2681.363945
1779071502,4225.249987
1779071502,3300.348417
1779071502,3917.713142
1779071502,2681.629335
1779071502,3299.844325
1779071502,2990.048155
1779071502,2682.118731
1779071502,3918.535570
1779071502,2682.260485
1779071502,3917.734265
1779071502,2990.383101
1779071502,3300.192933
1779071502,2682.448315
1779071502,2681.584864
1779071502,3299.647912
1779071502,2990.938042
1779071502,3299.718508
1779071502,2681.973973
1779071502,2991.249659
1779071502,2990.626529
1779071502,2990.648511
1779071502,2990.983419
1779071502,2682.170944
1779071502,2991.109817
1779071502,2990.686068
1779071502,2990.239113
1779071502,2990.902651
1779071502,2990.707268
1779071502,2990.233406
1779071502,2990.381932
1779071502,2989.741398
1779071502,3301.315804
1779071502,2682.818337
1779071502,2990.674308
1779071502,2991.382191
1779071502,2990.174612
1779071502,2989.089223
1779071502,2989.196422
1779071502,2989.268627
1779071502,2990.391526
1779071502,2990.386017
1779071502,3298.688632
1779071502,2682.438562
1779071502,3297.139062
1779071502,2989.134453
1779071502,2987.984684
1779071502,2989.581623
1779071502,2989.957331
1779071502,2681.669259
1779071502,3298.642155
1779071502,2683.014143
1779071502,2683.098420
1779071502,3608.318887
1779071502,2683.199853
1779071502,2683.214657
1779071502,2682.204037
1779071502,2682.297934
1779071502,2683.466360
1779071502,2682.396431
1779071502,2682.304386
1779071502,2991.989265
1779071502,2682.678503
1779071502,2681.395964
1779071502,2682.817802
1779071502,3298.789709
1779071502,2681.696136
1779071502,2681.760462
1779071502,2681.800913
1779071502,2990.305340
1779071502,2991.332750
1779071502,2682.012965
1779071502,2681.956592
1779071502,3298.892220
1779071502,3608.858196
1779071502,2990.788952
1779071502,2990.835361
1779071502,2990.225968
1779071502,3298.524818
1779071502,2990.426404
1779071502,2990.268967
1779071502,3297.109602
1779071502,2990.606506
1779071502,2990.863668
1779071502,2990.900784
1779071502,2990.541735
1779071502,2682.906264
1779071502,2989.178318
1779071502,2989.024572
1779071502,2683.637564
1779071502,2988.497288
1779071502,2990.386409
1779071502,2988.996312
1779071502,2990.610446
1779071502,2990.687598
1779071502,2989.306110
1779071502,2988.943999
1779071502,2988.217728
1779071502,2990.003121
1779071502,3298.306188
1779071502,2681.669898
1779071502,2682.626734
1779071502,2990.167470
1779071502,2989.559138
1779071502,2990.363441
1779071502,2683.217326
1779071502,2683.091735
1779071502,2682.350916
1779071502,2682.306443
1779071502,2682.510383
1779071502,2682.568539
1779071502,4845.529648
1779071502,4226.511567
1779071502,2681.661260
1779071502,2683.187485
1779071502,2990.303644
1779071502,2681.945513
1779071502,2991.093184
1779071502,2684.549172
1779071502,3299.386879
1779071502,2682.258831
1779071502,3299.280906
1779071502,3298.656547
1779071502,3298.293643
1779071502,2682.480551
1779071502,2682.892628
1779071502,2990.496925
1779071502,2682.683798
1779071502,2990.447668
1779071502,2990.001348
1779071502,2682.647371
1779071502,2990.049314
1779071502,2990.082213
1779071502,2991.377129
1779071502,2991.121047
1779071502,2990.614356
1779071502,2989.145884
1779071502,2989.059419
1779071502,3297.349278
1779071502,2991.659609
1779071502,2988.154484
1779071502,2990.251464
1779071502,3296.666708
1779071502,2989.106679
1779071502,2990.410790
1779071502,2989.286276
1779071502,3295.990513
1779071502,2988.021955
1779071502,2989.554726
1779071502,2681.684025
1779071502,3299.562790
1779071502,2681.454723
1779071502,2991.725556
1779071502,3299.780581
1779071502,3298.377591
1779071502,2990.619047
1779071502,2990.563229
1779071502,2681.916355
1779071502,2680.706880
1779071502,2682.214351
1779071502,2682.396541
1779071502,2682.084136
1779071502,2681.871561
1779071502,3300.166135
1779071502,2990.572287
1779071502,2681.913752
1779071502,2990.226596
1779071502,2990.577720
1779071502,2991.380311
1779071502,2990.525259
1779071502,2990.314196
1779071502,2683.606178
1779071502,2991.105053
1779071502,2990.801583
1779071502,3298.930069
1779071502,2682.871659
1779071502,2996.275601
1779071502,2989.338469
1779071502,2994.108853
1779071502,2686.539585
1779071502,2686.656479
1779071502,2989.438013
1779071502,2685.316202
1779071502,2988.510888
1779071502,2687.206005
1779071502,2685.632185
1779071502,2994.942470
1779071502,2682.114300
1779071502,2990.400021
1779071502,2995.113009
1779071502,2686.569531
1779071502,2989.041325
1779071502,2686.623233
1779071502,2988.107735
1779071502,2990.060976
1779071502,2994.103978
1779071502,2992.236711
1779071502,2992.739890
1779071502,2990.350705
1779071502,3299.741634
1779071502,4225.467774
1779071502,4534.931913
1779071502,3298.545778
1779071502,2682.770130
1779071502,3917.050204
1779071502,3607.436469
1779071502,2683.193988
1779071502,3300.642928
1779071502,3299.612558
1779071502,2683.213559
1779071502,2683.240524
1779071502,2990.491381
1779071502,2682.148141
1779071502,3300.367946
1779071502,2682.578256
1779071502,2991.271008
1779071502,2682.760044
1779071502,2991.804581
1779071502,3608.824240
1779071502,3300.854516
1779071502,2684.138168
1779071502,2993.153813
1779071502,2992.328989
1779071502,2993.156040
1779071502,2684.131319
1779071502,2683.829296
1779071502,2993.179056
1779071502,2993.016312
1779071502,2686.648519
1779071502,2684.775714
1779071502,3300.426193
1779071502,2684.051477
1779071502,2992.618280
1779071502,2994.139195
1779071502,2993.544875
1779071502,2991.370588
1779071502,2990.720029
1779071502,2688.010280
1779071502,2993.987903
1779071502,2991.017352
1779071502,2991.283659
1779071502,2991.162460
1779071502,2990.487663
1779071502,2683.459310
1779071502,2684.094077
1779071502,2684.932789
1779071502,2988.952306
1779071502,2991.523040
1779071502,2990.236374
1779071502,2681.367752
1779071502,2681.457290
1779071502,3298.216893
1779071502,2681.581248
1779071502,2681.685950
1779071502,2681.751807
1779071502,2989.993757
1779071502,4535.082666
1779071502,2682.268717
1779071502,2992.464766
1779071502,2682.764303
1779071502,2682.937826
1779071502,2681.759600
1779071502,2683.214471
1779071502,2681.863358
1779071502,2991.526974
1779071502,2682.326274
1779071502,2991.703557
1779071502,2991.780857
1779071502,3300.623863
1779071502,3609.592893
1779071502,2684.039630
1779071502,2684.102555
1779071502,2683.908908
1779071502,2684.388626
1779071502,2683.952437
1779071502,2684.339553
1779071502,2684.659587
1779071502,2684.386081
1779071502,2683.890154
1779071502,2993.572781
1779071502,2993.174389
1779071502,2990.730917
1779071502,2992.362101
1779071502,2684.347317
1779071502,2685.461108
1779071502,2992.807258
1779071502,2685.530554
1779071502,2992.993367
1779071502,2990.963821
1779071502,2683.524705
1779071502,2990.991791
1779071502,2683.615803
1779071502,2683.626749
1779071502,2683.333216
1779071502,2990.505121
1779071502,2683.151473
1779071502,2990.979532
1779071502,2989.427930
1779071502,2989.273820
1779071503,2989.753568
1779071503,2990.403023
1779071503,2990.292684
1779071503,2990.441250
1779071503,2680.474750
1779071503,2680.600380
1779071503,2990.427864
1779071503,3298.337118
1779071503,3298.550694
1779071503,3300.154126
1779071503,3299.309881
1779071503,2681.721593
1779071503,3299.562024
1779071503,2682.123998
1779071503,2681.959343
1779071503,2990.671617
1779071503,2682.019232
1779071503,2991.157827
1779071503,2991.148503
1779071503,2682.973751
1779071503,2682.339424
1779071503,2992.442449
1779071503,3301.076822
1779071503,2992.739766
1779071503,2682.663837
1779071503,3609.971950
1779071503,2680.675022
1779071503,2991.635371
1779071503,2683.343216
1779071503,2993.348440
1779071503,2993.089871
1779071503,3301.554498
1779071503,2992.644882
1779071503,2992.827874
1779071503,2992.781455
1779071503,2990.947355
1779071503,2992.720210
1779071503,2684.392981
1779071503,2992.985707
1779071503,2991.905857
1779071503,2989.581319
1779071503,2991.403875
1779071503,2679.460840
1779071503,3607.230745
1779071503,2990.493033
1779071503,2991.766618
1779071503,2990.595455
1779071503,2991.041726
1779071503,2988.567714
1779071503,2989.522673
1779071503,2680.884731
1779071503,3606.715864
1779071503,2990.116319
1779071503,3917.065817
1779071503,2991.184411
1779071503,2991.187081
1779071503,2681.252463
1779071503,2991.664553
1779071503,2990.849168
1779071503,3607.907386
1779071503,3299.776470
1779071503,2991.227665
1779071503,2990.556066
1779071503,3608.602962
1779071503,3917.538603
1779071503,3607.602711
1779071503,2680.867223
1779071503,2991.165799
1779071503,2991.140897
1779071503,2991.359006
1779071503,2990.541032
1779071503,2991.631709
1779071503,2992.401041
1779071503,3300.915947
1779071503,2676.091962
1779071503,3301.647922
1779071503,2992.205734
1779071503,2676.124190
1779071503,2991.994626
1779071503,3301.937387
1779071503,3300.989219
1779071503,2992.961313
1779071503,2992.065962
1779071503,2992.259415
1779071503,3914.638593
1779071503,2993.167136
1779071503,2992.855222
1779071503,2990.851810
1779071503,3299.324983
1779071503,3299.066012
1779071503,2991.108572
1779071503,2675.556775
1779071503,3298.366720
1779071503,3613.505023
1779071503,2990.515655
1779071503,2990.508612
1779071503,2990.596801
1779071503,2991.397531
1779071503,2988.529777
1779071503,2989.454458
1779071503,3607.008626
1779071503,3915.938946
1779071503,3607.078798
1779071503,4534.320338
1779071503,3916.090621
1779071503,2681.522564
1779071503,2990.285125
1779071503,3916.411928
1779071503,2680.575397
1779071503,3298.663522
1779071503,3607.610124
1779071503,3917.115342
1779071503,3606.965989
1779071503,3299.460378
1779071503,2990.115031
1779071503,2990.334430
1779071503,2989.329351
1779071503,3299.630901
1779071503,2990.749673
1779071503,3918.287359
1779071503,2990.950350
1779071503,3609.068511
1779071503,4227.198008
1779071503,3300.985089
1779071503,3300.711954
1779071503,2991.622539
1779071503,2676.345374
1779071503,2675.552660
1779071503,3609.653624
1779071503,2991.946721
1779071503,2675.671150
1779071503,3301.346987
1779071503,2992.291182
1779071503,3301.139178
1779071503,3301.554672
1779071503,2992.696273
1779071503,2991.859183
1779071503,3299.503039
1779071503,3303.123396
1779071503,3299.017063
1779071503,2990.857455
1779071503,2993.257632
1779071503,3298.953376
1779071503,2991.302058
1779071503,2675.597622
1779071503,2991.184564
1779071503,3298.734145
1779071503,2991.715647
1779071503,2989.040111
1779071503,2989.787856
1779071503,3608.037193
1779071503,2989.403976
1779071503,2681.550681
1779071503,2989.533032
1779071503,2989.606776
1779071503,2989.773007
1779071503,2680.491107
1779071503,2989.249077
1779071503,2989.689018
1779071503,2682.228880
1779071503,3917.061706
1779071503,3607.786546
1779071503,2681.333267
1779071503,3917.333424
1779071503,3607.948794
1779071503,2990.463957
1779071503,2990.492790
1779071503,3608.366264
1779071503,2989.748270
1779071503,2987.731311
1779071503,2991.183312
1779071503,2987.805191
1779071503,3608.567744
1779071503,3300.078882
1779071503,3608.696035
1779071503,2990.006770
1779071503,3301.009303
1779071503,2991.746719
1779071503,2991.703988
1779071503,2675.871620
1779071503,2991.965253
1779071503,2990.972982
1779071503,2990.978954
1779071503,2992.237217
1779071503,2989.863825
1779071503,2675.459806
1779071503,2987.440195
1779071503,2990.864692
1779071503,2991.056913
1779071503,2989.993931
1779071503,2675.027733
1779071503,3299.113497
1779071503,2990.156410
1779071503,2990.518540
1779071503,2675.293976
1779071503,2990.442054
1779071503,2988.239103
1779071503,2988.212112
1779071503,2988.841843
1779071503,2991.803898
1779071503,3300.571851
1779071503,2989.183206
1779071503,2680.914674
1779071503,3299.759753
1779071503,2681.105245
1779071503,2681.201540
1779071503,2681.077637
1779071503,2989.441592
1779071503,2989.506771
1779071503,2989.037960
1779071503,2681.748860
1779071503,2681.514810
1779071503,2681.644554
1779071503,2680.621517
1779071503,2681.729489
1779071503,2681.029038
1779071503,2988.761090
1779071503,2990.558630
1779071503,2988.860853
1779071503,2989.008925
1779071503,2989.083563
1779071503,2983.501155
1779071503,3299.336001
1779071503,2675.610046
1779071503,2982.930672
1779071503,2982.900839
1779071503,2983.025671
1779071503,2984.195289
1779071503,2982.149931
1779071503,2676.026597
1779071503,2676.083273
1779071503,2983.798762
1779071503,2675.637060
1779071503,2981.797030
1779071503,2983.405529
1779071503,2983.611122
1779071503,2983.557090
1779071503,2983.585317
1779071503,2983.265962
1779071503,3299.149601
1779071503,2983.225844
1779071503,2983.556754
1779071503,2675.448798
1779071503,2983.196457
1779071503,2983.254564
1779071503,2983.755190
1779071503,2983.338465
1779071503,2984.707464
1779071503,2985.248385
1779071503,2984.951670
1779071503,3606.652165
1779071503,2993.586431
1779071503,2686.497489
1779071503,2686.320155
1779071503,2996.184135
1779071503,2994.930627
1779071503,2987.241528
1779071503,2679.270262
1779071503,2687.170410
1779071503,2984.845169
1779071503,2987.914298
1779071503,2987.064044
1779071503,2986.034493
1779071503,2985.479405
1779071503,2682.230001
1779071503,2989.197321
1779071503,2688.544509
1779071503,2986.851033
1779071503,2995.216119
1779071503,2988.857938
1779071503,2985.889022
1779071503,3615.219871
1779071503,3306.013019
1779071503,2999.169213
1779071503,2989.323707
1779071503,2988.605462
1779071503,2989.510104
1779071503,2690.753391
1779071503,2990.507889
1779071503,2690.022122
1779071503,2990.205644
1779071503,2986.977514
1779071503,2989.521494
1779071503,2986.512926
1779071503,2680.871677
1779071503,2998.223250
1779071503,2988.972474
1779071503,2998.848892
1779071503,2990.581273
1779071503,2988.718681
1779071503,2683.100785
1779071503,2679.794760
1779071503,2989.148995
1779071503,2991.206853
1779071503,2990.491420
1779071503,3311.951522
1779071503,2693.648013
1779071503,3312.121352
1779071503,3003.310444
1779071503,3002.475507
1779071503,2689.291451
1779071503,2998.884643
1779071503,2689.122314
1779071503,2689.314418
1779071503,3306.698413
1779071503,3306.629337
1779071503,2689.329491
1779071503,2689.428419
1779071503,2688.773707
1779071503,2999.819136
1779071503,2997.458585
1779071503,2991.067109
1779071503,2690.207056
1779071503,2991.361125
1779071503,2989.561763
1779071503,2690.766659
1779071503,2691.184564
1779071503,2992.020387
1779071503,2684.348772
1779071503,2989.878265
1779071503,2685.611414
1779071503,2691.589107
1779071503,2691.643097
1779071503,3305.382440
1779071503,2685.961863
1779071503,2690.543060
1779071503,2684.998043
1779071503,2991.258747
1779071503,2989.573387
1779071503,2992.241453
1779071503,2692.135664
1779071503,2991.491293
1779071503,2990.788398
1779071503,2691.234738
1779071503,2686.712477
1779071503,3305.217885
1779071503,3923.709130
1779071503,2683.285156
1779071503,2685.670434
1779071503,2990.946898
1779071503,2682.516402
1779071503,2991.605079
1779071503,2682.387331
1779071503,2684.815581
1779071503,2989.298453
1779071503,2991.005996
1779071503,2989.634954
1779071503,2682.657985
1779071503,2682.812623
1779071503,2989.881063
1779071503,2998.290752
1779071503,3306.989115
1779071503,3924.477862
1779071503,3308.161210
1779071503,3308.378258
1779071503,3306.670727
1779071503,2999.176045
1779071503,3306.768332
1779071503,2991.922024
1779071503,3306.871676
1779071503,2683.795837
1779071503,2691.172851
1779071503,2691.299742
1779071503,2686.581453
1779071503,2690.189107
1779071503,2690.200840
1779071503,2998.855891
1779071503,2690.283474
1779071503,2691.913771
1779071503,2690.520151
1779071503,2685.961641
1779071503,2691.921971
1779071503,2686.164694
1779071503,2685.038550
1779071503,2692.014094
1779071503,2681.465002
1779071503,2692.533096
1779071503,2684.327347
1779071503,2684.324826
1779071503,2684.482463
1779071503,2686.786191
1779071503,2684.358772
1779071503,2685.475820
1779071503,2693.255270
1779071503,2684.806586
1779071503,2693.189025
1779071503,2683.568171
1779071503,2991.440763
1779071503,2991.420757
1779071503,2990.685779
1779071503,2684.017988
1779071503,2994.793838
1779071503,2683.821381
1779071503,2683.472647
1779071503,2682.070630
1779071503,2683.082945
1779071503,2683.149534
1779071503,2682.987811
1779071503,2990.090982
1779071503,2990.156456
1779071503,3308.341561
1779071503,3308.335890
1779071503,2999.788771
1779071503,2689.423997
1779071503,2998.853026
1779071503,3306.183329
1779071503,3306.453334
1779071503,2689.631046
1779071503,3306.740533
1779071503,2689.972253
1779071503,2690.198646
1779071503,2999.547138
1779071503,2685.331268
1779071503,2690.153271
1779071503,2998.696149
1779071503,2690.403060
1779071503,2690.407131
1779071503,2999.011760
1779071503,2690.666032
1779071503,2993.088596
1779071503,2994.285621
1779071503,2686.321280
1779071503,2691.315094
1779071503,2685.448406
1779071503,2684.590999
1779071503,2684.617348
1779071503,2685.614078
1779071503,2685.331221
1779071503,2683.491415
1779071503,2684.454054
1779071503,2993.664244
1779071503,2685.704113
1779071503,3299.960572
1779071503,2683.421329
1779071503,2684.823706
1779071503,2684.864351
1779071503,2684.507080
1779071503,2687.632945
1779071503,2992.040956
1779071503,2684.323712
1779071503,2991.079463
1779071503,2991.969107
1779071503,2682.840269
1779071503,2990.074214
1779071503,2683.036114
1779071503,3299.642095
1779071503,2991.278285
1779071503,2684.143568
1779071503,2990.463244
1779071503,2683.379818
1779071503,3306.085253
1779071503,2688.803699
1779071503,3616.430425
1779071503,3306.124591
1779071503,3307.394115
1779071503,2688.786266
1779071503,3300.035652
1779071503,3307.602566
1779071503,3300.278637
1779071503,3299.492533
1779071503,2689.095310
1779071503,2689.312334
1779071503,2991.514175
1779071503,3301.736950
1779071503,2689.898434
1779071503,2689.769041
1779071503,2689.842588
1779071503,2992.922814
1779071503,2685.678049
1779071503,3299.634780
1779071503,3307.445127
1779071503,2992.533252
1779071503,3299.072042
1779071503,2690.542463
1779071503,2682.343475
1779071503,2991.171269
1779071503,2685.218613
1779071503,2684.380692
1779071503,3298.910741
1779071503,2685.441023
1779071503,2989.492886
1779071503,2691.604104
1779071503,2683.684619
1779071503,2682.924308
1779071503,2990.029203
1779071503,3312.093357
1779071503,3303.530753
1779071503,3298.427258
1779071503,2992.796138
1779071503,2684.561519
1779071503,3310.823383
1779071503,2684.339296
1779071503,2685.605363
1779071503,2690.695207
1779071503,2690.117415
1779071503,2688.588841
1779071503,2690.042604
1779071503,3316.190361
1779071503,2998.298309
1779071503,2689.716443
1779071504,2688.967237
1779071504,2689.049113
1779071504,2689.000656
1779071504,3306.194303
1779071504,2688.939834
1779071504,2688.980094
1779071504,2689.653531
1779071504,2687.101894
1779071504,3615.764747
1779071504,2689.706630
1779071504,3299.999777
1779071504,2690.021406
1779071504,2993.597335
1779071504,2690.229200
1779071504,3309.279377
1779071504,2687.921441
1779071504,3300.400222
1779071504,3000.872192
1779071504,3300.833294
1779071504,2992.000952
1779071504,3607.715837
1779071504,2685.490710
1779071504,3299.434069
1779071504,2685.743434
1779071504,2993.499267
1779071504,3300.444581
1779071504,3299.790868
1779071504,2692.013040
1779071504,2687.178181
1779071504,3300.207576
1779071504,3003.081315
1779071504,2692.546366
1779071504,3003.502275
1779071504,2685.885513
1779071504,2994.996205
1779071504,2693.937397
1779071504,3004.601045
1779071504,2685.376220
1779071504,2694.283035
1779071504,2690.654599
1779071504,3302.212896
1779071504,3301.290264
1779071504,3301.318570
1779071504,2689.325964
1779071504,2686.072905
1779071504,2694.677064
1779071504,2994.462157
1779071504,2686.938019
1779071504,2691.851649
1779071504,2994.907577
1779071504,2689.077302
1779071504,3308.901107
1779071504,2688.943616
1779071504,2689.026835
1779071504,2689.284692
1779071504,2689.449385
1779071504,2998.988348
1779071504,2689.764157
1779071504,2999.078965
1779071504,2689.709254
1779071504,3301.595820
1779071504,2690.091325
1779071504,3616.376239
1779071504,3617.531163
1779071504,3609.995430
1779071504,2689.206255
1779071504,2689.168455
1779071504,3302.253140
1779071504,2689.437795
1779071504,2689.428130
1779071504,2689.590713
1779071504,2688.194044
1779071504,2687.945222
1779071504,2687.032611
1779071504,3301.816745
1779071504,2687.193553
1779071504,2993.737913
1779071504,2690.809431
1779071504,3302.426610
1779071504,2687.571963
1779071504,2994.070963
1779071504,3309.945000
1779071504,3301.534033
1779071504,3609.425010
1779071504,3303.206114
1779071504,3303.088762
1779071504,3300.275146
1779071504,3302.668583
1779071504,2685.281758
1779071504,3302.400456
1779071504,2993.562896
1779071504,2687.335798
1779071504,2994.069587
1779071504,3302.424596
1779071504,3301.816118
1779071504,2993.614668
1779071504,2994.309565
1779071504,2994.454675
1779071504,2994.548547
1779071504,2995.680343
1779071504,2997.453374
1779071504,3616.253881
1779071504,2997.440875
1779071504,3615.073851
1779071504,2997.679373
1779071504,2997.707157
1779071504,3301.047822
1779071504,2998.055041
1779071504,2997.997395
1779071504,2998.000108
1779071504,2688.420829
1779071504,2688.539166
1779071504,2688.600391
1779071504,3608.007512
1779071504,2688.810096
1779071504,2689.106695
1779071504,2687.184192
1779071504,3300.738550
1779071504,2996.291974
1779071504,2689.173749
1779071504,3300.963901
1779071504,3609.767168
1779071504,3300.420139
1779071504,3300.123682
1779071504,2688.428304
1779071504,2994.650029
1779071504,2688.722409
1779071504,2994.228305
1779071504,2993.433331
1779071504,4855.136646
1779071504,3300.753428
1779071504,2687.591668
1779071504,3300.221908
1779071504,3922.731074
1779071504,3299.637998
1779071504,2995.732210
1779071504,2687.161581
1779071504,3312.709387
1779071504,2687.216518
1779071504,2993.579594
1779071504,2993.675947
1779071504,3313.233093
1779071504,3622.896291
1779071504,3301.062374
1779071504,3301.144116
1779071504,2994.155352
1779071504,2685.789521
1779071504,2994.452005
1779071504,2995.078640
1779071504,2994.380128
1779071504,3614.472349
1779071504,3300.669246
1779071504,2687.774822
1779071504,4233.731713
1779071504,2688.058092
1779071504,2687.817723
1779071504,2688.108086
1779071504,2688.082493
1779071504,3609.484044
1779071504,3917.562719
1779071504,2688.351048
1779071504,2997.979321
1779071504,2688.661238
1779071504,3609.067535
1779071504,2997.282484
1779071504,3927.091827
1779071504,3916.974592
1779071504,2689.011934
1779071504,2687.998589
1779071504,2994.003069
1779071504,2689.504802
1779071504,3309.656977
1779071504,2994.257155
1779071504,2994.318258
1779071504,3300.785011
1779071504,3608.275429
1779071504,2993.943086
1779071504,3619.051405
1779071504,2993.541964
1779071504,3610.364452
1779071504,2993.619720
1779071504,2993.753537
1779071504,2687.806502
1779071504,3300.673968
1779071504,2994.284489
1779071504,2993.884046
1779071504,2993.440212
1779071504,2993.650900
1779071504,2993.379926
1779071504,2994.608377
1779071504,2686.785201
1779071504,2993.944806
1779071504,3301.220450
1779071504,3612.878514
1779071504,3609.235494
1779071504,2994.194661
1779071504,2994.325268
1779071504,2994.460522
1779071504,3302.801667
1779071504,2994.126333
1779071504,3306.658846
1779071504,2997.609285
1779071504,2688.977583
1779071504,2688.955938
1779071504,2689.021739
1779071504,2689.090929
1779071504,3616.954691
1779071504,3307.212951
1779071504,2688.115686
1779071504,3307.428037
1779071504,3618.145248
1779071504,3307.432068
1779071504,2997.118496
1779071504,3307.926240
1779071504,2996.189136
1779071504,2688.612801
1779071504,2686.640424
1779071504,2996.511996
1779071504,4544.004051
1779071504,3610.647918
1779071504,2994.849199
1779071504,2687.006560
1779071504,2689.526944
1779071504,3610.462952
1779071504,3610.049737
1779071504,2995.198681
1779071504,3610.232989
1779071504,2994.711835
1779071504,3304.713254
1779071504,2994.376858
1779071504,2993.969858
1779071504,2995.447215
1779071504,2994.282782
1779071504,2994.458283
1779071504,2994.786927
1779071504,2994.788857
1779071504,3609.501608
1779071504,2994.884870
1779071504,2994.865928
1779071504,2686.304851
1779071504,2687.140505
1779071504,2685.605151
1779071504,2687.029045
1779071504,2993.925740
1779071504,2993.615792
1779071504,2993.408036
1779071504,2994.273490
1779071504,2994.121458
1779071504,2994.036847
1779071504,2994.565793
1779071504,2997.913293
1779071504,2997.869912
1779071504,2689.114428
1779071504,2689.138001
1779071504,2689.235290
1779071504,2997.898009
1779071504,2689.281521
1779071504,2689.528315
1779071504,2688.621317
1779071504,2688.406986
1779071504,2688.738634
1779071504,2688.682546
1779071504,2688.855347
1779071504,2997.188317
1779071504,2688.936574
1779071504,2687.434317
1779071504,2689.291429
1779071504,2687.305859
1779071504,2688.405125
1779071504,2996.704334
1779071504,2687.596241
1779071504,2995.653335
1779071504,3305.373787
1779071504,3302.976240
1779071504,2687.613471
1779071504,2995.396896
1779071504,2994.841862
1779071504,2994.958833
1779071504,2995.651083
1779071504,2995.549159
1779071504,2994.605927
1779071504,2995.085558
1779071504,2994.652898
1779071504,2994.723615
1779071504,2995.088707
1779071504,2994.394110
1779071504,3620.482659
1779071504,2994.858779
1779071504,3916.522614
1779071504,2994.252905
1779071504,2686.805588
1779071504,2994.565566
1779071504,2687.166993
1779071504,3301.346538
1779071504,2685.150703
1779071504,2687.008062
1779071504,2994.091148
1779071504,2994.187387
1779071504,2994.035219
1779071504,2994.531236
1779071504,2996.911494
1779071504,3918.347274
1779071504,2997.206372
1779071504,4235.429123
1779071504,3918.413046
1779071504,3919.592506
1779071504,2687.411588
1779071504,2689.847381
1779071504,2688.845432
1779071504,2688.827664
1779071504,2690.062092
1779071504,2689.933225
1779071504,2689.016758
1779071504,2690.033303
1779071504,2690.511296
1779071504,2997.926916
1779071504,2689.369734
1779071504,2690.823079
1779071504,2688.144567
1779071504,2689.593850
1779071504,2687.688286
1779071504,2688.017343
1779071504,2687.995141
1779071504,2691.082739
1779071504,2996.258150
1779071504,2995.609048
1779071504,2687.909624
1779071504,2688.122227
1779071504,2994.826171
1779071504,2994.907760
1779071504,2994.368281
1779071504,2996.412181
1779071504,2994.736755
1779071504,2994.005605
1779071504,2994.924598
1779071504,2995.278804
1779071504,3927.750809
1779071504,2994.091692
1779071504,2994.434659
1779071504,2995.073826
1779071504,2993.722611
1779071504,2686.889647
1779071504,2993.860116
1779071504,2685.446995
1779071504,2993.382015
1779071504,2685.086502
1779071504,2992.916326
1779071504,2993.323400
1779071504,2994.342405
1779071504,2994.622813
1779071504,2998.435947
1779071504,3926.267608
1779071504,3616.761491
1779071504,2690.074454
1779071504,2998.645014
1779071504,2689.964681
1779071504,2690.268958
1779071504,2690.247636
1779071504,2690.358278
1779071504,2689.234990
1779071504,2689.255475
1779071504,2690.411610
1779071504,2689.328083
1779071504,2687.863846
1779071504,2688.305194
1779071504,2689.731763
1779071504,2691.191413
1779071504,2688.653560
1779071504,2688.236234
1779071504,2996.330120
1779071504,2688.464759
1779071504,2687.687247
1779071504,2996.835472
1779071504,2690.279386
1779071504,2688.266530
1779071504,2995.079240
1779071504,2994.899499
1779071504,2691.901906
1779071504,2689.028373
1779071504,2992.983007
1779071504,2995.418357
1779071504,2691.177121
1779071504,2995.352204
1779071504,2995.105984
1779071504,2687.133519
1779071504,2689.687969
1779071504,2689.316282
1779071504,2686.919556
1779071504,2995.498994
1779071504,3302.178185
1779071504,3302.201342
1779071504,3611.239836
1779071504,2993.468658
1779071504,2993.821351
1779071504,2684.828028
1779071504,2993.432144
1779071504,2993.538839
1779071504,2993.004174
1779071504,2994.784206
1779071504,2994.628767
1779071504,2997.932780
1779071504,3307.614550
1779071504,2689.456338
1779071504,2689.412364
1779071504,3306.563398
1779071504,3616.249188
1779071504,3307.842295
1779071504,2689.493945
1779071504,2689.802124
1779071504,2689.671767
1779071504,3306.749496
1779071504,2996.298249
1779071504,2689.995839
1779071504,2690.455670
1779071504,2689.036608
1779071504,2688.388149
1779071504,2690.588424
1779071504,2690.585277
1779071504,2690.541611
1779071504,2690.592694
1779071504,2688.874543
1779071504,2688.696469
1779071504,2688.763608
1779071504,2689.083337
1779071504,2690.936816
1779071504,2689.154965
1779071504,2997.765119
1779071504,3309.775188
1779071504,2687.179969
1779071504,2995.276427
1779071504,2995.894897
1779071504,2688.806232
1779071504,2689.059069
1779071504,2688.635062
1779071504,3301.617705
1779071504,2686.891310
1779071504,2687.095980
1779071504,2687.818178
1779071504,2686.561040
1779071504,2687.852408
1779071504,2994.704829
1779071504,2992.788296
1779071504,2688.085547
1779071504,2689.919473
1779071504,2993.611141
1779071504,2993.609773
1779071504,2993.748103
1779071504,3301.715873
1779071504,2994.761272
1779071504,2994.397991
1779071505,3305.048928
1779071505,4534.513445
1779071505,2998.965510
1779071505,3306.766347
1779071505,3616.203040
1779071505,2689.334099
1779071505,3306.771084
1779071505,3616.384699
1779071505,2689.798190
1779071505,2689.815749
1779071505,2689.999195
1779071505,2690.096641
1779071505,2690.013179
1779071505,2690.063232
1779071505,2690.357889
1779071505,2690.253218
1779071505,2690.382243
1779071505,2690.419553
1779071505,2689.015335
1779071505,2689.010371
1779071505,2690.809870
1779071505,3305.978286
1779071505,3305.856246
1779071505,2689.691371
1779071505,3304.071933
1779071505,2689.639465
1779071505,2996.059096
1779071505,2689.150995
1779071505,2688.506718
1779071505,3611.954961
1779071505,2688.302069
1779071505,2688.727044
1779071505,2689.497123
1779071505,2689.461952
1779071505,2690.498321
1779071505,2687.834681
1779071505,3302.135060
1779071505,2687.766556
1779071505,2687.521815
1779071505,2687.525655
1779071505,2688.229443
1779071505,2994.207360
1779071505,3301.790387
1779071505,2687.623008
1779071505,2993.720735
1779071505,2993.670140
1779071505,2993.889267
1779071505,2993.494717
1779071505,2994.538128
1779071505,2994.236302
1779071505,2689.251277
1779071505,3307.787391
1779071505,3306.574331
1779071505,3926.011979
1779071505,3615.488585
1779071505,2689.889444
1779071505,2689.934813
1779071505,3306.632455
1779071505,2689.944333
1779071505,2998.335815
1779071505,2690.296623
1779071505,2690.121131
1779071505,2690.178312
1779071505,2690.122141
1779071505,2690.161598
1779071505,2689.278590
1779071505,2689.583304
1779071505,2689.585779
1779071505,3307.882217
1779071505,2689.803067
1779071505,2690.000001
1779071505,3306.064691
1779071505,3305.981070
1779071505,2689.582457
1779071505,3305.980718
1779071505,2690.400063
1779071505,2689.535947
1779071505,3304.572556
1779071505,3304.634446
1779071505,3305.801903
1779071505,2689.698355
1779071505,2689.667324
1779071505,2689.097421
1779071505,2687.298389
1779071505,2688.232466
1779071505,2687.482072
1779071505,2688.334996
1779071505,2688.147067
1779071505,2688.383325
1779071505,2689.629924
1779071505,2687.470891
1779071505,2689.986415
1779071505,2686.444776
1779071505,2690.332108
1779071505,2993.806629
1779071505,2994.628705
1779071505,2993.872353
1779071505,2994.272211
1779071505,2994.733161
1779071505,2994.201445
1779071505,2996.981751
1779071505,3308.382089
1779071505,4227.721709
1779071505,2690.498703
1779071505,3614.696405
1779071505,2689.145980
1779071505,3922.542540
1779071505,2690.567586
1779071505,2998.987887
1779071505,3926.094710
1779071505,2689.332511
1779071505,2690.604526
1779071505,2689.577356
1779071505,2689.850787
1779071505,2689.895988
1779071505,3919.193089
1779071505,2690.397216
1779071505,2690.232456
1779071505,3306.304492
1779071505,2690.706219
1779071505,2689.379122
1779071505,2995.792745
1779071505,3303.869654
1779071505,3304.652176
1779071505,2689.373607
1779071505,2687.669518
1779071505,2993.937438
1779071505,3302.874761
1779071505,2687.966134
1779071505,2993.790027
1779071505,2693.112900
1779071505,2692.110273
1779071505,3305.372787
1779071505,2994.075227
1779071505,2996.361686
1779071505,2692.408857
1779071505,2690.204337
1779071505,2994.721540
1779071505,3304.371044
1779071505,2688.433542
1779071505,2994.199975
1779071505,3310.051775
1779071505,2694.021697
1779071505,2693.437563
1779071505,2695.157883
1779071505,3002.282140
1779071505,2694.320683
1779071505,2694.628107
1779071505,2692.766982
1779071505,2694.998716
1779071505,3304.661605
1779071505,2688.826853
1779071505,4535.584673
1779071505,2688.935034
1779071505,4236.220867
1779071505,2689.579874
1779071505,2689.911899
1779071505,2689.939902
1779071505,2998.186789
1779071505,3616.290965
1779071505,2689.442987
1779071505,2690.453950
1779071505,3306.266530
1779071505,2689.796640
1779071505,2690.032000
1779071505,3305.712133
1779071505,2690.417721
1779071505,2691.645675
1779071505,3306.003549
1779071505,2997.513164
1779071505,2690.437462
1779071505,2996.573773
1779071505,3306.389543
1779071505,3304.098191
1779071505,3306.084228
1779071505,3311.503907
1779071505,3305.915860
1779071505,3306.845372
1779071505,3613.321763
1779071505,2996.775271
1779071505,2694.120185
1779071505,2694.523368
1779071505,3004.161563
1779071505,2691.179655
1779071505,2997.495136
1779071505,2694.884000
1779071505,2997.740648
1779071505,2695.472780
1779071505,2997.881897
1779071505,2695.611574
1779071505,3003.818176
1779071505,3003.817390
1779071505,2696.064039
1779071505,3310.587613
1779071505,3309.828047
1779071505,2997.005623
1779071505,2691.046779
1779071505,3310.373805
1779071505,2691.768178
1779071505,3000.467183
1779071505,3615.586104
1779071505,3615.664912
1779071505,3615.794502
1779071505,3925.781877
1779071505,2998.734358
1779071505,2689.500354
1779071505,2690.159505
1779071505,2690.294426
1779071505,2690.490530
1779071505,2999.811851
1779071505,4544.388881
1779071505,2998.833497
1779071505,2998.994445
1779071505,2691.184264
1779071505,2691.067741
1779071505,2690.354205
1779071505,2999.702717
1779071505,3308.031814
1779071505,2690.504032
1779071505,3616.628036
1779071505,3616.488332
1779071505,3308.594620
1779071505,3000.342044
1779071505,3000.161065
1779071505,3000.127088
1779071505,3308.630453
1779071505,3308.499019
1779071505,2692.442059
1779071505,3307.532986
1779071505,2692.857378
1779071505,2693.237770
1779071505,3615.548077
1779071505,3922.300602
1779071505,3307.919599
1779071505,2691.258656
1779071505,2693.025118
1779071505,3307.902246
1779071505,2690.621341
1779071505,2690.037801
1779071505,3306.814676
1779071505,2690.884395
1779071505,2692.074572
1779071505,2999.269457
1779071505,2999.575040
1779071505,2999.214720
1779071505,2998.917754
1779071505,2693.357669
1779071505,2693.426068
1779071505,2998.085183
1779071505,2997.591029
1779071505,3923.321972
1779071505,4537.172848
1779071505,3307.710104
1779071505,2997.714946
1779071505,2999.452941
1779071505,4545.033405
1779071505,4229.993428
1779071505,3925.380436
1779071505,3616.938578
1779071505,2998.705353
1779071505,3924.347631
1779071505,3000.252355
1779071505,2999.012546
1779071505,3000.602385
1779071505,2690.932631
1779071505,3307.306244
1779071505,3616.136187
1779071505,3307.408359
1779071505,3309.881804
1779071505,3616.326882
1779071505,3615.698824
1779071505,2999.365638
1779071505,2999.532724
1779071505,3615.002624
1779071505,2690.692104
1779071505,2999.659275
1779071505,2998.456876
1779071505,3616.667211
1779071505,3000.570481
1779071505,3616.341054
1779071505,3616.356354
1779071505,2999.353451
1779071505,2999.459839
1779071505,3922.722405
1779071505,3922.298281
1779071505,3618.275674
1779071505,3310.932507
1779071505,3306.314688
1779071505,2690.305959
1779071505,3306.783745
1779071505,3306.947959
1779071505,3306.696061
1779071505,2999.126825
1779071505,2690.687316
1779071505,2999.170113
1779071505,2691.154441
1779071505,2999.422741
1779071505,2999.472623
1779071505,2690.254467
1779071505,2999.665505
1779071505,3306.720861
1779071505,3307.561815
1779071505,4231.484886
1779071505,3307.572806
1779071505,3614.507162
1779071505,2998.468904
1779071505,3925.168097
1779071505,2998.643493
1779071505,2998.502707
1779071505,3614.930110
1779071505,3615.083743
1779071505,2999.041904
1779071505,2689.622180
1779071505,3307.237774
1779071505,2689.887420
1779071505,2999.361403
1779071505,3619.134378
1779071505,3925.358472
1779071505,3925.260388
1779071505,2999.060994
1779071505,2999.244056
1779071505,3922.469836
1779071505,3307.944482
1779071505,2999.947152
1779071505,2999.785257
1779071505,2689.525071
1779071505,3000.017887
1779071505,3615.517601
1779071505,3000.672827
1779071505,2999.792499
1779071505,3001.159574
1779071505,2999.751652
1779071505,3001.200752
1779071505,2690.174827
1779071505,3000.132315
1779071505,3000.022972
1779071505,3310.851520
1779071505,3000.149536
1779071505,3000.455478
1779071505,3000.999649
1779071505,2999.506972
1779071505,2690.621584
1779071505,2999.045486
1779071505,2999.144762
1779071505,2999.172627
1779071505,3306.881144
1779071505,3307.405894
1779071505,2997.680780
1779071505,2999.640992
1779071505,3000.063452
1779071505,2998.044661
1779071505,2689.378278
1779071505,2689.385286
1779071505,3615.818976
1779071505,2998.383628
1779071505,2688.555578
1779071505,2689.910292
1779071505,2998.818426
1779071505,2998.552764
1779071505,2998.895309
1779071505,2690.165209
1779071505,4846.777141
1779071505,3308.955483
1779071505,2689.467622
1779071505,4539.398509
1779071505,2998.423215
1779071505,4231.666872
1779071505,2690.303232
1779071505,2689.914720
1779071505,2999.026409
1779071505,2999.285899
1779071505,2999.528382
1779071505,2690.538630
1779071505,2999.654291
1779071505,2999.795162
1779071505,2689.534532
1779071505,2689.361285
1779071505,3616.284911
1779071505,3000.525292
1779071505,3307.058440
1779071505,3615.802151
1779071505,3000.778363
1779071505,2999.040280
1779071505,2690.090228
1779071505,3615.778824
1779071505,3616.095014
1779071505,3001.084105
1779071505,3922.408925
1779071505,3614.181870
1779071505,3000.824537
1779071505,2690.371767
1779071505,2690.596307
1779071505,2999.261837
1779071505,3929.078570
1779071505,2690.726888
1779071505,2999.579906
1779071505,3308.347442
1779071505,3002.358943
1779071505,2999.749980
1779071505,2997.733394
1779071505,2998.133665
1779071505,2997.997053
1779071505,2997.968840
1779071505,3306.185982
1779071505,2689.612424
1779071505,2998.273413
1779071505,2690.001781
1779071505,2690.012165
1779071505,2998.524903
1779071505,2690.048951
1779071505,2690.359569
1779071505,2998.972669
1779071505,2998.007751
1779071505,2998.009147
1779071505,2689.755660
1779071505,2998.439197
1779071505,2998.465211
1779071505,2998.484675
1779071505,2998.730123
1779071505,2998.511851
1779071505,2996.942269
1779071505,3616.532993
1779071505,2998.747757
1779071505,2689.546862
1779071505,2997.831852
1779071505,2997.902685
1779071505,2689.675177
1779071505,2997.902811
1779071505,2997.950255
1779071505,2998.382593
1779071505,2998.208639
1779071505,2998.055465
1779071505,2998.152770
1779071505,2998.309040
1779071505,2998.054003
1779071505,2997.606795
1779071505,3306.482834
1779071505,2999.140033
1779071505,2998.334675
1779071505,2998.603129
1779071505,3310.052838
1779071505,2999.347107
1779071505,2690.732714
1779071505,3307.866482
1779071505,2999.282694
1779071505,2999.422933
1779071505,3306.026712
1779071505,2999.261941
1779071505,2998.619466
1779071505,2997.606404
1779071505,2997.589162
1779071505,2998.082894
1779071505,2998.349572
1779071505,2998.334344
1779071505,2998.482417
1779071505,2998.375536
1779071505,2688.444945
1779071505,2689.791609
1779071505,2689.891315
1779071505,2997.652750
1779071505,3307.302200
1779071505,2690.272561
1779071505,2997.895942
1779071505,4232.803940
1779071505,2997.872114
1779071505,2997.886108
1779071505,2998.404851
1779071505,2998.018380
1779071505,2689.806200
1779071505,2998.195460
1779071505,2998.415319
1779071505,3307.492845
1779071505,2690.395442
1779071505,2997.245072
1779071505,2997.194602
1779071505,2688.937964
1779071505,2997.546273
1779071505,2997.694828
1779071505,2997.538192
1779071505,3924.391485
1779071505,2997.473895
1779071505,2997.617158
1779071505,2997.693842
1779071505,2689.452822
1779071505,2996.968802
1779071505,2997.180305
1779071505,2997.347999
1779071505,2997.739953
1779071505,2997.917060
1779071505,3615.286830
1779071505,2999.059020
1779071505,2999.160517
1779071505,2998.870990
1779071505,2998.957639
1779071505,2999.611533
1779071505,2999.130467
1779071505,2998.787293
1779071505,2998.345213
1779071505,2999.053467
1779071505,2997.783832
1779071506,2689.445019
1779071506,2998.016744
1779071506,3616.003209
1779071506,2689.737250
1779071506,2689.668236
1779071506,3306.962667
1779071506,2690.329156
1779071506,2690.261030
1779071506,2690.190990
1779071506,2999.029253
1779071506,2997.678152
1779071506,3307.462849
1779071506,2997.859508
1779071506,2690.732424
1779071506,2998.122470
1779071506,2998.021910
1779071506,3306.563860
1779071506,2689.762996
1779071506,3308.024438
1779071506,2998.173299
1779071506,2997.251982
1779071506,3307.344352
1779071506,2997.153889
1779071506,2689.609832
1779071506,2690.528425
1779071506,2997.482801
1779071506,2997.387657
1779071506,2997.712626
1779071506,2689.430963
1779071506,2997.547186
1779071506,2997.666677
1779071506,3304.868736
1779071506,2689.215494
1779071506,2997.712749
1779071506,2997.078870
1779071506,2997.170531
1779071506,2997.278572
1779071506,2997.852904
1779071506,3308.626536
1779071506,2690.286694
1779071506,2998.459755
1779071506,2999.203703
1779071506,3925.608910
1779071506,2999.527896
1779071506,2998.938362
1779071506,2999.005450
1779071506,2999.085063
1779071506,2998.104698
1779071506,2691.323881
1779071506,2997.535753
1779071506,2689.036051
1779071506,2998.026725
1779071506,2998.139825
1779071506,2689.611732
1779071506,2689.787092
1779071506,3306.804960
1779071506,2690.033950
1779071506,2689.953441
1779071506,2998.789805
1779071506,3306.061841
1779071506,2690.238936
1779071506,2998.076886
1779071506,2689.265038
1779071506,2997.995070
1779071506,2998.066379
1779071506,2998.314586
1779071506,2998.520505
1779071506,2997.957260
1779071506,2998.140705
1779071506,2998.138383
1779071506,2997.203952
1779071506,3305.745968
1779071506,3306.082323
1779071506,2997.086349
1779071506,2689.460501
1779071506,2997.778539
1779071506,2689.507941
1779071506,2689.314292
1779071506,2997.776818
1779071506,2997.277839
1779071506,2998.059494
1779071506,2997.447575
1779071506,2997.741897
1779071506,2997.729967
1779071506,2997.176580
1779071506,2689.333955
1779071506,2997.309456
1779071506,2998.471330
1779071506,2997.940495
1779071506,2998.038999
1779071506,2999.481000
1779071506,2998.772718
1779071506,2691.781893
1779071506,2998.874429
1779071506,2996.909926
1779071506,2692.050376
1779071506,2692.100997
1779071506,2999.289726
1779071506,2691.685352
1779071506,2691.419448
1779071506,2998.000247
1779071506,2997.859361
1779071506,3306.853671
1779071506,3306.688816
1779071506,3306.809860
1779071506,2998.107096
1779071506,2998.122439
1779071506,2998.668382
1779071506,2689.681901
1779071506,3304.145389
1779071506,2689.983211
1779071506,2998.778780
1779071506,2997.710118
1779071506,3306.697901
1779071506,3305.217110
1779071506,2689.112163
1779071506,2998.042713
1779071506,2998.100940
1779071506,2998.218099
1779071506,2690.621435
1779071506,2689.476388
1779071506,2683.747895
1779071506,3305.146761
1779071506,2996.971546
1779071506,2688.042536
1779071506,2689.992299
1779071506,2997.569900
1779071506,2997.584095
1779071506,2997.738044
1779071506,2998.021277
1779071506,2689.061249
1779071506,3304.383379
1779071506,2997.623027
1779071506,2997.692473
1779071506,2997.813368
1779071506,2997.943228
1779071506,2997.234568
1779071506,2997.451955
1779071506,2997.801272
1779071506,2998.260074
1779071506,2999.942325
1779071506,2999.227389
1779071506,2998.716029
1779071506,2999.125638
1779071506,2999.196445
1779071506,2999.797933
1779071506,2691.688932
1779071506,2690.382836
1779071506,2997.110652
1779071506,2998.755216
1779071506,3306.841672
1779071506,3306.981983
1779071506,2682.797409
1779071506,3306.954563
1779071506,2684.208287
1779071506,2684.064662
1779071506,2684.156177
1779071506,4540.359143
1779071506,2683.203359
1779071506,2998.847475
1779071506,2683.404647
1779071506,2997.912260
1779071506,2997.845596
1779071506,3615.065496
1779071506,2998.193129
1779071506,2998.177202
1779071506,2998.262004
1779071506,2682.764509
1779071506,2682.873737
1779071506,2997.721270
1779071506,4231.830286
1779071506,2997.309958
1779071506,2997.757344
1779071506,2684.642728
1779071506,3305.531564
1779071506,2997.111177
1779071506,2997.164107
1779071506,3305.524400
1779071506,2997.576937
1779071506,2997.871660
1779071506,2683.151862
1779071506,2997.223677
1779071506,2997.372363
1779071506,2997.499622
1779071506,2998.437440
1779071506,2997.652354
1779071506,2997.144613
1779071506,2685.387103
1779071506,2683.410339
1779071506,2998.159547
1779071506,2999.802461
1779071506,2999.950036
1779071506,2999.904333
1779071506,3306.701540
1779071506,2999.646939
1779071506,2999.243596
1779071506,2998.278906
1779071506,2999.446433
1779071506,2685.552977
1779071506,2997.427203
1779071506,2997.003793
1779071506,3615.471745
1779071506,3308.201878
1779071506,3615.710213
1779071506,2680.806796
1779071506,3615.964046
1779071506,2997.563506
1779071506,2998.937118
1779071506,2681.219903
1779071506,2999.205233
1779071506,3616.220853
1779071506,2681.334935
1779071506,2680.391925
1779071506,2681.721078
1779071506,2681.902196
1779071506,2680.814073
1779071506,2680.875844
1779071506,3305.044535
1779071506,2681.094307
1779071506,2680.949652
1779071506,2681.203748
1779071506,3305.493549
1779071506,2999.133560
1779071506,2997.962777
1779071506,2997.901221
1779071506,3305.658167
1779071506,2997.267665
1779071506,2998.575353
1779071506,2997.952788
1779071506,2997.579432
1779071506,2998.164719
1779071506,2997.720780
1779071506,2998.411411
1779071506,2998.175007
1779071506,2998.215428
1779071506,2998.018039
1779071506,2998.964509
1779071506,2998.670546
1779071506,2998.327130
1779071506,3306.225366
1779071506,3304.673766
1779071506,2684.118347
1779071506,3615.596998
1779071506,2999.443490
1779071506,2683.352065
1779071506,2684.463249
1779071506,2998.352417
1779071506,2997.759903
1779071506,2685.567261
1779071506,2685.002357
1779071506,3306.447396
1779071506,2998.048821
1779071506,2998.322366
1779071506,3307.194167
1779071506,2680.232337
1779071506,2680.358533
1779071506,2680.282163
1779071506,2680.617422
1779071506,2680.541372
1779071506,2680.714855
1779071506,2679.531712
1779071506,3305.507345
1779071506,2681.068405
1779071506,2679.860581
1779071506,2994.592738
1779071506,2680.099295
1779071506,2680.134284
1779071506,2998.034221
1779071506,2680.382477
1779071506,2680.631440
1779071506,2680.433518
1779071506,2680.567157
1779071506,2680.766270
1779071506,2681.046842
1779071506,2998.809414
1779071506,2682.525949
1779071506,3305.820767
1779071506,2680.875711
1779071506,2999.631281
1779071506,2681.549113
1779071506,2995.306696
1779071506,2998.248620
1779071506,2681.193616
1779071506,2998.877468
1779071506,2994.938890
1779071506,2682.103393
1779071506,3000.739328
1779071506,3000.910871
1779071506,2683.050293
1779071506,2998.441602
1779071506,2999.374650
1779071506,2999.288107
1779071506,3002.748396
1779071506,3305.951849
1779071506,3307.926393
1779071506,3003.210251
1779071506,3001.998910
1779071506,3000.536824
1779071506,2684.487672
1779071506,2684.426411
1779071506,3923.576077
1779071506,3614.901831
1779071506,2679.761122
1779071506,2992.882961
1779071506,2679.777420
1779071506,2992.880801
1779071506,3923.056005
1779071506,3307.854778
1779071506,2680.173851
1779071506,3306.375597
1779071506,2680.214244
1779071506,2680.497304
1779071506,2680.504736
1779071506,2680.817339
1779071506,2680.749848
1779071506,2681.032857
1779071506,2679.883353
1779071506,2681.328629
1779071506,2679.916630
1779071506,2988.464850
1779071506,2679.395998
1779071506,2679.897404
1779071506,2987.908964
1779071506,2988.836132
1779071506,2989.972836
1779071506,2680.512899
1779071506,2680.406951
1779071506,2681.161774
1779071506,2990.589980
1779071506,2988.984659
1779071506,2681.125805
1779071506,2681.394930
1779071506,2990.835923
1779071506,2681.143970
1779071506,2685.322839
1779071506,3309.483488
1779071506,2996.311047
1779071506,2684.120212
1779071506,2684.754020
1779071506,2993.018245
1779071506,2998.065940
1779071506,2684.920646
1779071506,2994.074400
1779071506,3307.664975
1779071506,2998.495822
1779071506,2997.292111
1779071506,2685.654525
1779071506,2686.541535
1779071506,2685.690764
1779071506,2997.733532
1779071506,2988.955565
1779071506,2988.874436
1779071506,2987.831431
1779071506,2989.462806
1779071506,2989.628347
1779071506,2679.500820
1779071506,2679.256358
1779071506,2679.436847
1779071506,2988.636456
1779071506,3306.479782
1779071506,3306.493086
1779071506,2679.789776
1779071506,3306.680117
1779071506,2680.219397
1779071506,2680.139689
1779071506,3305.823369
1779071506,2989.416681
1779071506,2681.070557
1779071506,2680.986729
1779071506,3306.542336
1779071506,2681.128710
1779071506,2681.143791
1779071506,2681.149730
1779071506,2988.559173
1779071506,2989.192383
1779071506,2989.119469
1779071506,2679.880925
1779071506,2989.352784
1779071506,2988.110543
1779071506,2989.631142
1779071506,2989.908293
1779071506,2680.815922
1779071506,2989.322424
1779071506,2989.292872
1779071506,2991.714163
1779071506,2994.098026
1779071506,2684.215846
1779071506,2684.325164
1779071506,2684.259470
1779071506,2684.010376
1779071506,2683.569838
1779071506,2685.755420
1779071506,2994.283523
1779071506,2683.266116
1779071506,2995.141025
1779071506,2993.708638
1779071506,3307.105433
1779071506,3618.243955
1779071506,2995.449179
1779071506,2682.234849
1779071506,3614.651073
1779071506,3306.146276
1779071506,3306.354606
1779071506,2679.394222
1779071506,2679.644416
1779071506,3307.354817
1779071506,2987.556031
1779071506,2679.985826
1779071506,2989.168205
1779071506,2679.918283
1779071506,3614.799958
1779071506,2680.149527
1779071506,3304.371541
1779071506,3306.065532
1779071506,3302.914231
1779071506,2988.472938
1779071506,3303.047473
1779071506,3305.061012
1779071506,3615.933572
1779071506,3614.090921
1779071506,2679.267375
1779071506,2680.012358
1779071506,2679.876287
1779071506,3305.648342
1779071506,2680.095336
1779071506,2680.257004
1779071506,2679.170389
1779071506,2680.289740
1779071506,2680.010048
1779071506,3304.880922
1779071506,3306.100177
1779071506,2989.892570
1779071506,3307.963080
1779071506,2989.912348
1779071506,2991.232719
1779071506,2993.532503
1779071506,3620.792122
1779071506,2993.709389
1779071506,3312.859838
1779071506,2993.999975
1779071506,3311.422521
1779071506,2993.762796
1779071506,2993.231435
1779071506,2682.821980
1779071506,2993.592508
1779071506,2993.664507
1779071506,2994.120610
1779071506,3312.253594
1779071506,2994.000323
1779071506,3310.789093
1779071506,3615.246294
1779071506,2987.670445
1779071506,2678.515969
1779071506,3300.978859
1779071506,2988.153391
1779071506,2679.060155
1779071506,2988.387905
1779071506,2679.303636
1779071506,2679.542608
1779071506,2679.537176
1779071506,2679.618969
1779071506,3616.340019
1779071506,2987.739557
1779071506,3302.197810
1779071506,3299.795855
1779071506,2679.965201
1779071506,2680.254681
1779071506,2680.104247
1779071506,2679.359410
1779071506,2988.307430
1779071506,2679.491994
1779071506,2679.437302
1779071506,3299.452790
1779071506,2679.634261
1779071506,2679.747049
1779071506,2680.955962
1779071506,2988.892332
1779071506,2989.021394
1779071506,3298.746997
1779071506,3922.700498
1779071506,3300.113759
1779071506,3300.244300
1779071506,4537.941686
1779071506,3297.544263
1779071506,3301.150824
1779071506,2994.211982
1779071506,2994.013120
1779071506,3305.521541
1779071506,2993.885622
1779071506,2994.112733
1779071506,2683.488822
1779071506,3305.680850
1779071506,2993.663217
1779071506,2683.211243
1779071506,3307.156622
1779071506,2683.078985
1779071506,2993.663761
1779071506,2993.862105
1779071506,2993.862207
1779071506,2683.739880
1779071507,2986.570148
1779071507,2678.468664
1779071507,2987.241691
1779071507,2987.425075
1779071507,3922.773504
1779071507,2987.064862
1779071507,2678.599711
1779071507,3297.667056
1779071507,2987.628046
1779071507,3923.264299
1779071507,3614.611838
1779071507,2987.917035
1779071507,2679.707901
1779071507,2988.724631
1779071507,3616.573237
1779071507,2988.512867
1779071507,3297.557913
1779071507,2987.721919
1779071507,3296.689860
1779071507,3614.715358
1779071507,2679.949021
1779071507,2680.015455
1779071507,2679.942082
1779071507,2680.094950
1779071507,2680.239675
1779071507,2988.394769
1779071507,2988.431208
1779071507,2988.870007
1779071507,2988.700846
1779071507,2680.721192
1779071507,3297.307993
1779071507,2988.026651
1779071507,2988.118944
1779071507,3298.508061
1779071507,3299.694483
1779071507,2993.440708
1779071507,3925.550098
1779071507,2992.804409
1779071507,3303.297281
1779071507,3302.246032
1779071507,2683.169623
1779071507,2683.319940
1779071507,2990.753802
1779071507,2683.367265
1779071507,2990.826190
1779071507,3925.913609
1779071507,2683.288774
1779071507,2682.588269
1779071507,2990.041711
1779071507,2989.628685
1779071507,3296.462926
1779071507,2679.490208
1779071507,2679.772096
1779071507,2987.790420
1779071507,2679.810578
1779071507,2679.734625
1779071507,2987.765209
1779071507,3614.972904
1779071507,2987.728738
1779071507,2678.814992
1779071507,3295.741279
1779071507,2988.020640
1779071507,2987.319448
1779071507,2987.330807
1779071507,2987.470488
1779071507,2987.585128
1779071507,3296.840494
1779071507,2987.626468
1779071507,2987.879229
1779071507,3608.778974
1779071507,2987.823494
1779071507,3297.281520
1779071507,3296.822310
1779071507,2680.397403
1779071507,2680.442606
1779071507,2680.658495
1779071507,2680.738049
1779071507,2987.860812
1779071507,2987.573432
1779071507,2988.272009
1779071507,2987.631092
1779071507,2988.407478
1779071507,2987.509462
1779071507,2987.926235
1779071507,2988.993362
1779071507,2990.516453
1779071507,2990.454487
1779071507,2990.727816
1779071507,2990.858572
1779071507,2990.543651
1779071507,2991.134997
1779071507,3302.480871
1779071507,2989.787128
1779071507,2989.771111
1779071507,2990.464608
1779071507,2989.862450
1779071507,2990.923342
1779071507,2991.474077
1779071507,2989.748335
1779071507,2682.624080
1779071507,2679.057068
1779071507,2678.949528
1779071507,2987.953943
1779071507,2680.369714
1779071507,2987.647328
1779071507,2679.119910
1779071507,3923.319367
1779071507,2679.059039
1779071507,2987.831429
1779071507,2987.984207
1779071507,3607.956682
1779071507,3609.432631
1779071507,3295.730939
1779071507,3603.988517
1779071507,3608.748175
1779071507,2681.430525
1779071507,3296.815361
1779071507,2987.687180
1779071507,2987.714338
1779071507,2680.605958
1779071507,2987.983196
1779071507,2680.368011
1779071507,2679.283429
1779071507,2680.484964
1779071507,2988.200906
1779071507,2682.388865
1779071507,2988.032179
1779071507,2679.744084
1779071507,2679.736467
1779071507,2988.421050
1779071507,2988.096560
1779071507,2988.176409
1779071507,2987.722806
1779071507,2680.351630
1779071507,2988.734527
1779071507,3613.763523
1779071507,2990.588419
1779071507,2991.190796
1779071507,2991.380683
1779071507,2683.528244
1779071507,3301.991784
1779071507,3613.080535
1779071507,2990.794601
1779071507,2991.572535
1779071507,2990.734182
1779071507,2990.558340
1779071507,3302.608122
1779071507,2990.873606
1779071507,2990.356182
1779071507,2991.288590
1779071507,2679.252661
1779071507,2987.933965
1779071507,2987.909699
1779071507,2988.079111
1779071507,2987.902514
1779071507,2679.589133
1779071507,2679.870753
1779071507,2679.573403
1779071507,2679.758619
1779071507,2680.000710
1779071507,2680.187482
1779071507,2680.186868
1779071507,2678.920059
1779071507,2680.387662
1779071507,2680.602139
1779071507,2680.630896
1779071507,2680.856867
1779071507,2988.558968
1779071507,2679.498698
1779071507,2679.656698
1779071507,2987.953087
1779071507,2679.805424
1779071507,2679.868280
1779071507,2679.834649
1779071507,2681.512149
1779071507,2988.232315
1779071507,2988.479301
1779071507,2988.650426
1779071507,2680.407051
1779071507,2988.333924
1779071507,2987.872070
1779071507,2680.652759
1779071507,2680.868089
1779071507,2988.151530
1779071507,2988.549196
1779071507,2990.409108
1779071507,2990.182732
1779071507,2990.604356
1779071507,2991.212534
1779071507,3926.330913
1779071507,3299.453049
1779071507,2991.074240
1779071507,2991.683951
1779071507,3298.811443
1779071507,2991.039135
1779071507,2684.348799
1779071507,3611.423984
1779071507,3298.855893
1779071507,2991.409386
1779071507,2990.891563
1779071507,2677.664121
1779071507,3296.552545
1779071507,3923.955601
1779071507,2988.906798
1779071507,2678.581190
1779071507,2678.494549
1779071507,2678.711832
1779071507,2678.803708
1779071507,2988.981153
1779071507,2678.958739
1779071507,3296.145480
1779071507,2678.816483
1779071507,2679.063803
1779071507,3604.747043
1779071507,2679.285908
1779071507,2679.209665
1779071507,2679.364305
1779071507,2988.443787
1779071507,2679.258980
1779071507,2988.587951
1779071507,2988.673234
1779071507,2987.972364
1779071507,2679.819355
1779071507,2679.796575
1779071507,2680.113680
1779071507,2679.831485
1779071507,2680.395967
1779071507,2988.590400
1779071507,2678.826909
1779071507,2680.771137
1779071507,2988.603688
1779071507,2988.267159
1779071507,2988.382208
1779071507,2988.381427
1779071507,2988.502719
1779071507,2990.462824
1779071507,2990.922185
1779071507,2990.720143
1779071507,2991.394093
1779071507,2991.673191
1779071507,2991.856196
1779071507,2991.942755
1779071507,2991.352994
1779071507,2991.947509
1779071507,2991.460189
1779071507,2992.391680
1779071507,2684.120910
1779071507,3298.596489
1779071507,2991.090814
1779071507,2990.739588
1779071507,3916.048141
1779071507,4231.437044
1779071507,2678.103757
1779071507,2678.216174
1779071507,3296.575093
1779071507,2678.337141
1779071507,2678.296126
1779071507,2987.958202
1779071507,2988.026340
1779071507,2988.103200
1779071507,2678.739164
1779071507,3606.270441
1779071507,2678.876276
1779071507,2678.956621
1779071507,2679.080179
1779071507,2679.476834
1779071507,2679.688445
1779071507,2679.180899
1779071507,2679.818311
1779071507,2679.379097
1779071507,2679.398362
1779071507,2989.317866
1779071507,2679.656784
1779071507,2678.398529
1779071507,3296.310209
1779071507,2988.221898
1779071507,2988.222036
1779071507,2988.318960
1779071507,2988.406737
1779071507,2988.017817
1779071507,2678.468784
1779071507,2988.521431
1779071507,2678.892399
1779071507,2988.419583
1779071507,2988.249577
1779071507,2990.284667
1779071507,2991.019411
1779071507,2990.807244
1779071507,2991.788933
1779071507,2991.562638
1779071507,2991.843985
1779071507,2991.999696
1779071507,3300.431582
1779071507,2683.977687
1779071507,2684.042593
1779071507,2990.906278
1779071507,2991.390379
1779071507,2991.550770
1779071507,2990.902818
1779071507,2990.670445
1779071507,3296.273114
1779071507,2678.281223
1779071507,4231.769276
1779071507,3605.428491
1779071507,2678.325917
1779071507,2988.195415
1779071507,3296.955511
1779071507,2678.708468
1779071507,2678.917911
1779071507,2989.014211
1779071507,2679.016418
1779071507,2679.325108
1779071507,2678.308521
1779071507,3298.062314
1779071507,2678.270457
1779071507,2678.347194
1779071507,2988.127456
1779071507,3298.057041
1779071507,2678.380225
1779071507,2678.587468
1779071507,2678.736512
1779071507,2679.059420
1779071507,2987.928306
1779071507,2678.954988
1779071507,2679.118566
1779071507,2989.575506
1779071507,2989.437701
1779071507,2679.819409
1779071507,2988.580997
1779071507,2989.183772
1779071507,2680.157338
1779071507,2680.357169
1779071507,2682.265546
1779071507,2681.259607
1779071507,2990.441587
1779071507,2682.053582
1779071507,2990.947270
1779071507,2990.923282
1779071507,2683.159877
1779071507,2992.008457
1779071507,2991.930053
1779071507,2992.215792
1779071507,2992.464997
1779071507,2992.040390
1779071507,2991.304661
1779071507,2992.379083
1779071507,3299.642997
1779071507,2991.822227
1779071507,2991.419920
1779071507,2990.925826
1779071507,4231.780778
1779071507,3297.078088
1779071507,3605.062695
1779071507,2678.486351
1779071507,2987.021605
1779071507,3296.301576
1779071507,2679.244702
1779071507,2678.983689
1779071507,2677.912861
1779071507,3296.658562
1779071507,2678.354282
1779071507,3914.088454
1779071507,3297.493335
1779071507,3297.662598
1779071507,3296.656895
1779071507,2679.080904
1779071507,2679.433854
1779071507,2987.724009
1779071507,3297.464021
1779071507,3297.861765
1779071507,2988.374270
1779071507,2988.549821
1779071507,3916.590611
1779071507,2989.195300
1779071507,2989.120866
1779071507,2989.616753
1779071507,2682.975793
1779071507,2990.105853
1779071507,2990.336702
1779071507,2683.951864
1779071507,2682.543114
1779071507,2991.001367
1779071507,2991.035792
1779071507,2683.523027
1779071507,2991.091307
1779071507,2683.933763
1779071507,3302.280141
1779071507,2991.902017
1779071507,2683.083406
1779071507,2992.128895
1779071507,2683.367089
1779071507,2992.648875
1779071507,2991.506020
1779071507,2685.143568
1779071507,2993.463266
1779071507,2995.701256
1779071507,2995.998536
1779071507,2995.375868
1779071507,2995.593117
1779071507,3303.397850
1779071507,3913.861835
1779071507,2986.541383
1779071507,2678.382632
1779071507,3605.120084
1779071507,2678.233683
1779071507,2676.979937
1779071507,2986.760927
1779071507,2678.402640
1779071507,2987.018466
1779071507,2678.899345
1779071507,2678.797344
1779071507,3297.419060
1779071507,2987.850288
1779071507,3297.487914
1779071507,4224.848731
1779071507,3297.598093
1779071507,3914.701184
1779071507,2679.035387
1779071507,2679.367642
1779071507,2987.722176
1779071507,3915.665660
1779071507,3297.726608
1779071507,2680.227463
1779071507,2988.775010
1779071507,2988.737640
1779071507,2988.967233
1779071507,2989.435692
1779071507,2989.219504
1779071507,2680.514917
1779071507,2990.234874
1779071507,2990.256880
1779071507,2990.300908
1779071507,2680.979386
1779071507,2990.758404
1779071507,2991.623934
1779071507,2991.725122
1779071507,2991.804406
1779071507,2683.218254
1779071507,2683.356566
1779071507,2683.254708
1779071507,2993.136505
1779071507,3301.070950
1779071507,3301.912485
1779071507,2993.723846
1779071507,2685.052103
1779071507,2994.034211
1779071507,2994.503538
1779071507,2992.999283
1779071507,2995.817395
1779071507,2993.956950
1779071507,2986.895497
1779071507,2677.473710
1779071507,2677.793937
1779071507,3604.968531
1779071507,3605.181016
1779071507,2986.909746
1779071507,2986.918005
1779071507,2677.817285
1779071507,3605.303951
1779071507,4223.057328
1779071507,3605.660650
1779071507,4222.592875
1779071507,3605.343920
1779071507,2986.736829
1779071507,2986.933421
1779071507,3914.016612
1779071507,4223.377491
1779071507,3914.436745
1779071507,2988.873208
1779071507,3914.686467
1779071507,3915.020166
1779071507,3298.291471
1779071507,2988.364281
1779071507,3606.700139
1779071508,2680.167644
1779071508,2680.359016
1779071508,3607.345435
1779071508,2680.307512
1779071508,2990.332259
1779071508,3299.376428
1779071508,2990.711092
1779071508,2679.311959
1779071508,3299.474687
1779071508,2990.695335
1779071508,2991.179708
1779071508,2991.218652
1779071508,2683.010537
1779071508,2992.258323
1779071508,2992.218027
1779071508,2992.401073
1779071508,3300.672027
1779071508,2993.364408
1779071508,2993.802551
1779071508,2684.692839
1779071508,2993.528637
1779071508,2993.836279
1779071508,2994.135416
1779071508,2992.858106
1779071508,2996.537930
1779071508,2994.608097
1779071508,3604.042288
1779071508,3604.714565
1779071508,2987.184647
1779071508,2987.336736
1779071508,3295.800210
1779071508,2987.238212
1779071508,2678.254038
1779071508,2678.398621
1779071508,3296.054122
1779071508,3605.543264
1779071508,3606.913655
1779071508,3296.349509
1779071508,2986.800238
1779071508,3296.518535
1779071508,3296.806773
1779071508,2987.047803
1779071508,2987.536300
1779071508,2987.684647
1779071508,2987.907632
1779071508,4223.767601
1779071508,2988.372404
1779071508,2988.460576
1779071508,3298.708457
1779071508,3607.782683
1779071508,2988.938522
1779071508,2677.816274
1779071508,2988.824241
1779071508,2988.765708
1779071508,2989.064073
1779071508,2989.440663
1779071508,2989.764173
1779071508,2989.694533
1779071508,2990.261152
1779071508,2990.393252
1779071508,2990.640377
1779071508,2990.327935
1779071508,2990.493906
1779071508,3300.299937
1779071508,2992.044349
1779071508,2679.156367
1779071508,2991.909651
1779071508,3302.026308
1779071508,2993.491083
1779071508,2680.218123
1779071508,2994.177370
1779071508,2994.213615
1779071508,3300.284678
1779071508,2994.496353
1779071508,2683.043281
1779071508,2997.138438
1779071508,2986.667609
1779071508,3604.738308
1779071508,2986.860880
1779071508,2677.500933
1779071508,2987.136315
1779071508,2677.613287
1779071508,2677.639406
1779071508,2677.899894
1779071508,2677.870942
1779071508,2986.420958
1779071508,2986.330097
1779071508,2677.318620
1779071508,4533.456446
1779071508,2986.800587
1779071508,2987.161907
1779071508,2987.039851
1779071508,2987.486963
1779071508,2987.654163
1779071508,3297.057067
1779071508,2987.602902
1779071508,2676.566916
1779071508,2987.230978
1779071508,2988.399483
1779071508,3914.705742
1779071508,2987.574155
1779071508,2987.757169
1779071508,2987.865736
1779071508,2677.649826
1779071508,3607.704006
1779071508,2988.783418
1779071508,3915.718370
1779071508,2988.078463
1779071508,2990.031427
1779071508,2989.552577
1779071508,2990.398404
1779071508,2990.110624
1779071508,2990.548820
1779071508,3301.144456
1779071508,3301.205088
1779071508,3301.000942
1779071508,2991.999226
1779071508,3300.981325
1779071508,2993.301094
1779071508,2993.358600
1779071508,2993.441260
1779071508,2994.219607
1779071508,2993.870907
1779071508,2995.669805
1779071508,2995.183179
1779071508,2994.803170
1779071508,3295.224060
1779071508,2677.026591
1779071508,3913.375123
1779071508,2986.268292
1779071508,2677.242589
1779071508,2986.530351
1779071508,2677.760075
1779071508,2987.095323
1779071508,2987.080188
1779071508,2986.997639
1779071508,2678.034007
1779071508,2987.775358
1779071508,2982.975815
1779071508,2986.197833
1779071508,2983.726911
1779071508,2984.585782
1779071508,2986.866398
1779071508,2985.297241
1779071508,2987.148874
1779071508,2986.520215
1779071508,2985.457042
1779071508,2987.600363
1779071508,3914.403696
1779071508,2987.760868
1779071508,2677.837443
1779071508,3606.292636
1779071508,2678.186839
1779071508,3607.492607
1779071508,2988.351968
1779071508,2988.358396
1779071508,2987.684921
1779071508,2987.228832
1779071508,2989.396863
1779071508,2990.194444
1779071508,2987.636445
1779071508,3298.632687
1779071508,2990.236746
1779071508,2990.751975
1779071508,2991.956012
1779071508,2992.417772
1779071508,2989.512136
1779071508,2992.297907
1779071508,3301.592216
1779071508,2680.073598
1779071508,2989.968217
1779071508,2680.470816
1779071508,2990.151748
1779071508,2991.907723
1779071508,2992.232890
1779071508,2991.814857
1779071508,3295.937644
1779071508,2985.534412
1779071508,3294.636620
1779071508,2985.643124
1779071508,2985.626111
1779071508,2986.855193
1779071508,2986.992642
1779071508,2986.216530
1779071508,2986.227272
1779071508,2986.176820
1779071508,2987.461023
1779071508,2986.347353
1779071508,2985.332982
1779071508,2985.805346
1779071508,2985.782701
1779071508,2985.955262
1779071508,2986.145732
1779071508,2986.103368
1779071508,2986.005932
1779071508,2985.828169
1779071508,2984.939390
1779071508,2985.892325
1779071508,2985.884446
1779071508,2985.824351
1779071508,2678.159893
1779071508,2985.706295
1779071508,2985.748676
1779071508,2985.171856
1779071508,2985.685530
1779071508,2985.360345
1779071508,2985.740744
1779071508,2985.739730
1779071508,2986.126666
1779071508,2986.263141
1779071508,2986.159244
1779071508,2986.311963
1779071508,2986.319960
1779071508,2986.166174
1779071508,3298.909662
1779071508,2986.681164
1779071508,2987.160426
1779071508,2987.517599
1779071508,3300.920824
1779071508,2680.201760
1779071508,2988.236878
1779071508,3300.456700
1779071508,2988.469997
1779071508,2990.328366
1779071508,2990.994577
1779071508,2991.080387
1779071508,3296.071336
1779071508,3913.779339
1779071508,4222.782655
1779071508,3913.893519
1779071508,3604.571371
1779071508,2986.609134
1779071508,2986.468915
1779071508,2985.386296
1779071508,2985.615192
1779071508,2985.608927
1779071508,2986.992111
1779071508,2985.740519
1779071508,2985.179984
1779071508,2985.409959
1779071508,2986.223845
1779071508,2986.279815
1779071508,2677.805775
1779071508,2985.672228
1779071508,3296.298217
1779071508,2985.961956
1779071508,2985.939692
1779071508,2677.893587
1779071508,2678.137618
1779071508,2985.824343
1779071508,2678.190948
1779071508,2678.120707
1779071508,3295.458080
1779071508,2985.074215
1779071508,2678.221046
1779071508,2985.880743
1779071508,2985.700494
1779071508,2985.528248
1779071508,2986.099045
1779071508,2986.357084
1779071508,2986.783939
1779071508,2986.724228
1779071508,2986.126648
1779071508,2986.954030
1779071508,2986.710288
1779071508,2986.759187
1779071508,2986.602108
1779071508,2986.924080
1779071508,2988.143812
1779071508,2988.153065
1779071508,2988.176525
1779071508,2988.293000
1779071508,2988.606585
1779071508,2990.046229
1779071508,2991.486187
1779071508,2991.258043
1779071508,2677.357013
1779071508,3294.885699
1779071508,2986.533040
1779071508,2986.621960
1779071508,3604.871792
1779071508,2678.248767
1779071508,2678.403898
1779071508,2678.201967
1779071508,2678.497979
1779071508,2678.938293
1779071508,2678.944178
1779071508,2986.285739
1779071508,2679.249012
1779071508,2986.398446
1779071508,2986.418200
1779071508,2986.285236
1779071508,2986.469636
1779071508,2678.370183
1779071508,2986.757374
1779071508,2986.557933
1779071508,2678.640260
1779071508,2678.490520
1779071508,2678.059380
1779071508,3605.230935
1779071508,2678.176472
1779071508,2986.526926
1779071508,2986.246163
1779071508,2986.329876
1779071508,2985.781111
1779071508,2985.434865
1779071508,2985.875045
1779071508,2678.078955
1779071508,2985.415541
1779071508,2986.789361
1779071508,2986.527072
1779071508,2986.422759
1779071508,2678.476649
1779071508,2987.112781
1779071508,2986.070359
1779071508,2986.061295
1779071508,2986.543937
1779071508,2987.030288
1779071508,3297.967008
1779071508,2988.340926
1779071508,2987.819635
1779071508,2988.254342
1779071508,2680.060732
1779071508,2990.157973
1779071508,2990.976935
1779071508,2991.202506
1779071508,2986.363144
1779071508,2986.468178
1779071508,2678.016949
1779071508,2678.003626
1779071508,2986.707733
1779071508,2678.136010
1779071508,2678.113604
1779071508,2678.105845
1779071508,2986.524841
1779071508,2678.944868
1779071508,2679.205398
1779071508,2678.029973
1779071508,2679.241968
1779071508,2678.023654
1779071508,2986.789756
1779071508,2678.191566
1779071508,2986.992083
1779071508,2987.224401
1779071508,3604.498452
1779071508,2986.800360
1779071508,2986.600774
1779071508,2986.263449
1779071508,2986.842296
1779071508,2986.304198
1779071508,2986.419945
1779071508,2986.357242
1779071508,2986.489678
1779071508,2986.604586
1779071508,2985.794737
1779071508,2678.751121
1779071508,2985.467285
1779071508,2985.764220
1779071508,2985.815795
1779071508,2986.299990
1779071508,2985.914178
1779071508,2986.080923
1779071508,2986.310572
1779071508,2986.976850
1779071508,2986.009781
1779071508,2986.706813
1779071508,2986.458866
1779071508,2986.742510
1779071508,2986.379571
1779071508,3296.212453
1779071508,2988.390783
1779071508,2988.185872
1779071508,2988.393959
1779071508,2988.663688
1779071508,2991.005610
1779071508,2991.059407
1779071508,2986.306081
1779071508,2678.020612
1779071508,2986.599003
1779071508,2986.611725
1779071508,2986.559653
1779071508,2986.789683
1779071508,2678.162327
1779071508,2986.807131
1779071508,2987.136851
1779071508,2677.206968
1779071508,2987.164345
1779071508,2677.439339
1779071508,2678.964375
1779071508,2677.866805
1779071508,2677.867919
1779071508,2679.031603
1779071508,2986.746124
1779071508,2678.073918
1779071508,3293.918810
1779071508,2987.044811
1779071508,2986.020496
1779071508,2678.412452
1779071508,2678.490507
1779071508,2986.375196
1779071508,2987.332878
1779071508,3293.202412
1779071508,2678.610045
1779071508,2678.560717
1779071508,2985.724298
1779071508,2679.105643
1779071508,2985.790132
1779071508,2986.181153
1779071508,2678.205348
1779071508,2986.364947
1779071508,2986.300802
1779071508,2985.991305
1779071508,2986.316999
1779071508,2986.535765
1779071508,2987.120965
1779071508,2986.088898
1779071508,2986.459011
1779071508,2986.596763
1779071508,2987.244380
1779071508,2987.885794
1779071508,2988.054609
1779071508,2988.139952
1779071508,2987.534414
1779071508,2988.717444
1779071508,2991.221435
1779071508,2991.213092
1779071508,3604.528490
1779071508,2678.840623
1779071508,2678.887470
1779071508,2677.618553
1779071508,3295.652293
1779071508,2679.028952
1779071508,3295.799694
1779071508,2678.051813
1779071508,2987.813454
1779071508,2987.770337
1779071508,3605.222440
1779071508,3295.069375
1779071508,2987.068253
1779071508,2988.604717
1779071508,2680.324625
1779071508,2678.936588
1779071508,2678.885055
1779071508,3294.879814
1779071508,3294.984533
1779071508,3297.336463
1779071508,3294.874506
1779071508,2679.266442
1779071508,2985.875352
1779071508,2678.585377
1779071508,3295.058438
1779071508,2985.567084
1779071508,2678.907836
1779071508,2987.268594
1779071508,2986.942702
1779071508,2986.621131
1779071508,2987.716948
1779071508,2986.516441
1779071508,3294.498229
1779071508,2986.689116
1779071508,2986.489699
1779071508,2986.368030
1779071508,3294.453945
1779071508,2986.465062
1779071508,2986.508934
1779071508,2986.364280
1779071508,2986.206082
1779071508,2986.741441
1779071508,3604.293061
1779071508,2987.660477
1779071508,2987.268347
1779071508,2987.871279
1779071508,2679.146249
1779071508,2988.640793
1779071508,2990.253796
1779071508,2991.428091
1779071509,3295.997254
1779071509,2679.174805
1779071509,3296.164534
1779071509,2679.338615
1779071509,3294.479683
1779071509,2677.910726
1779071509,2679.485071
1779071509,3296.521772
1779071509,2678.194057
1779071509,2679.765141
1779071509,2677.468785
1779071509,2678.680487
1779071509,2678.820039
1779071509,2986.983165
1779071509,2678.902073
1779071509,2987.240022
1779071509,2678.987263
1779071509,3296.245153
1779071509,2679.314218
1779071509,2678.374721
1779071509,2678.533071
1779071509,2681.143337
1779071509,2986.897761
1779071509,2988.076211
1779071509,2678.908499
1779071509,2680.310214
1779071509,2678.598551
1779071509,2987.251015
1779071509,2986.316665
1779071509,2679.045740
1779071509,2680.974766
1779071509,2987.132155
1779071509,2986.541403
1779071509,2986.615747
1779071509,2987.516939
1779071509,2986.200153
1779071509,2986.600693
1779071509,2986.590085
1779071509,2680.730790
1779071509,2986.093704
1779071509,2684.265915
1779071509,2986.615783
1779071509,2986.713428
1779071509,2987.348297
1779071509,2986.918612
1779071509,2987.554562
1779071509,2987.283800
1779071509,2988.138229
1779071509,2989.937705
1779071509,2990.716578
1779071509,2678.223024
1779071509,2987.433543
1779071509,3296.140182
1779071509,3296.097081
1779071509,2987.545443
1779071509,2987.607410
1779071509,2678.628589
1779071509,2987.782378
1779071509,2678.855880
1779071509,2679.017049
1779071509,2678.880928
1779071509,2678.986878
1779071509,2678.989401
1779071509,2679.135712
1779071509,2677.785132
1779071509,2679.686284
1779071509,2679.390529
1779071509,2679.889931
1779071509,2679.517983
1779071509,2679.683948
1779071509,2678.546035
1779071509,3603.755028
1779071509,2678.701054
1779071509,2987.674845
1779071509,2678.777952
1779071509,2987.358769
1779071509,2678.975786
1779071509,2680.373854
1779071509,2987.131325
1779071509,3294.816653
1779071509,2987.581380
1779071509,2987.406133
1779071509,2986.796828
1779071509,2678.800979
1779071509,2679.533725
1779071509,2987.276424
1779071509,2987.421169
1779071509,2986.666033
1779071509,2986.910170
1779071509,2986.939597
1779071509,2986.446103
1779071509,2986.114951
1779071509,2986.499982
1779071509,2987.070701
1779071509,2679.355613
1779071509,2679.511980
1779071509,2987.775348
1779071509,2988.351274
1779071509,2990.279627
1779071509,2990.873163
1779071509,2678.036580
1779071509,2679.995020
1779071509,2680.123713
1779071509,2987.341900
1779071509,2680.104393
1779071509,2679.980229
1779071509,2680.273593
1779071509,2678.643924
1779071509,3296.221050
1779071509,2677.510208
1779071509,2677.933564
1779071509,2988.202846
1779071509,2988.458157
1779071509,2679.669776
1779071509,3296.786343
1779071509,3296.345175
1779071509,2988.243847
1779071509,2679.915490
1779071509,2678.635134
1779071509,3297.736607
1779071509,2988.450111
1779071509,2680.433703
1779071509,3297.240225
1779071509,2990.117583
1779071509,2988.717640
1779071509,2988.476844
1779071509,3914.342465
1779071509,2679.511974
1779071509,2989.619218
1779071509,2988.691706
1779071509,2988.777026
1779071509,2988.533210
1779071509,2988.644104
1779071509,2681.913536
1779071509,2988.376576
1779071509,2988.083199
1779071509,2988.321753
1779071509,2987.444469
1779071509,2988.817665
1779071509,2988.335941
1779071509,2986.648139
1779071509,2986.570460
1779071509,2986.677844
1779071509,2986.715578
1779071509,2987.034033
1779071509,3296.129860
1779071509,2987.406364
1779071509,2987.874072
1779071509,2990.436411
1779071509,2991.033080
1779071509,2986.426430
1779071509,3605.566238
1779071509,3296.918764
1779071509,2679.894365
1779071509,2680.053300
1779071509,2678.861530
1779071509,2988.961936
1779071509,3296.171785
1779071509,2679.295976
1779071509,2679.346156
1779071509,2988.150204
1779071509,3297.837237
1779071509,2679.449848
1779071509,2678.828001
1779071509,2679.412640
1779071509,3296.130528
1779071509,2679.861054
1779071509,2680.007557
1779071509,2679.399150
1779071509,2679.767812
1779071509,2679.764178
1779071509,2681.824146
1779071509,2680.722747
1779071509,2679.476125
1779071509,2679.266174
1779071509,3296.213454
1779071509,3297.322049
1779071509,2679.534208
1779071509,2987.305477
1779071509,2679.666089
1779071509,2680.040150
1779071509,2679.689841
1779071509,2988.263491
1779071509,2679.783576
1779071509,2988.062972
1779071509,2988.422099
1779071509,2988.055575
1779071509,2987.594620
1779071509,2987.708564
1779071509,2678.685065
1779071509,2988.457322
1779071509,2678.060375
1779071509,2986.556719
1779071509,2986.088397
1779071509,2986.409794
1779071509,2987.079448
1779071509,2987.461577
1779071509,2987.697660
1779071509,2989.681970
1779071509,2990.873516
1779071509,2987.238735
1779071509,3297.060751
1779071509,2987.705529
1779071509,2679.926663
1779071509,2679.910566
1779071509,3605.851350
1779071509,2679.854591
1779071509,2679.136454
1779071509,2679.094294
1779071509,2680.429061
1779071509,2680.355306
1779071509,2679.006492
1779071509,2679.287755
1779071509,3297.999676
1779071509,2679.302800
1779071509,2679.630726
1779071509,3603.646421
1779071509,4843.272434
1779071509,3604.408098
1779071509,2679.810223
1779071509,2989.368413
1779071509,3606.007239
1779071509,3297.250597
1779071509,2680.205462
1779071509,2679.648242
1779071509,2679.419328
1779071509,2679.198258
1779071509,2679.908041
1779071509,2679.929944
1779071509,2987.777799
1779071509,3296.176305
1779071509,2680.105091
1779071509,2988.217359
1779071509,2988.484855
1779071509,2674.638283
1779071509,2988.006398
1779071509,3296.903047
1779071509,2987.535472
1779071509,2987.749934
1779071509,2680.408471
1779071509,2985.870445
1779071509,2985.999185
1779071509,2675.590825
1779071509,3294.745009
1779071509,2676.337271
1779071509,3296.028361
1779071509,2987.585282
1779071509,2987.919814
1779071509,2989.627777
1779071509,2990.815719
1779071509,3297.436275
1779071509,3297.663169
1779071509,2679.763756
1779071509,2987.540431
1779071509,3604.767797
1779071509,3297.805064
1779071509,2679.971278
1779071509,3913.220732
1779071509,2680.326159
1779071509,2680.584744
1779071509,2679.402935
1779071509,2680.634193
1779071509,2679.482207
1779071509,2679.463528
1779071509,2988.504992
1779071509,2679.685880
1779071509,2680.010458
1779071509,2679.929249
1779071509,3296.059702
1779071509,2680.084635
1779071509,3605.581952
1779071509,2680.290619
1779071509,3296.799065
1779071509,2679.965038
1779071509,2679.760118
1779071509,2680.176654
1779071509,2987.351490
1779071509,2680.857936
1779071509,2989.306309
1779071509,2989.604018
1779071509,2987.657758
1779071509,2680.263134
1779071509,2679.955235
1779071509,2989.438781
1779071509,2680.223615
1779071509,2988.041710
1779071509,2987.839530
1779071509,2987.567480
1779071509,2987.533682
1779071509,2987.026248
1779071509,2988.377615
1779071509,2986.347712
1779071509,2986.803093
1779071509,2986.489743
1779071509,2986.808664
1779071509,2987.198901
1779071509,2987.585114
1779071509,2676.815303
1779071509,2989.570354
1779071509,2990.419890
1779071509,2987.235413
1779071509,2680.018328
1779071509,2680.093953
1779071509,2680.121523
1779071509,3605.983256
1779071509,2680.152074
1779071509,2680.134276
1779071509,2681.277016
1779071509,2680.426297
1779071509,2989.616112
1779071509,2988.210454
1779071509,2679.662914
1779071509,2680.882310
1779071509,2680.795133
1779071509,3914.644101
1779071509,2679.894185
1779071509,2680.152837
1779071509,2680.057831
1779071509,2680.237769
1779071509,2680.210376
1779071509,3606.274317
1779071509,2680.138485
1779071509,2680.140128
1779071509,3298.333245
1779071509,2680.022694
1779071509,2680.385655
1779071509,3606.003308
1779071509,2987.722106
1779071509,3606.320792
1779071509,2679.899480
1779071509,2680.079547
1779071509,2680.592007
1779071509,2987.331709
1779071509,3605.584672
1779071509,2988.286553
1779071509,2987.865622
1779071509,2987.097189
1779071509,3294.427295
1779071509,2983.710377
1779071509,3294.581744
1779071509,2985.132872
1779071509,2681.227965
1779071509,2681.356235
1779071509,2984.356790
1779071509,2675.719207
1779071509,2988.014604
1779071509,2986.896280
1779071509,2986.935511
1779071509,2988.348527
1779071509,2990.739895
1779071509,2989.133226
1779071509,3297.005328
1779071509,4221.435612
1779071509,2680.393411
1779071509,2989.159180
1779071509,2680.639726
1779071509,2680.609219
1779071509,3605.081058
1779071509,2680.828613
1779071509,3914.109011
1779071509,3914.209652
1779071509,2680.731551
1779071509,2679.816220
1779071509,2988.472143
1779071509,2680.169848
1779071509,2680.205201
1779071509,2679.282955
1779071509,3913.537714
1779071509,2681.495897
1779071509,2681.553223
1779071509,2989.252037
1779071509,2989.219111
1779071509,2680.492372
1779071509,2679.961664
1779071509,2680.469991
1779071509,2681.169418
1779071509,2680.770330
1779071509,2681.401704
1779071509,2988.820503
1779071509,2989.552914
1779071509,3297.955430
1779071509,3297.952964
1779071509,2681.298617
1779071509,2680.792020
1779071509,2984.007928
1779071509,2681.699032
1779071509,2675.267455
1779071509,2681.328254
1779071509,2675.391471
1779071509,3298.481743
1779071509,2984.306390
1779071509,2984.465197
1779071509,2675.755532
1779071509,2675.940918
1779071509,2984.875024
1779071509,2985.336025
1779071509,2985.639882
1779071509,2985.751632
1779071509,2986.808676
1779071509,2988.996046
1779071509,2989.087171
1779071509,4222.395253
1779071509,2681.410100
1779071509,2681.305046
1779071509,2681.302821
1779071509,2681.287748
1779071509,2989.470849
1779071509,2681.474198
1779071509,2681.578470
1779071509,2680.101570
1779071509,2681.379833
1779071509,2681.461843
1779071509,2681.814546
1779071509,2680.545285
1779071509,2680.612037
1779071509,2684.374002
1779071509,2992.600704
1779071509,2992.534910
1779071509,2683.881264
1779071509,3301.137595
1779071509,2683.902837
1779071509,2987.012187
1779071509,2985.957540
1779071509,2685.166302
1779071509,2679.520878
1779071509,3302.541728
1779071509,2684.526157
1779071509,2683.571057
1779071509,2684.731730
1779071509,2684.602227
1779071509,2682.467446
1779071509,2986.648654
1779071509,2684.854920
1779071509,2684.862673
1779071509,2684.648947
1779071509,2988.262998
1779071509,2680.541894
1779071509,3297.963306
1779071509,2685.498117
1779071509,2686.059675
1779071509,2987.683884
1779071509,2987.858213
1779071509,2686.232060
1779071509,2987.830479
1779071509,2988.209994
1779071509,2686.565786
1779071509,2680.492538
1779071509,2989.597157
1779071509,2995.480785
1779071509,2988.774300
1779071509,2680.814486
1779071509,2679.543190
1779071509,3914.902916
1779071509,2681.293091
1779071509,2681.156770
1779071509,4222.783345
1779071509,2681.433899
1779071509,3297.020303
1779071509,3605.776364
1779071509,2681.596680
1779071509,2680.439958
1779071509,2682.006144
1779071509,2988.798774
1779071509,2682.126323
1779071509,3916.703979
1779071509,3300.657049
1779071509,3608.710409
1779071509,2683.122327
1779071509,2684.671390
1779071509,2684.688946
1779071509,2684.732176
1779071509,2992.727058
1779071509,2683.711420
1779071509,2683.849271
1779071509,2683.386552
1779071509,3609.264104
1779071509,2684.269067
1779071509,2684.407486
1779071509,2684.364713
1779071509,2684.280208
1779071509,2992.450286
1779071509,2684.688137
1779071509,3918.137676
1779071509,2686.232937
1779071509,2988.469223
1779071509,3300.563392
1779071509,2987.470808
1779071509,2684.430635
1779071509,2987.696464
1779071509,2987.703182
1779071509,2987.869876
1779071509,2987.996757
1779071509,2987.910427
1779071509,3299.493428
1779071509,2988.333739
1779071509,2988.577377
1779071509,2988.585010
1779071509,2988.474678
1779071509,2988.794420
1779071509,2988.851153
1779071510,2989.079320
1779071510,2680.003336
1779071510,3913.724798
1779071510,2989.086659
1779071510,4224.006845
1779071510,2680.421706
1779071510,3298.027506
1779071510,2680.375725
1779071510,2680.437345
1779071510,2989.863444
1779071510,2680.606033
1779071510,2988.932959
1779071510,2680.813035
1779071510,2990.120964
1779071510,3917.184139
1779071510,3300.461112
1779071510,2992.254049
1779071510,3300.702813
1779071510,2992.350237
1779071510,2682.938195
1779071510,3917.483254
1779071510,2683.409503
1779071510,2683.461613
1779071510,2683.689797
1779071510,3609.733943
1779071510,3608.855605
1779071510,2992.774485
1779071510,2683.961496
1779071510,2684.046220
1779071510,3295.656878
1779071510,2684.433913
1779071510,2684.224905
1779071510,3606.542435
1779071510,2991.007199
1779071510,2684.193546
1779071510,2684.757755
1779071510,2683.413260
1779071510,3301.280315
1779071510,3296.575710
1779071510,2987.930908
1779071510,3606.988092
1779071510,2988.032178
1779071510,2679.120365
1779071510,2988.488398
1779071510,2988.612789
1779071510,2987.522051
1779071510,2988.700379
1779071510,2988.780754
1779071510,2987.749419
1779071510,2987.803088
1779071510,3604.678521
1779071510,2989.779874
1779071510,3915.779530
1779071510,2988.636494
1779071510,3298.029889
1779071510,2988.666565
1779071510,2680.255710
1779071510,3915.039785
1779071510,2680.385530
1779071510,2680.792553
1779071510,3606.468567
1779071510,2681.181655
1779071510,2681.326635
1779071510,3605.783354
1779071510,3607.301408
1779071510,3608.864320
1779071510,3609.607176
1779071510,3917.206530
1779071510,2992.428651
1779071510,2992.579686
1779071510,2991.773375
1779071510,3609.739567
1779071510,3300.317892
1779071510,3301.447457
1779071510,2683.936409
1779071510,3609.437287
1779071510,2684.316767
1779071510,3610.825313
1779071510,3301.236409
1779071510,2684.325757
1779071510,3300.939255
1779071510,3296.642616
1779071510,2684.218632
1779071510,2685.178614
1779071510,3297.130845
1779071510,2987.994077
1779071510,2988.079350
1779071510,2684.846975
1779071510,2988.164461
1779071510,2993.979488
1779071510,2987.649788
1779071510,2987.696420
1779071510,2987.689751
1779071510,2987.783579
1779071510,2989.211820
1779071510,2988.139904
1779071510,2680.689456
1779071510,3613.408157
1779071510,2990.745544
1779071510,2990.247355
1779071510,2681.414423
1779071510,2681.541318
1779071510,2681.352599
1779071510,4531.683931
1779071510,2681.607345
1779071510,3606.038238
1779071510,2681.790043
1779071510,4529.909038
1779071510,3914.737096
1779071510,2681.413700
1779071510,2682.836339
1779071510,4224.410705
1779071510,2993.277520
1779071510,3607.612571
1779071510,2992.454681
1779071510,2683.239742
1779071510,3608.978264
1779071510,3299.201150
1779071510,2683.831820
1779071510,2683.092023
1779071510,2684.217571
1779071510,2992.030573
1779071510,3298.415922
1779071510,3608.349108
1779071510,2683.738184
1779071510,2684.247414
1779071510,2991.340324
1779071510,3609.955857
1779071510,2685.634633
1779071510,2686.058515
1779071510,2680.574872
1779071510,2680.665720
1779071510,2682.604888
1779071510,2989.014486
1779071510,2988.157023
1779071510,2988.025456
1779071510,2680.472179
1779071510,2685.766422
1779071510,2988.879135
1779071510,2996.231171
1779071510,2989.811247
1779071510,2687.945116
1779071510,2990.454630
1779071510,2688.979189
1779071510,2689.075940
1779071510,2993.481509
1779071510,2991.851702
1779071510,2992.542645
1779071510,2690.858293
1779071510,2685.686459
1779071510,2680.727600
1779071510,3915.294602
1779071510,2680.856809
1779071510,2680.764546
1779071510,2989.583624
1779071510,2989.492442
1779071510,4839.135429
1779071510,2989.861810
1779071510,3298.218753
1779071510,2990.331041
1779071510,2990.551090
1779071510,2991.174843
1779071510,2991.806813
1779071510,2991.952392
1779071510,2991.024207
1779071510,2682.116538
1779071510,2682.291333
1779071510,2682.526994
1779071510,2682.806417
1779071510,2684.233051
1779071510,3917.581321
1779071510,2683.852001
1779071510,2992.385821
1779071510,2683.592126
1779071510,2683.967652
1779071510,2684.296735
1779071510,2684.192247
1779071510,3918.058349
1779071510,3301.306757
1779071510,2685.162092
1779071510,3296.290534
1779071510,2685.176228
1779071510,2994.364076
1779071510,3605.951999
1779071510,2687.703642
1779071510,2682.319754
1779071510,2687.852074
1779071510,2990.220422
1779071510,2989.122148
1779071510,3298.876388
1779071510,2990.119868
1779071510,2990.537004
1779071510,2990.625654
1779071510,2991.235417
1779071510,2991.193429
1779071510,2991.382126
1779071510,2992.280470
1779071510,2992.673189
1779071510,2993.030383
1779071510,2993.524328
1779071510,2989.555355
1779071510,2989.615512
1779071510,2989.604992
1779071510,3607.775041
1779071510,4224.088583
1779071510,2989.803919
1779071510,4224.189183
1779071510,3607.709253
1779071510,4532.864834
1779071510,2990.166637
1779071510,2990.088303
1779071510,2990.814696
1779071510,2991.347337
1779071510,2991.435956
1779071510,2991.683749
1779071510,2990.903958
1779071510,2991.748212
1779071510,2991.195714
1779071510,2991.390583
1779071510,2991.579926
1779071510,2991.755399
1779071510,2992.131404
1779071510,3917.435342
1779071510,2992.458711
1779071510,2992.426976
1779071510,3609.491024
1779071510,2992.658090
1779071510,3609.438075
1779071510,2993.246197
1779071510,2993.371121
1779071510,2993.653754
1779071510,3606.252398
1779071510,3605.960927
1779071510,3606.371143
1779071510,2993.200574
1779071510,2990.763583
1779071510,2989.882930
1779071510,2682.903316
1779071510,2989.451750
1779071510,2990.136015
1779071510,2991.696093
1779071510,2990.580969
1779071510,2990.555661
1779071510,2990.809774
1779071510,2990.793297
1779071510,3299.498411
1779071510,2991.716777
1779071510,2992.558101
1779071510,2993.309417
1779071510,2993.248616
1779071510,2990.960111
1779071510,2682.661482
1779071510,2682.729491
1779071510,2681.362492
1779071510,2989.941895
1779071510,3607.050660
1779071510,2681.483769
1779071510,3608.132133
1779071510,2990.106892
1779071510,2681.905758
1779071510,2990.343361
1779071510,3299.467799
1779071510,3607.779777
1779071510,2991.060659
1779071510,2991.177493
1779071510,2991.376786
1779071510,3608.153351
1779071510,2682.007085
1779071510,3299.789616
1779071510,3915.392531
1779071510,2992.189232
1779071510,2992.560520
1779071510,2992.005770
1779071510,3303.437453
1779071510,2681.977720
1779071510,2992.586973
1779071510,3301.483387
1779071510,2992.895675
1779071510,3603.972811
1779071510,2993.148293
1779071510,3297.651099
1779071510,2681.927025
1779071510,3302.446918
1779071510,3302.960055
1779071510,3297.543720
1779071510,2988.736089
1779071510,3297.641417
1779071510,4229.114851
1779071510,3298.138491
1779071510,2990.284347
1779071510,2990.768270
1779071510,2990.765839
1779071510,2990.828222
1779071510,2990.858822
1779071510,2990.906198
1779071510,3300.772707
1779071510,3300.529327
1779071510,2992.700324
1779071510,2993.166201
1779071510,2993.365925
1779071510,2988.967238
1779071510,2988.943773
1779071510,2681.963403
1779071510,2683.053103
1779071510,2989.214515
1779071510,2988.931651
1779071510,2682.195642
1779071510,2990.890741
1779071510,2682.472203
1779071510,4534.601141
1779071510,2991.501570
1779071510,2682.780525
1779071510,3299.769290
1779071510,2991.343749
1779071510,2990.281993
1779071510,3300.409140
1779071510,3300.472940
1779071510,2992.182221
1779071510,3608.740415
1779071510,4225.256035
1779071510,2992.394815
1779071510,3300.427499
1779071510,2991.922640
1779071510,3917.406792
1779071510,2993.637075
1779071510,3300.710816
1779071510,3608.789796
1779071510,3917.557930
1779071510,2992.212192
1779071510,2994.297389
1779071510,3301.621421
1779071510,2989.222861
1779071510,3913.803909
1779071510,3298.768518
1779071510,2988.730993
1779071510,2991.381925
1779071510,3297.888285
1779071510,2993.825426
1779071510,2989.537479
1779071510,2990.390873
1779071510,2990.697194
1779071510,3304.998044
1779071510,2990.812122
1779071510,2990.627650
1779071510,2990.717892
1779071510,2991.257859
1779071510,2992.020109
1779071510,2992.720888
1779071510,2992.938932
1779071510,2993.444929
1779071510,2988.041256
1779071510,2989.739926
1779071510,2990.648917
1779071510,2682.448279
1779071510,2989.806607
1779071510,2682.728424
1779071510,2989.743248
1779071510,2682.552713
1779071510,2990.288551
1779071510,2682.931077
1779071510,2988.659885
1779071510,2990.184575
1779071510,2683.201707
1779071510,2991.474336
1779071510,2989.758318
1779071510,2991.635399
1779071510,2991.955665
1779071510,2682.573404
1779071510,2992.132107
1779071510,2682.217658
1779071510,2991.365924
1779071510,2991.866098
1779071510,2991.876697
1779071510,2682.597728
1779071510,2991.498153
1779071510,2993.054043
1779071510,2991.465476
1779071510,2993.416351
1779071510,2994.011774
1779071510,2994.121269
1779071510,2994.330745
1779071510,2993.559109
1779071510,2991.722540
1779071510,2991.799639
1779071510,2991.291043
1779071510,2991.216733
1779071510,2990.500080
1779071510,3297.104377
1779071510,2989.750612
1779071510,2990.613781
1779071510,2990.579327
1779071510,2682.020029
1779071510,2990.423059
1779071510,2990.331877
1779071510,2990.461167
1779071510,2991.088355
1779071510,2992.047425
1779071510,2992.766841
1779071510,2682.832875
1779071510,2993.079723
1779071510,2682.940573
1779071510,2683.001192
1779071510,4534.203867
1779071510,2683.131680
1779071510,2991.123594
1779071510,2683.280092
1779071510,2683.229382
1779071510,2682.229725
1779071510,2682.359507
1779071510,2682.411993
1779071510,2683.772292
1779071510,2991.762390
1779071510,2683.895747
1779071510,2991.024803
1779071510,2682.865569
1779071510,2992.132671
1779071510,2991.290409
1779071510,2683.052782
1779071510,2990.923394
1779071510,2990.733684
1779071510,2991.132036
1779071510,3610.233948
1779071510,2990.600213
1779071510,2990.167549
1779071510,2990.213394
1779071510,2989.498580
1779071510,2990.090454
1779071510,2989.448744
1779071510,2990.022966
1779071510,3918.782480
1779071510,2988.833043
1779071510,2990.007452
1779071510,2989.611216
1779071510,2989.548392
1779071510,2989.220606
1779071510,2682.031185
1779071510,2681.928371
1779071510,2988.965913
1779071510,2989.570701
1779071510,2990.224875
1779071510,2989.277102
1779071510,2988.792874
1779071510,2989.717074
1779071510,2989.491840
1779071510,2989.353316
1779071510,2989.048454
1779071510,2989.762590
1779071510,2990.161846
1779071510,2990.342627
1779071510,2990.257306
1779071510,2682.851846
1779071510,2682.854352
1779071510,3299.974179
1779071510,2683.423442
1779071510,3300.042886
1779071510,2683.464556
1779071510,3918.123203
1779071510,2682.422182
1779071510,2683.618566
1779071510,2682.473806
1779071510,2993.282033
1779071510,2683.917578
1779071510,2992.223397
1779071510,2684.057048
1779071510,2682.800452
1779071510,2683.089784
1779071510,2683.131274
1779071510,2682.434041
1779071510,2683.350840
1779071510,2991.779686
1779071510,2990.980035
1779071510,2990.244298
1779071510,2682.938397
1779071510,2989.942796
1779071510,2682.947569
1779071510,2990.605053
1779071510,2682.375655
1779071510,2989.187590
1779071510,2989.788636
1779071510,2681.283090
1779071510,2989.806457
1779071510,2990.128953
1779071510,2989.335542
1779071510,2681.960493
1779071510,2987.929086
1779071510,2989.331691
1779071510,2989.650874
1779071510,2989.995851
1779071510,2989.292869
1779071510,2989.842099
1779071510,2989.390038
1779071510,2988.862613
1779071510,2989.042570
1779071510,2988.929722
1779071510,2989.182842
1779071510,2989.010567
1779071510,2989.933305
1779071510,2989.393475
1779071510,2991.178470
1779071510,2990.915069
1779071511,3300.046011
1779071511,2683.239920
1779071511,2683.379331
1779071511,2683.214972
1779071511,2991.886278
1779071511,3298.571020
1779071511,2683.332551
1779071511,2992.110773
1779071511,2683.573738
1779071511,2683.793235
1779071511,2683.697503
1779071511,2683.742277
1779071511,3299.675621
1779071511,2682.704756
1779071511,2682.772961
1779071511,2682.081201
1779071511,2683.351059
1779071511,3298.774405
1779071511,2683.452557
1779071511,2991.809648
1779071511,2682.577708
1779071511,2682.547569
1779071511,2682.746107
1779071511,2990.226695
1779071511,2991.083176
1779071511,2989.513479
1779071511,2989.893263
1779071511,2683.134044
1779071511,2684.237491
1779071511,2989.163670
1779071511,2989.326848
1779071511,2989.315842
1779071511,2989.271139
1779071511,2989.512242
1779071511,2989.216241
1779071511,2989.259710
1779071511,2989.409899
1779071511,2989.158127
1779071511,2989.314998
1779071511,3298.181043
1779071511,2989.440058
1779071511,2988.947322
1779071511,2988.973638
1779071511,2988.096489
1779071511,2680.580467
1779071511,2989.020628
1779071511,2990.120235
1779071511,3300.909555
1779071511,2989.128958
1779071511,2989.949975
1779071511,3301.348852
1779071511,2992.069083
1779071511,5461.612797
1779071511,2683.799318
1779071511,2683.778373
1779071511,2683.837150
1779071511,2683.701096
1779071511,3300.420802
1779071511,3299.565874
1779071511,2990.634256
1779071511,2682.891361
1779071511,2682.985870
1779071511,2683.239134
1779071511,2990.891427
1779071511,2990.958478
1779071511,3300.326276
1779071511,3609.519440
1779071511,2683.517590
1779071511,2682.564613
1779071511,2683.786466
1779071511,2990.339693
1779071511,2991.171851
1779071511,2684.065459
1779071511,2991.213214
1779071511,2992.560838
1779071511,2682.977698
1779071511,2683.093229
1779071511,2682.660563
1779071511,2990.075394
1779071511,2990.849098
1779071511,2683.010318
1779071511,2682.774120
1779071511,2990.161226
1779071511,3296.888196
1779071511,2989.220131
1779071511,3296.890034
1779071511,2989.406957
1779071511,2989.352606
1779071511,2989.494715
1779071511,2988.981641
1779071511,2989.067697
1779071511,2988.805521
1779071511,2988.045293
1779071511,2988.180803
1779071511,2988.186783
1779071511,2989.022218
1779071511,2990.370633
1779071511,2988.199975
1779071511,2988.351520
1779071511,2989.279086
1779071511,2682.996028
1779071511,4535.867828
1779071511,2683.074895
1779071511,3608.211351
1779071511,2683.004057
1779071511,2682.980838
1779071511,3301.041857
1779071511,3301.197773
1779071511,2683.200128
1779071511,2683.275515
1779071511,2683.584965
1779071511,2683.620426
1779071511,3300.110222
1779071511,2991.379531
1779071511,2683.627695
1779071511,2683.025226
1779071511,2683.933154
1779071511,2683.005639
1779071511,2683.097259
1779071511,2682.959790
1779071511,2991.603098
1779071511,2683.347516
1779071511,2684.727200
1779071511,2684.829152
1779071511,2684.551327
1779071511,2683.160526
1779071511,2991.800081
1779071511,2683.677511
1779071511,2683.306021
1779071511,2990.450476
1779071511,2989.966562
1779071511,2683.739945
1779071511,2990.090734
1779071511,2684.514246
1779071511,2989.825544
1779071511,2989.523995
1779071511,2990.106067
1779071511,2989.588378
1779071511,2989.688698
1779071511,2988.979680
1779071511,2989.014754
1779071511,2989.330329
1779071511,2988.111097
1779071511,2988.166888
1779071511,2988.300861
1779071511,2989.261216
1779071511,2990.364819
1779071511,2990.282427
1779071511,2988.598532
1779071511,2989.472771
1779071511,2993.016195
1779071511,3607.724109
1779071511,3301.655165
1779071511,2683.390390
1779071511,2683.539497
1779071511,3607.954931
1779071511,2684.989326
1779071511,2683.819061
1779071511,2992.187354
1779071511,2683.733378
1779071511,3610.310856
1779071511,2684.133370
1779071511,2684.301228
1779071511,2991.605207
1779071511,2684.422831
1779071511,2683.225906
1779071511,2991.313479
1779071511,2683.101388
1779071511,2992.380018
1779071511,2991.525522
1779071511,3301.696635
1779071511,2683.299644
1779071511,2990.859123
1779071511,2684.185735
1779071511,2991.067533
1779071511,2684.358545
1779071511,2684.199728
1779071511,2684.437861
1779071511,2684.503626
1779071511,2990.307004
1779071511,2682.525088
1779071511,2683.761102
1779071511,2684.760096
1779071511,2684.696066
1779071511,2991.226353
1779071511,2685.322826
1779071511,2992.966110
1779071511,2989.889266
1779071511,2990.043164
1779071511,2989.223718
1779071511,2682.239553
1779071511,2682.343873
1779071511,2988.375636
1779071511,2988.375386
1779071511,3296.495279
1779071511,2989.235094
1779071511,2990.510178
1779071511,2988.575087
1779071511,2990.264800
1779071511,2989.700934
1779071511,2992.255567
1779071511,4535.059160
1779071511,3609.632469
1779071511,2683.618679
1779071511,5770.157237
1779071511,2682.867000
1779071511,2682.950250
1779071511,2992.513206
1779071511,2684.504208
1779071511,2683.372602
1779071511,2683.702661
1779071511,2683.892762
1779071511,3302.098709
1779071511,2683.982810
1779071511,2685.642312
1779071511,2989.157559
1779071511,2684.239821
1779071511,2684.298970
1779071511,2685.075695
1779071511,2992.236954
1779071511,2990.186668
1779071511,2682.926221
1779071511,2682.139237
1779071511,2989.520574
1779071511,3923.381730
1779071511,2988.401875
1779071511,2988.659862
1779071511,2988.798254
1779071511,3613.407044
1779071511,2989.322740
1779071511,2689.159637
1779071511,2689.215026
1779071511,2688.094871
1779071511,2996.304420
1779071511,2688.555728
1779071511,2688.439847
1779071511,2995.078838
1779071511,2688.891378
1779071511,2690.982181
1779071511,2991.535223
1779071511,2688.779012
1779071511,2690.040100
1779071511,2690.290945
1779071511,2688.528240
1779071511,2689.997784
1779071511,2689.090098
1779071511,2990.729850
1779071511,2997.078492
1779071511,2989.916434
1779071511,2990.009507
1779071511,3608.508558
1779071511,3609.676874
1779071511,2683.908211
1779071511,2683.892311
1779071511,2684.105959
1779071511,2683.129308
1779071511,2992.480630
1779071511,3610.813447
1779071511,3302.397259
1779071511,3609.100709
1779071511,3609.890730
1779071511,2993.135956
1779071511,2691.182265
1779071511,2990.068052
1779071511,2686.027473
1779071511,2998.923024
1779071511,2994.055732
1779071511,2994.178945
1779071511,2688.629336
1779071511,2687.049023
1779071511,2994.388058
1779071511,2995.902031
1779071511,2687.933964
1779071511,2688.546072
1779071511,2996.855333
1779071511,3000.080607
1779071511,2997.244710
1779071511,3614.903189
1779071511,2690.611954
1779071511,3615.542654
1779071511,2998.479832
1779071511,3308.238578
1779071511,2998.237263
1779071511,2691.552560
1779071511,2999.643006
1779071511,3309.611891
1779071511,2998.649533
1779071511,2692.786395
1779071511,2998.890010
1779071511,2692.954984
1779071511,3001.199304
1779071511,3309.959665
1779071511,3618.379378
1779071511,3619.302700
1779071511,2693.176347
1779071511,2693.056900
1779071511,2692.938182
1779071511,3002.582619
1779071511,3001.555289
1779071511,2991.295256
1779071511,2990.631003
1779071511,3301.589844
1779071511,3916.895632
1779071511,2683.560670
1779071511,3609.005329
1779071511,3609.114505
1779071511,3609.106714
1779071511,2991.169763
1779071511,3610.567448
1779071511,3610.676556
1779071511,3609.772776
1779071511,2991.550749
1779071511,3609.950136
1779071511,3300.613939
1779071511,2992.174943
1779071511,2994.854119
1779071511,3610.246940
1779071511,3612.585599
1779071511,2684.364492
1779071511,2994.543091
1779071511,2993.304045
1779071511,3302.303993
1779071511,3610.466833
1779071511,3610.098903
1779071511,2993.628178
1779071511,2993.860238
1779071511,3302.421927
1779071511,3610.308325
1779071511,2992.846988
1779071511,2993.363269
1779071511,2993.816989
1779071511,3301.870594
1779071511,2993.755584
1779071511,3301.665194
1779071511,2996.463012
1779071511,3301.709641
1779071511,2686.909601
1779071511,2685.999918
1779071511,3300.412632
1779071511,3300.831992
1779071511,2993.592065
1779071511,2992.976594
1779071511,2991.912403
1779071511,2992.613518
1779071511,2687.093159
1779071511,2992.659243
1779071511,2992.794958
1779071511,2990.741269
1779071511,2989.368095
1779071511,2990.293875
1779071511,2992.472355
1779071511,2991.449379
1779071511,2683.535751
1779071511,2683.680974
1779071511,2992.718851
1779071511,3917.645309
1779071511,3302.330232
1779071511,2683.690833
1779071511,2683.561873
1779071511,3608.928495
1779071511,2991.550038
1779071511,2684.035200
1779071511,3300.228441
1779071511,3300.432334
1779071511,3302.875853
1779071511,3301.898621
1779071511,2992.088759
1779071511,3609.577855
1779071511,3609.067033
1779071511,3301.602049
1779071511,3610.745672
1779071511,3611.630084
1779071511,3609.506474
1779071511,2993.195500
1779071511,3609.024399
1779071511,3302.776625
1779071511,3302.460136
1779071511,2684.633133
1779071511,3300.275530
1779071511,2684.779869
1779071511,2993.744128
1779071511,3301.324836
1779071511,3609.859699
1779071511,3302.730365
1779071511,2684.985591
1779071511,2994.083877
1779071511,2685.679778
1779071511,2993.340599
1779071511,2993.027704
1779071511,2991.309227
1779071511,2993.050086
1779071511,3300.918005
1779071511,2994.036561
1779071511,2992.596663
1779071511,2992.033862
1779071511,2992.944959
1779071511,2993.269221
1779071511,2991.711953
1779071511,2989.755783
1779071511,2990.662301
1779071511,3300.357715
1779071511,3917.526077
1779071511,2992.640105
1779071511,2683.426922
1779071511,2683.311935
1779071511,2683.474916
1779071511,2991.374923
1779071511,2993.149559
1779071511,2991.739760
1779071511,2683.809661
1779071511,2992.036370
1779071511,2683.828316
1779071511,2991.985707
1779071511,2682.919431
1779071511,2992.501835
1779071511,3609.656911
1779071511,2992.632116
1779071511,2683.596446
1779071511,3917.573094
1779071511,3918.283371
1779071511,2993.267622
1779071511,3609.046605
1779071511,2992.400317
1779071511,2992.247237
1779071511,2992.536252
1779071511,2993.006179
1779071511,2993.305411
1779071511,2683.803831
1779071511,2993.546852
1779071511,2993.544537
1779071511,2993.717498
1779071511,2993.946106
1779071511,2992.823618
1779071511,2993.014159
1779071511,3921.917350
1779071511,3301.417863
1779071511,2992.705404
1779071511,2993.225810
1779071511,3613.015005
1779071511,3300.643846
1779071511,2685.689390
1779071511,2991.379541
1779071511,3299.496276
1779071511,3301.999551
1779071511,2990.342741
1779071511,3299.042399
1779071511,2992.964291
1779071511,2989.516169
1779071511,2684.541661
1779071511,3302.891819
1779071512,2992.472188
1779071512,2682.745111
1779071512,2682.674804
1779071512,2682.774491
1779071512,2682.689888
1779071512,3301.307351
1779071512,2682.805779
1779071512,2991.679417
1779071512,2682.858293
1779071512,2682.995483
1779071512,2682.940653
1779071512,2991.823373
1779071512,2683.162318
1779071512,2992.033798
1779071512,2682.150267
1779071512,2992.302561
1779071512,2992.505462
1779071512,2682.684524
1779071512,2992.849534
1779071512,2992.803757
1779071512,2992.769516
1779071512,2993.239016
1779071512,2991.896715
1779071512,3609.762910
1779071512,2992.016563
1779071512,2992.281870
1779071512,2992.468924
1779071512,2992.423500
1779071512,2992.916008
1779071512,2993.167339
1779071512,2993.094820
1779071512,2993.290971
1779071512,2683.437427
1779071512,2993.554384
1779071512,3300.085526
1779071512,3301.075383
1779071512,2992.710748
1779071512,2993.823545
1779071512,2993.087344
1779071512,2993.148767
1779071512,3299.506848
1779071512,2992.297947
1779071512,2684.417473
1779071512,2991.690448
1779071512,2992.065838
1779071512,2993.276751
1779071512,2992.924547
1779071512,2992.217021
1779071512,2990.690885
1779071512,2989.190207
1779071512,3300.277233
1779071512,2992.627459
1779071512,2683.301389
1779071512,3610.090554
1779071512,2683.373028
1779071512,3300.498322
1779071512,2683.408672
1779071512,2991.572364
1779071512,2683.394253
1779071512,2682.229314
1779071512,2682.393505
1779071512,2683.657904
1779071512,2682.613635
1779071512,2682.548428
1779071512,2992.195392
1779071512,2992.205552
1779071512,2683.086182
1779071512,2991.594712
1779071512,2992.698160
1779071512,2992.706935
1779071512,2991.891321
1779071512,2991.896435
1779071512,2993.119609
1779071512,2991.917436
1779071512,2992.001563
1779071512,3610.482767
1779071512,2992.264650
1779071512,2992.473880
1779071512,2991.850158
1779071512,3301.347830
1779071512,2992.573694
1779071512,2992.434587
1779071512,2992.688276
1779071512,3609.499373
1779071512,2992.157903
1779071512,3608.217816
1779071512,2992.517076
1779071512,2993.082653
1779071512,2993.015879
1779071512,2993.150197
1779071512,2992.803078
1779071512,2992.813707
1779071512,2991.583254
1779071512,2992.377309
1779071512,2991.977368
1779071512,2993.004215
1779071512,2993.456338
1779071512,2992.322858
1779071512,2990.947223
1779071512,2989.630407
1779071512,3302.564709
1779071512,2993.167728
1779071512,3919.354721
1779071512,2683.052876
1779071512,3302.577975
1779071512,3302.761422
1779071512,2683.244541
1779071512,2683.092745
1779071512,2683.483098
1779071512,2683.417699
1779071512,2683.527749
1779071512,2683.476723
1779071512,2683.668539
1779071512,2683.646613
1779071512,2683.527559
1779071512,3300.451980
1779071512,2683.924185
1779071512,2682.678115
1779071512,2991.443823
1779071512,2682.768810
1779071512,2682.697490
1779071512,2993.178598
1779071512,2991.896706
1779071512,2991.938762
1779071512,2991.978286
1779071512,3920.833629
1779071512,2683.297535
1779071512,2993.445567
1779071512,2991.479476
1779071512,2993.722430
1779071512,2993.697806
1779071512,2683.354685
1779071512,2992.799036
1779071512,2992.890394
1779071512,2994.349459
1779071512,2992.644937
1779071512,2993.335073
1779071512,2993.405803
1779071512,3300.100008
1779071512,2994.758441
1779071512,2685.201522
1779071512,2995.535315
1779071512,2993.421613
1779071512,2992.128939
1779071512,2994.489246
1779071512,2993.176569
1779071512,3298.030663
1779071512,2993.546131
1779071512,2990.637234
1779071512,2989.961634
1779071512,2683.473888
1779071512,2683.404089
1779071512,2683.476706
1779071512,3301.640345
1779071512,2683.651937
1779071512,3301.573978
1779071512,3302.975928
1779071512,3302.944689
1779071512,2684.090827
1779071512,2991.955693
1779071512,2684.142341
1779071512,2684.408418
1779071512,2682.981420
1779071512,3302.288079
1779071512,2684.167760
1779071512,2684.663551
1779071512,2684.752809
1779071512,2683.371608
1779071512,2684.955224
1779071512,2684.956865
1779071512,2683.589265
1779071512,2992.734298
1779071512,2991.794936
1779071512,2684.437157
1779071512,2684.467917
1779071512,2992.063951
1779071512,2992.370502
1779071512,2992.581802
1779071512,2993.248505
1779071512,2684.780142
1779071512,2993.319528
1779071512,3303.384635
1779071512,2993.542235
1779071512,2993.256005
1779071512,2685.447524
1779071512,2684.918392
1779071512,2993.014876
1779071512,2993.528835
1779071512,2993.538600
1779071512,2685.762657
1779071512,2993.334030
1779071512,2993.432598
1779071512,3302.020105
1779071512,2993.044865
1779071512,2993.224249
1779071512,2991.915004
1779071512,2993.586479
1779071512,2993.302691
1779071512,2989.704878
1779071512,2990.467262
1779071512,4229.043879
1779071512,2991.561337
1779071512,3302.458170
1779071512,2993.322593
1779071512,3918.715786
1779071512,2684.142640
1779071512,3301.631390
1779071512,2684.080052
1779071512,2684.169692
1779071512,3303.308180
1779071512,2684.274737
1779071512,2684.165361
1779071512,2684.236308
1779071512,2684.612276
1779071512,2685.035268
1779071512,2683.530860
1779071512,2684.927119
1779071512,2683.693512
1779071512,2683.636304
1779071512,2993.182485
1779071512,2683.920492
1779071512,2993.394480
1779071512,2993.024560
1779071512,2684.493374
1779071512,2684.429021
1779071512,2684.511687
1779071512,2684.949087
1779071512,2992.764214
1779071512,2684.649964
1779071512,2993.654955
1779071512,2993.017842
1779071512,2684.731375
1779071512,2993.243635
1779071512,2993.142277
1779071512,2993.540622
1779071512,2994.169796
1779071512,2994.090960
1779071512,2993.400534
1779071512,2993.667020
1779071512,2993.762541
1779071512,2993.469456
1779071512,2993.419660
1779071512,2993.279440
1779071512,2994.148185
1779071512,2993.238214
1779071512,2992.691735
1779071512,2992.209604
1779071512,2993.112453
1779071512,2991.481203
1779071512,2990.509575
1779071512,2682.385412
1779071512,2991.894226
1779071512,2993.159549
1779071512,2682.708587
1779071512,2682.873668
1779071512,3611.732812
1779071512,3302.341000
1779071512,3302.610065
1779071512,2682.917060
1779071512,2683.136552
1779071512,2683.268770
1779071512,2992.778212
1779071512,2683.158053
1779071512,2683.183657
1779071512,2991.719243
1779071512,2684.088993
1779071512,2683.743921
1779071512,3302.317153
1779071512,2683.926263
1779071512,2684.116219
1779071512,3302.440268
1779071512,2684.159801
1779071512,2992.465216
1779071512,2992.621615
1779071512,2992.894529
1779071512,2683.103302
1779071512,2993.185193
1779071512,2992.994528
1779071512,2993.007136
1779071512,2993.336901
1779071512,2993.078632
1779071512,2992.495993
1779071512,2993.548947
1779071512,3303.819671
1779071512,2993.718489
1779071512,2992.870451
1779071512,2993.704835
1779071512,2684.512520
1779071512,2993.159389
1779071512,2684.131147
1779071512,3300.503225
1779071512,2685.193882
1779071512,2993.633302
1779071512,2993.922269
1779071512,2993.432944
1779071512,2993.128485
1779071512,2992.670327
1779071512,2993.013931
1779071512,2991.489225
1779071512,2990.680547
1779071512,2682.747151
1779071512,2682.984426
1779071512,2683.026544
1779071512,3610.178518
1779071512,3301.493002
1779071512,3300.324112
1779071512,2683.536946
1779071512,2683.442515
1779071512,2683.706828
1779071512,2991.702486
1779071512,2991.963480
1779071512,3301.513883
1779071512,2680.298011
1779071512,2679.339017
1779071512,2679.423929
1779071512,3300.715620
1779071512,3611.855112
1779071512,2679.571934
1779071512,3302.205570
1779071512,2993.079338
1779071512,2680.326619
1779071512,2680.338018
1779071512,2680.312156
1779071512,2993.005243
1779071512,2993.108046
1779071512,2993.147618
1779071512,2680.957167
1779071512,2993.229541
1779071512,2992.674053
1779071512,2681.037367
1779071512,2993.152500
1779071512,2993.290927
1779071512,3301.198818
1779071512,2993.445519
1779071512,2995.110227
1779071512,2992.303917
1779071512,2993.060988
1779071512,2994.452260
1779071512,2992.548638
1779071512,3303.996588
1779071512,2993.332230
1779071512,2688.803548
1779071512,2991.233729
1779071512,2689.072352
1779071512,2683.905132
1779071512,2990.666905
1779071512,2996.764966
1779071512,3306.894534
1779071512,2685.477545
1779071512,2686.426725
1779071512,3609.908636
1779071512,2992.244648
1779071512,3301.627648
1779071512,3611.305432
1779071512,2990.989422
1779071512,2684.213577
1779071512,2683.113067
1779071512,3610.452020
1779071512,2683.556455
1779071512,3611.006842
1779071512,2683.771704
1779071512,3301.536519
1779071512,2992.365828
1779071512,3301.872380
1779071512,2992.651030
1779071512,2992.231615
1779071512,3301.948693
1779071512,2681.041341
1779071512,3301.871267
1779071512,3302.075899
1779071512,2685.473855
1779071512,2680.386013
1779071512,2993.913180
1779071512,2680.543008
1779071512,2680.641303
1779071512,2680.849206
1779071512,2680.841115
1779071512,2687.519989
1779071512,2993.779808
1779071512,2682.341644
1779071512,2994.484595
1779071512,2682.902852
1779071512,2993.828232
1779071512,2681.551270
1779071512,2994.556486
1779071512,2682.191534
1779071512,2994.692621
1779071512,2994.548844
1779071512,2994.986239
1779071512,2995.707575
1779071512,2682.394961
1779071512,2995.378926
1779071512,2995.081674
1779071512,2994.572294
1779071512,2996.148360
1779071512,2994.570705
1779071512,2683.648833
1779071512,2995.292863
1779071512,2993.865722
1779071512,2992.413250
1779071512,2682.990943
1779071512,3609.355649
1779071512,2991.257709
1779071512,3609.804844
1779071512,2683.635980
1779071512,3609.827002
1779071512,2683.682276
1779071512,2683.755501
1779071512,2683.887380
1779071512,4845.807596
1779071512,2682.925376
1779071512,3610.774899
1779071512,2683.267790
1779071512,2683.430708
1779071512,2681.061716
1779071512,2683.410293
1779071512,2682.721731
1779071512,2993.449737
1779071512,2992.151098
1779071512,2681.649241
1779071512,2681.235913
1779071512,2992.563316
1779071512,2681.665480
1779071512,2681.624370
1779071512,2681.767741
1779071512,3301.521952
1779071512,2680.111451
1779071512,2679.511797
1779071512,2993.367334
1779071512,3302.820194
1779071512,2681.105483
1779071512,2991.140783
1779071512,2681.237149
1779071512,2681.099538
1779071512,2681.827144
1779071512,3303.071434
1779071512,2680.770728
1779071512,2994.619926
1779071512,2994.836328
1779071512,2995.141717
1779071512,2995.175395
1779071512,2683.201256
1779071512,2995.701852
1779071512,3302.708322
1779071512,2683.183466
1779071512,2683.858144
1779071512,2683.295044
1779071512,2992.877397
1779071512,2996.228660
1779071512,2992.403592
1779071512,3919.972403
1779071512,2683.077249
1779071512,3918.941213
1779071512,3920.142565
1779071512,2991.620600
1779071512,2683.061233
1779071512,2683.150641
1779071512,2683.452192
1779071512,3609.659131
1779071512,2683.666398
1779071512,3609.405951
1779071512,3609.709579
1779071512,2992.437538
1779071512,2992.638204
1779071512,2682.974022
1779071512,3302.301662
1779071512,3300.864238
1779071512,3302.640308
1779071512,3610.616086
1779071512,2988.512514
1779071512,2988.611157
1779071512,3301.415927
1779071512,2988.880520
1779071512,2680.006586
1779071512,3610.554262
1779071512,3301.979230
1779071512,3302.352408
1779071512,2680.266540
1779071512,2683.011239
1779071512,2681.141976
1779071512,2988.929990
1779071512,2989.973948
1779071512,3303.702716
1779071512,2989.449256
1779071512,3611.260121
1779071512,2989.631736
1779071512,2989.749868
1779071512,2990.011742
1779071512,2990.136638
1779071512,2990.309045
1779071512,2990.637763
1779071512,2990.642814
1779071512,2991.238620
1779071512,2991.134292
1779071512,2991.117952
1779071512,2991.244131
1779071512,2991.953781
1779071512,2991.914062
1779071512,2992.245419
1779071512,2992.462983
1779071513,2682.406521
1779071513,2682.353634
1779071513,2991.685077
1779071513,2682.627089
1779071513,3301.404413
1779071513,2993.045555
1779071513,2991.852591
1779071513,2991.839129
1779071513,3609.732937
1779071513,2992.216943
1779071513,2992.194628
1779071513,2682.042156
1779071513,2681.516520
1779071513,2988.858924
1779071513,2988.926816
1779071513,3609.761605
1779071513,2990.648930
1779071513,2681.422040
1779071513,3301.598018
1779071513,2993.415669
1779071513,2988.228431
1779071513,3301.531666
1779071513,2988.179357
1779071513,3301.857897
1779071513,2680.805881
1779071513,3611.004373
1779071513,2988.894203
1779071513,2681.127179
1779071513,2681.167836
1779071513,2680.536986
1779071513,2988.891158
1779071513,2680.948514
1779071513,3302.498897
1779071513,2989.438076
1779071513,2989.649561
1779071513,2989.738457
1779071513,3302.525407
1779071513,2989.748676
1779071513,2990.271748
1779071513,2679.589020
1779071513,2989.849318
1779071513,2989.824986
1779071513,2990.316151
1779071513,2990.365313
1779071513,2990.529610
1779071513,2990.677824
1779071513,3305.684751
1779071513,3615.604299
1779071513,3305.186867
1779071513,3617.411537
1779071513,2992.502062
1779071513,2992.637525
1779071513,2682.956785
1779071513,3610.158185
1779071513,3300.863221
1779071513,2683.212490
1779071513,3301.137641
1779071513,3301.275305
1779071513,2683.440179
1779071513,2683.714316
1779071513,2683.749924
1779071513,2682.483240
1779071513,2683.649358
1779071513,3609.554258
1779071513,2681.646806
1779071513,3919.950578
1779071513,3611.070192
1779071513,2989.557356
1779071513,3301.901081
1779071513,2681.591448
1779071513,2987.654749
1779071513,3300.785501
1779071513,3300.663587
1779071513,3301.225812
1779071513,2681.304517
1779071513,2681.136789
1779071513,3301.130618
1779071513,3302.729424
1779071513,2989.132385
1779071513,2681.086596
1779071513,3301.673911
1779071513,2989.146594
1779071513,2680.568197
1779071513,3301.841550
1779071513,3301.764957
1779071513,2989.642630
1779071513,2990.594152
1779071513,3300.536735
1779071513,2990.886581
1779071513,2991.146980
1779071513,3302.906694
1779071513,2991.374553
1779071513,3303.389151
1779071513,2991.363046
1779071513,2990.684179
1779071513,3302.102861
1779071513,2993.412722
1779071513,3305.377296
1779071513,2992.005367
1779071513,2993.120186
1779071513,3300.534973
1779071513,2992.342202
1779071513,2992.601455
1779071513,2680.543039
1779071513,3301.145202
1779071513,2992.817190
1779071513,2683.065162
1779071513,4230.043334
1779071513,2683.674206
1779071513,2993.221816
1779071513,2682.405892
1779071513,3301.808627
1779071513,2683.639447
1779071513,3302.089270
1779071513,2683.746915
1779071513,2683.923477
1779071513,2684.254713
1779071513,2684.460859
1779071513,2682.036756
1779071513,2988.234493
1779071513,2684.693131
1779071513,2682.159646
1779071513,2682.298843
1779071513,2987.769565
1779071513,3610.849075
1779071513,3298.149739
1779071513,2681.979920
1779071513,2993.500887
1779071513,2989.876151
1779071513,2681.444475
1779071513,2991.849610
1779071513,2680.960267
1779071513,2679.934635
1779071513,2991.617744
1779071513,2681.353359
1779071513,2989.593072
1779071513,2993.462641
1779071513,2995.157873
1779071513,2993.902300
1779071513,2996.159284
1779071513,2997.009596
1779071513,2992.679094
1779071513,2683.420543
1779071513,2995.818208
1779071513,2994.114761
1779071513,2998.767451
1779071513,2995.597077
1779071513,2998.672238
1779071513,2995.591741
1779071513,2685.800448
1779071513,2682.546761
1779071513,2991.040805
1779071513,2683.912406
1779071513,2683.983864
1779071513,2683.813977
1779071513,3919.240848
1779071513,2683.850402
1779071513,2682.128726
1779071513,3298.410877
1779071513,2988.103741
1779071513,2684.692930
1779071513,2684.729897
1779071513,2685.822593
1779071513,3614.253218
1779071513,2995.594849
1779071513,2685.805159
1779071513,2683.816006
1779071513,2989.398653
1779071513,2685.916091
1779071513,2993.881908
1779071513,2684.924120
1779071513,2685.025887
1779071513,2684.143844
1779071513,2991.328102
1779071513,2686.642937
1779071513,2685.427247
1779071513,2686.943756
1779071513,3300.696049
1779071513,2685.623944
1779071513,2991.579336
1779071513,2685.670885
1779071513,2687.268697
1779071513,3300.857682
1779071513,2683.651744
1779071513,2990.830090
1779071513,2992.905424
1779071513,2992.389197
1779071513,2685.226373
1779071513,3305.652787
1779071513,2992.627986
1779071513,2992.037465
1779071513,2993.897458
1779071513,2991.539098
1779071513,2684.157513
1779071513,2991.816803
1779071513,2992.646511
1779071513,2990.880325
1779071513,2991.228731
1779071513,2989.970729
1779071513,2990.312188
1779071513,3303.758274
1779071513,2685.665763
1779071513,2685.636780
1779071513,2685.602010
1779071513,2995.446670
1779071513,2685.663027
1779071513,4230.231812
1779071513,2685.686146
1779071513,2684.599039
1779071513,2684.709164
1779071513,2684.732723
1779071513,2992.328453
1779071513,2686.308773
1779071513,2684.997018
1779071513,2686.343147
1779071513,2686.392360
1779071513,2684.509962
1779071513,2685.306660
1779071513,2686.725498
1779071513,2994.424987
1779071513,2684.884781
1779071513,2994.638047
1779071513,2684.095410
1779071513,3612.492296
1779071513,2687.215301
1779071513,2993.412090
1779071513,2687.370637
1779071513,2686.100137
1779071513,2687.706570
1779071513,2685.101139
1779071513,2993.106745
1779071513,2992.694159
1779071513,2686.583949
1779071513,2684.565004
1779071513,2991.794184
1779071513,2688.321372
1779071513,2992.095497
1779071513,2992.593897
1779071513,2991.381845
1779071513,2992.705169
1779071513,2684.532884
1779071513,2993.731810
1779071513,2991.787706
1779071513,2992.534047
1779071513,2991.543756
1779071513,2991.871045
1779071513,2990.068251
1779071513,2990.998730
1779071513,2991.420838
1779071513,2990.714114
1779071513,2994.164880
1779071513,2684.693397
1779071513,2994.947777
1779071513,2685.504824
1779071513,3304.826421
1779071513,2685.572014
1779071513,2685.502798
1779071513,2685.599044
1779071513,2685.703800
1779071513,2685.920841
1779071513,2685.875591
1779071513,2685.894845
1779071513,2686.143284
1779071513,2686.110481
1779071513,2686.324958
1779071513,2686.290817
1779071513,2685.122608
1779071513,2685.323797
1779071513,2685.383170
1779071513,2685.483697
1779071513,2685.433722
1779071513,2684.648454
1779071513,2685.612666
1779071513,2685.623135
1779071513,2993.807899
1779071513,2684.942118
1779071513,2684.950454
1779071513,2685.198040
1779071513,2992.362035
1779071513,3303.410895
1779071513,3303.931522
1779071513,3297.896199
1779071513,3301.568960
1779071513,2993.075799
1779071513,2992.071349
1779071513,2992.139123
1779071513,2991.622224
1779071513,2993.152852
1779071513,2992.713939
1779071513,2991.180933
1779071513,2991.826316
1779071513,2991.836965
1779071513,3301.600040
1779071513,3304.992160
1779071513,2991.912863
1779071513,2991.673857
1779071513,2990.886890
1779071513,2990.127071
1779071513,2991.561707
1779071513,2990.792555
1779071513,3303.330820
1779071513,3303.282394
1779071513,3303.599201
1779071513,3303.704600
1779071513,2994.118689
1779071513,4540.419882
1779071513,2684.512070
1779071513,3302.462331
1779071513,2684.869117
1779071513,3609.776791
1779071513,3302.340937
1779071513,3303.582597
1779071513,2993.768903
1779071513,2685.462421
1779071513,2685.316046
1779071513,4232.193359
1779071513,3302.672671
1779071513,3302.383155
1779071513,2994.589554
1779071513,3302.487363
1779071513,2992.456321
1779071513,2686.026197
1779071513,3301.162565
1779071513,2994.170855
1779071513,2685.378345
1779071513,2685.370944
1779071513,2685.300939
1779071513,2685.477008
1779071513,2686.853496
1779071513,2685.744584
1779071513,2685.316152
1779071513,3300.404455
1779071513,2685.875751
1779071513,2685.437570
1779071513,2992.593343
1779071513,2685.327167
1779071513,2991.879001
1779071513,2991.741892
1779071513,2991.038539
1779071513,2991.372561
1779071513,2991.240311
1779071513,2993.807473
1779071513,2991.347642
1779071513,3300.096402
1779071513,2994.817746
1779071513,2991.606285
1779071513,2991.289719
1779071513,2990.734285
1779071513,2683.413527
1779071513,2990.553142
1779071513,2685.141935
1779071513,3609.739537
1779071513,3303.917848
1779071513,3302.691200
1779071513,3303.959660
1779071513,3301.641757
1779071513,2685.409966
1779071513,2685.302161
1779071513,2684.414654
1779071513,2685.897993
1779071513,2684.764521
1779071513,4539.224215
1779071513,3302.343696
1779071513,2992.989016
1779071513,3302.187110
1779071513,2685.429001
1779071513,2685.467397
1779071513,3304.423901
1779071513,3609.671248
1779071513,2685.654072
1779071513,2685.808825
1779071513,3303.082226
1779071513,3609.725404
1779071513,2684.845462
1779071513,3301.592718
1779071513,2684.749073
1779071513,2684.989454
1779071513,2684.715292
1779071513,2684.963198
1779071513,2684.870492
1779071513,2992.306824
1779071513,3300.391793
1779071513,2996.952790
1779071513,2685.619065
1779071513,2992.708800
1779071513,2992.842774
1779071513,2992.883996
1779071513,2992.986849
1779071513,2992.491469
1779071513,3300.224438
1779071513,2992.072562
1779071513,2991.875406
1779071513,2992.359973
1779071513,2991.800147
1779071513,2992.099625
1779071513,2991.520494
1779071513,2991.012694
1779071513,2990.444204
1779071513,2682.105300
1779071513,2990.618278
1779071513,2684.380019
1779071513,2684.511169
1779071513,3613.529691
1779071513,3302.682994
1779071513,2684.619761
1779071513,3304.090719
1779071513,2685.092306
1779071513,2684.821493
1779071513,2685.292897
1779071513,3607.576729
1779071513,4540.338983
1779071513,3302.458629
1779071513,2685.544095
1779071513,2685.620155
1779071513,2685.737481
1779071513,2684.404058
1779071513,2684.502489
1779071513,3302.156081
1779071513,4231.665274
1779071513,2685.875332
1779071513,2684.865723
1779071513,3610.282712
1779071513,3918.943901
1779071513,3613.079181
1779071513,2994.025366
1779071513,2685.106585
1779071513,2685.346253
1779071513,2685.377966
1779071513,2685.627667
1779071513,2685.755618
1779071513,2685.846696
1779071513,2993.732496
1779071513,2993.094183
1779071513,3302.271790
1779071513,2993.454740
1779071513,2686.388486
1779071513,2991.431641
1779071513,2993.113431
1779071513,2993.379779
1779071513,2992.016898
1779071513,2990.410549
1779071513,2993.006755
1779071513,2991.483836
1779071513,2992.635883
1779071513,2991.989293
1779071513,2989.551353
1779071513,2993.245842
1779071513,2991.228901
1779071513,2990.408603
1779071513,2989.935552
1779071513,2992.564071
1779071513,2993.109996
1779071513,3612.553439
1779071513,2684.281379
1779071513,2684.715447
1779071513,2993.689369
1779071513,2684.864784
1779071513,2684.827113
1779071513,2685.235802
1779071513,2684.973269
1779071513,2993.810660
1779071513,2685.161010
1779071513,2685.465313
1779071513,3923.435826
1779071513,2685.593860
1779071513,2685.893862
1779071513,2685.844185
1779071513,2684.632566
1779071513,2684.729648
1779071513,2684.509002
1779071513,2684.717159
1779071513,2686.589892
1779071513,2685.205775
1779071513,3608.628704
1779071513,3919.319045
1779071513,2991.126372
1779071513,3301.976153
1779071513,2685.817996
1779071513,2687.284812
1779071513,2685.954485
1779071513,2993.482890
1779071513,2994.506763
1779071513,2993.136844
1779071513,2992.418075
1779071513,2684.905898
1779071513,2684.543058
1779071513,2686.935649
1779071513,2687.046240
1779071513,2991.763934
1779071513,2997.190975
1779071513,2989.216993
1779071513,2687.922556
1779071513,3297.847686
1779071513,2688.295786
1779071513,2992.528929
1779071513,2689.155969
1779071513,2990.810547
1779071513,2989.886381
1779071513,2688.956718
1779071513,2994.572210
1779071514,2993.635094
1779071514,3921.793582
1779071514,2684.105544
1779071514,2684.420164
1779071514,2684.654853
1779071514,2684.572698
1779071514,2683.048555
1779071514,2684.689141
1779071514,2993.640430
1779071514,2685.114762
1779071514,4229.905249
1779071514,2685.326583
1779071514,2685.538321
1779071514,2994.286591
1779071514,2685.813893
1779071514,2684.326751
1779071514,2684.582381
1779071514,2994.661737
1779071514,2994.749037
1779071514,2684.588538
1779071514,3301.886794
1779071514,3301.920469
1779071514,2685.571854
1779071514,3609.342577
1779071514,2685.476075
1779071514,2685.882638
1779071514,3302.032070
1779071514,2994.553297
1779071514,2685.823179
1779071514,2686.175784
1779071514,2994.265671
1779071514,2685.178293
1779071514,2994.974596
1779071514,2994.637392
1779071514,2994.409306
1779071514,2685.812665
1779071514,2685.695623
1779071514,2993.786781
1779071514,2685.948522
1779071514,2992.854228
1779071514,2993.276475
1779071514,2685.714984
1779071514,2992.951020
1779071514,2993.035086
1779071514,2993.892384
1779071514,2993.007411
1779071514,3299.022044
1779071514,2992.469948
1779071514,2991.315259
1779071514,2990.158098
1779071514,2992.682663
1779071514,3302.158112
1779071514,2992.934404
1779071514,3610.009083
1779071514,3915.320812
1779071514,3918.213056
1779071514,3302.799260
1779071514,2993.239876
1779071514,3921.467594
1779071514,2993.517798
1779071514,3917.496560
1779071514,2993.652963
1779071514,3917.851090
1779071514,2684.256264
1779071514,2993.972753
1779071514,2992.717792
1779071514,2994.267823
1779071514,3611.373553
1779071514,3610.482562
1779071514,2993.200128
1779071514,3610.671223
1779071514,3919.361347
1779071514,2993.883394
1779071514,2994.094807
1779071514,2684.984849
1779071514,2684.833778
1779071514,2686.010844
1779071514,2994.330007
1779071514,2685.113843
1779071514,2684.121135
1779071514,2994.806164
1779071514,3302.914631
1779071514,2685.844834
1779071514,3302.360358
1779071514,2995.042865
1779071514,2684.752680
1779071514,2994.742831
1779071514,2993.453462
1779071514,2684.698001
1779071514,2685.924252
1779071514,2993.425666
1779071514,2993.214951
1779071514,2993.540976
1779071514,2991.305741
1779071514,2993.867706
1779071514,2688.143768
1779071514,2993.046871
1779071514,2990.937320
1779071514,2990.128317
1779071514,2991.309988
1779071514,2992.922289
1779071514,2993.202620
1779071514,2993.105225
1779071514,2683.007148
1779071514,3301.875547
1779071514,4847.750629
1779071514,3302.048411
1779071514,3301.896547
1779071514,3302.341108
1779071514,3302.317213
1779071514,2992.161487
1779071514,2683.281293
1779071514,2993.679589
1779071514,2683.446968
1779071514,2683.715055
1779071514,3301.924818
1779071514,2992.867501
1779071514,3917.952440
1779071514,3303.165267
1779071514,2993.134680
1779071514,2683.947963
1779071514,3301.544654
1779071514,3610.656330
1779071514,3300.492645
1779071514,3609.171549
1779071514,3921.239951
1779071514,3303.751719
1779071514,2994.106242
1779071514,2683.074582
1779071514,3611.036650
1779071514,3304.539416
1779071514,3304.667438
1779071514,3302.295669
1779071514,3303.469043
1779071514,2994.057387
1779071514,3302.017216
1779071514,2676.229607
1779071514,2992.969475
1779071514,2995.249537
1779071514,2993.273430
1779071514,2992.852736
1779071514,3301.571086
1779071514,3301.431263
1779071514,2993.684679
1779071514,2993.758160
1779071514,2989.323541
1779071514,2992.847929
1779071514,2992.085909
1779071514,2678.127315
1779071514,2678.326720
1779071514,3302.336141
1779071514,2682.782109
1779071514,3301.379154
1779071514,3302.701200
1779071514,2684.458845
1779071514,2684.557572
1779071514,2683.401598
1779071514,3609.790393
1779071514,4230.308538
1779071514,2992.124157
1779071514,2684.999624
1779071514,2683.813551
1779071514,2683.859522
1779071514,3302.415110
1779071514,3610.667240
1779071514,2675.945673
1779071514,2992.967164
1779071514,3302.668926
1779071514,3302.616837
1779071514,2676.254746
1779071514,2993.261375
1779071514,3610.707422
1779071514,2676.424706
1779071514,2993.691820
1779071514,2676.355506
1779071514,2676.881853
1779071514,2993.837935
1779071514,2993.893737
1779071514,2992.802092
1779071514,2676.810152
1779071514,2993.207879
1779071514,2677.372146
1779071514,3919.286400
1779071514,3302.387758
1779071514,3302.208628
1779071514,2993.874660
1779071514,2993.227317
1779071514,3301.651123
1779071514,2993.546821
1779071514,3301.267814
1779071514,2993.581867
1779071514,2992.999599
1779071514,2993.599103
1779071514,2992.861656
1779071514,2994.109771
1779071514,2994.189271
1779071514,2992.360816
1779071514,2989.935984
1779071514,2990.394716
1779071514,2989.310722
1779071514,2991.749862
1779071514,2991.486203
1779071514,2683.955965
1779071514,2991.772955
1779071514,2684.082880
1779071514,2684.146801
1779071514,2992.131255
1779071514,2991.552915
1779071514,2990.775992
1779071514,2684.552976
1779071514,3919.283129
1779071514,2992.499994
1779071514,2683.695190
1779071514,2991.504716
1779071514,2683.911277
1779071514,2685.059389
1779071514,2989.988460
1779071514,2991.551880
1779071514,2684.132286
1779071514,2993.164942
1779071514,2993.237216
1779071514,3610.494639
1779071514,2683.164218
1779071514,2992.867610
1779071514,3610.626637
1779071514,2992.360609
1779071514,2683.176373
1779071514,3919.515457
1779071514,3610.765507
1779071514,2991.592473
1779071514,2992.406874
1779071514,2683.171775
1779071514,3302.460500
1779071514,3301.880722
1779071514,2992.443548
1779071514,3301.551829
1779071514,3300.921873
1779071514,2682.236114
1779071514,2995.646638
1779071514,2993.550667
1779071514,2992.539374
1779071514,2682.558968
1779071514,2994.620711
1779071514,2993.601834
1779071514,3301.636506
1779071514,2992.989575
1779071514,2990.571088
1779071514,2992.465962
1779071514,2989.659724
1779071514,2991.170945
1779071514,2991.640204
1779071514,2991.623734
1779071514,2683.462793
1779071514,2991.705637
1779071514,2683.500933
1779071514,2683.636640
1779071514,2683.499379
1779071514,3610.872848
1779071514,3918.065802
1779071514,2683.825983
1779071514,2992.133318
1779071514,2684.112351
1779071514,2992.189387
1779071514,3918.373774
1779071514,2683.997271
1779071514,2683.095073
1779071514,2683.204646
1779071514,2684.728055
1779071514,2683.272712
1779071514,2991.064070
1779071514,2684.724331
1779071514,2983.522099
1779071514,4228.089382
1779071514,2991.193144
1779071514,2683.539765
1779071514,2683.842283
1779071514,2983.794290
1779071514,2685.299668
1779071514,2983.935678
1779071514,2983.763206
1779071514,2983.411439
1779071514,2683.013212
1779071514,2983.850280
1779071514,2682.722628
1779071514,3301.312043
1779071514,2984.007486
1779071514,2984.095169
1779071514,2984.167266
1779071514,2683.828497
1779071514,2984.257583
1779071514,2984.903157
1779071514,2984.635309
1779071514,2984.766035
1779071514,2985.613085
1779071514,2985.865814
1779071514,2682.836863
1779071514,3299.246237
1779071514,3298.121245
1779071514,2987.058762
1779071514,2682.475834
1779071514,2684.712417
1779071514,2684.647233
1779071514,2684.654088
1779071514,5466.957193
1779071514,3610.957243
1779071514,2992.574488
1779071514,2683.607870
1779071514,3302.773600
1779071514,2684.956794
1779071514,2683.764051
1779071514,2685.185838
1779071514,2685.376171
1779071514,2684.099474
1779071514,2684.182556
1779071514,2684.416678
1779071514,3302.058021
1779071514,2985.004825
1779071514,4227.768912
1779071514,2684.767963
1779071514,2683.316816
1779071514,4226.654340
1779071514,4230.040139
1779071514,2985.310124
1779071514,2683.890891
1779071514,3302.802213
1779071514,2985.921702
1779071514,2985.458600
1779071514,2683.195155
1779071514,2986.051800
1779071514,2985.539060
1779071514,3612.007775
1779071514,2683.736135
1779071514,2683.037832
1779071514,2985.890523
1779071514,2684.518716
1779071514,2985.861624
1779071514,2986.415816
1779071514,2686.237441
1779071514,2986.214313
1779071514,2986.276405
1779071514,2986.439724
1779071514,2986.924653
1779071514,2986.555810
1779071514,2987.368677
1779071514,2987.531244
1779071514,2988.005169
1779071514,2988.230078
1779071514,2988.520645
1779071514,2988.470038
1779071514,2989.320759
1779071514,2993.806416
1779071514,2685.018571
1779071514,2685.028906
1779071514,2994.033011
1779071514,3302.137227
1779071514,2684.966909
1779071514,2685.085155
1779071514,2683.845730
1779071514,2685.054035
1779071514,2685.250109
1779071514,2685.143621
1779071514,2685.300849
1779071514,2683.972250
1779071514,2685.449263
1779071514,2683.997732
1779071514,2684.342520
1779071514,2684.166394
1779071514,3920.883807
1779071514,2684.568725
1779071514,2686.171171
1779071514,2684.733005
1779071514,2684.616765
1779071514,2992.668677
1779071514,2683.732435
1779071514,2683.799072
1779071514,2684.132241
1779071514,2993.110478
1779071514,2684.288990
1779071514,2991.503398
1779071514,2686.807171
1779071514,2683.835666
1779071514,3303.315794
1779071514,2683.782249
1779071514,2684.302552
1779071514,2683.724880
1779071514,2684.493733
1779071514,2683.965148
1779071514,2990.553733
1779071514,2683.485004
1779071514,3303.749772
1779071514,2990.136980
1779071514,2683.412175
1779071514,2990.510518
1779071514,2989.571037
1779071514,2989.808155
1779071514,2683.220196
1779071514,2990.334657
1779071514,2990.211257
1779071514,2990.314788
1779071514,2990.189979
1779071514,2992.929157
1779071514,3301.396368
1779071514,2684.083873
1779071514,2684.178896
1779071514,2684.114839
1779071514,2683.872018
1779071514,2684.234010
1779071514,3301.781302
1779071514,2684.291962
1779071514,2684.431711
1779071514,2684.631314
1779071514,2684.522297
1779071514,2684.610624
1779071514,2684.566264
1779071514,2685.013623
1779071514,2684.965521
1779071514,2685.159740
1779071514,2683.839775
1779071514,2685.524937
1779071514,2994.358004
1779071514,2685.298381
1779071514,2683.919114
1779071514,2685.967388
1779071514,2684.371736
1779071514,2684.316856
1779071514,2684.465083
1779071514,2683.816698
1779071514,2992.838630
1779071514,3302.061787
1779071514,2684.548414
1779071514,2684.212699
1779071514,2684.853289
1779071514,2684.831284
1779071514,2684.884799
1779071514,2684.976456
1779071514,2684.347565
1779071514,2991.889167
1779071514,2992.775867
1779071514,2685.029206
1779071514,2991.342450
1779071514,2991.230765
1779071514,2991.766201
1779071514,2991.147373
1779071514,3294.212637
1779071514,2991.058298
1779071514,2990.019487
1779071514,2990.088707
1779071514,2990.125107
1779071514,3294.830071
1779071514,2990.249981
1779071515,2683.989973
1779071515,3612.128523
1779071515,2684.144649
1779071515,5776.798129
1779071515,3294.858041
1779071515,2684.433110
1779071515,2684.476837
1779071515,2684.576642
1779071515,2684.445846
1779071515,2684.622726
1779071515,2684.619555
1779071515,2684.839723
1779071515,2684.991492
1779071515,2684.884340
1779071515,2685.234213
1779071515,2684.153269
1779071515,2684.242212
1779071515,2684.203209
1779071515,2684.165260
1779071515,2684.410971
1779071515,3295.399001
1779071515,2686.061847
1779071515,2993.257265
1779071515,2684.525874
1779071515,2684.607574
1779071515,2684.907852
1779071515,2684.686340
1779071515,2684.897381
1779071515,2993.704407
1779071515,2682.333662
1779071515,2684.918230
1779071515,2992.240798
1779071515,2685.047263
1779071515,2685.253928
1779071515,2991.375900
1779071515,2682.457352
1779071515,2682.564769
1779071515,2685.463169
1779071515,2685.901502
1779071515,3296.208539
1779071515,2683.100207
1779071515,2993.440912
1779071515,2991.619408
1779071515,2989.822245
1779071515,2989.923993
1779071515,2991.569981
1779071515,2993.029926
1779071515,2683.057527
1779071515,2990.356186
1779071515,2989.320319
1779071515,2683.326829
1779071515,3609.397226
1779071515,2683.354087
1779071515,3611.416883
1779071515,2683.387119
1779071515,2683.478948
1779071515,3610.794982
1779071515,3303.825951
1779071515,2683.866048
1779071515,3301.498876
1779071515,2683.958450
1779071515,2684.200776
1779071515,2683.888778
1779071515,2684.039893
1779071515,3302.207624
1779071515,3300.095884
1779071515,2684.652218
1779071515,3302.311365
1779071515,2684.558077
1779071515,3304.876267
1779071515,2683.202007
1779071515,2683.439748
1779071515,2684.968210
1779071515,2684.194587
1779071515,3613.225773
1779071515,2994.932388
1779071515,3300.366159
1779071515,2684.131220
1779071515,2683.661817
1779071515,2684.221342
1779071515,3302.418509
1779071515,2683.658160
1779071515,2683.815420
1779071515,2683.877226
1779071515,2684.422758
1779071515,2685.785044
1779071515,2683.292329
1779071515,2682.881496
1779071515,2683.392501
1779071515,2683.091758
1779071515,2683.093661
1779071515,2683.064386
1779071515,2684.599517
1779071515,2683.001999
1779071515,2990.154449
1779071515,2685.331474
1779071515,3301.441372
1779071515,2990.272939
1779071515,2990.536070
1779071515,2989.995336
1779071515,2684.188525
1779071515,3302.881466
1779071515,3609.908756
1779071515,2684.264495
1779071515,3611.745830
1779071515,3921.673808
1779071515,2684.431084
1779071515,2685.397617
1779071515,2684.757108
1779071515,3611.164719
1779071515,2684.757535
1779071515,2683.909836
1779071515,2685.284093
1779071515,2684.117103
1779071515,3301.808671
1779071515,3301.984880
1779071515,2685.432394
1779071515,2684.144514
1779071515,2685.621914
1779071515,2684.201540
1779071515,2988.968067
1779071515,2684.056808
1779071515,3603.368571
1779071515,2683.714327
1779071515,2990.276977
1779071515,2685.340029
1779071515,2685.519951
1779071515,3303.129593
1779071515,2990.402091
1779071515,2687.738265
1779071515,2688.887810
1779071515,2686.234083
1779071515,2688.577689
1779071515,2686.973658
1779071515,2689.187043
1779071515,3606.502933
1779071515,2689.036133
1779071515,2686.396630
1779071515,3615.583143
1779071515,3308.749080
1779071515,2690.123318
1779071515,2691.435540
1779071515,2690.329428
1779071515,2689.269230
1779071515,2997.710712
1779071515,2689.172013
1779071515,2689.938485
1779071515,2997.182686
1779071515,2995.342433
1779071515,2688.949980
1779071515,2684.757925
1779071515,2684.744230
1779071515,2685.353680
1779071515,2685.519005
1779071515,2685.483491
1779071515,2685.663593
1779071515,2684.737136
1779071515,3302.996884
1779071515,2683.681419
1779071515,2994.464502
1779071515,2686.225772
1779071515,2685.304877
1779071515,2685.395064
1779071515,2685.365941
1779071515,2685.370929
1779071515,2685.588232
1779071515,3302.800620
1779071515,2684.062345
1779071515,2684.670997
1779071515,2684.789346
1779071515,2685.251228
1779071515,2685.304279
1779071515,2684.241796
1779071515,2685.599749
1779071515,3303.499920
1779071515,2685.656312
1779071515,2994.953655
1779071515,2685.885032
1779071515,3606.053623
1779071515,3606.234067
1779071515,2686.504922
1779071515,2995.240052
1779071515,3304.282703
1779071515,3607.126300
1779071515,3303.384879
1779071515,2687.186193
1779071515,2686.637113
1779071515,3304.141212
1779071515,3304.121849
1779071515,2688.282839
1779071515,2688.431775
1779071515,2688.949104
1779071515,2688.449502
1779071515,2688.555663
1779071515,2995.064693
1779071515,2688.466757
1779071515,2687.624813
1779071515,2994.753600
1779071515,2994.907470
1779071515,2995.199467
1779071515,2992.205789
1779071515,3920.553722
1779071515,3613.121113
1779071515,2684.853336
1779071515,3303.923791
1779071515,2685.093983
1779071515,2685.082395
1779071515,2685.381169
1779071515,2992.919499
1779071515,2684.216551
1779071515,2993.243942
1779071515,2684.273601
1779071515,2993.396004
1779071515,2683.644269
1779071515,2993.902989
1779071515,2993.589429
1779071515,2994.103805
1779071515,3303.802575
1779071515,3613.041555
1779071515,3612.130732
1779071515,2994.306653
1779071515,3303.371248
1779071515,2685.645481
1779071515,3611.429226
1779071515,2684.999335
1779071515,2684.644995
1779071515,2993.781306
1779071515,3611.685295
1779071515,3303.172998
1779071515,3921.538648
1779071515,3924.145022
1779071515,3302.454704
1779071515,3302.640322
1779071515,3302.617473
1779071515,3612.373106
1779071515,3611.020082
1779071515,3303.852764
1779071515,3609.905153
1779071515,3303.338722
1779071515,3613.268647
1779071515,3305.182776
1779071515,3303.150886
1779071515,2996.880653
1779071515,3615.285108
1779071515,2996.109008
1779071515,2995.298395
1779071515,2996.364536
1779071515,2995.491025
1779071515,2995.415626
1779071515,2994.761462
1779071515,2684.847490
1779071515,3919.063571
1779071515,2992.725240
1779071515,3920.039808
1779071515,3611.731195
1779071515,2685.012036
1779071515,2684.996908
1779071515,2685.410864
1779071515,2685.578832
1779071515,2993.377814
1779071515,2684.191711
1779071515,3301.951588
1779071515,2684.627524
1779071515,3611.404177
1779071515,3612.776738
1779071515,2684.746855
1779071515,2685.000786
1779071515,3919.481203
1779071515,2684.978644
1779071515,3304.657872
1779071515,3920.891877
1779071515,3613.964259
1779071515,2993.671672
1779071515,2685.077758
1779071515,2993.276889
1779071515,3610.974330
1779071515,3609.322572
1779071515,2994.058139
1779071515,3609.887725
1779071515,2993.661607
1779071515,3302.976334
1779071515,3302.344663
1779071515,3304.629353
1779071515,3913.875582
1779071515,2993.919215
1779071515,2994.158634
1779071515,3303.009020
1779071515,2685.682448
1779071515,3612.465341
1779071515,3306.313735
1779071515,2996.035657
1779071515,2995.757074
1779071515,3305.709782
1779071515,3306.053147
1779071515,2995.860801
1779071515,2994.768219
1779071515,2994.073150
1779071515,3303.964930
1779071515,2995.680583
1779071515,3306.190521
1779071515,3922.110259
1779071515,2685.575703
1779071515,3912.641649
1779071515,2684.501908
1779071515,2685.735790
1779071515,2684.533513
1779071515,2685.765877
1779071515,2685.653294
1779071515,2684.753305
1779071515,2684.763775
1779071515,2684.768693
1779071515,2684.935666
1779071515,2684.813664
1779071515,3611.186917
1779071515,3912.797053
1779071515,3913.027164
1779071515,3612.902009
1779071515,4230.731013
1779071515,5464.376259
1779071515,2685.686027
1779071515,3922.324951
1779071515,3922.467141
1779071515,3613.303821
1779071515,2993.613530
1779071515,2993.429270
1779071515,3303.344982
1779071515,2993.966435
1779071515,2684.340882
1779071515,2684.402354
1779071515,3611.723657
1779071515,2993.254799
1779071515,2993.777265
1779071515,2995.219537
1779071515,2994.621817
1779071515,3302.371445
1779071515,3304.099911
1779071515,2995.304919
1779071515,2685.293022
1779071515,3302.907606
1779071515,2686.901369
1779071515,2686.715741
1779071515,3615.725546
1779071515,2686.319872
1779071515,2996.384017
1779071515,2686.787894
1779071515,3304.652967
1779071515,2686.390714
1779071515,2994.458241
1779071515,2995.770733
1779071515,2995.376302
1779071515,2683.863595
1779071515,2684.047481
1779071515,2684.654752
1779071515,2684.805369
1779071515,2684.793098
1779071515,2684.691633
1779071515,2684.914398
1779071515,2684.999164
1779071515,2684.926908
1779071515,2685.065063
1779071515,2993.173393
1779071515,2993.392634
1779071515,2685.262469
1779071515,2993.319255
1779071515,2685.381554
1779071515,2993.724796
1779071515,2993.691361
1779071515,2684.438476
1779071515,2685.889594
1779071515,2993.842817
1779071515,2684.570055
1779071515,2684.552386
1779071515,2684.832958
1779071515,2993.242856
1779071515,2684.873928
1779071515,2992.800443
1779071515,2685.235688
1779071515,2685.244494
1779071515,2992.870847
1779071515,2684.427608
1779071515,2993.615465
1779071515,2685.120853
1779071515,2993.061444
1779071515,2993.685667
1779071515,2993.208513
1779071515,2684.970608
1779071515,2993.270498
1779071515,2684.695688
1779071515,2993.577432
1779071515,2995.067598
1779071515,2994.601811
1779071515,2687.324281
1779071515,2686.824385
1779071515,2686.911059
1779071515,2686.584023
1779071515,2686.360405
1779071515,2992.979045
1779071515,2993.684607
1779071515,2686.410418
1779071515,2686.755354
1779071515,2993.604145
1779071515,2684.628663
1779071515,2684.617301
1779071515,2992.967150
1779071515,2684.887629
1779071515,2685.105548
1779071515,2685.282319
1779071515,2993.455978
1779071515,2685.424388
1779071515,2685.441977
1779071515,2685.593347
1779071515,5156.506806
1779071515,2685.912943
1779071515,2685.906927
1779071515,2994.128054
1779071515,2684.800376
1779071515,2684.905070
1779071515,2684.935318
1779071515,2684.938634
1779071515,2993.614436
1779071515,2685.097607
1779071515,2992.722207
1779071515,2993.318105
1779071515,2686.613668
1779071515,2685.350309
1779071515,2685.378126
1779071515,2992.975343
1779071515,2993.158117
1779071515,2684.729780
1779071515,2993.191833
1779071515,2684.632811
1779071515,2993.937306
1779071515,2992.885192
1779071515,2993.027956
1779071515,3301.535686
1779071515,2992.532034
1779071515,2992.652240
1779071515,2685.392719
1779071515,2992.961446
1779071515,2686.119586
1779071515,2993.927606
1779071515,2687.316328
1779071515,2687.144168
1779071515,2995.187203
1779071515,2686.765801
1779071515,2687.085799
1779071515,2994.377845
1779071515,2993.814245
1779071515,2685.643295
1779071515,2993.880733
1779071515,4538.052967
1779071515,4221.405407
1779071515,2685.010057
1779071515,3919.487051
1779071515,4229.892573
1779071515,3610.515407
1779071515,2685.206344
1779071515,2992.445361
1779071515,2685.545597
1779071515,3302.876063
1779071515,2684.184692
1779071515,3921.498475
1779071515,2684.454564
1779071515,2684.686429
1779071515,2683.673351
1779071515,2684.667430
1779071515,2683.712411
1779071515,2684.861554
1779071515,2684.653175
1779071515,2685.327427
1779071515,2993.483847
1779071515,2684.694890
1779071515,2993.428179
1779071515,2685.432342
1779071515,2685.572326
1779071515,2685.427268
1779071515,2685.030765
1779071515,2685.640500
1779071515,2992.973104
1779071515,2684.879160
1779071515,2993.468236
1779071515,2993.371920
1779071515,2686.113936
1779071515,2992.146271
1779071515,3303.208841
1779071515,2992.597493
1779071515,2993.211688
1779071515,2685.068612
1779071515,2992.960991
1779071515,3921.338382
1779071515,2992.686750
1779071515,3612.885295
1779071515,3920.215730
1779071515,3611.468448
1779071515,2687.286167
1779071515,3305.195804
1779071515,2992.868016
1779071515,2993.722173
1779071515,2994.594568
1779071515,2994.402717
1779071516,4538.157757
1779071516,3302.757543
1779071516,3610.564722
1779071516,2684.053250
1779071516,4229.690116
1779071516,2685.343874
1779071516,4538.905852
1779071516,2684.305961
1779071516,3303.209539
1779071516,2684.441261
1779071516,2993.806044
1779071516,2684.431667
1779071516,2684.518208
1779071516,2684.688437
1779071516,2683.248362
1779071516,2684.820070
1779071516,2685.245020
1779071516,2685.148753
1779071516,2685.548898
1779071516,3610.559016
1779071516,2684.183969
1779071516,2993.446858
1779071516,3301.612494
1779071516,2993.432485
1779071516,2684.397699
1779071516,2684.291265
1779071516,2684.589311
1779071516,4229.225159
1779071516,3302.744604
1779071516,3301.928135
1779071516,2686.133351
1779071516,2684.999014
1779071516,2992.914264
1779071516,2993.653792
1779071516,2684.878022
1779071516,2992.758577
1779071516,3301.698560
1779071516,2992.798261
1779071516,2992.645500
1779071516,3302.023215
1779071516,2992.516156
1779071516,3303.383074
1779071516,2992.815708
1779071516,3302.439512
1779071516,3303.148294
1779071516,3302.491993
1779071516,3302.092542
1779071516,3303.414005
1779071516,2993.773118
1779071516,2681.251677
1779071516,3920.466737
1779071516,4538.115086
1779071516,2682.099066
1779071516,2993.599352
1779071516,2682.147185
1779071516,4228.585508
1779071516,2682.210893
1779071516,2993.697516
1779071516,2682.446492
1779071516,2992.626700
1779071516,2682.769240
1779071516,2683.306811
1779071516,2683.059559
1779071516,3302.753851
1779071516,3302.785861
1779071516,3613.449747
1779071516,2682.400145
1779071516,2682.500978
1779071516,3302.295639
1779071516,2682.470228
1779071516,4229.632720
1779071516,2682.681356
1779071516,2994.135818
1779071516,3302.474052
1779071516,2682.159892
1779071516,2682.844910
1779071516,2682.387402
1779071516,2682.607880
1779071516,2682.661460
1779071516,2993.452794
1779071516,2993.615346
1779071516,2682.780113
1779071516,2682.986139
1779071516,2682.923962
1779071516,2993.141345
1779071516,2682.897053
1779071516,3301.568822
1779071516,2682.145006
1779071516,2992.712740
1779071516,3302.372331
1779071516,3302.575025
1779071516,3302.315440
1779071516,3302.626113
1779071516,2994.433799
1779071516,3302.524608
1779071516,2994.796764
1779071516,2993.676444
1779071516,3301.078284
1779071516,2993.713768
1779071516,2992.865263
1779071516,2993.960949
1779071516,2994.179845
1779071516,2994.170097
1779071516,2681.140486
1779071516,4229.921278
1779071516,3302.729794
1779071516,3611.687845
1779071516,2994.368617
1779071516,2682.786516
1779071516,2681.229143
1779071516,2681.112435
1779071516,2681.866526
1779071516,2681.336407
1779071516,2681.682788
1779071516,2681.364277
1779071516,3302.236323
1779071516,2993.982232
1779071516,3302.306571
1779071516,2682.043915
1779071516,2994.214060
1779071516,3301.992433
1779071516,3611.965441
1779071516,2682.152387
1779071516,2681.912424
1779071516,2681.742274
1779071516,3302.364537
1779071516,2994.268592
1779071516,2682.424889
1779071516,2994.847607
1779071516,2993.995439
1779071516,2993.991660
1779071516,2995.344972
1779071516,2682.002311
1779071516,2682.332884
1779071516,3301.568378
1779071516,2681.858953
1779071516,2993.060501
1779071516,2682.199736
1779071516,2682.994617
1779071516,2993.928136
1779071516,2994.462980
1779071516,2991.933410
1779071516,2994.842577
1779071516,2994.899472
1779071516,2994.764145
1779071516,2994.946205
1779071516,3302.796330
1779071516,2682.252894
1779071516,2993.143381
1779071516,2992.379896
1779071516,2681.626572
1779071516,3302.849036
1779071516,2681.687877
1779071516,2681.656125
1779071516,2994.722657
1779071516,3610.958452
1779071516,2993.774996
1779071516,2682.100055
1779071516,2683.087199
1779071516,2683.119158
1779071516,2682.200774
1779071516,2992.692693
1779071516,2682.567374
1779071516,2681.302734
1779071516,3302.255892
1779071516,2992.898479
1779071516,2681.615069
1779071516,2681.910223
1779071516,2681.802499
1779071516,2681.732948
1779071516,2681.942378
1779071516,2681.943337
1779071516,2681.976312
1779071516,2682.019971
1779071516,2681.905199
1779071516,2681.980434
1779071516,2987.467214
1779071516,2684.654133
1779071516,3611.325489
1779071516,2988.473833
1779071516,2995.946636
1779071516,2989.042063
1779071516,2989.131195
1779071516,2989.648261
1779071516,2682.238532
1779071516,2686.582227
1779071516,2990.200720
1779071516,2990.167533
1779071516,2989.330707
1779071516,2685.751018
1779071516,2989.514613
1779071516,2687.733298
1779071516,2687.634789
1779071516,2686.897891
1779071516,2999.226825
1779071516,3303.036261
1779071516,2688.157419
1779071516,3000.113311
1779071516,2688.609912
1779071516,2993.632893
1779071516,2681.361319
1779071516,2681.452314
1779071516,4229.714744
1779071516,4845.832025
1779071516,3302.639866
1779071516,3921.041110
1779071516,2682.526120
1779071516,2681.483310
1779071516,2681.524750
1779071516,2991.624726
1779071516,3302.033073
1779071516,2683.491222
1779071516,2682.421974
1779071516,2682.349529
1779071516,2682.312757
1779071516,3303.273106
1779071516,2684.499456
1779071516,3303.552021
1779071516,3302.941076
1779071516,2684.652869
1779071516,2684.867436
1779071516,2994.774584
1779071516,2991.864989
1779071516,2685.246559
1779071516,2993.397734
1779071516,3303.908581
1779071516,2994.224572
1779071516,2684.577875
1779071516,2685.883727
1779071516,2992.967260
1779071516,2684.773990
1779071516,2993.050023
1779071516,3304.178271
1779071516,2991.065745
1779071516,2995.216664
1779071516,3306.887115
1779071516,2683.770691
1779071516,2991.216661
1779071516,2685.798286
1779071516,2684.252867
1779071516,2991.842143
1779071516,2684.420247
1779071516,2991.810552
1779071516,2994.458443
1779071516,2992.597934
1779071516,2992.505763
1779071516,2991.708206
1779071516,2992.298079
1779071516,2992.666105
1779071516,2993.059563
1779071516,2682.253670
1779071516,2990.696594
1779071516,2682.351799
1779071516,3303.780785
1779071516,4541.084425
1779071516,2990.815253
1779071516,2682.838837
1779071516,2682.641312
1779071516,2991.111939
1779071516,3302.384363
1779071516,2991.295497
1779071516,3612.180924
1779071516,2683.755528
1779071516,2683.568820
1779071516,3612.584453
1779071516,2682.594924
1779071516,2991.928402
1779071516,2682.862039
1779071516,2682.756412
1779071516,2683.345898
1779071516,2992.673012
1779071516,2992.189573
1779071516,2683.473587
1779071516,2683.424188
1779071516,2992.676568
1779071516,2992.647668
1779071516,3613.331606
1779071516,2684.404661
1779071516,2684.781605
1779071516,2993.077316
1779071516,3305.315255
1779071516,3613.172316
1779071516,2684.183459
1779071516,2993.442017
1779071516,2684.150440
1779071516,2993.111637
1779071516,2992.170160
1779071516,2684.842415
1779071516,2684.275712
1779071516,2992.313012
1779071516,2991.569719
1779071516,2991.678769
1779071516,2991.942506
1779071516,2992.285217
1779071516,2992.480532
1779071516,3303.319840
1779071516,2992.041736
1779071516,2992.596755
1779071516,2992.945427
1779071516,2992.822652
1779071516,2681.894081
1779071516,3300.712188
1779071516,3920.043920
1779071516,4846.928323
1779071516,2682.288437
1779071516,2682.443344
1779071516,2682.376285
1779071516,3301.883733
1779071516,3919.994169
1779071516,3301.751518
1779071516,4540.001020
1779071516,2990.611355
1779071516,2990.848626
1779071516,3921.312956
1779071516,2990.958843
1779071516,4539.418495
1779071516,2991.478628
1779071516,2682.820685
1779071516,3612.828315
1779071516,2683.189941
1779071516,3921.007046
1779071516,2682.459064
1779071516,2683.382289
1779071516,3612.032527
1779071516,3303.980931
1779071516,2992.297555
1779071516,2992.667942
1779071516,2990.818606
1779071516,3306.184959
1779071516,2684.358233
1779071516,2684.871968
1779071516,2684.963890
1779071516,3306.611633
1779071516,2993.101688
1779071516,3305.503642
1779071516,3301.310084
1779071516,2684.030639
1779071516,2992.232964
1779071516,2684.837510
1779071516,3299.313886
1779071516,2991.676475
1779071516,2992.202138
1779071516,3299.868476
1779071516,2992.132981
1779071516,2992.241256
1779071516,2992.567289
1779071516,2991.692254
1779071516,2991.881209
1779071516,2992.970976
1779071516,2992.790301
1779071516,2990.625422
1779071516,3300.832649
1779071516,3611.041132
1779071516,2682.169938
1779071516,3300.868377
1779071516,2991.038722
1779071516,3300.823903
1779071516,2682.252011
1779071516,4847.618043
1779071516,2684.940933
1779071516,3923.787091
1779071516,3922.830421
1779071516,2993.706506
1779071516,2993.713227
1779071516,2993.845832
1779071516,3922.353946
1779071516,2993.756899
1779071516,3614.681928
1779071516,2684.801481
1779071516,2993.755519
1779071516,2993.958548
1779071516,2993.358245
1779071516,3923.496708
1779071516,2685.917789
1779071516,2684.776096
1779071516,2684.241997
1779071516,2994.856507
1779071516,2992.023530
1779071516,3301.626045
1779071516,4235.333149
1779071516,3306.741601
1779071516,3305.543109
1779071516,2683.279431
1779071516,2992.935570
1779071516,2684.999935
1779071516,2992.039406
1779071516,2682.916107
1779071516,2996.132772
1779071516,2992.289888
1779071516,2993.023141
1779071516,3927.341650
1779071516,2995.281637
1779071516,2688.924949
1779071516,2995.948743
1779071516,2996.623976
1779071516,2996.138736
1779071516,2995.664976
1779071516,3302.778979
1779071516,2994.694320
1779071516,2683.852257
1779071516,2991.138732
1779071516,2682.570156
1779071516,3920.022036
1779071516,3299.605396
1779071516,2682.635146
1779071516,2991.285142
1779071516,2991.261673
1779071516,2682.857273
1779071516,2683.034193
1779071516,2686.056168
1779071516,2685.122057
1779071516,2685.078993
1779071516,2685.203676
1779071516,2685.231585
1779071516,2685.339592
1779071516,2685.232665
1779071516,2685.423958
1779071516,2685.899518
1779071516,2685.897271
1779071516,2685.746031
1779071516,2685.859023
1779071516,2685.886620
1779071516,3924.453863
1779071516,2994.535117
1779071516,2685.495176
1779071516,2685.802944
1779071516,4542.666848
1779071516,2686.062624
1779071516,2995.272068
1779071516,3304.040967
1779071516,3614.960321
1779071516,2685.893769
1779071516,2684.074201
1779071516,2685.677292
1779071516,2685.841640
1779071516,2994.706815
1779071516,2685.985409
1779071516,2685.480891
1779071516,3301.808332
1779071516,2685.547698
1779071516,2687.829039
1779071516,2685.569103
1779071516,2992.821246
1779071516,2994.386857
1779071516,2685.011449
1779071516,2683.819990
1779071516,2994.596083
1779071516,2992.743731
1779071516,2992.505313
1779071516,2994.219157
1779071516,2991.774997
1779071516,2683.599336
1779071516,5157.915747
1779071516,2991.852753
1779071516,2991.922532
1779071516,3612.193253
1779071516,2990.836670
1779071516,2992.020398
1779071516,4230.256986
1779071516,2992.917969
1779071516,3301.825493
1779071516,2993.573783
1779071516,2685.434911
1779071516,2993.918769
1779071516,2685.563387
1779071516,2685.864003
1779071516,2685.958835
1779071516,3302.839453
1779071516,2686.149529
1779071516,2686.114199
1779071516,2686.092477
1779071516,2685.418274
1779071516,2685.444416
1779071516,2994.066675
1779071516,2685.595693
1779071516,3924.485195
1779071516,2685.767364
1779071516,2685.644763
1779071516,2995.710171
1779071516,2686.137776
1779071516,2685.367240
1779071516,2995.667209
1779071516,2685.815722
1779071516,2993.362811
1779071516,2994.585105
1779071516,2685.572312
1779071516,2686.672585
1779071516,2994.177265
1779071516,2686.573579
1779071516,2995.167893
1779071516,2994.346660
1779071516,2685.687129
1779071516,2994.489189
1779071516,2685.837337
1779071516,2993.066320
1779071516,2994.077191
1779071516,2993.882175
1779071516,2992.202661
1779071516,2993.729024
1779071516,2993.077878
1779071517,2683.177841
1779071517,3300.349731
1779071517,2991.630207
1779071517,2992.815031
1779071517,3300.589688
1779071517,2991.842672
1779071517,2683.569533
1779071517,2683.854723
1779071517,2684.025109
1779071517,2993.589920
1779071517,4231.881370
1779071517,2685.226289
1779071517,2993.466709
1779071517,2685.436331
1779071517,2685.023911
1779071517,2684.998015
1779071517,2995.021418
1779071517,2993.665578
1779071517,3612.680922
1779071517,2686.200337
1779071517,2994.224940
1779071517,2994.493887
1779071517,2994.247542
1779071517,2686.154889
1779071517,3303.474115
1779071517,2686.451725
1779071517,2686.572306
1779071517,2686.575297
1779071517,2687.446050
1779071517,2994.699667
1779071517,2686.299040
1779071517,2993.766884
1779071517,3303.858499
1779071517,2685.995731
1779071517,2994.078335
1779071517,2685.859144
1779071517,3302.306237
1779071517,2685.932108
1779071517,2685.774614
1779071517,2685.632320
1779071517,2685.232236
1779071517,2685.799282
1779071517,2685.768557
1779071517,2685.111132
1779071517,2684.363917
1779071517,2992.319851
1779071517,3302.396220
1779071517,2992.526007
1779071517,2684.929245
1779071517,2992.338888
1779071517,2683.683900
1779071517,2683.860157
1779071517,2683.905502
1779071517,3300.855015
1779071517,2992.205614
1779071517,2683.794475
1779071517,5156.823124
1779071517,2683.889122
1779071517,3299.730591
1779071517,4230.883004
1779071517,4231.760001
1779071517,3301.780008
1779071517,2685.011294
1779071517,3611.697527
1779071517,2992.657645
1779071517,3302.535139
1779071517,2992.951969
1779071517,2685.581451
1779071517,2685.464158
1779071517,2685.737874
1779071517,2685.706492
1779071517,3611.103972
1779071517,2686.194966
1779071517,2686.369428
1779071517,2993.221669
1779071517,3302.781080
1779071517,2686.514632
1779071517,3613.558346
1779071517,2992.936959
1779071517,3305.191155
1779071517,2686.873200
1779071517,3301.702146
1779071517,2993.456834
1779071517,3613.768182
1779071517,2685.914411
1779071517,3303.884135
1779071517,2685.977626
1779071517,2685.858882
1779071517,2991.680627
1779071517,2991.382237
1779071517,3301.816840
1779071517,4854.744991
1779071517,3924.758121
1779071517,2684.535777
1779071517,2685.934573
1779071517,3301.862005
1779071517,2686.092809
1779071517,2685.822370
1779071517,2686.310618
1779071517,2684.287885
1779071517,2992.751799
1779071517,2992.953379
1779071517,2992.758511
1779071517,2992.899505
1779071517,2992.880811
1779071517,2684.242795
1779071517,4229.443226
1779071517,2684.117557
1779071517,2991.901931
1779071517,2992.462929
1779071517,3301.758515
1779071517,2993.275340
1779071517,2685.674109
1779071517,2684.781103
1779071517,2993.638887
1779071517,2993.981363
1779071517,2685.188008
1779071517,2685.153577
1779071517,3302.555253
1779071517,2685.460988
1779071517,3921.779004
1779071517,4541.426763
1779071517,3302.000744
1779071517,3302.557298
1779071517,2686.060742
1779071517,2686.208999
1779071517,2684.988565
1779071517,3303.672355
1779071517,2685.516480
1779071517,3302.639351
1779071517,2993.768321
1779071517,2685.710860
1779071517,3302.540706
1779071517,3303.110004
1779071517,3610.858505
1779071517,2685.901874
1779071517,2686.310249
1779071517,2994.077766
1779071517,3302.667259
1779071517,2686.394656
1779071517,2993.581426
1779071517,2686.211959
1779071517,2992.997837
1779071517,2685.743602
1779071517,2993.928427
1779071517,2993.814390
1779071517,2684.872729
1779071517,2684.919839
1779071517,2992.472631
1779071517,2992.784428
1779071517,2683.224121
1779071517,2683.264478
1779071517,3918.851058
1779071517,2683.366537
1779071517,2992.125014
1779071517,3301.521972
1779071517,2993.504230
1779071517,2993.392814
1779071517,3301.576455
1779071517,2683.746723
1779071517,2992.550347
1779071517,3301.245205
1779071517,3301.380664
1779071517,2992.609298
1779071517,2993.496108
1779071517,2993.476161
1779071517,2993.714867
1779071517,3301.941693
1779071517,2684.877680
1779071517,2685.157198
1779071517,2685.349019
1779071517,3301.957402
1779071517,2685.614712
1779071517,3302.226948
1779071517,2994.733873
1779071517,2684.812469
1779071517,2686.503113
1779071517,2684.966036
1779071517,2993.922775
1779071517,3302.085476
1779071517,2685.053087
1779071517,2994.039021
1779071517,2685.355640
1779071517,2685.614888
1779071517,3918.210428
1779071517,2685.446933
1779071517,3301.252755
1779071517,3301.237385
1779071517,2685.847328
1779071517,2685.919931
1779071517,3301.790551
1779071517,2686.482401
1779071517,2684.748349
1779071517,2686.694556
1779071517,2993.061960
1779071517,3609.304710
1779071517,2992.657982
1779071517,2994.577621
1779071517,2992.350863
1779071517,2992.537016
1779071517,3610.531306
1779071517,3301.887644
1779071517,2992.151938
1779071517,2993.535076
1779071517,2683.815903
1779071517,2684.028417
1779071517,2993.741636
1779071517,3611.018677
1779071517,2684.485353
1779071517,2992.691365
1779071517,2994.038868
1779071517,4230.261294
1779071517,3300.746239
1779071517,3301.416443
1779071517,2993.531572
1779071517,2993.579874
1779071517,2684.982557
1779071517,2993.492456
1779071517,3300.335058
1779071517,2683.778058
1779071517,2684.291043
1779071517,3611.017991
1779071517,3301.512524
1779071517,2684.820791
1779071517,2993.847563
1779071517,2993.885242
1779071517,2684.058241
1779071517,2683.849089
1779071517,3920.443770
1779071517,2993.877794
1779071517,2994.054275
1779071517,2685.361990
1779071517,2685.642263
1779071517,3610.734371
1779071517,2993.810163
1779071517,2685.691548
1779071517,2993.549121
1779071517,2685.088757
1779071517,2993.859548
1779071517,3610.091351
1779071517,3301.577527
1779071517,2687.034135
1779071517,2992.800415
1779071517,3301.229214
1779071517,2992.462868
1779071517,2687.017466
1779071517,2687.279369
1779071517,2684.534936
1779071517,2992.229232
1779071517,2993.090299
1779071517,2683.392931
1779071517,2993.939151
1779071517,2993.806850
1779071517,2683.627609
1779071517,2683.647751
1779071517,2994.010779
1779071517,2683.713362
1779071517,2994.499085
1779071517,2994.362225
1779071517,3610.271831
1779071517,2683.893968
1779071517,2683.941446
1779071517,2993.353705
1779071517,2684.194084
1779071517,2684.229326
1779071517,3610.227140
1779071517,4540.159303
1779071517,2993.672983
1779071517,2995.136760
1779071517,2993.894233
1779071517,2684.618187
1779071517,2683.482899
1779071517,2994.123526
1779071517,2994.513757
1779071517,2683.857555
1779071517,2683.860670
1779071517,2684.004731
1779071517,2683.937237
1779071517,2685.967135
1779071517,2684.278151
1779071517,2994.082058
1779071517,2684.681459
1779071517,3301.758573
1779071517,2993.592878
1779071517,2684.753390
1779071517,2684.981635
1779071517,3611.075861
1779071517,2684.933091
1779071517,2685.220748
1779071517,2994.258669
1779071517,2685.532509
1779071517,3301.683143
1779071517,3301.265517
1779071517,2685.818182
1779071517,2685.678414
1779071517,2685.359830
1779071517,2994.774983
1779071517,2993.119326
1779071517,2992.705042
1779071517,2992.539764
1779071517,3302.209709
1779071517,3610.713359
1779071517,3610.854197
1779071517,2992.640277
1779071517,2992.901948
1779071517,2683.096638
1779071517,2683.291066
1779071517,2683.439290
1779071517,2683.681247
1779071517,2683.534440
1779071517,3302.065474
1779071517,2993.257365
1779071517,2993.795225
1779071517,2683.981688
1779071517,2683.944377
1779071517,2684.033002
1779071517,2684.041701
1779071517,2684.159958
1779071517,2684.568797
1779071517,2684.442633
1779071517,2683.328007
1779071517,2683.308800
1779071517,2994.651537
1779071517,3302.266952
1779071517,2683.588718
1779071517,2993.471639
1779071517,2683.905517
1779071517,2684.043360
1779071517,2685.802849
1779071517,2683.913332
1779071517,2994.543990
1779071517,2994.505169
1779071517,2993.970913
1779071517,3609.545490
1779071517,3918.245666
1779071517,2685.773234
1779071517,2687.126628
1779071517,2993.019602
1779071517,2992.654063
1779071517,2995.615668
1779071517,2688.209091
1779071517,2996.729396
1779071517,2687.031597
1779071517,2687.472308
1779071517,2687.897541
1779071517,2687.915192
1779071517,2688.758319
1779071517,2998.537781
1779071517,2688.283580
1779071517,2995.776580
1779071517,2992.603156
1779071517,2682.835621
1779071517,2992.728403
1779071517,3610.936229
1779071517,3919.632629
1779071517,2682.981040
1779071517,2683.210488
1779071517,2683.405534
1779071517,2993.420908
1779071517,2683.652752
1779071517,2683.610849
1779071517,2993.919684
1779071517,2683.821530
1779071517,2991.417087
1779071517,2683.915807
1779071517,2682.822858
1779071517,2991.591298
1779071517,2684.259849
1779071517,2993.079155
1779071517,3919.930178
1779071517,2683.330494
1779071517,3302.507139
1779071517,2683.422572
1779071517,2683.405373
1779071517,3303.229251
1779071517,2683.947816
1779071517,2683.983458
1779071517,2683.920788
1779071517,3303.197765
1779071517,2684.401139
1779071517,2994.675406
1779071517,2684.916096
1779071517,2685.030189
1779071517,2685.612619
1779071517,2684.940119
1779071517,3303.453007
1779071517,2685.639221
1779071517,2994.759379
1779071517,2686.054585
1779071517,2995.431246
1779071517,3610.636356
1779071517,2994.897840
1779071517,2995.095431
1779071517,3303.494059
1779071517,2687.727395
1779071517,3613.503229
1779071517,2995.983852
1779071517,3612.330053
1779071517,2995.644797
1779071517,2996.402828
1779071517,2992.041116
1779071517,2682.624463
1779071517,2682.771163
1779071517,2992.048894
1779071517,2992.245413
1779071517,2683.000578
1779071517,2682.997079
1779071517,3918.776362
1779071517,3302.886904
1779071517,2683.026425
1779071517,3303.170049
1779071517,2683.475332
1779071517,2683.255963
1779071517,2683.548441
1779071517,2992.849634
1779071517,2683.645905
1779071517,2993.074273
1779071517,2682.526684
1779071517,2993.290949
1779071517,2682.717101
1779071517,2993.564370
1779071517,2993.512805
1779071517,2993.494920
1779071517,3301.977242
1779071517,2683.208066
1779071517,2992.522910
1779071517,4228.299952
1779071517,3610.988583
1779071517,3302.719187
1779071517,2683.653231
1779071517,3303.210922
1779071517,2993.570568
1779071517,3303.080808
1779071517,3303.242277
1779071517,2994.310981
1779071517,2684.099949
1779071517,2685.095785
1779071517,2994.433117
1779071517,2994.730805
1779071517,2994.564448
1779071517,3302.452793
1779071517,3611.050573
1779071517,3610.581072
1779071517,2685.814965
1779071517,2994.973206
1779071517,2996.072974
1779071517,2996.739962
1779071517,2996.118575
1779071517,2996.369146
1779071517,2995.788629
1779071517,2683.256720
1779071517,3302.240728
1779071517,3302.138193
1779071517,2992.056991
1779071517,3301.928003
1779071517,3612.055349
1779071517,3302.126203
1779071517,2683.591811
1779071517,2992.498096
1779071517,2682.439595
1779071517,2993.064563
1779071517,2682.676278
1779071517,2684.129693
1779071517,2684.002077
1779071517,2992.909393
1779071517,2682.845010
1779071517,2683.020444
1779071517,3302.876663
1779071517,3611.073971
1779071517,2682.476152
1779071517,3918.800275
1779071517,3919.340256
1779071517,3920.109944
1779071517,2683.564200
1779071518,2992.472346
1779071518,2992.426567
1779071518,2992.526213
1779071518,3302.117248
1779071518,3918.911204
1779071518,3918.689377
1779071518,2992.768907
1779071518,3302.916454
1779071518,3919.170740
1779071518,2993.395367
1779071518,3612.006116
1779071518,3920.121466
1779071518,3303.270519
1779071518,2994.168205
1779071518,2994.061511
1779071518,2994.448577
1779071518,3302.290465
1779071518,3610.791839
1779071518,3303.132062
1779071518,2994.565714
1779071518,2681.080170
1779071518,2995.901298
1779071518,2995.511376
1779071518,2996.461692
1779071518,2996.677788
1779071518,2995.624161
1779071518,2991.842383
1779071518,3302.175757
1779071518,2992.235927
1779071518,2992.154970
1779071518,3612.058266
1779071518,2683.739130
1779071518,2682.755529
1779071518,2682.617960
1779071518,2682.952365
1779071518,2682.945615
1779071518,3302.954633
1779071518,2682.936333
1779071518,2681.976478
1779071518,2683.274465
1779071518,2683.386740
1779071518,2683.372244
1779071518,2683.397919
1779071518,2683.479163
1779071518,2683.825129
1779071518,3302.162488
1779071518,3302.283829
1779071518,2682.437134
1779071518,2685.300067
1779071518,2682.829656
1779071518,2684.092827
1779071518,2992.413740
1779071518,2682.978911
1779071518,2992.642237
1779071518,2682.224017
1779071518,2992.892324
1779071518,4229.690703
1779071518,3301.886332
1779071518,2683.472055
1779071518,3303.877146
1779071518,2993.907233
1779071518,3303.896839
1779071518,3302.978661
1779071518,2681.872722
1779071518,2681.977352
1779071518,2994.012221
1779071518,2994.128221
1779071518,2993.982726
1779071518,3303.174152
1779071518,2994.301205
1779071518,2994.777610
1779071518,2995.362449
1779071518,2995.591336
1779071518,3307.197884
1779071518,2996.037154
1779071518,2995.691593
1779071518,3920.301013
1779071518,2682.606960
1779071518,2682.687901
1779071518,2682.780231
1779071518,2682.747356
1779071518,2682.956659
1779071518,2682.802108
1779071518,2683.026329
1779071518,2683.302696
1779071518,2992.459304
1779071518,2683.080599
1779071518,3302.131481
1779071518,3918.935687
1779071518,2683.584511
1779071518,2683.776279
1779071518,2682.358894
1779071518,2683.586345
1779071518,4849.381921
1779071518,2683.823248
1779071518,2683.758998
1779071518,2683.977442
1779071518,2682.883341
1779071518,3611.273793
1779071518,2683.142032
1779071518,2991.475780
1779071518,2683.302644
1779071518,2992.657934
1779071518,2682.891325
1779071518,2992.314741
1779071518,2993.020378
1779071518,3919.565276
1779071518,2992.783374
1779071518,2992.863298
1779071518,3302.149873
1779071518,2682.304210
1779071518,2992.624218
1779071518,2682.085963
1779071518,2992.947126
1779071518,2682.044792
1779071518,2992.570966
1779071518,2993.399731
1779071518,2994.339690
1779071518,2680.441101
1779071518,2994.341145
1779071518,2994.329997
1779071518,2995.835307
1779071518,2995.951509
1779071518,2996.754920
1779071518,2996.150007
1779071518,2996.951481
1779071518,2682.565553
1779071518,2991.903334
1779071518,3610.290209
1779071518,2991.785385
1779071518,2683.331521
1779071518,2992.314449
1779071518,2683.359111
1779071518,2683.290145
1779071518,2682.065660
1779071518,2683.653770
1779071518,4227.888406
1779071518,2682.764152
1779071518,2684.031184
1779071518,2684.188205
1779071518,2682.149346
1779071518,2683.192420
1779071518,2684.569388
1779071518,2683.175109
1779071518,2683.264182
1779071518,3612.336709
1779071518,2991.827991
1779071518,2682.548111
1779071518,2682.809166
1779071518,2682.757575
1779071518,2682.756519
1779071518,2682.857408
1779071518,2990.754637
1779071518,2989.918009
1779071518,2990.060873
1779071518,2684.310936
1779071518,2683.241600
1779071518,2993.391049
1779071518,2991.329813
1779071518,2991.605650
1779071518,2682.285967
1779071518,2990.184114
1779071518,2990.411848
1779071518,2990.580631
1779071518,2989.439877
1779071518,2988.175834
1779071518,2682.475126
1779071518,2988.731001
1779071518,2680.270908
1779071518,3611.221391
1779071518,2989.394940
1779071518,2989.862315
1779071518,2990.719633
1779071518,2990.962834
1779071518,2990.118790
1779071518,2991.110258
1779071518,3610.875923
1779071518,3301.132171
1779071518,3611.144812
1779071518,3301.155127
1779071518,3299.978758
1779071518,2991.340815
1779071518,2683.530849
1779071518,3299.512476
1779071518,2682.816980
1779071518,3920.592807
1779071518,2992.333996
1779071518,2682.957398
1779071518,4537.045601
1779071518,2992.660625
1779071518,3611.212603
1779071518,3301.032909
1779071518,3612.832552
1779071518,2683.640067
1779071518,2683.658998
1779071518,2683.508843
1779071518,2991.630186
1779071518,2993.299849
1779071518,4536.737271
1779071518,2991.875764
1779071518,3302.307976
1779071518,2989.886983
1779071518,2990.029923
1779071518,3301.724183
1779071518,3611.393866
1779071518,2684.095302
1779071518,2684.152546
1779071518,2683.827340
1779071518,2684.372760
1779071518,3921.777438
1779071518,2684.336936
1779071518,2684.338713
1779071518,2988.987866
1779071518,2991.839716
1779071518,3302.653389
1779071518,2990.334330
1779071518,2989.218537
1779071518,2989.174281
1779071518,2989.113638
1779071518,2683.413501
1779071518,2989.686268
1779071518,2989.828937
1779071518,2989.452735
1779071518,2990.874507
1779071518,2990.858739
1779071518,2990.513303
1779071518,3920.659724
1779071518,2683.184668
1779071518,2683.276681
1779071518,2991.776193
1779071518,3301.054527
1779071518,2683.322154
1779071518,3300.980591
1779071518,2683.311793
1779071518,3301.272690
1779071518,2681.994098
1779071518,2682.293530
1779071518,3301.565574
1779071518,3920.335340
1779071518,2683.866200
1779071518,3920.477406
1779071518,3300.751592
1779071518,4228.620983
1779071518,2991.532824
1779071518,2683.549055
1779071518,2683.636153
1779071518,2683.681500
1779071518,2683.528106
1779071518,3301.459946
1779071518,2683.812751
1779071518,2683.893695
1779071518,3302.069647
1779071518,2992.096263
1779071518,2684.188490
1779071518,2683.669476
1779071518,2684.148465
1779071518,2991.375430
1779071518,2683.642318
1779071518,2684.303872
1779071518,2683.515019
1779071518,2991.161485
1779071518,2683.138341
1779071518,2684.331767
1779071518,2990.504816
1779071518,2991.414908
1779071518,2684.640052
1779071518,3919.091220
1779071518,2680.294561
1779071518,2680.409308
1779071518,2989.225489
1779071518,2989.665440
1779071518,2989.870375
1779071518,2989.704366
1779071518,2990.463886
1779071518,2990.464049
1779071518,2989.898260
1779071518,2992.085489
1779071518,2682.487467
1779071518,3919.928948
1779071518,2682.736319
1779071518,2682.685032
1779071518,3300.397863
1779071518,2684.475624
1779071518,3611.007520
1779071518,2992.997668
1779071518,2683.444492
1779071518,2683.460957
1779071518,3300.183529
1779071518,2683.557340
1779071518,2683.853354
1779071518,3300.540252
1779071518,2684.044027
1779071518,3300.164284
1779071518,3300.936233
1779071518,2684.150412
1779071518,2682.740531
1779071518,3301.682818
1779071518,3611.896842
1779071518,3301.167539
1779071518,2683.196426
1779071518,2683.347597
1779071518,3300.725257
1779071518,3300.124051
1779071518,2992.324996
1779071518,2992.305023
1779071518,2992.203779
1779071518,2683.395880
1779071518,2683.627367
1779071518,2991.191705
1779071518,2683.668955
1779071518,2683.661372
1779071518,2683.993668
1779071518,2990.491453
1779071518,3297.153386
1779071518,2683.616373
1779071518,2683.673673
1779071518,3297.249553
1779071518,2989.060003
1779071518,2989.154652
1779071518,2989.406439
1779071518,2992.607690
1779071518,2989.968709
1779071518,2989.872380
1779071518,2990.660922
1779071518,2990.777780
1779071518,2991.293995
1779071518,2992.301374
1779071518,2992.342087
1779071518,2992.454446
1779071518,2992.533525
1779071518,2992.451917
1779071518,2682.843844
1779071518,2991.534274
1779071518,2683.642538
1779071518,2683.617514
1779071518,2683.827016
1779071518,2992.220199
1779071518,2683.666505
1779071518,2683.886786
1779071518,2992.324130
1779071518,2684.053787
1779071518,2683.990007
1779071518,2684.035036
1779071518,2682.893419
1779071518,2684.183823
1779071518,2683.138133
1779071518,2684.659781
1779071518,2991.352846
1779071518,2683.411000
1779071518,3299.505044
1779071518,3610.412267
1779071518,2991.611761
1779071518,3300.758255
1779071518,2683.667287
1779071518,2683.707724
1779071518,2683.924380
1779071518,2683.799293
1779071518,2993.891841
1779071518,2683.915061
1779071518,3300.842233
1779071518,2992.066831
1779071518,2684.474032
1779071518,2988.749301
1779071518,2684.788633
1779071518,2988.950076
1779071518,2684.545860
1779071518,2684.106094
1779071518,2680.602229
1779071518,2989.365059
1779071518,2989.499046
1779071518,2996.618539
1779071518,2685.163761
1779071518,2989.678171
1779071518,2990.486089
1779071518,2990.586816
1779071518,2990.225453
1779071518,2683.454317
1779071518,2992.818989
1779071518,2683.464893
1779071518,2683.642017
1779071518,3301.175156
1779071518,2683.528002
1779071518,2991.539423
1779071518,2991.840593
1779071518,2683.955579
1779071518,2682.904929
1779071518,2682.993787
1779071518,2684.791274
1779071518,2684.716720
1779071518,2993.019361
1779071518,2684.942420
1779071518,2684.983492
1779071518,3301.330809
1779071518,2685.233390
1779071518,2683.966463
1779071518,2684.043310
1779071518,3300.812556
1779071518,2684.030845
1779071518,2684.461809
1779071518,3611.581122
1779071518,2684.080929
1779071518,2684.804869
1779071518,2684.953019
1779071518,2684.209880
1779071518,2684.558263
1779071518,3298.257916
1779071518,2684.529853
1779071518,2988.838637
1779071518,2682.304138
1779071518,3303.835035
1779071518,2989.755711
1779071518,2686.669120
1779071518,2688.097034
1779071518,2989.864902
1779071518,2687.019890
1779071518,2990.517952
1779071518,2687.443003
1779071518,2996.184358
1779071518,2689.502950
1779071518,2688.065782
1779071518,2688.671392
1779071518,2993.232192
1779071518,2689.241477
1779071518,2996.534519
1779071518,2687.701215
1779071518,2687.028225
1779071518,2993.260384
1779071518,2683.718648
1779071518,2683.776859
1779071518,3610.819650
1779071518,2684.698448
1779071518,3919.194161
1779071518,2684.570725
1779071518,2992.829841
1779071518,2683.862762
1779071518,2683.932550
1779071518,2684.085938
1779071518,3609.538911
1779071518,2684.372359
1779071518,2684.622259
1779071518,2684.509620
1779071518,2992.975389
1779071518,2993.571742
1779071518,2686.848391
1779071518,3609.231250
1779071518,2993.694451
1779071518,2994.421305
1779071518,3299.638701
1779071518,3303.719811
1779071518,2685.594366
1779071518,2685.812663
1779071518,2995.357687
1779071518,2688.778156
1779071518,2688.791666
1779071518,2990.972086
1779071518,2993.053123
1779071518,2689.113248
1779071518,2991.155514
1779071518,2991.419777
1779071518,3613.860360
1779071518,2997.858823
1779071518,2991.579995
1779071518,2688.239772
1779071518,2991.883472
1779071518,2688.835112
1779071518,2992.329194
1779071518,2997.218698
1779071518,2997.426774
1779071518,2996.104553
1779071518,2992.492831
1779071518,2688.563736
1779071518,3306.734067
1779071518,2688.525524
1779071518,2993.218976
1779071518,2993.567908
1779071518,2993.602394
1779071519,4228.399862
1779071519,2682.961394
1779071519,2683.142346
1779071519,2683.230106
1779071519,2683.270047
1779071519,2992.715764
1779071519,2683.363223
1779071519,2683.637136
1779071519,4228.693402
1779071519,2684.059345
1779071519,2684.174902
1779071519,3919.077761
1779071519,3302.022195
1779071519,2684.599424
1779071519,2685.096373
1779071519,2685.387835
1779071519,2993.205346
1779071519,3303.065658
1779071519,3303.180825
1779071519,3303.802836
1779071519,3303.786674
1779071519,3303.826088
1779071519,3304.354753
1779071519,2994.950190
1779071519,3611.795471
1779071519,2994.793679
1779071519,3612.392191
1779071519,2995.197810
1779071519,2686.003539
1779071519,2686.202130
1779071519,2995.316945
1779071519,3613.938675
1779071519,3303.804307
1779071519,2686.972336
1779071519,3609.599570
1779071519,2995.853255
1779071519,3301.233210
1779071519,3303.340059
1779071519,2993.758125
1779071519,2994.579087
1779071519,2992.717048
1779071519,2687.612164
1779071519,3301.703090
1779071519,2686.900375
1779071519,2993.176078
1779071519,2993.396509
1779071519,2993.566198
1779071519,2993.568266
1779071519,2993.695290
1779071519,2993.241119
1779071519,2992.795129
1779071519,4229.558331
1779071519,4848.784554
1779071519,4229.303873
1779071519,3918.507809
1779071519,5155.517385
1779071519,2992.843080
1779071519,3302.484987
1779071519,2993.410224
1779071519,3301.579322
1779071519,3920.770218
1779071519,3301.734521
1779071519,2992.394004
1779071519,3610.555613
1779071519,3919.733007
1779071519,3302.340144
1779071519,3611.108401
1779071519,3302.895609
1779071519,3304.476959
1779071519,3303.239515
1779071519,3303.230891
1779071519,3920.466562
1779071519,3611.630461
1779071519,2994.635532
1779071519,3611.786984
1779071519,2994.929508
1779071519,2994.429121
1779071519,3922.404340
1779071519,3303.345164
1779071519,3612.060191
1779071519,2682.770457
1779071519,3303.619404
1779071519,2995.682574
1779071519,3923.472480
1779071519,3922.646210
1779071519,3609.371743
1779071519,3300.947609
1779071519,3304.348466
1779071519,3301.450022
1779071519,2992.447668
1779071519,2687.804959
1779071519,2994.592015
1779071519,3302.203822
1779071519,3302.178565
1779071519,2992.976674
1779071519,2683.432115
1779071519,2993.301173
1779071519,2683.284273
1779071519,2993.497426
1779071519,2683.960691
1779071519,2683.059317
1779071519,3300.118735
1779071519,2993.385932
1779071519,3611.490523
1779071519,2684.181615
1779071519,2682.925500
1779071519,2684.136054
1779071519,4229.643593
1779071519,2993.923945
1779071519,3610.576206
1779071519,2683.447960
1779071519,4539.606791
1779071519,2992.496556
1779071519,2992.860224
1779071519,2992.940779
1779071519,2992.954689
1779071519,4848.167611
1779071519,3301.908132
1779071519,2993.799809
1779071519,2682.167448
1779071519,3921.242196
1779071519,3302.423036
1779071519,3302.483800
1779071519,2994.549906
1779071519,3611.026790
1779071519,2993.740284
1779071519,3303.596140
1779071519,2683.498679
1779071519,2994.124120
1779071519,2994.476554
1779071519,2994.724324
1779071519,2994.744615
1779071519,2994.956916
1779071519,2684.069579
1779071519,2995.136167
1779071519,2995.048056
1779071519,3609.508390
1779071519,2994.003331
1779071519,2993.241019
1779071519,2992.757245
1779071519,2994.391550
1779071519,2994.060437
1779071519,2993.720621
1779071519,3616.128369
1779071519,3613.755870
1779071519,2683.480589
1779071519,2994.152181
1779071519,2993.529619
1779071519,2993.610948
1779071519,2993.681308
1779071519,4538.181794
1779071519,2682.129359
1779071519,2991.429090
1779071519,2682.526913
1779071519,2682.590286
1779071519,3917.910968
1779071519,3301.529914
1779071519,2682.873655
1779071519,3301.700485
1779071519,3610.207719
1779071519,2992.772910
1779071519,2992.537546
1779071519,2993.007412
1779071519,3300.822201
1779071519,2992.713967
1779071519,2993.413707
1779071519,2993.215898
1779071519,2992.039522
1779071519,2992.377213
1779071519,2992.506990
1779071519,2683.399306
1779071519,2683.750120
1779071519,2993.063605
1779071519,2993.238246
1779071519,3304.043976
1779071519,3302.569970
1779071519,3302.895352
1779071519,2993.823292
1779071519,2683.957364
1779071519,2993.987880
1779071519,2683.389657
1779071519,2994.470599
1779071519,2994.751909
1779071519,3305.747426
1779071519,2994.681448
1779071519,2684.099830
1779071519,2993.491269
1779071519,2995.110292
1779071519,2995.316473
1779071519,2683.841966
1779071519,2993.675361
1779071519,3609.780746
1779071519,2994.037558
1779071519,3301.858790
1779071519,2993.677896
1779071519,2993.827106
1779071519,2994.046741
1779071519,2993.613526
1779071519,2994.198156
1779071519,2994.236507
1779071519,2991.831842
1779071519,2991.803441
1779071519,2682.025944
1779071519,2991.838058
1779071519,2992.068911
1779071519,2992.081926
1779071519,2992.125859
1779071519,2992.128950
1779071519,2992.362214
1779071519,2992.389646
1779071519,2991.126037
1779071519,2682.628841
1779071519,2991.497620
1779071519,2991.491640
1779071519,2991.610155
1779071519,2992.069630
1779071519,2992.225794
1779071519,2992.265035
1779071519,2682.750958
1779071519,2992.566437
1779071519,2992.688653
1779071519,2992.915706
1779071519,2993.436935
1779071519,2990.464288
1779071519,2992.893574
1779071519,3302.351673
1779071519,2992.087611
1779071519,2990.441629
1779071519,2992.585147
1779071519,2990.670605
1779071519,2993.955904
1779071519,2991.536027
1779071519,2993.214503
1779071519,2992.049553
1779071519,2683.319985
1779071519,2684.885685
1779071519,2993.536308
1779071519,3917.965228
1779071519,2993.457411
1779071519,2683.828430
1779071519,2994.380606
1779071519,2992.542315
1779071519,2992.581230
1779071519,2682.470379
1779071519,3301.688531
1779071519,3301.725777
1779071519,2991.735044
1779071519,2991.129785
1779071519,3302.043498
1779071519,2990.764213
1779071519,2990.513449
1779071519,2991.995522
1779071519,3919.286774
1779071519,4226.960812
1779071519,2682.913343
1779071519,2682.966423
1779071519,2991.355095
1779071519,2679.015221
1779071519,2990.038112
1779071519,2683.318327
1779071519,2991.467383
1779071519,2683.424138
1779071519,2990.293167
1779071519,2683.606178
1779071519,2990.395110
1779071519,2990.321719
1779071519,2990.452647
1779071519,2990.260292
1779071519,2990.198444
1779071519,2680.313967
1779071519,2990.750998
1779071519,2680.593283
1779071519,2990.665890
1779071519,3301.559099
1779071519,2990.864705
1779071519,2679.811941
1779071519,2991.091571
1779071519,2991.161684
1779071519,2680.046725
1779071519,2991.678121
1779071519,2991.533627
1779071519,3302.882900
1779071519,2991.817256
1779071519,2991.613750
1779071519,2681.678839
1779071519,2991.779330
1779071519,2991.756332
1779071519,2991.467705
1779071519,2991.820415
1779071519,2681.990476
1779071519,2991.775472
1779071519,2991.318993
1779071519,2992.077332
1779071519,2990.678238
1779071519,2992.779361
1779071519,2991.291280
1779071519,2992.066414
1779071519,2990.648549
1779071519,3302.791900
1779071519,2991.006743
1779071519,3609.576294
1779071519,3917.996705
1779071519,3919.447525
1779071519,2991.289572
1779071519,3300.481169
1779071519,2991.198609
1779071519,2682.163924
1779071519,2682.254229
1779071519,2679.842674
1779071519,2991.541299
1779071519,2678.671050
1779071519,2990.470899
1779071519,2678.861187
1779071519,2990.756507
1779071519,3300.067583
1779071519,2679.209079
1779071519,2683.078651
1779071519,2991.050080
1779071519,3300.391430
1779071519,2990.819009
1779071519,2679.547946
1779071519,2991.408720
1779071519,2991.239094
1779071519,2680.061909
1779071519,2680.336764
1779071519,2990.927725
1779071519,2680.336783
1779071519,2991.115798
1779071519,3919.203316
1779071519,2991.075849
1779071519,2990.932030
1779071519,2991.469134
1779071519,2991.199288
1779071519,2991.363715
1779071519,3303.126142
1779071519,2991.437290
1779071519,2992.251100
1779071519,2681.382323
1779071519,2991.739980
1779071519,2681.332031
1779071519,2992.332421
1779071519,2682.198719
1779071519,2991.666589
1779071519,2992.427829
1779071519,2991.846209
1779071519,2992.277670
1779071519,2990.645382
1779071519,2991.323543
1779071519,2991.931005
1779071519,2991.194803
1779071519,2991.375186
1779071519,2992.649335
1779071519,2992.657308
1779071519,2992.623309
1779071519,2682.022926
1779071519,2992.769313
1779071519,2682.114853
1779071519,2991.597543
1779071519,2682.419165
1779071519,2680.610674
1779071519,2990.763432
1779071519,2990.295664
1779071519,2682.667108
1779071519,2991.998003
1779071519,2682.656957
1779071519,2990.913123
1779071519,2991.196805
1779071519,2988.985229
1779071519,2991.406294
1779071519,3301.106656
1779071519,2992.621805
1779071519,2991.449430
1779071519,2990.757252
1779071519,2991.490334
1779071519,2991.591917
1779071519,2992.361447
1779071519,2990.146083
1779071519,2990.144731
1779071519,2990.421087
1779071519,2992.558158
1779071519,2990.607365
1779071519,3302.018979
1779071519,3299.755566
1779071519,2991.200052
1779071519,3300.220410
1779071519,2680.902161
1779071519,2680.917708
1779071519,2991.733951
1779071519,2988.703422
1779071519,2990.982755
1779071519,2990.331942
1779071519,2990.559271
1779071519,3300.255504
1779071519,2992.338573
1779071519,2990.093152
1779071519,2992.031733
1779071519,2993.055762
1779071519,2993.351394
1779071519,2993.390394
1779071519,2993.792921
1779071519,3299.404141
1779071519,2987.644961
1779071519,2682.060919
1779071519,2682.192046
1779071519,2682.013617
1779071519,2682.067548
1779071519,3300.268025
1779071519,2682.290096
1779071519,3919.183450
1779071519,2680.412208
1779071519,2682.513666
1779071519,2682.565559
1779071519,2988.536000
1779071519,2680.460420
1779071519,2988.452217
1779071519,2682.724356
1779071519,2680.588259
1779071519,3298.410779
1779071519,2681.023232
1779071519,3298.972098
1779071519,2680.853994
1779071519,2989.134186
1779071519,2988.997547
1779071519,3299.287712
1779071519,2988.228203
1779071519,2988.343991
1779071519,2680.079809
1779071519,3919.776143
1779071519,2679.797705
1779071519,2988.589735
1779071519,2988.762865
1779071519,2988.975015
1779071519,3299.367488
1779071519,2989.435277
1779071519,2680.693310
1779071519,2989.075509
1779071519,2989.146371
1779071519,2989.434599
1779071519,3299.878471
1779071519,2989.959581
1779071519,2990.778561
1779071519,2990.452835
1779071519,2990.944147
1779071519,2990.813942
1779071519,2991.048465
1779071519,2991.813837
1779071519,2991.659092
1779071519,2991.207172
1779071519,2991.547393
1779071519,2992.124317
1779071519,2990.919653
1779071519,2682.123687
1779071519,2682.052876
1779071519,2681.935429
1779071519,2682.019171
1779071519,2682.177642
1779071519,3300.433172
1779071519,2681.334860
1779071519,2680.355012
1779071519,2680.268733
1779071519,2680.490922
1779071519,2680.528319
1779071519,2680.429897
1779071519,2680.606207
1779071519,2683.321421
1779071519,2992.506735
1779071519,2680.438170
1779071519,2680.821217
1779071519,2683.358097
1779071519,2680.812528
1779071519,2681.246878
1779071519,2680.441926
1779071519,2989.069225
1779071519,2679.769077
1779071519,2680.596591
1779071519,2681.291337
1779071519,3610.518090
1779071519,2988.993948
1779071519,2680.365612
1779071519,2988.919150
1779071519,2989.066953
1779071519,2680.219042
1779071519,2989.043424
1779071519,3609.164292
1779071519,2989.461076
1779071519,2989.355133
1779071519,2988.840722
1779071519,3299.593582
1779071519,2681.006434
1779071519,2989.720620
1779071519,2989.852995
1779071519,3299.703040
1779071519,2990.168606
1779071519,2990.673042
1779071519,2991.244334
1779071519,2991.380147
1779071519,2991.618175
1779071519,2991.765499
1779071519,2991.603604
1779071519,2991.662049
1779071520,2680.338218
1779071520,2991.134465
1779071520,2681.802878
1779071520,2681.676488
1779071520,2681.759092
1779071520,2681.935380
1779071520,2681.867103
1779071520,2682.151871
1779071520,2682.169937
1779071520,2682.340619
1779071520,2681.227075
1779071520,2680.298619
1779071520,2988.397749
1779071520,2680.666253
1779071520,2682.717436
1779071520,2680.546187
1779071520,2680.789973
1779071520,2683.084658
1779071520,2680.759422
1779071520,2681.200497
1779071520,2989.195348
1779071520,2989.262494
1779071520,2681.411868
1779071520,2989.442009
1779071520,2681.515272
1779071520,2681.101091
1779071520,2680.336676
1779071520,2680.539607
1779071520,2681.725049
1779071520,2680.725967
1779071520,2988.544583
1779071520,2989.042981
1779071520,2988.791071
1779071520,2680.923257
1779071520,3300.192314
1779071520,2681.223912
1779071520,3302.401739
1779071520,2681.428399
1779071520,2681.406288
1779071520,2989.478830
1779071520,2681.393401
1779071520,2989.532245
1779071520,2989.896377
1779071520,2990.277762
1779071520,2990.973000
1779071520,2992.057006
1779071520,2992.241546
1779071520,2683.165191
1779071520,2991.260153
1779071520,2991.659837
1779071520,3301.344944
1779071520,4229.548018
1779071520,3301.328156
1779071520,3301.432029
1779071520,2682.231870
1779071520,3302.043358
1779071520,2681.480224
1779071520,2989.493579
1779071520,3608.935536
1779071520,2680.621011
1779071520,2683.422633
1779071520,2683.656227
1779071520,2681.040752
1779071520,2681.226826
1779071520,2681.311167
1779071520,2681.276029
1779071520,2681.477506
1779071520,2681.695993
1779071520,2681.603285
1779071520,2683.172461
1779071520,2681.136273
1779071520,2681.120818
1779071520,2681.441196
1779071520,2989.423330
1779071520,2681.356402
1779071520,2682.808389
1779071520,2681.983030
1779071520,2681.886634
1779071520,2681.893644
1779071520,2990.064177
1779071520,2989.946508
1779071520,2681.218748
1779071520,2990.303957
1779071520,2690.241137
1779071520,2689.381097
1779071520,2690.782948
1779071520,2687.399711
1779071520,2690.781978
1779071520,2692.192811
1779071520,2692.114974
1779071520,2997.201325
1779071520,3307.527576
1779071520,2691.352815
1779071520,2996.155959
1779071520,2995.885797
1779071520,2997.650128
1779071520,2997.325716
1779071520,2998.031516
1779071520,2996.967370
1779071520,2688.717629
1779071520,2990.824081
1779071520,3609.426577
1779071520,3300.348585
1779071520,2681.153238
1779071520,2681.367984
1779071520,3297.063333
1779071520,2681.702531
1779071520,3297.226066
1779071520,2681.912672
1779071520,2682.171245
1779071520,2682.279707
1779071520,2682.491358
1779071520,3298.008622
1779071520,3301.903936
1779071520,2682.719147
1779071520,2682.813002
1779071520,2681.723173
1779071520,3298.565761
1779071520,2682.098289
1779071520,2682.037170
1779071520,2682.231453
1779071520,2682.348783
1779071520,3298.473510
1779071520,2990.603607
1779071520,2682.723857
1779071520,2681.925094
1779071520,2683.006302
1779071520,2683.167530
1779071520,2990.287459
1779071520,2682.551160
1779071520,2990.676391
1779071520,2682.836305
1779071520,2682.698942
1779071520,2688.607505
1779071520,3305.112412
1779071520,2688.471552
1779071520,2688.902485
1779071520,2688.337790
1779071520,2996.792070
1779071520,2688.953812
1779071520,2996.669010
1779071520,2996.376214
1779071520,2688.010476
1779071520,2996.764391
1779071520,2996.574200
1779071520,2996.605841
1779071520,2996.762004
1779071520,2996.754210
1779071520,2996.816319
1779071520,2996.889851
1779071520,3299.942804
1779071520,3299.917510
1779071520,3297.592600
1779071520,3300.067520
1779071520,3919.269582
1779071520,3919.499942
1779071520,2990.014143
1779071520,2989.250159
1779071520,3298.539007
1779071520,3606.691392
1779071520,3610.123539
1779071520,3298.417508
1779071520,2989.037139
1779071520,3610.749565
1779071520,3610.714768
1779071520,3297.802083
1779071520,3297.927924
1779071520,3297.974740
1779071520,3298.253107
1779071520,3298.565887
1779071520,2681.797112
1779071520,2682.167776
1779071520,2682.458872
1779071520,3298.786493
1779071520,2990.784523
1779071520,3299.247684
1779071520,3299.056347
1779071520,3298.623795
1779071520,3299.630446
1779071520,3298.522297
1779071520,2683.074157
1779071520,3298.796167
1779071520,2990.397217
1779071520,2996.524705
1779071520,3304.305127
1779071520,3304.650922
1779071520,2689.424163
1779071520,2996.724372
1779071520,2688.086968
1779071520,2687.525473
1779071520,2690.069738
1779071520,2996.616997
1779071520,2687.985733
1779071520,2996.721987
1779071520,3305.522196
1779071520,2689.909690
1779071520,2996.729518
1779071520,2688.869076
1779071520,2996.896538
1779071520,2997.295837
1779071520,2990.855493
1779071520,3298.811820
1779071520,2990.978453
1779071520,3606.056851
1779071520,2991.117290
1779071520,2991.240527
1779071520,2991.102867
1779071520,2682.599812
1779071520,2682.762921
1779071520,2990.676232
1779071520,3301.009297
1779071520,2681.661219
1779071520,3607.047720
1779071520,3297.738283
1779071520,3297.754611
1779071520,3298.945163
1779071520,2989.957988
1779071520,3299.049444
1779071520,3606.105791
1779071520,3298.116883
1779071520,3298.137668
1779071520,3605.711872
1779071520,3298.195477
1779071520,2681.959141
1779071520,3298.838805
1779071520,3298.228326
1779071520,3298.879214
1779071520,3608.541591
1779071520,3298.623478
1779071520,3298.748504
1779071520,2991.112970
1779071520,2990.510630
1779071520,3607.597309
1779071520,3304.373545
1779071520,2996.482170
1779071520,2997.041280
1779071520,2686.883206
1779071520,2996.481775
1779071520,2995.320204
1779071520,3304.562870
1779071520,3305.256075
1779071520,2996.425266
1779071520,2996.782979
1779071520,2687.108133
1779071520,2996.808198
1779071520,2686.423356
1779071520,2686.825113
1779071520,2997.542562
1779071520,2997.105250
1779071520,3305.428209
1779071520,3300.480278
1779071520,2682.179802
1779071520,3609.656494
1779071520,2990.533528
1779071520,3917.729506
1779071520,3917.703124
1779071520,2990.752638
1779071520,2681.897444
1779071520,2681.920987
1779071520,2681.898494
1779071520,2681.800287
1779071520,2989.612134
1779071520,2681.963632
1779071520,3606.504129
1779071520,2681.320870
1779071520,2681.275981
1779071520,2990.216207
1779071520,3918.426380
1779071520,2682.692022
1779071520,3917.812984
1779071520,2990.234920
1779071520,3607.090330
1779071520,3611.299624
1779071520,2681.776246
1779071520,3300.024255
1779071520,3298.126534
1779071520,3606.739536
1779071520,3607.096357
1779071520,2681.733143
1779071520,2990.653104
1779071520,2990.795331
1779071520,3607.448662
1779071520,2990.501863
1779071520,2996.154171
1779071520,3304.418530
1779071520,3304.685236
1779071520,3304.553144
1779071520,2996.653220
1779071520,3304.687893
1779071520,2687.023635
1779071520,2996.311633
1779071520,2687.234890
1779071520,2686.492315
1779071520,2996.389304
1779071520,2996.979020
1779071520,3306.244442
1779071520,2997.142121
1779071520,2997.099921
1779071520,2997.633434
1779071520,2997.302855
1779071520,2681.394547
1779071520,2990.279114
1779071520,2990.279977
1779071520,2990.209768
1779071520,2990.252507
1779071520,2990.242964
1779071520,2990.491344
1779071520,2990.288476
1779071520,2682.030065
1779071520,2682.035498
1779071520,2682.231602
1779071520,2989.763849
1779071520,2682.102418
1779071520,2682.360479
1779071520,2681.328767
1779071520,2989.525509
1779071520,3606.430886
1779071520,2681.482478
1779071520,2681.680876
1779071520,2681.830076
1779071520,2681.716930
1779071520,2990.546322
1779071520,2989.705653
1779071520,2990.772873
1779071520,2682.328129
1779071520,2990.977705
1779071520,2682.264923
1779071520,2989.922236
1779071520,2990.701580
1779071520,2989.929143
1779071520,3606.687189
1779071520,2988.890377
1779071520,2681.967541
1779071520,3303.459151
1779071520,3612.146740
1779071520,3303.925380
1779071520,2997.288211
1779071520,3304.331223
1779071520,3305.061401
1779071520,3304.167743
1779071520,2997.189723
1779071520,2995.768306
1779071520,2997.537347
1779071520,2998.409006
1779071520,2998.342183
1779071520,2996.735329
1779071520,2686.271123
1779071520,2999.833633
1779071520,2997.192651
1779071520,2997.359530
1779071520,4536.294571
1779071520,2680.541495
1779071520,2680.583826
1779071520,2680.828276
1779071520,2680.715195
1779071520,2991.279308
1779071520,2680.839814
1779071520,2680.824861
1779071520,2990.330904
1779071520,2990.277071
1779071520,2681.168267
1779071520,2680.316119
1779071520,2680.489727
1779071520,2681.558066
1779071520,2681.318096
1779071520,2990.909179
1779071520,2990.917541
1779071520,2681.595331
1779071520,2681.108282
1779071520,2682.097059
1779071520,2990.199304
1779071520,2991.412701
1779071520,2990.414914
1779071520,2990.641043
1779071520,2990.157382
1779071520,2990.589526
1779071520,2682.291077
1779071520,2682.388029
1779071520,2990.336893
1779071520,2990.410034
1779071520,2990.078096
1779071520,2990.144432
1779071520,2681.752896
1779071520,2994.101578
1779071520,3611.440618
1779071520,2994.816623
1779071520,2994.913809
1779071520,2686.612693
1779071520,2994.259677
1779071520,2686.899521
1779071520,3612.789406
1779071520,2993.586374
1779071520,2686.723643
1779071520,2685.892893
1779071520,2687.437496
1779071520,2687.011727
1779071520,2994.739080
1779071520,2994.202261
1779071520,2993.735969
1779071520,2993.809868
1779071520,2682.085081
1779071520,2682.182287
1779071520,2682.393169
1779071520,2682.410808
1779071520,2682.473427
1779071520,4227.160167
1779071520,2990.876936
1779071520,2682.404406
1779071520,2682.715801
1779071520,2681.222858
1779071520,2681.439144
1779071520,2681.623379
1779071520,2681.635843
1779071520,3607.218284
1779071520,2681.610531
1779071520,2681.654222
1779071520,2991.873240
1779071520,2682.204885
1779071520,2682.174328
1779071520,2683.498588
1779071520,3299.891196
1779071520,2681.331342
1779071520,2682.214302
1779071520,2990.815026
1779071520,2990.880618
1779071520,2682.873079
1779071520,2682.729011
1779071520,2682.622462
1779071520,2682.589165
1779071520,2681.932127
1779071520,2990.704935
1779071520,2682.400204
1779071520,2991.241543
1779071520,2992.773483
1779071520,2993.557248
1779071520,2993.388908
1779071520,2993.791776
1779071520,3303.642850
1779071520,2994.811284
1779071520,2994.619048
1779071520,3612.458047
1779071520,3303.924911
1779071520,2995.248035
1779071520,2994.576286
1779071520,2994.783563
1779071520,2993.908485
1779071520,2995.502960
1779071520,2994.071158
1779071520,2993.769076
1779071520,2993.927982
1779071520,3299.142183
1779071520,2990.435579
1779071520,2989.353672
1779071520,2990.799938
1779071520,2990.799153
1779071520,2991.047723
1779071520,2990.966320
1779071520,2681.634192
1779071520,2681.547556
1779071520,2681.634827
1779071520,2681.575029
1779071520,2681.736244
1779071520,2682.021676
1779071520,2683.042964
1779071520,2682.143753
1779071520,2681.934037
1779071520,2682.015902
1779071520,2682.532714
1779071520,2681.295210
1779071520,2682.717363
1779071520,2681.447926
1779071520,2681.664917
1779071520,2681.854188
1779071520,3299.866462
1779071520,2991.319160
1779071520,2681.815716
1779071520,2681.812902
1779071520,2990.239132
1779071520,2682.020624
1779071520,2682.043766
1779071520,3298.330904
1779071520,2990.969579
1779071520,2990.964225
1779071520,2992.759582
1779071520,2993.462294
1779071520,2994.120823
1779071520,2993.988737
1779071520,2994.212439
1779071520,2994.179425
1779071520,2994.325987
1779071520,2994.307861
1779071520,2994.396452
1779071520,2686.798879
1779071520,2993.864188
1779071520,3614.193806
1779071520,2995.755224
1779071520,2687.205263
1779071520,2995.577846
1779071520,2993.896732
1779071520,2993.895981
1779071521,3299.850117
1779071521,3299.918991
1779071521,2681.839423
1779071521,2681.862727
1779071521,2681.790069
1779071521,2682.012909
1779071521,3300.102308
1779071521,2989.632620
1779071521,3298.987170
1779071521,2681.031272
1779071521,3299.141745
1779071521,3915.048511
1779071521,2990.379491
1779071521,2989.434371
1779071521,2681.190130
1779071521,2681.664169
1779071521,3300.102063
1779071521,2681.882680
1779071521,2990.883801
1779071521,3299.331961
1779071521,2990.843837
1779071521,2681.937075
1779071521,2681.464005
1779071521,2681.398843
1779071521,2990.637315
1779071521,2681.459914
1779071521,2681.637451
1779071521,2681.803184
1779071521,2991.714269
1779071521,2990.996698
1779071521,3299.154554
1779071521,2990.854431
1779071521,2991.352831
1779071521,2992.742657
1779071521,2993.611250
1779071521,3301.997381
1779071521,3301.995675
1779071521,2994.103578
1779071521,2994.045048
1779071521,2994.250878
1779071521,2994.260160
1779071521,2993.563152
1779071521,2995.614638
1779071521,2993.829771
1779071521,3923.041789
1779071521,3614.209315
1779071521,3302.591259
1779071521,2992.974934
1779071521,3303.242866
1779071521,2994.415833
1779071521,3300.440700
1779071521,2681.118526
1779071521,3608.670268
1779071521,3300.705681
1779071521,3608.653038
1779071521,2681.204452
1779071521,2682.388987
1779071521,2682.783435
1779071521,2682.782375
1779071521,2681.460195
1779071521,2681.459375
1779071521,2681.641008
1779071521,2990.493055
1779071521,2681.824172
1779071521,3299.399272
1779071521,2682.060094
1779071521,3298.773859
1779071521,2682.049198
1779071521,3299.783216
1779071521,2682.220754
1779071521,2990.312181
1779071521,2681.155056
1779071521,2990.448666
1779071521,2990.552162
1779071521,3300.291200
1779071521,2681.570617
1779071521,2991.004910
1779071521,2681.818145
1779071521,2990.942237
1779071521,2682.013957
1779071521,3300.199893
1779071521,2681.785518
1779071521,2682.900428
1779071521,2992.251806
1779071521,2992.390874
1779071521,2993.307461
1779071521,2993.998618
1779071521,2993.946982
1779071521,2994.405496
1779071521,2994.020296
1779071521,2994.158579
1779071521,2995.585613
1779071521,2994.848282
1779071521,2994.003133
1779071521,2995.450699
1779071521,2994.121575
1779071521,2996.205388
1779071521,2688.018780
1779071521,2994.898604
1779071521,2993.405310
1779071521,2681.978465
1779071521,3609.038661
1779071521,2990.489424
1779071521,3609.030563
1779071521,3300.459172
1779071521,2682.147166
1779071521,3607.775787
1779071521,2990.526854
1779071521,2682.450721
1779071521,2989.829814
1779071521,2682.598471
1779071521,2991.166356
1779071521,2681.342921
1779071521,3301.099741
1779071521,2681.840610
1779071521,2681.797796
1779071521,2682.965718
1779071521,2683.356570
1779071521,2681.939894
1779071521,2681.862868
1779071521,2681.027660
1779071521,2682.083963
1779071521,3608.243147
1779071521,2681.400434
1779071521,2681.211880
1779071521,2681.457782
1779071521,2682.380365
1779071521,2990.778345
1779071521,2991.097260
1779071521,2681.696940
1779071521,3300.125703
1779071521,2991.436491
1779071521,2991.807781
1779071521,2992.482587
1779071521,2992.078206
1779071521,2993.416869
1779071521,2684.589543
1779071521,2994.382744
1779071521,2993.938524
1779071521,2994.002029
1779071521,2685.202749
1779071521,2996.064359
1779071521,3302.042121
1779071521,2993.991616
1779071521,2995.500447
1779071521,2994.907310
1779071521,3303.083099
1779071521,2993.329638
1779071521,2994.545047
1779071521,2994.465903
1779071521,2990.625365
1779071521,2991.285059
1779071521,4533.652677
1779071521,3609.626441
1779071521,2991.399805
1779071521,3608.386847
1779071521,4533.853199
1779071521,2681.454596
1779071521,2991.922229
1779071521,2681.696175
1779071521,3299.454650
1779071521,2682.000869
1779071521,2682.198867
1779071521,2682.117489
1779071521,2680.747023
1779071521,2680.909501
1779071521,2680.997461
1779071521,2681.314509
1779071521,2681.110045
1779071521,2682.770367
1779071521,2681.310488
1779071521,2681.505490
1779071521,2991.564838
1779071521,2681.421636
1779071521,3301.183846
1779071521,2681.694516
1779071521,2990.787199
1779071521,2991.061778
1779071521,2991.207379
1779071521,2991.261249
1779071521,2991.300963
1779071521,2682.349749
1779071521,2991.878103
1779071521,2991.533948
1779071521,2991.458099
1779071521,2992.402998
1779071521,2992.918326
1779071521,2993.423182
1779071521,2684.899551
1779071521,2994.429572
1779071521,2994.369630
1779071521,2994.590739
1779071521,2995.960316
1779071521,2996.299267
1779071521,2995.480719
1779071521,2995.155301
1779071521,2994.161991
1779071521,2994.479684
1779071521,2994.575920
1779071521,2993.543240
1779071521,2990.174899
1779071521,2681.497802
1779071521,2991.523353
1779071521,2681.495451
1779071521,2681.712663
1779071521,2990.493543
1779071521,3610.241697
1779071521,4845.836159
1779071521,2682.193199
1779071521,4846.148294
1779071521,3917.932966
1779071521,2682.921022
1779071521,4534.921823
1779071521,3611.457776
1779071521,2681.887479
1779071521,2681.674967
1779071521,2681.907403
1779071521,2681.677703
1779071521,2683.125053
1779071521,3609.439508
1779071521,2990.649494
1779071521,2682.029385
1779071521,2681.834151
1779071521,2682.134307
1779071521,2682.737230
1779071521,2991.137797
1779071521,2682.788495
1779071521,3610.166943
1779071521,2682.557798
1779071521,3300.434586
1779071521,2990.890652
1779071521,2991.366690
1779071521,2991.654528
1779071521,2991.183456
1779071521,2991.507252
1779071521,2992.125320
1779071521,2992.337548
1779071521,2992.382338
1779071521,2684.338719
1779071521,2993.225199
1779071521,2993.477611
1779071521,2995.205405
1779071521,2995.902472
1779071521,2994.660386
1779071521,3302.733957
1779071521,2995.074538
1779071521,2995.877989
1779071521,2994.613646
1779071521,2994.767784
1779071521,2994.531406
1779071521,2990.523907
1779071521,2991.012966
1779071521,2990.885772
1779071521,2990.838650
1779071521,2990.937175
1779071521,2991.103918
1779071521,3918.530957
1779071521,2991.559085
1779071521,3918.334416
1779071521,3300.067309
1779071521,2990.310130
1779071521,3917.088718
1779071521,3608.328595
1779071521,3914.990598
1779071521,4225.457797
1779071521,3917.644338
1779071521,3608.901328
1779071521,3299.373938
1779071521,2990.920950
1779071521,3609.047928
1779071521,3609.160369
1779071521,4534.581877
1779071521,3609.472237
1779071521,2990.133595
1779071521,2990.841940
1779071521,3300.160282
1779071521,3300.504589
1779071521,2990.527309
1779071521,2990.894498
1779071521,3609.038818
1779071521,2991.043331
1779071521,3300.307613
1779071521,2991.255811
1779071521,2990.816794
1779071521,2991.423328
1779071521,3301.002033
1779071521,2991.968476
1779071521,2991.900396
1779071521,3301.656756
1779071521,2993.022464
1779071521,2993.120201
1779071521,2994.650605
1779071521,2994.073919
1779071521,2995.679897
1779071521,2995.284639
1779071521,2996.422122
1779071521,2995.243137
1779071521,2994.806383
1779071521,2994.271691
1779071521,2994.859478
1779071521,3298.252779
1779071521,2989.334762
1779071521,2989.781440
1779071521,3916.835147
1779071521,2990.237450
1779071521,2990.402386
1779071521,3299.454970
1779071521,2990.654305
1779071521,3299.800280
1779071521,2990.941803
1779071521,2990.995954
1779071521,2991.410071
1779071521,3609.072675
1779071521,3917.542341
1779071521,3300.500220
1779071521,3300.454182
1779071521,3300.472535
1779071521,3609.687672
1779071521,2990.786312
1779071521,3609.587872
1779071521,3918.310869
1779071521,3302.388253
1779071521,3610.151231
1779071521,3300.676384
1779071521,2991.300724
1779071521,3918.992804
1779071521,2991.635415
1779071521,2991.579512
1779071521,2991.846926
1779071521,2991.865092
1779071521,2992.090041
1779071521,2992.112228
1779071521,2990.649922
1779071521,2991.334190
1779071521,2991.873204
1779071521,2991.847957
1779071521,2991.532299
1779071521,3300.653156
1779071521,2992.278558
1779071521,2992.803317
1779071521,2992.922159
1779071521,2993.931609
1779071521,2994.750586
1779071521,2994.066548
1779071521,2996.324303
1779071521,2995.833601
1779071521,2994.074521
1779071521,2994.834586
1779071521,2996.242572
1779071521,2994.868606
1779071521,5154.026538
1779071521,2989.571989
1779071521,3918.027318
1779071521,3917.083878
1779071521,2989.815482
1779071521,3298.878828
1779071521,3607.643751
1779071521,2988.813789
1779071521,2988.998226
1779071521,2990.332236
1779071521,2990.626231
1779071521,3299.821715
1779071521,2989.564932
1779071521,3298.473318
1779071521,2989.560808
1779071521,3917.515704
1779071521,3298.600702
1779071521,2990.297007
1779071521,3299.065203
1779071521,2990.197794
1779071521,3298.982754
1779071521,2990.369989
1779071521,3299.275610
1779071521,3918.130561
1779071521,4534.162064
1779071521,3916.793172
1779071521,2989.758031
1779071521,3609.585450
1779071521,2989.865787
1779071521,2990.250353
1779071521,2990.263277
1779071521,2990.150271
1779071521,2990.727048
1779071521,2991.033419
1779071521,2990.874771
1779071521,2991.098957
1779071521,2991.239458
1779071521,3299.912443
1779071521,2990.985765
1779071521,2991.776290
1779071521,2992.189651
1779071521,2992.540064
1779071521,2993.292432
1779071521,2994.526230
1779071521,2994.677638
1779071521,2994.998221
1779071521,2995.119917
1779071521,2994.689550
1779071521,2995.093618
1779071521,2994.466062
