timestamp,duration_ms
1779071874,108.104025
1779071874,105.431488
1779071874,105.527882
1779071874,105.524102
1779071874,105.595964
1779071874,105.734228
1779071874,105.968924
1779071874,105.951149
1779071874,105.918886
1779071874,106.223602
1779071874,106.107860
1779071874,106.056859
1779071874,106.158777
1779071874,106.455106
1779071874,106.778505
1779071874,106.721684
1779071874,106.930646
1779071874,106.938707
1779071874,106.987030
1779071874,106.850303
1779071874,107.053864
1779071874,107.111288
1779071874,106.963934
1779071874,107.573610
1779071874,107.462946
1779071874,107.308987
1779071874,107.453737
1779071874,107.438488
1779071874,107.250463
1779071874,107.998778
1779071874,107.759853
1779071874,108.444963
1779071874,107.672083
1779071874,107.870059
1779071874,108.758232
1779071874,108.212370
1779071874,108.270389
1779071874,108.878377
1779071874,108.423300
1779071874,109.189605
1779071874,109.573823
1779071874,109.722825
1779071874,109.530499
1779071874,109.910010
1779071874,110.209609
1779071874,110.406316
1779071874,111.223863
1779071874,111.364811
1779071874,111.182415
1779071874,110.922696
1779071874,211.547975
1779071874,213.572585
1779071874,214.043785
1779071874,214.850855
1779071874,212.439126
1779071874,212.855583
1779071874,208.825941
1779071874,211.864318
1779071874,215.268439
1779071874,214.350555
1779071874,196.851035
1779071874,202.433693
1779071874,205.700573
1779071874,197.572941
1779071874,214.740365
1779071874,215.418772
1779071874,214.858472
1779071874,215.797397
1779071874,212.891901
1779071874,215.944853
1779071874,215.090723
1779071874,213.193174
1779071874,202.434860
1779071874,217.085501
1779071874,213.978665
1779071874,207.151420
1779071874,215.570530
1779071874,216.837100
1779071874,216.965140
1779071874,216.590463
1779071874,213.203384
1779071874,218.846752
1779071874,216.063997
1779071874,213.997248
1779071874,212.480339
1779071874,215.924798
1779071874,217.866802
1779071874,213.430623
1779071874,217.555768
1779071874,217.320387
1779071874,216.164713
1779071874,214.171227
1779071874,214.655952
1779071874,214.202549
1779071874,214.013424
1779071874,219.928251
1779071874,216.838722
1779071874,214.025683
1779071874,213.932599
1779071874,197.804679
1779071874,303.751757
1779071874,304.134148
1779071874,292.286764
1779071874,289.791366
1779071874,302.979684
1779071874,289.099492
1779071874,305.312728
1779071874,302.198749
1779071874,307.573812
1779071874,295.451565
1779071874,298.841455
1779071874,289.347951
1779071874,290.101326
1779071874,290.279285
1779071874,306.294988
1779071874,306.434519
1779071874,299.833246
1779071874,304.799215
1779071874,301.067161
1779071874,307.522401
1779071874,300.439736
1779071874,307.898468
1779071874,308.396955
1779071874,311.500841
1779071874,290.975505
1779071874,302.274490
1779071874,293.125946
1779071874,294.022413
1779071874,308.328302
1779071874,315.468178
1779071874,309.323214
1779071874,301.751261
1779071874,312.182994
1779071874,312.115819
1779071874,313.273560
1779071874,292.592133
1779071874,306.599689
1779071874,308.099766
1779071874,309.987646
1779071874,310.270747
1779071874,314.353679
1779071874,294.188514
1779071874,311.647179
1779071874,315.777400
1779071874,314.738046
1779071874,315.234945
1779071874,313.571385
1779071874,317.428415
1779071874,314.639204
1779071874,318.471235
1779071874,405.303839
1779071874,408.225676
1779071874,410.077605
1779071874,407.697463
1779071874,408.077548
1779071874,407.581015
1779071874,408.157068
1779071874,407.822974
1779071874,408.155689
1779071874,405.547684
1779071874,410.771908
1779071874,409.291270
1779071874,409.286859
1779071874,412.273822
1779071874,409.413560
1779071874,406.916125
1779071874,408.744404
1779071874,412.299614
1779071874,409.006688
1779071874,410.494027
1779071874,398.895198
1779071874,408.971407
1779071874,410.289406
1779071874,413.963224
1779071874,413.491436
1779071874,414.386157
1779071874,410.402131
1779071874,400.362646
1779071874,414.791144
1779071874,413.585523
1779071874,399.588358
1779071874,414.443078
1779071874,415.513742
1779071874,413.919387
1779071874,414.340247
1779071874,412.274224
1779071874,414.887048
1779071874,416.389240
1779071874,415.507489
1779071874,419.994270
1779071874,413.825521
1779071874,403.488012
1779071874,414.303116
1779071874,415.083368
1779071874,417.750012
1779071874,415.549890
1779071874,415.498873
1779071874,419.875158
1779071874,418.528653
1779071874,417.426278
1779071874,514.109080
1779071874,510.787950
1779071874,515.620053
1779071874,515.877475
1779071874,496.966153
1779071874,516.294363
1779071874,516.053927
1779071874,512.780775
1779071874,516.171030
1779071874,516.535251
1779071874,516.655464
1779071874,517.008236
1779071874,513.682697
1779071874,511.217602
1779071874,498.621578
1779071874,523.495107
1779071874,515.754758
1779071874,511.010472
1779071874,517.944893
1779071874,516.891090
1779071874,517.947940
1779071874,514.691116
1779071874,516.390659
1779071874,515.492197
1779071874,515.347155
1779071874,517.568169
1779071874,515.755711
1779071874,515.884076
1779071874,517.818638
1779071874,508.002002
1779071874,518.077423
1779071874,514.115357
1779071874,518.698724
1779071874,509.369329
1779071874,516.983968
1779071874,504.758503
1779071874,499.939412
1779071874,520.977769
1779071874,508.749138
1779071874,505.641894
1779071874,511.571302
1779071874,518.535869
1779071874,511.424786
1779071874,514.683106
1779071874,529.808978
1779071874,524.185620
1779071874,524.753319
1779071874,525.971985
1779071874,509.605816
1779071874,522.438263
1779071874,609.826081
1779071874,608.646638
1779071874,614.371151
1779071874,598.438203
1779071874,600.063476
1779071874,596.964437
1779071874,614.201916
1779071874,612.373432
1779071874,616.131025
1779071874,614.514650
1779071874,613.643646
1779071874,617.159492
1779071874,616.166563
1779071874,614.613176
1779071874,608.351290
1779071874,618.230721
1779071874,614.241420
1779071874,615.837769
1779071874,614.486481
1779071874,614.893780
1779071874,609.314119
1779071874,618.049589
1779071874,613.155618
1779071874,617.239684
1779071874,618.609530
1779071874,615.621667
1779071874,602.891896
1779071874,618.062263
1779071874,599.725970
1779071874,616.459077
1779071874,602.233241
1779071874,620.582271
1779071874,618.198242
1779071874,620.152969
1779071874,617.607390
1779071874,613.899942
1779071874,617.868924
1779071874,605.800056
1779071874,605.950771
1779071874,617.051800
1779071874,624.126152
1779071874,617.694750
1779071874,631.459539
1779071874,620.985748
1779071874,614.661810
1779071874,611.859704
1779071874,609.502538
1779071874,617.679541
1779071874,613.412689
1779071874,619.597006
1779071874,704.723034
1779071874,699.873183
1779071874,708.099703
1779071874,705.330088
1779071874,712.922509
1779071874,723.400442
1779071874,717.542146
1779071874,713.459737
1779071874,710.191342
1779071874,715.225993
1779071874,713.919084
1779071874,704.260981
1779071874,705.998232
1779071874,708.929151
1779071874,705.013044
1779071874,711.015542
1779071874,720.650883
1779071874,719.973327
1779071874,711.992014
1779071874,715.248128
1779071874,717.703505
1779071874,711.636512
1779071874,711.350809
1779071874,707.832606
1779071874,710.925485
1779071874,726.097049
1779071874,725.963467
1779071874,719.269337
1779071874,719.732944
1779071874,705.911692
1779071874,708.805258
1779071874,721.222755
1779071874,716.760630
1779071874,720.751042
1779071874,714.408229
1779071874,726.847416
1779071874,705.008301
1779071874,720.152010
1779071874,727.612210
1779071874,708.879265
1779071874,725.969927
1779071874,710.813195
1779071874,721.791004
1779071874,726.409421
1779071874,720.159997
1779071874,720.780918
1779071874,712.197192
1779071874,728.548506
1779071874,711.837595
1779071874,725.421769
1779071874,815.362243
1779071874,807.518941
1779071874,801.214152
1779071874,823.379590
1779071874,815.483575
1779071874,807.191928
1779071874,801.689061
1779071874,812.435304
1779071874,802.768884
1779071874,805.169311
1779071874,809.108192
1779071874,812.860854
1779071874,815.093770
1779071874,812.063276
1779071874,812.484010
1779071874,806.369705
1779071874,809.760908
1779071874,807.469176
1779071874,813.801228
1779071874,809.900226
1779071874,814.713953
1779071874,810.057586
1779071874,813.115448
1779071874,814.257826
1779071874,810.929970
1779071874,815.043284
1779071874,815.181151
1779071874,822.510461
1779071874,809.071655
1779071874,819.083089
1779071874,814.833033
1779071874,812.250460
1779071874,826.718650
1779071874,820.474658
1779071874,815.672433
1779071874,813.105025
1779071874,806.805030
1779071874,824.227959
1779071874,816.305793
1779071874,810.224347
1779071874,823.400348
1779071874,828.227826
1779071874,832.085247
1779071874,828.290701
1779071874,812.524276
1779071874,817.483314
1779071874,820.599878
1779071874,817.712361
1779071874,814.987439
1779071874,838.680982
1779071874,919.069101
1779071874,919.903175
1779071874,914.823317
1779071874,904.747870
1779071874,923.760695
1779071874,908.286968
1779071874,920.953493
1779071874,924.047299
1779071874,911.277024
1779071874,928.248383
1779071874,919.705798
1779071874,914.276315
1779071874,918.478268
1779071874,915.467182
1779071874,916.837600
1779071874,909.405342
1779071874,916.431867
1779071874,906.822010
1779071874,909.661671
1779071874,919.842207
1779071874,910.115599
1779071874,906.170010
1779071874,916.282318
1779071874,912.791569
1779071874,908.374506
1779071874,924.082490
1779071874,918.854426
1779071874,917.979117
1779071874,922.066807
1779071874,913.632277
1779071874,922.620992
1779071874,922.247030
1779071874,923.013514
1779071874,919.030511
1779071874,918.370089
1779071874,912.002430
1779071874,915.644436
1779071874,910.103966
1779071874,920.371885
1779071874,924.904328
1779071874,920.085893
1779071874,918.416851
1779071874,926.950581
1779071874,917.408059
1779071874,932.951857
1779071874,920.817460
1779071874,934.949541
1779071874,940.817283
1779071874,926.582968
1779071874,932.450500
1779071875,1011.223466
1779071875,1012.488781
1779071875,1016.024529
1779071875,1010.531380
1779071875,1011.156764
1779071875,1019.349072
1779071875,1011.319047
1779071875,1031.788835
1779071875,1005.825615
1779071875,1031.477459
1779071875,1013.749263
1779071875,1022.950181
1779071875,1018.609488
1779071875,1018.810865
1779071875,1016.354882
1779071875,1014.201396
1779071875,1013.495761
1779071875,1018.600083
1779071875,1013.124132
1779071875,1021.927240
1779071875,1008.884402
1779071875,1020.286255
1779071875,1019.079415
1779071875,1020.585495
1779071875,1016.955333
1779071875,1018.877717
1779071875,1027.476122
1779071875,1013.179038
1779071875,1033.840433
1779071875,1011.628499
1779071875,1016.884383
1779071875,1017.511932
1779071875,1020.467702
1779071875,1014.902259
1779071875,1027.166170
1779071875,1024.330332
1779071875,1018.255131
1779071875,1027.182693
1779071875,1015.867800
1779071875,1026.491117
1779071875,1023.480238
1779071875,1026.136390
1779071875,1039.179609
1779071875,1033.836244
1779071875,1026.792999
1779071875,1026.816083
1779071875,1030.860203
1779071875,1031.694429
1779071875,1026.816413
1779071875,1032.143437
1779071875,1118.378657
1779071875,1122.952815
1779071875,1123.058612
1779071875,1123.774540
1779071875,1119.917545
1779071875,1119.029574
1779071875,1125.173167
1779071875,1126.874722
1779071875,1114.221589
1779071875,1114.630384
1779071875,1120.080572
1779071875,1125.008114
1779071875,1112.698786
1779071875,1133.608491
1779071875,1129.481158
1779071875,1129.516844
1779071875,1120.213053
1779071875,1125.770973
1779071875,1135.596132
1779071875,1126.319751
1779071875,1116.462612
1779071875,1111.775489
1779071875,1115.994743
1779071875,1118.662644
1779071875,1123.013111
1779071875,1126.559263
1779071875,1136.696068
1779071875,1119.616244
1779071875,1117.240208
1779071875,1122.839611
1779071875,1130.928077
1779071875,1128.488484
1779071875,1129.521399
1779071875,1130.088678
1779071875,1128.651984
1779071875,1115.779627
1779071875,1125.060856
1779071875,1127.740079
1779071875,1116.383331
1779071875,1133.691059
1779071875,1127.911453
1779071875,1138.878533
1779071875,1141.100169
1779071875,1132.057945
1779071875,1134.102578
1779071875,1136.173407
1779071875,1140.679331
1779071875,1133.360103
1779071875,1141.780087
1779071875,1140.198750
1779071875,1217.493706
1779071875,1213.434320
1779071875,1218.008252
1779071875,1218.249902
1779071875,1223.010421
1779071875,1229.514256
1779071875,1221.881627
1779071875,1213.787345
1779071875,1223.016044
1779071875,1228.419745
1779071875,1223.173963
1779071875,1224.230824
1779071875,1222.762404
1779071875,1227.865423
1779071875,1231.663582
1779071875,1227.992410
1779071875,1229.784523
1779071875,1224.524817
1779071875,1220.089615
1779071875,1217.726920
1779071875,1224.450239
1779071875,1215.777777
1779071875,1215.160844
1779071875,1222.948014
1779071875,1226.308621
1779071875,1225.989429
1779071875,1230.307502
1779071875,1230.502020
1779071875,1226.247411
1779071875,1219.130362
1779071875,1231.332189
1779071875,1231.174286
1779071875,1217.628393
1779071875,1225.909638
1779071875,1230.951130
1779071875,1221.487347
1779071875,1232.203513
1779071875,1221.319689
1779071875,1220.627217
1779071875,1232.747225
1779071875,1239.623361
1779071875,1243.994492
1779071875,1250.462064
1779071875,1232.426297
1779071875,1230.689237
1779071875,1229.760609
1779071875,1235.836598
1779071875,1230.238647
1779071875,1241.441219
1779071875,1240.699874
1779071875,1317.478311
1779071875,1324.518531
1779071875,1329.497037
1779071875,1320.245794
1779071875,1328.782145
1779071875,1331.170419
1779071875,1328.191631
1779071875,1328.819018
1779071875,1330.367399
1779071875,1316.068113
1779071875,1331.487529
1779071875,1334.327727
1779071875,1317.121737
1779071875,1325.381256
1779071875,1321.835464
1779071875,1327.076003
1779071875,1317.488531
1779071875,1327.555537
1779071875,1319.790766
1779071875,1320.398774
1779071875,1323.332209
1779071875,1329.977127
1779071875,1328.583882
1779071875,1325.521428
1779071875,1326.111846
1779071875,1328.724706
1779071875,1324.011985
1779071875,1325.207643
1779071875,1332.034602
1779071875,1322.704141
1779071875,1336.032003
1779071875,1326.395029
1779071875,1330.954124
1779071875,1336.254082
1779071875,1347.407834
1779071875,1327.335287
1779071875,1331.155580
1779071875,1329.586848
1779071875,1349.932545
1779071875,1331.181987
1779071875,1333.987632
1779071875,1333.620948
1779071875,1339.719026
1779071875,1342.981848
1779071875,1338.370860
1779071875,1344.718129
1779071875,1343.802999
1779071875,1343.227822
1779071875,1335.079158
1779071875,1343.446465
1779071875,1432.076165
1779071875,1421.772489
1779071875,1430.693421
1779071875,1422.261980
1779071875,1432.598121
1779071875,1428.909397
1779071875,1418.970394
1779071875,1419.970312
1779071875,1425.442318
1779071875,1433.385959
1779071875,1434.064002
1779071875,1429.649541
1779071875,1432.423321
1779071875,1423.686260
1779071875,1425.759724
1779071875,1437.398961
1779071875,1426.147940
1779071875,1430.683620
1779071875,1435.535603
1779071875,1438.440619
1779071875,1424.818308
1779071875,1432.279530
1779071875,1432.890699
1779071875,1422.861755
1779071875,1428.045653
1779071875,1424.286085
1779071875,1425.830015
1779071875,1433.577142
1779071875,1433.223470
1779071875,1433.846003
1779071875,1425.901443
1779071875,1425.295668
1779071875,1437.747965
1779071875,1435.455647
1779071875,1450.478538
1779071875,1433.207384
1779071875,1437.338607
1779071875,1446.096614
1779071875,1441.735716
1779071875,1430.420365
1779071875,1443.486212
1779071875,1447.177667
1779071875,1433.325267
1779071875,1442.527772
1779071875,1437.959179
1779071875,1437.933010
1779071875,1445.909545
1779071875,1456.964044
1779071875,1439.460239
1779071875,1450.542809
1779071875,1535.678962
1779071875,1544.176575
1779071875,1543.865149
1779071875,1543.406248
1779071875,1538.392110
1779071875,1531.044158
1779071875,1529.531127
1779071875,1531.593465
1779071875,1535.699039
1779071875,1530.860945
1779071875,1522.570059
1779071875,1536.350609
1779071875,1539.645583
1779071875,1536.139293
1779071875,1540.664997
1779071875,1532.307404
1779071875,1536.484202
1779071875,1528.121797
1779071875,1534.493199
1779071875,1523.139011
1779071875,1533.017444
1779071875,1525.253409
1779071875,1530.644570
1779071875,1526.220285
1779071875,1531.320506
1779071875,1534.900501
1779071875,1531.521118
1779071875,1541.143563
1779071875,1532.715305
1779071875,1532.924230
1779071875,1528.546264
1779071875,1541.685826
1779071875,1546.003454
1779071875,1543.035736
1779071875,1552.675927
1779071875,1535.819381
1779071875,1536.211510
1779071875,1531.892188
1779071875,1534.944004
1779071875,1546.306109
1779071875,1548.522411
1779071875,1541.639051
1779071875,1550.045432
1779071875,1544.175306
1779071875,1552.687701
1779071875,1545.430182
1779071875,1552.744115
1779071875,1546.273944
1779071875,1554.318114
1779071875,1552.471115
1779071875,1640.273140
1779071875,1633.211916
1779071875,1629.573010
1779071875,1629.524939
1779071875,1640.434130
1779071875,1638.248428
1779071875,1638.259059
1779071875,1636.401486
1779071875,1641.036705
1779071875,1638.901062
1779071875,1633.445460
1779071875,1625.814064
1779071875,1627.986761
1779071875,1635.171495
1779071875,1640.774159
1779071875,1627.385722
1779071875,1648.882334
1779071875,1630.103350
1779071875,1650.527287
1779071875,1640.477443
1779071875,1640.348269
1779071875,1638.105781
1779071875,1629.154018
1779071875,1640.082643
1779071875,1627.920709
1779071875,1637.902025
1779071875,1634.171718
1779071875,1638.758285
1779071875,1632.281220
1779071875,1635.675821
1779071875,1640.705826
1779071875,1634.336924
1779071875,1645.046516
1779071875,1638.036495
1779071875,1647.291196
1779071875,1638.947940
1779071875,1650.994558
1779071875,1640.637587
1779071875,1649.330873
1779071875,1648.207321
1779071875,1647.260694
1779071875,1650.718119
1779071875,1638.309070
1779071875,1662.015737
1779071875,1647.669645
1779071875,1647.875477
1779071875,1656.196307
1779071875,1651.947553
1779071875,1646.573532
1779071875,1648.824497
1779071875,1740.072541
1779071875,1749.830272
1779071875,1732.063940
1779071875,1725.890741
1779071875,1725.980872
1779071875,1743.739302
1779071875,1726.934665
1779071875,1739.461067
1779071875,1749.552010
1779071875,1739.931951
1779071875,1737.220814
1779071875,1729.531694
1779071875,1741.804773
1779071875,1736.779705
1779071875,1734.823028
1779071875,1741.030591
1779071875,1731.692575
1779071875,1744.351392
1779071875,1732.167398
1779071875,1735.165121
1779071875,1729.452176
1779071875,1733.274772
1779071875,1734.032029
1779071875,1740.354744
1779071875,1748.509930
1779071875,1734.396703
1779071875,1739.486282
1779071875,1740.526239
1779071875,1743.230190
1779071875,1742.814822
1779071875,1741.627732
1779071875,1733.553627
1779071875,1746.360771
1779071875,1746.759594
1779071875,1749.772699
1779071875,1749.432393
1779071875,1741.718048
1779071875,1747.394923
1779071875,1738.220639
1779071875,1741.728457
1779071875,1745.126335
1779071875,1749.993271
1779071875,1745.137553
1779071875,1765.438479
1779071875,1741.710687
1779071875,1747.004567
1779071875,1755.234456
1779071875,1751.872779
1779071875,1768.604530
1779071875,1761.354091
1779071875,1828.018480
1779071875,1851.989756
1779071875,1829.431146
1779071875,1826.555456
1779071875,1841.867490
1779071875,1828.909864
1779071875,1834.230391
1779071875,1832.922045
1779071875,1838.983039
1779071875,1829.748747
1779071875,1844.320670
1779071875,1833.278377
1779071875,1833.962308
1779071875,1830.727521
1779071875,1843.801474
1779071875,1831.939533
1779071875,1835.222577
1779071875,1844.460360
1779071875,1833.034804
1779071875,1846.413261
1779071875,1839.007911
1779071875,1841.428097
1779071875,1842.247666
1779071875,1842.332171
1779071875,1847.448608
1779071875,1842.872734
1779071875,1848.673887
1779071875,1847.175696
1779071875,1848.774957
1779071875,1848.548347
1779071875,1841.542711
1779071875,1842.197944
1779071875,1840.819163
1779071875,1835.934704
1779071875,1846.273872
1779071875,1844.274712
1779071875,1842.994321
1779071875,1857.088225
1779071875,1853.394122
1779071875,1850.881125
1779071875,1856.676407
1779071875,1858.843525
1779071875,1845.868941
1779071875,1850.755600
1779071875,1857.902980
1779071875,1858.822622
1779071875,1850.078591
1779071875,1857.707853
1779071875,1857.636830
1779071875,1852.245606
1779071875,1940.212148
1779071875,1941.549118
1779071875,1946.017266
1779071875,1949.390001
1779071875,1945.429585
1779071875,1944.715401
1779071875,1940.916710
1779071875,1945.579771
1779071875,1937.993040
1779071875,1945.920890
1779071875,1941.056258
1779071875,1938.540944
1779071875,1936.899956
1779071875,1942.437915
1779071875,1946.817518
1779071875,1931.341703
1779071875,1947.849270
1779071875,1943.778351
1779071875,1944.990755
1779071875,1943.946216
1779071875,1934.335761
1779071875,1936.221619
1779071875,1946.494127
1779071875,1938.287299
1779071875,1948.967043
1779071875,1949.892349
1779071875,1942.232245
1779071875,1945.362849
1779071875,1947.787155
1779071875,1951.644453
1779071875,1953.489556
1779071875,1952.050414
1779071875,1953.244319
1779071875,1949.328340
1779071875,1945.019469
1779071875,1943.857643
1779071875,1944.763247
1779071875,1955.382144
1779071875,1947.850585
1779071875,1960.373245
1779071875,1958.444239
1779071875,1957.247842
1779071875,1961.840056
1779071875,1949.575268
1779071875,1957.923693
1779071875,1957.677756
1779071875,1960.630191
1779071875,1956.343704
1779071875,1965.026271
1779071875,1952.891837
1779071876,2037.432013
1779071876,2044.811162
1779071876,2040.294561
1779071876,2045.079468
1779071876,2047.196120
1779071876,2049.422592
1779071876,2048.308892
1779071876,2039.053040
1779071876,2037.543247
1779071876,2058.288804
1779071876,2045.102901
1779071876,2058.872199
1779071876,2038.907930
1779071876,2049.122729
1779071876,2036.392349
1779071876,2037.156065
1779071876,2051.176952
1779071876,2051.486600
1779071876,2040.061212
1779071876,2042.921645
1779071876,2051.535474
1779071876,2043.894834
1779071876,2042.856274
1779071876,2048.765789
1779071876,2053.493376
1779071876,2052.715881
1779071876,2044.596788
1779071876,2044.941729
1779071876,2045.782079
1779071876,2063.826105
1779071876,2058.562917
1779071876,2065.082873
1779071876,2050.170546
1779071876,2041.806350
1779071876,2048.348116
1779071876,2067.004212
1779071876,2048.783329
1779071876,2048.259493
1779071876,2054.428109
1779071876,2055.044102
1779071876,2047.796557
1779071876,2073.169827
1779071876,2050.378394
1779071876,2064.454732
1779071876,2063.485665
1779071876,2054.436786
1779071876,2060.851468
1779071876,2052.981372
1779071876,2067.893894
1779071876,2054.329207
1779071876,2145.528209
1779071876,2137.945715
1779071876,2137.021747
1779071876,2138.216949
1779071876,2143.960939
1779071876,2147.376472
1779071876,2143.522316
1779071876,2151.352924
1779071876,2143.037150
1779071876,2145.555229
1779071876,2143.421682
1779071876,2146.526633
1779071876,2151.333163
1779071876,2148.070977
1779071876,2142.313450
1779071876,2142.222258
1779071876,2156.553361
1779071876,2150.226434
1779071876,2143.699075
1779071876,2153.721591
1779071876,2152.429626
1779071876,2149.580315
1779071876,2164.687858
1779071876,2143.941981
1779071876,2141.132619
1779071876,2151.398466
1779071876,2149.023223
1779071876,2153.878489
1779071876,2166.489516
1779071876,2145.390236
1779071876,2156.573429
1779071876,2158.103004
1779071876,2144.303140
1779071876,2153.920661
1779071876,2154.180337
1779071876,2149.811744
1779071876,2154.918420
1779071876,2163.302685
1779071876,2171.918020
1779071876,2162.898717
1779071876,2158.987242
1779071876,2159.533935
1779071876,2165.493272
1779071876,2166.864465
1779071876,2165.833464
1779071876,2164.810074
1779071876,2166.210926
1779071876,2170.616375
1779071876,2167.548462
1779071876,2170.786806
1779071876,2248.078190
1779071876,2252.501511
1779071876,2264.005864
1779071876,2246.583531
1779071876,2240.207391
1779071876,2257.487389
1779071876,2240.341345
1779071876,2253.926001
1779071876,2250.511864
1779071876,2245.177167
1779071876,2255.296956
1779071876,2254.021011
1779071876,2250.982722
1779071876,2253.563488
1779071876,2245.634398
1779071876,2264.820161
1779071876,2252.043238
1779071876,2245.003821
1779071876,2256.706224
1779071876,2256.263600
1779071876,2266.217196
1779071876,2243.514213
1779071876,2260.298057
1779071876,2254.714575
1779071876,2267.825235
1779071876,2255.703766
1779071876,2253.665798
1779071876,2268.017108
1779071876,2255.015319
1779071876,2245.620450
1779071876,2247.098774
1779071876,2270.791927
1779071876,2246.423753
1779071876,2264.912307
1779071876,2248.329668
1779071876,2257.109779
1779071876,2257.138300
1779071876,2267.839875
1779071876,2274.029891
1779071876,2264.824381
1779071876,2266.190910
1779071876,2253.068597
1779071876,2260.244446
1779071876,2261.175970
1779071876,2268.173565
1779071876,2278.381811
1779071876,2254.822417
1779071876,2265.672166
1779071876,2269.380946
1779071876,2260.971448
1779071876,2359.581410
1779071876,2355.320239
1779071876,2360.423751
1779071876,2345.660413
1779071876,2348.899802
1779071876,2353.605607
1779071876,2342.832744
1779071876,2360.880175
1779071876,2348.424851
1779071876,2343.978277
1779071876,2365.181816
1779071876,2349.419052
1779071876,2352.500605
1779071876,2342.946853
1779071876,2347.091392
1779071876,2361.688007
1779071876,2359.305409
1779071876,2352.139031
1779071876,2354.668367
1779071876,2358.960970
1779071876,2345.322042
1779071876,2344.840532
1779071876,2358.475093
1779071876,2346.699329
1779071876,2357.659158
1779071876,2356.600074
1779071876,2349.575895
1779071876,2350.610498
1779071876,2351.208615
1779071876,2363.319082
1779071876,2358.888532
1779071876,2363.433817
1779071876,2362.234187
1779071876,2349.546670
1779071876,2351.811607
1779071876,2360.604524
1779071876,2355.125764
1779071876,2376.752500
1779071876,2356.154283
1779071876,2362.696912
1779071876,2362.264816
1779071876,2361.936751
1779071876,2369.748776
1779071876,2362.419793
1779071876,2356.972032
1779071876,2358.445263
1779071876,2372.285418
1779071876,2362.142568
1779071876,2375.339858
1779071876,2374.101836
1779071876,2439.545346
1779071876,2454.065639
1779071876,2452.642916
1779071876,2452.355658
1779071876,2455.844230
1779071876,2446.054702
1779071876,2455.756043
1779071876,2441.327916
1779071876,2460.839157
1779071876,2453.038212
1779071876,2459.138980
1779071876,2459.634534
1779071876,2460.748244
1779071876,2470.093100
1779071876,2470.144269
1779071876,2456.196854
1779071876,2470.551810
1779071876,2448.963930
1779071876,2453.216824
1779071876,2462.476439
1779071876,2457.572898
1779071876,2462.573167
1779071876,2460.438546
1779071876,2449.551789
1779071876,2452.351100
1779071876,2464.287361
1779071876,2451.866029
1779071876,2459.620358
1779071876,2455.924962
1779071876,2451.047245
1779071876,2455.548766
1779071876,2456.322651
1779071876,2469.893189
1779071876,2461.818291
1779071876,2459.108985
1779071876,2465.965829
1779071876,2466.600982
1779071876,2458.030899
1779071876,2480.514509
1779071876,2469.797566
1779071876,2470.653781
1779071876,2462.203679
1779071876,2473.741677
1779071876,2474.138294
1779071876,2470.928133
1779071876,2470.458324
1779071876,2472.836290
1779071876,2465.583077
1779071876,2467.141795
1779071876,2470.004957
1779071876,2557.701599
1779071876,2561.546607
1779071876,2553.324287
1779071876,2550.654505
1779071876,2543.894804
1779071876,2549.644366
1779071876,2563.703663
1779071876,2566.320640
1779071876,2544.316949
1779071876,2555.448173
1779071876,2554.024654
1779071876,2566.851709
1779071876,2564.654120
1779071876,2561.648737
1779071876,2559.249419
1779071876,2552.104467
1779071876,2556.397079
1779071876,2560.583354
1779071876,2560.014944
1779071876,2564.906845
1779071876,2556.289028
1779071876,2557.516836
1779071876,2568.612783
1779071876,2546.769390
1779071876,2555.923387
1779071876,2554.538956
1779071876,2554.664680
1779071876,2555.995218
1779071876,2562.442885
1779071876,2576.504370
1779071876,2577.576342
1779071876,2568.446685
1779071876,2565.820135
1779071876,2565.050849
1779071876,2569.154241
1779071876,2566.255791
1779071876,2559.559320
1779071876,2565.394739
1779071876,2572.449772
1779071876,2571.656915
1779071876,2575.637290
1779071876,2570.119247
1779071876,2568.715989
1779071876,2565.318713
1779071876,2577.169195
1779071876,2567.197406
1779071876,2572.535709
1779071876,2581.329609
1779071876,2581.567521
1779071876,2570.600454
1779071876,2674.194886
1779071876,2656.409525
1779071876,2661.970976
1779071876,2657.794019
1779071876,2646.906751
1779071876,2661.497263
1779071876,2647.456588
1779071876,2647.610713
1779071876,2659.237451
1779071876,2647.903240
1779071876,2648.118677
1779071876,2663.801589
1779071876,2660.447339
1779071876,2648.440056
1779071876,2660.694847
1779071876,2648.008424
1779071876,2663.402151
1779071876,2661.185575
1779071876,2650.308037
1779071876,2654.099180
1779071876,2649.495169
1779071876,2650.421648
1779071876,2650.231040
1779071876,2662.581437
1779071876,2663.044910
1779071876,2651.455252
1779071876,2651.319265
1779071876,2665.924808
1779071876,2664.382431
1779071876,2652.533149
1779071876,2663.838554
1779071876,2653.033641
1779071876,2665.562296
1779071876,2666.316572
1779071876,2653.545295
1779071876,2666.669592
1779071876,2666.973534
1779071876,2656.895122
1779071876,2657.676442
1779071876,2669.302061
1779071876,2658.452398
1779071876,2670.654114
1779071876,2672.071169
1779071876,2660.765481
1779071876,2661.212091
1779071876,2660.641731
1779071876,2672.868902
1779071876,2661.628151
1779071876,2678.231777
1779071876,2680.030234
1779071876,2762.608291
1779071876,2754.631716
1779071876,2760.940421
1779071876,2761.059225
1779071876,2761.202627
1779071876,2749.538375
1779071876,2762.051907
1779071876,2763.186147
1779071876,2765.397506
1779071876,2761.957214
1779071876,2762.139355
1779071876,2762.837534
1779071876,2751.486687
1779071876,2765.515184
1779071876,2762.868608
1779071876,2763.283978
1779071876,2763.519696
1779071876,2764.206478
1779071876,2767.540599
1779071876,2764.348549
1779071876,2752.642402
1779071876,2752.434196
1779071876,2764.536093
1779071876,2765.659527
1779071876,2765.672729
1779071876,2753.571215
1779071876,2754.100192
1779071876,2754.806917
1779071876,2754.667693
1779071876,2754.792194
1779071876,2755.733024
1779071876,2755.910266
1779071876,2756.503370
1779071876,2756.636838
1779071876,2757.060349
1779071876,2769.484769
1779071876,2757.340448
1779071876,2770.524940
1779071876,2772.666026
1779071876,2760.756980
1779071876,2772.968471
1779071876,2773.811429
1779071876,2775.221897
1779071876,2763.320730
1779071876,2775.756248
1779071876,2764.073506
1779071876,2775.945032
1779071876,2764.602083
1779071876,2780.710698
1779071876,2771.599157
1779071876,2866.190633
1779071876,2863.070367
1779071876,2852.556432
1779071876,2852.146650
1779071876,2871.038942
1779071876,2870.575080
1779071876,2852.785810
1779071876,2881.176358
1779071876,2867.727388
1779071876,2864.401954
1779071876,2865.303590
1779071876,2853.925447
1779071876,2853.124416
1779071876,2854.101903
1779071876,2864.905064
1779071876,2663.644807
1779071876,2854.152006
1779071876,2854.867320
1779071876,2664.273538
1779071876,2866.573768
1779071876,2866.199814
1779071876,2664.940719
1779071876,2855.520336
1779071876,2868.552086
1779071876,2874.177118
1779071876,2868.493549
1779071876,2868.021067
1779071876,2868.523977
1779071876,2856.525794
1779071876,2666.037061
1779071876,2871.949966
1779071876,2858.482719
1779071876,2858.424684
1779071876,2870.290070
1779071876,2871.007801
1779071876,2859.620446
1779071876,2860.225065
1779071876,2873.934346
1779071876,2874.241366
1779071876,2862.958743
1779071876,2877.389685
1779071876,2864.279273
1779071876,2864.461455
1779071876,2866.977959
1779071876,2878.872846
1779071876,2878.013773
1779071876,2867.278636
1779071876,2878.290639
1779071876,2870.252386
1779071876,2888.725229
1779071876,2663.508556
1779071876,2970.029238
1779071876,2966.007767
1779071876,2966.844359
1779071876,2966.458642
1779071876,2955.282697
1779071876,2955.292677
1779071876,2663.384106
1779071876,2955.159921
1779071876,2967.644249
1779071876,2967.656436
1779071876,2955.342856
1779071876,2663.935825
1779071876,2966.544166
1779071876,2968.143244
1779071876,2968.050865
1779071876,2664.514099
1779071876,2968.510555
1779071876,2956.485957
1779071876,2665.276196
1779071876,2969.402695
1779071876,2957.617881
1779071876,2969.843936
1779071876,2970.140020
1779071876,2970.788949
1779071876,2958.449383
1779071876,2958.899887
1779071876,2971.529318
1779071876,2971.307326
1779071876,2970.723125
1779071876,2972.387459
1779071876,2972.008201
1779071876,2972.641944
1779071876,2973.822643
1779071876,2962.149697
1779071876,2974.248818
1779071876,2977.141384
1779071876,2976.502868
1779071876,2965.097623
1779071876,2964.896832
1779071876,2672.220673
1779071876,2979.434152
1779071876,2979.295925
1779071876,2980.434834
1779071876,2980.289041
1779071876,2981.035984
1779071876,2676.066623
1779071876,2969.661343
1779071876,2973.192766
1779071876,2990.004462
1779071877,3057.211910
1779071877,3069.124244
1779071877,3072.710412
1779071877,3062.315687
1779071877,2674.385848
1779071877,3057.612224
1779071877,3069.344489
1779071877,3058.113900
1779071877,3072.603384
1779071877,3058.407234
1779071877,3070.197549
1779071877,2673.619813
1779071877,2672.688847
1779071877,3059.269163
1779071877,3071.592114
1779071877,2672.994329
1779071877,3070.750683
1779071877,3063.803242
1779071877,3059.482711
1779071877,3072.182546
1779071877,3071.907946
1779071877,3072.443781
1779071877,3072.613701
1779071877,3072.753877
1779071877,3073.643565
1779071877,3061.689364
1779071877,3073.114269
1779071877,3073.925753
1779071877,3061.723460
1779071877,3062.444207
1779071877,3074.673028
1779071877,2675.279231
1779071877,3064.111023
1779071877,3064.514010
1779071877,2676.084067
1779071877,3076.600207
1779071877,3065.044958
1779071877,3078.414092
1779071877,3067.699658
1779071877,3082.763677
1779071877,2678.858007
1779071877,3081.578860
1779071877,3085.392391
1779071877,3071.381878
1779071877,3073.146825
1779071877,3071.937080
1779071877,2680.878876
1779071877,3072.343709
1779071877,3076.536604
1779071877,3080.653810
1779071877,2970.353803
1779071877,2970.545117
1779071877,2675.263211
1779071877,2673.010692
1779071877,2970.413286
1779071877,2970.437023
1779071877,2675.487260
1779071877,2970.716304
1779071877,2970.842136
1779071877,2970.802754
1779071877,2970.845536
1779071877,2970.995262
1779071877,2971.004181
1779071877,3161.721728
1779071877,2971.207132
1779071877,2971.281795
1779071877,3172.637566
1779071877,2971.696155
1779071877,2971.663957
1779071877,2972.374772
1779071877,2972.271810
1779071877,2972.736428
1779071877,2973.014298
1779071877,2973.096769
1779071877,3163.078321
1779071877,2674.452575
1779071877,2973.361642
1779071877,2674.442965
1779071877,3175.756260
1779071877,2674.539133
1779071877,2974.350035
1779071877,2974.869410
1779071877,2975.172393
1779071877,2975.802195
1779071877,2976.005415
1779071877,2976.535599
1779071877,2976.499828
1779071877,2978.010802
1779071877,2978.672715
1779071877,2978.729189
1779071877,2978.723877
1779071877,2979.731898
1779071877,2981.547131
1779071877,2982.029867
1779071877,2680.666402
1779071877,2981.945650
1779071877,2982.169084
1779071877,2982.403493
1779071877,2985.726730
1779071877,2990.696394
1779071877,2675.380566
1779071877,2675.549823
1779071877,2673.249950
1779071877,2673.375508
1779071877,2673.321643
1779071877,2972.550156
1779071877,2673.398849
1779071877,3263.383700
1779071877,2673.394182
1779071877,2971.991939
1779071877,3273.997931
1779071877,2972.000158
1779071877,2972.292973
1779071877,2972.451427
1779071877,3278.884833
1779071877,2972.420492
1779071877,2673.078426
1779071877,2972.621863
1779071877,2973.058157
1779071877,2973.327330
1779071877,2973.495274
1779071877,2973.870442
1779071877,2974.099554
1779071877,2974.249557
1779071877,2974.247212
1779071877,2674.791145
1779071877,2974.438756
1779071877,2675.200146
1779071877,2974.523252
1779071877,2974.581744
1779071877,2975.361689
1779071877,2975.882019
1779071877,2675.222948
1779071877,2976.116437
1779071877,2676.006438
1779071877,2976.934752
1779071877,2977.064551
1779071877,2979.404530
1779071877,2980.416198
1779071877,3285.494117
1779071877,2980.240986
1779071877,2981.285353
1779071877,2674.894468
1779071877,2983.744067
1779071877,2983.490225
1779071877,3279.848544
1779071877,2983.946624
1779071877,2984.056984
1779071877,2987.797037
1779071877,2993.776783
1779071877,2675.588892
1779071877,2674.433910
1779071877,2675.660717
1779071877,2673.387935
1779071877,2982.123693
1779071877,2982.187547
1779071877,2673.505659
1779071877,2673.567527
1779071877,2673.156711
1779071877,2673.814784
1779071877,2673.696297
1779071877,2982.574733
1779071877,2673.759465
1779071877,2675.123413
1779071877,2673.865298
1779071877,2674.138832
1779071877,3381.889442
1779071877,2981.351556
1779071877,2981.362633
1779071877,2981.652354
1779071877,2673.900628
1779071877,2981.991747
1779071877,2982.598650
1779071877,2981.931189
1779071877,2674.945424
1779071877,2982.249905
1779071877,2982.482790
1779071877,2982.004001
1779071877,2982.094961
1779071877,2982.238940
1779071877,3381.516869
1779071877,2982.700557
1779071877,2983.375573
1779071877,3384.047296
1779071877,2983.798549
1779071877,2983.615126
1779071877,2984.447598
1779071877,2985.193509
1779071877,2986.827024
1779071877,3388.434273
1779071877,2986.764461
1779071877,2987.209204
1779071877,2988.505075
1779071877,3380.003417
1779071877,2988.686586
1779071877,2988.525878
1779071877,2987.179625
1779071877,2988.122147
1779071877,2990.629603
1779071877,2996.262381
1779071877,2675.475856
1779071877,2674.201068
1779071877,2674.341380
1779071877,2981.880784
1779071877,2675.630402
1779071877,2674.494100
1779071877,2674.354830
1779071877,2674.421012
1779071877,2674.732142
1779071877,2673.647198
1779071877,2674.746105
1779071877,2673.762718
1779071877,2981.103140
1779071877,2674.889392
1779071877,2982.349932
1779071877,2982.607050
1779071877,2981.594429
1779071877,2981.675488
1779071877,2981.689046
1779071877,2981.787828
1779071877,2981.922310
1779071877,2982.296556
1779071877,2981.985735
1779071877,2982.753573
1779071877,3281.065277
1779071877,3281.076166
1779071877,2981.918399
1779071877,2982.622567
1779071877,3281.419077
1779071877,2982.143695
1779071877,2982.465885
1779071877,2982.934710
1779071877,2982.774739
1779071877,2983.456770
1779071877,2983.855913
1779071877,2984.309048
1779071877,2983.486753
1779071877,2985.215597
1779071877,2985.944798
1779071877,2986.023245
1779071877,2987.086502
1779071877,2986.842224
1779071877,2988.461782
1779071877,3290.299008
1779071877,2988.796395
1779071877,2987.228679
1779071877,2989.011063
1779071877,2987.570424
1779071877,2990.399425
1779071877,2997.896280
1779071877,2673.561512
1779071877,2675.428892
1779071877,2675.447158
1779071877,2674.253412
1779071877,2675.323792
1779071877,2674.255821
1779071877,2675.474107
1779071877,2675.486714
1779071877,3280.666933
1779071877,2674.862144
1779071877,2674.845476
1779071877,2674.768136
1779071877,2982.647588
1779071877,2674.857883
1779071877,2674.919257
1779071877,3584.612565
1779071877,2674.397881
1779071877,2981.919879
1779071877,2981.981032
1779071877,2981.438504
1779071877,2982.306302
1779071877,2674.682566
1779071877,2982.072040
1779071877,3281.888282
1779071877,3282.075253
1779071877,2982.060199
1779071877,2982.098369
1779071877,2981.885528
1779071877,2982.255965
1779071877,2982.307801
1779071877,2982.295473
1779071877,3283.160841
1779071877,2983.099073
1779071877,3284.135243
1779071877,2983.941484
1779071877,2984.102273
1779071877,2984.146589
1779071877,2985.728486
1779071877,2986.334459
1779071877,2987.067219
1779071877,2980.481938
1779071877,2679.081826
1779071877,2982.726545
1779071877,2984.349229
1779071877,2984.305980
1779071877,3292.130816
1779071877,2984.325177
1779071877,2676.481873
1779071877,2988.877866
1779071877,2995.249621
1779071877,2674.514293
1779071877,3290.187209
1779071877,2675.237462
1779071877,3290.793407
1779071877,2675.501147
1779071877,2675.491207
1779071877,2675.462958
1779071877,2675.718717
1779071877,2674.436400
1779071877,2674.634196
1779071877,2674.728838
1779071877,2674.663153
1779071877,2674.832618
1779071877,2674.812441
1779071877,3289.984872
1779071877,2982.643289
1779071877,2675.233268
1779071877,2982.800728
1779071877,2982.317887
1779071877,2982.299824
1779071877,2982.492632
1779071877,2982.104152
1779071877,3290.616578
1779071877,2982.424294
1779071877,3290.958922
1779071877,2675.362194
1779071877,2982.028751
1779071877,2982.181731
1779071877,2674.473425
1779071877,2982.475605
1779071877,2982.289084
1779071877,2982.919478
1779071877,2983.385270
1779071877,2983.748775
1779071877,2984.099155
1779071877,2984.005302
1779071877,2984.624351
1779071877,2985.800313
1779071877,2986.139394
1779071877,2987.033284
1779071877,2980.369064
1779071877,2980.508164
1779071877,2982.412754
1779071877,2983.818115
1779071877,2983.901555
1779071877,2983.998405
1779071877,2984.050031
1779071877,2984.692735
1779071877,2988.670651
1779071877,2995.180294
1779071877,3289.791393
1779071877,3587.564815
1779071877,3587.907449
1779071877,3290.432652
1779071877,3290.695204
1779071877,2981.883011
1779071877,2675.265108
1779071877,3290.953242
1779071877,2674.538711
1779071877,3588.601577
1779071877,3291.398125
1779071877,2674.950218
1779071877,2674.897564
1779071877,3291.413629
1779071877,2982.947440
1779071877,2674.614074
1779071877,2982.212748
1779071877,2674.841295
1779071877,2982.210831
1779071877,2983.502197
1779071877,2981.780096
1779071877,2982.299125
1779071877,2982.007294
1779071877,2983.575613
1779071877,2982.725685
1779071877,2985.481804
1779071877,3294.511928
1779071877,2983.154155
1779071877,2986.043340
1779071877,2983.512478
1779071877,2986.076110
1779071877,2678.240165
1779071877,2677.678589
1779071877,2986.363685
1779071877,2984.218577
1779071877,2984.385954
1779071877,2676.331098
1779071877,2985.862765
1779071877,2986.273332
1779071877,2986.773669
1779071877,2980.419350
1779071877,2980.586492
1779071877,2982.457023
1779071877,2984.109703
1779071877,2984.067177
1779071877,2984.051126
1779071877,2984.126233
1779071877,2985.099408
1779071877,2987.808994
1779071877,2994.839904
1779071877,3590.092102
1779071877,3589.341723
1779071877,2675.317838
1779071877,2675.670526
1779071877,2675.856576
1779071877,2675.849239
1779071877,2676.033829
1779071877,2676.078501
1779071877,2983.008680
1779071877,2675.068880
1779071877,3291.122496
1779071877,2675.295950
1779071877,2982.868965
1779071877,2675.578284
1779071877,3290.673832
1779071877,2983.512507
1779071877,3290.896947
1779071877,2983.639899
1779071877,2983.426976
1779071877,3291.231639
1779071877,2984.055248
1779071877,2983.887953
1779071877,2983.726203
1779071877,2984.118135
1779071877,2984.812415
1779071877,2984.411200
1779071877,2984.731443
1779071877,2676.338953
1779071877,2676.477417
1779071877,2676.366555
1779071877,2984.752433
1779071877,2676.124483
1779071877,2984.132816
1779071877,2675.819647
1779071877,2983.957358
1779071877,2677.538015
1779071877,2986.643121
1779071877,2986.127469
1779071877,2986.535371
1779071877,3288.262297
1779071877,2980.237772
1779071877,2980.415374
1779071877,2982.272070
1779071877,2984.026945
1779071877,2674.915572
1779071877,3292.655444
1779071877,2984.397473
1779071877,2984.952638
1779071877,2987.837881
1779071877,2994.925445
1779071877,3994.343527
1779071877,2983.670513
1779071877,2675.720654
1779071877,3599.223116
1779071877,3599.203761
1779071877,2675.764639
1779071877,2676.070519
1779071877,2676.036399
1779071877,3600.801622
1779071877,3996.368083
1779071877,2676.432639
1779071877,3291.291306
1779071877,3598.489758
1779071877,3598.610331
1779071877,2675.445791
1779071877,2983.378475
1779071877,2983.416900
1779071877,2675.436305
1779071877,2675.636833
1779071877,2675.751916
1779071877,2983.848121
1779071877,2983.887840
1779071877,2983.853935
1779071877,2983.817397
1779071877,3292.210153
1779071877,2984.373335
1779071877,2676.386435
1779071877,2676.441367
1779071877,2984.752147
1779071877,2984.788729
1779071877,2984.524206
1779071877,2676.499234
1779071877,2676.526567
1779071877,2676.341227
1779071877,2676.278981
1779071877,2984.627255
1779071877,2985.211189
1779071877,2986.160179
1779071878,2986.602694
1779071878,2986.539077
1779071878,2980.198962
1779071878,2980.210989
1779071878,2981.011594
1779071878,2982.956544
1779071878,2982.882997
1779071878,2675.155619
1779071878,2675.048037
1779071878,2983.626503
1779071878,2988.068279
1779071878,2995.304267
1779071878,3289.926167
1779071878,2983.216710
1779071878,2983.237466
1779071878,2676.503801
1779071878,3598.929546
1779071878,2983.731912
1779071878,2983.761803
1779071878,2983.624833
1779071878,3599.075567
1779071878,2676.114736
1779071878,2982.674860
1779071878,2982.861221
1779071878,3290.766469
1779071878,2675.118249
1779071878,2983.384988
1779071878,2983.458599
1779071878,2983.610605
1779071878,2983.559087
1779071878,2675.304998
1779071878,3291.611604
1779071878,2983.962173
1779071878,3291.157185
1779071878,2984.130445
1779071878,3291.581379
1779071878,2983.875290
1779071878,2984.353538
1779071878,2984.833395
1779071878,2984.699816
1779071878,2674.520300
1779071878,2984.834101
1779071878,2984.614659
1779071878,2984.113688
1779071878,3291.379305
1779071878,2984.256407
1779071878,2673.022150
1779071878,2984.463083
1779071878,2985.291302
1779071878,2984.923223
1779071878,2986.312772
1779071878,2986.187103
1779071878,2980.347208
1779071878,2979.495890
1779071878,2981.058612
1779071878,2983.460733
1779071878,2983.503238
1779071878,2983.537696
1779071878,2674.928986
1779071878,2983.856543
1779071878,2988.435589
1779071878,2995.942222
1779071878,3597.915366
1779071878,2981.997572
1779071878,2983.862815
1779071878,2676.223678
1779071878,2676.400928
1779071878,2676.405168
1779071878,2676.395320
1779071878,2675.423451
1779071878,2675.729699
1779071878,3897.584707
1779071878,2675.814065
1779071878,2674.728010
1779071878,2982.882561
1779071878,2983.737915
1779071878,2983.232163
1779071878,2983.343214
1779071878,2674.981638
1779071878,2983.512323
1779071878,2983.415867
1779071878,2983.383472
1779071878,2674.896645
1779071878,2675.504626
1779071878,2984.238624
1779071878,2983.663583
1779071878,2983.757934
1779071878,2984.435125
1779071878,2984.228577
1779071878,3291.107928
1779071878,3292.663187
1779071878,3291.807448
1779071878,3292.919905
1779071878,2984.145184
1779071878,3291.995893
1779071878,2984.099095
1779071878,3292.246790
1779071878,2984.098922
1779071878,2985.429879
1779071878,2985.578879
1779071878,2986.468175
1779071878,2986.371123
1779071878,2980.341473
1779071878,2979.431279
1779071878,2981.097263
1779071878,2983.614414
1779071878,3292.889371
1779071878,2983.845374
1779071878,2983.791815
1779071878,2984.171239
1779071878,2983.462193
1779071878,2991.275375
1779071878,2983.197287
1779071878,4303.376107
1779071878,2983.547694
1779071878,3907.218456
1779071878,2676.193593
1779071878,2676.022098
1779071878,2983.338031
1779071878,2676.574580
1779071878,2675.249022
1779071878,2983.489372
1779071878,3599.343326
1779071878,2674.750456
1779071878,2983.487109
1779071878,2983.823511
1779071878,3291.222018
1779071878,2675.014799
1779071878,2983.357411
1779071878,3291.238511
1779071878,2983.560539
1779071878,2983.506665
1779071878,3292.092437
1779071878,2983.728605
1779071878,2984.218953
1779071878,2983.590073
1779071878,2984.103027
1779071878,2984.386576
1779071878,2983.313797
1779071878,2984.182432
1779071878,3291.314040
1779071878,3291.796413
1779071878,3293.173024
1779071878,3292.079799
1779071878,2673.573810
1779071878,3292.332036
1779071878,2983.642114
1779071878,3601.400061
1779071878,2985.297743
1779071878,2985.682166
1779071878,2986.541490
1779071878,2986.217517
1779071878,2980.574772
1779071878,2979.400260
1779071878,2981.024188
1779071878,2982.677243
1779071878,3291.939342
1779071878,3291.895931
1779071878,2983.932684
1779071878,2984.315088
1779071878,2983.984665
1779071878,2992.308459
1779071878,2982.640623
1779071878,2674.924695
1779071878,3291.084742
1779071878,2983.389425
1779071878,2676.204447
1779071878,2676.211112
1779071878,2676.318837
1779071878,2984.449439
1779071878,2676.434001
1779071878,2676.358700
1779071878,2983.144047
1779071878,3291.414210
1779071878,2983.015468
1779071878,2983.753339
1779071878,2982.628720
1779071878,3599.377702
1779071878,2675.835554
1779071878,2675.283444
1779071878,2982.409038
1779071878,2674.625909
1779071878,2982.175961
1779071878,2982.455121
1779071878,2982.204231
1779071878,2982.657615
1779071878,2982.234683
1779071878,2674.621003
1779071878,2981.857928
1779071878,2674.677483
1779071878,2981.794370
1779071878,2981.295832
1779071878,2982.142756
1779071878,3292.071754
1779071878,2672.983939
1779071878,2979.796883
1779071878,2979.331125
1779071878,2980.001552
1779071878,2980.424128
1779071878,2980.661535
1779071878,2981.107914
1779071878,2673.334397
1779071878,2980.233477
1779071878,2979.403854
1779071878,2980.725713
1779071878,2982.202972
1779071878,3292.143725
1779071878,2983.335032
1779071878,2983.578004
1779071878,2982.771058
1779071878,2983.573789
1779071878,2992.520985
1779071878,4204.004989
1779071878,4508.226288
1779071878,3906.417666
1779071878,3906.720713
1779071878,3290.690539
1779071878,2676.001665
1779071878,2676.229276
1779071878,2983.114841
1779071878,2676.237934
1779071878,3908.037810
1779071878,2676.386785
1779071878,2675.250822
1779071878,2676.617020
1779071878,3291.479270
1779071878,2983.560053
1779071878,2981.791759
1779071878,2983.484394
1779071878,2983.343162
1779071878,2676.291242
1779071878,2982.716645
1779071878,2676.606823
1779071878,2982.614856
1779071878,2982.241288
1779071878,2982.560852
1779071878,2982.164640
1779071878,2674.867603
1779071878,2982.981616
1779071878,2982.244740
1779071878,2673.130353
1779071878,2981.757756
1779071878,2981.563619
1779071878,2981.496386
1779071878,2980.989657
1779071878,2673.394645
1779071878,2674.117412
1779071878,2979.368710
1779071878,2980.543914
1779071878,2980.231840
1779071878,2979.586708
1779071878,2981.180931
1779071878,2980.022397
1779071878,2978.582121
1779071878,2979.711170
1779071878,2981.463707
1779071878,2982.625604
1779071878,2982.812323
1779071878,2982.906473
1779071878,2674.605791
1779071878,2983.715329
1779071878,2991.697616
1779071878,2982.226037
1779071878,3905.837713
1779071878,2983.173639
1779071878,2675.205115
1779071878,2675.369023
1779071878,2675.460596
1779071878,2674.273285
1779071878,4215.859048
1779071878,2983.541952
1779071878,2676.560586
1779071878,2676.702701
1779071878,2985.160701
1779071878,2675.667427
1779071878,2675.983023
1779071878,3600.422284
1779071878,2675.190930
1779071878,2981.960263
1779071878,2982.815483
1779071878,2983.539544
1779071878,2982.441918
1779071878,2982.611907
1779071878,2982.603759
1779071878,2982.509170
1779071878,2982.292662
1779071878,2674.673508
1779071878,2674.711275
1779071878,2982.469442
1779071878,2982.001167
1779071878,2981.291510
1779071878,3290.987780
1779071878,2981.567320
1779071878,2980.942875
1779071878,2980.009046
1779071878,2980.032533
1779071878,2980.069451
1779071878,2674.263835
1779071878,2980.611398
1779071878,2980.287799
1779071878,2980.333377
1779071878,2980.538736
1779071878,2980.106727
1779071878,2978.620894
1779071878,2979.673628
1779071878,2981.674141
1779071878,2982.759491
1779071878,2982.964778
1779071878,2982.879243
1779071878,2983.201726
1779071878,2983.810669
1779071878,2992.111740
1779071878,3290.137236
1779071878,2982.690261
1779071878,2982.948586
1779071878,2983.177995
1779071878,3291.296087
1779071878,2675.295864
1779071878,3290.531779
1779071878,2983.056888
1779071878,3291.323459
1779071878,2676.258750
1779071878,3290.972082
1779071878,2983.637753
1779071878,2676.528915
1779071878,3290.644560
1779071878,2676.021710
1779071878,2676.019932
1779071878,3290.514050
1779071878,2676.087167
1779071878,2675.297103
1779071878,2983.855106
1779071878,2982.305308
1779071878,2675.152817
1779071878,2982.913356
1779071878,2674.856502
1779071878,2982.649619
1779071878,2982.430453
1779071878,2674.846622
1779071878,2982.405572
1779071878,2981.168171
1779071878,2981.307052
1779071878,2981.452723
1779071878,2981.391298
1779071878,3287.819054
1779071878,2979.506163
1779071878,2980.140463
1779071878,2980.446437
1779071878,2980.895556
1779071878,3287.484624
1779071878,2980.440444
1779071878,2980.737221
1779071878,2980.207391
1779071878,2978.660764
1779071878,2978.963306
1779071878,2981.102009
1779071878,2982.220334
1779071878,2982.377439
1779071878,2982.367283
1779071878,2982.791368
1779071878,2983.708277
1779071878,2992.266682
1779071878,2983.257054
1779071878,2982.463676
1779071878,2982.650365
1779071878,2982.909713
1779071878,4214.510748
1779071878,2675.050659
1779071878,2674.967947
1779071878,4514.436765
1779071878,2983.858131
1779071878,3290.935585
1779071878,2983.175146
1779071878,3290.945821
1779071878,3292.621643
1779071878,2983.151362
1779071878,2675.432589
1779071878,2983.056450
1779071878,2675.921301
1779071878,2983.111016
1779071878,2675.976428
1779071878,2676.029650
1779071878,2982.238088
1779071878,3289.904982
1779071878,2982.816119
1779071878,2982.477512
1779071878,2675.833409
1779071878,2982.683521
1779071878,2980.901258
1779071878,2982.455885
1779071878,2675.021985
1779071878,2980.155637
1779071878,3287.283313
1779071878,3287.538345
1779071878,2981.188530
1779071878,2980.212184
1779071878,2979.745845
1779071878,3288.309951
1779071878,2980.883927
1779071878,2979.787871
1779071878,2980.560355
1779071878,2981.025209
1779071878,2980.242175
1779071878,2673.382058
1779071878,2979.702176
1779071878,2980.959518
1779071878,2982.560543
1779071878,3291.353225
1779071878,2982.703649
1779071878,2982.940918
1779071878,2983.781211
1779071878,2992.736819
1779071878,2982.649862
1779071878,2674.600239
1779071878,2982.941143
1779071878,2983.264773
1779071878,3598.510954
1779071878,3290.751174
1779071878,2983.974698
1779071878,3599.181876
1779071878,2982.825837
1779071878,3599.507708
1779071878,3290.933723
1779071878,2675.328176
1779071878,3290.789552
1779071878,2982.842102
1779071878,3291.654909
1779071878,2983.461530
1779071878,2982.225487
1779071878,2675.687939
1779071878,2983.446082
1779071878,2983.128312
1779071878,2984.180766
1779071878,3290.495431
1779071878,2982.411897
1779071878,3290.121777
1779071878,2982.624241
1779071878,2982.735644
1779071878,2982.569422
1779071878,2675.102128
1779071878,2981.102218
1779071878,2983.147381
1779071878,3286.849348
1779071878,2980.971354
1779071878,2980.252904
1779071878,2981.302804
1779071878,2674.076942
1779071878,2672.707904
1779071878,2980.974045
1779071878,2979.848115
1779071878,2980.116889
1779071878,2981.166335
1779071878,2980.193375
1779071878,2978.776971
1779071878,2978.964976
1779071878,2980.875978
1779071878,2981.533137
1779071878,2982.136968
1779071878,2982.728852
1779071878,2982.812263
1779071878,2984.022037
1779071878,2993.246263
1779071879,2982.949067
1779071879,2983.042465
1779071879,2982.944268
1779071879,2983.053425
1779071879,2983.052570
1779071879,2983.152404
1779071879,3598.839080
1779071879,3906.823266
1779071879,2675.931037
1779071879,2984.369123
1779071879,3291.185298
1779071879,2983.288770
1779071879,2983.270227
1779071879,3291.723194
1779071879,2983.301733
1779071879,2983.021172
1779071879,3290.536358
1779071879,2676.444077
1779071879,2982.317280
1779071879,3598.136647
1779071879,2984.138899
1779071879,2982.608623
1779071879,2982.621574
1779071879,2981.524035
1779071879,2980.461041
1779071879,2981.229565
1779071879,3908.479747
1779071879,2981.029065
1779071879,2673.686777
1779071879,2980.449968
1779071879,2980.056463
1779071879,3292.711127
1779071879,2985.073135
1779071879,2984.098834
1779071879,2680.744094
1779071879,2981.997607
1779071879,2674.325432
1779071879,2987.136271
1779071879,2980.361405
1779071879,2980.369053
1779071879,2980.279969
1779071879,2979.156143
1779071879,2978.747231
1779071879,2980.700908
1779071879,2981.251296
1779071879,2982.077565
1779071879,2982.549304
1779071879,2982.731464
1779071879,2983.358413
1779071879,2992.537708
1779071879,2983.164191
1779071879,2983.171299
1779071879,2674.641319
1779071879,2674.679329
1779071879,2984.278469
1779071879,2983.203974
1779071879,2983.717288
1779071879,2983.853872
1779071879,2984.093989
1779071879,2675.734944
1779071879,2676.086245
1779071879,2984.643153
1779071879,3291.610556
1779071879,3908.327966
1779071879,2983.734386
1779071879,2676.898190
1779071879,2983.807137
1779071879,2983.674913
1779071879,2982.906302
1779071879,2982.422484
1779071879,2983.019919
1779071879,2677.761409
1779071879,2676.138884
1779071879,2983.046402
1779071879,3293.709697
1779071879,3291.384355
1779071879,2984.049009
1779071879,2983.880065
1779071879,2982.065525
1779071879,2982.229723
1779071879,2981.879142
1779071879,2982.588808
1779071879,2982.652395
1779071879,2982.246169
1779071879,2982.279825
1779071879,2982.193072
1779071879,2982.681479
1779071879,2980.386881
1779071879,2980.423180
1779071879,2981.433563
1779071879,3286.726745
1779071879,2979.046324
1779071879,2978.688110
1779071879,2980.579895
1779071879,2981.274422
1779071879,2982.253904
1779071879,2982.456135
1779071879,2982.607880
1779071879,2983.599582
1779071879,2994.155013
1779071879,3600.599793
1779071879,2675.887549
1779071879,2675.983307
1779071879,2675.923776
1779071879,2676.044919
1779071879,2984.462612
1779071879,2983.336748
1779071879,2983.221593
1779071879,2983.522656
1779071879,2983.666774
1779071879,3599.038335
1779071879,2983.679170
1779071879,2984.210575
1779071879,2675.996115
1779071879,3291.209650
1779071879,2984.244475
1779071879,2676.636976
1779071879,2984.317151
1779071879,2675.867849
1779071879,3289.088608
1779071879,2676.716146
1779071879,2982.989416
1779071879,2984.093712
1779071879,2676.665911
1779071879,2676.828795
1779071879,2676.297716
1779071879,2983.491351
1779071879,2982.743379
1779071879,2676.070969
1779071879,3289.839168
1779071879,2675.493993
1779071879,2982.068384
1779071879,2982.566504
1779071879,3289.696173
1779071879,2982.379678
1779071879,2675.153897
1779071879,2980.191714
1779071879,2980.304634
1779071879,2982.811676
1779071879,2981.640892
1779071879,2978.165846
1779071879,2980.560260
1779071879,2979.735854
1779071879,2980.371210
1779071879,2981.499295
1779071879,2981.818606
1779071879,2982.425098
1779071879,2982.649890
1779071879,2983.867488
1779071879,2993.699919
1779071879,3291.409484
1779071879,2984.225843
1779071879,2984.164306
1779071879,2984.101257
1779071879,2984.218326
1779071879,2984.219108
1779071879,2983.018548
1779071879,2984.527290
1779071879,2983.119573
1779071879,2983.272684
1779071879,2983.324957
1779071879,2676.016929
1779071879,2983.935236
1779071879,2983.978005
1779071879,3599.140958
1779071879,2983.143169
1779071879,2984.308607
1779071879,2983.887867
1779071879,2675.937778
1779071879,2984.623541
1779071879,2984.360556
1779071879,2984.259005
1779071879,2984.189935
1779071879,2982.968057
1779071879,2983.391518
1779071879,2983.290218
1779071879,2675.823226
1779071879,2982.629006
1779071879,2984.191670
1779071879,2982.193232
1779071879,2982.405141
1779071879,3289.832128
1779071879,2981.840771
1779071879,2983.281217
1779071879,2982.360205
1779071879,2982.427334
1779071879,3288.194129
1779071879,2979.369254
1779071879,2979.355212
1779071879,2978.943092
1779071879,2980.841129
1779071879,2979.987452
1779071879,2979.810413
1779071879,2980.549490
1779071879,2981.810381
1779071879,2981.979674
1779071879,2982.779958
1779071879,2982.780835
1779071879,2984.192550
1779071879,2994.224223
1779071879,3906.147584
1779071879,2982.595647
1779071879,2674.420003
1779071879,2982.980100
1779071879,2674.756119
1779071879,2676.169042
1779071879,2675.133084
1779071879,3292.000061
1779071879,2675.116644
1779071879,2983.974225
1779071879,4215.917531
1779071879,2984.286031
1779071879,2983.575865
1779071879,3598.755069
1779071879,2983.153539
1779071879,2983.969326
1779071879,2984.261863
1779071879,2983.800747
1779071879,2983.800682
1779071879,3598.186047
1779071879,2982.186978
1779071879,2984.101593
1779071879,2982.880398
1779071879,2982.607408
1779071879,2984.235394
1779071879,2983.072151
1779071879,2983.617511
1779071879,2674.314525
1779071879,2982.453546
1779071879,2982.043054
1779071879,2982.263616
1779071879,3295.246067
1779071879,2982.453059
1779071879,2982.282494
1779071879,2982.361083
1779071879,2978.573008
1779071879,2982.669427
1779071879,2982.798098
1779071879,2979.436630
1779071879,2980.056840
1779071879,2979.791607
1779071879,2979.941239
1779071879,2979.959163
1779071879,2981.538491
1779071879,2981.917054
1779071879,2982.121169
1779071879,2983.083777
1779071879,2983.018102
1779071879,2984.478411
1779071879,2993.562621
1779071879,3291.579827
1779071879,3290.563539
1779071879,2983.501110
1779071879,2982.655312
1779071879,3290.984663
1779071879,3292.463068
1779071879,2984.124430
1779071879,3290.432211
1779071879,2984.118517
1779071879,2984.435627
1779071879,2983.658845
1779071879,2983.552790
1779071879,2983.655138
1779071879,2983.762456
1779071879,3292.214813
1779071879,2984.417644
1779071879,2983.384466
1779071879,3291.781834
1779071879,2984.447312
1779071879,2983.357243
1779071879,3291.773007
1779071879,3290.883770
1779071879,3291.066035
1779071879,2673.918253
1779071879,2674.553756
1779071879,2983.122213
1779071879,3291.307931
1779071879,2981.934270
1779071879,3289.982799
1779071879,2984.480572
1779071879,2981.829189
1779071879,2982.241189
1779071879,2982.509858
1779071879,2981.865526
1779071879,2981.307567
1779071879,2981.769592
1779071879,2978.538185
1779071879,3290.289935
1779071879,2978.930684
1779071879,2979.734401
1779071879,2979.121049
1779071879,2979.454840
1779071879,2978.783939
1779071879,2980.913966
1779071879,2981.909012
1779071879,2981.984474
1779071879,2982.426643
1779071879,2983.050926
1779071879,2984.284187
1779071879,2993.823887
1779071879,2981.967119
1779071879,2982.119268
1779071879,2674.107460
1779071879,2983.198607
1779071879,2983.337244
1779071879,2983.487204
1779071879,2983.721366
1779071879,3907.241428
1779071879,2674.845947
1779071879,2983.717709
1779071879,2983.990436
1779071879,2982.946547
1779071879,2983.058428
1779071879,2983.101135
1779071879,2984.552586
1779071879,3291.577423
1779071879,2983.026215
1779071879,2983.602053
1779071879,2983.937957
1779071879,2982.973101
1779071879,2984.469286
1779071879,2984.434170
1779071879,2983.674089
1779071879,2982.655590
1779071879,2984.809166
1779071879,3291.290434
1779071879,2982.775087
1779071879,2983.828677
1779071879,2982.983096
1779071879,2981.566227
1779071879,2983.019113
1779071879,2982.274218
1779071879,2674.373669
1779071879,2982.047549
1779071879,2981.812140
1779071879,2981.753196
1779071879,2979.390679
1779071879,2982.554472
1779071879,2979.731674
1779071879,2980.601807
1779071879,2979.950199
1779071879,2979.277271
1779071879,2978.713730
1779071879,2980.836861
1779071879,2982.245056
1779071879,2982.352827
1779071879,2982.814114
1779071879,2983.419516
1779071879,2984.363500
1779071879,2994.249835
1779071879,3598.758843
1779071879,2983.047528
1779071879,3290.216898
1779071879,2981.172062
1779071879,3290.965016
1779071879,3291.177318
1779071879,2981.679671
1779071879,2982.989034
1779071879,2675.353451
1779071879,2983.083557
1779071879,2982.415920
1779071879,2983.547611
1779071879,2982.693769
1779071879,2982.724084
1779071879,2675.037222
1779071879,2982.969368
1779071879,2982.162089
1779071879,2982.866013
1779071879,2674.847921
1779071879,2675.892598
1779071879,2982.501957
1779071879,2981.077962
1779071879,2981.945117
1779071879,2982.224202
1779071879,2983.199051
1779071879,2981.960326
1779071879,2982.088535
1779071879,3290.383981
1779071879,2981.846403
1779071879,2981.402985
1779071879,2675.134911
1779071879,2981.288526
1779071879,2982.012331
1779071879,2981.955425
1779071879,2981.466257
1779071879,2981.040832
1779071879,2981.629872
1779071879,2978.490057
1779071879,2978.523917
1779071879,2979.732206
1779071879,2980.197857
1779071879,2979.516067
1779071879,2978.607511
1779071879,2980.789745
1779071879,2981.415553
1779071879,2982.425676
1779071879,2982.943668
1779071879,2983.722540
1779071879,2984.203099
1779071879,2994.279900
1779071879,2981.935688
1779071879,2981.968896
1779071879,2982.120459
1779071879,2982.231774
1779071879,2982.602416
1779071879,2674.542021
1779071879,2982.775430
1779071879,2674.703605
1779071879,2981.773169
1779071879,2981.805947
1779071879,2982.214219
1779071879,2982.205500
1779071879,2982.374098
1779071879,2982.453790
1779071879,2982.425973
1779071879,2981.485591
1779071879,2982.748874
1779071879,2982.845895
1779071879,2675.176817
1779071879,2983.459444
1779071879,3290.608949
1779071879,2982.808820
1779071879,2981.984178
1779071879,2675.202539
1779071879,2674.768123
1779071879,2981.827263
1779071879,2982.168910
1779071879,2982.403671
1779071879,2982.469019
1779071879,2982.522055
1779071879,2675.050627
1779071879,2982.176823
1779071879,2981.867464
1779071879,2981.570581
1779071879,2981.423159
1779071879,2981.185352
1779071879,2981.711589
1779071879,2674.198138
1779071879,2978.654275
1779071879,2980.046128
1779071879,2980.408804
1779071879,2979.534054
1779071879,2977.976868
1779071879,2980.203967
1779071879,2981.739827
1779071879,2982.246013
1779071879,2982.773908
1779071879,2984.018185
1779071879,2983.738512
1779071879,2993.748620
1779071879,2981.904794
1779071879,2982.069361
1779071879,3290.922517
1779071879,2982.164471
1779071879,3291.171963
1779071879,2982.602313
1779071879,2982.428166
1779071879,2982.555377
1779071879,2982.552773
1779071879,2982.687671
1779071879,2981.456278
1779071879,2981.890357
1779071879,2981.918659
1779071879,2982.050406
1779071879,2982.013000
1779071879,2982.280096
1779071879,2675.127093
1779071879,2675.635775
1779071879,2982.580924
1779071879,2674.746668
1779071879,2982.067008
1779071879,2982.743094
1779071879,2675.162191
1779071879,2674.378500
1779071879,2982.036312
1779071879,2675.458847
1779071879,2982.505600
1779071879,2982.606519
1779071879,2982.979712
1779071879,2981.664507
1779071879,2675.448004
1779071879,3290.455893
1779071879,2982.209642
1779071879,2981.503553
1779071879,2981.724828
1779071879,2981.100806
1779071879,2981.857786
1779071879,2980.197047
1779071879,2978.702779
1779071879,2980.014615
1779071879,2980.544699
1779071879,2979.696635
1779071879,2979.367086
1779071879,2980.239968
1779071879,2981.861961
1779071879,2982.315357
1779071879,2982.840114
1779071879,2984.215273
1779071879,2986.016331
1779071879,2993.119949
1779071880,2982.607881
1779071880,2982.909017
1779071880,2982.909455
1779071880,2982.805551
1779071880,3289.329896
1779071880,2982.949171
1779071880,2982.944257
1779071880,3599.193146
1779071880,2982.009472
1779071880,2673.934483
1779071880,2673.890657
1779071880,2982.241619
1779071880,2982.539763
1779071880,2982.617669
1779071880,2981.945686
1779071880,2982.147168
1779071880,3290.547642
1779071880,2675.188857
1779071880,2673.627386
1779071880,2982.505184
1779071880,2982.480182
1779071880,2674.101164
1779071880,2982.204126
1779071880,2982.092892
1779071880,2982.131676
1779071880,2675.096351
1779071880,2982.407498
1779071880,2982.792863
1779071880,3289.996549
1779071880,2982.486875
1779071880,2981.979394
1779071880,2982.083806
1779071880,2674.628923
1779071880,2981.463518
1779071880,2983.430235
1779071880,2981.392574
1779071880,2978.432251
1779071880,2982.108095
1779071880,2980.103803
1779071880,2980.130473
1779071880,2980.600075
1779071880,2979.884850
1779071880,2979.278622
1779071880,2980.315798
1779071880,2981.283337
1779071880,2982.017624
1779071880,2983.013734
1779071880,2984.538612
1779071880,2986.075442
1779071880,2993.387217
1779071880,2982.604223
1779071880,2674.211847
1779071880,2674.298748
1779071880,2982.980285
1779071880,2674.400579
1779071880,2674.343146
1779071880,3291.272874
1779071880,2674.461515
1779071880,2983.841408
1779071880,2983.728092
1779071880,2983.635337
1779071880,2675.109177
1779071880,2981.871159
1779071880,2982.521873
1779071880,2982.503249
1779071880,2983.314858
1779071880,2983.452886
1779071880,2983.402776
1779071880,2676.267385
1779071880,3906.614169
1779071880,2982.710829
1779071880,3291.410182
1779071880,2982.982927
1779071880,2982.727051
1779071880,2982.603455
1779071880,3290.333987
1779071880,2982.994362
1779071880,2982.551859
1779071880,3289.451250
1779071880,2982.925006
1779071880,2982.356097
1779071880,2982.434830
1779071880,2982.491068
1779071880,2981.854257
1779071880,2981.925662
1779071880,2981.547123
1779071880,3288.234409
1779071880,2979.888487
1779071880,2979.340259
1779071880,2979.709366
1779071880,2980.820358
1779071880,2979.954690
1779071880,2978.002591
1779071880,2980.170030
1779071880,2981.226521
1779071880,2982.029395
1779071880,2982.072655
1779071880,2983.983650
1779071880,2985.358367
1779071880,2993.965631
1779071880,2673.131607
1779071880,2673.948194
1779071880,2673.924944
1779071880,2674.065908
1779071880,2982.735265
1779071880,2674.127129
1779071880,2982.837590
1779071880,2674.529744
1779071880,2983.043152
1779071880,2674.830242
1779071880,2674.864031
1779071880,2674.671150
1779071880,2984.191034
1779071880,3289.343890
1779071880,3291.235935
1779071880,2983.871094
1779071880,3290.619028
1779071880,2674.454955
1779071880,2674.481997
1779071880,2983.077426
1779071880,2983.797943
1779071880,2982.923382
1779071880,2982.722692
1779071880,2983.079764
1779071880,2675.595772
1779071880,2979.727661
1779071880,3292.002394
1779071880,2983.382679
1779071880,2982.516180
1779071880,2986.488278
1779071880,2982.101427
1779071880,2984.016116
1779071880,2675.091367
1779071880,2983.358248
1779071880,2981.575149
1779071880,2987.993460
1779071880,2982.130954
1779071880,2978.944062
1779071880,2980.259062
1779071880,2979.702524
1779071880,2980.927471
1779071880,2980.209109
1779071880,2978.220954
1779071880,2980.267845
1779071880,2981.246463
1779071880,2982.265079
1779071880,2982.220240
1779071880,2983.655261
1779071880,2985.645360
1779071880,2992.796313
1779071880,2981.920782
1779071880,2673.325422
1779071880,2982.318083
1779071880,2673.645055
1779071880,2982.231215
1779071880,2673.890381
1779071880,2673.911481
1779071880,2982.702466
1779071880,2674.071418
1779071880,2982.984806
1779071880,2674.826164
1779071880,2674.980607
1779071880,2674.706701
1779071880,2675.055241
1779071880,2674.416338
1779071880,3599.845551
1779071880,3291.032796
1779071880,2983.103794
1779071880,3290.823458
1779071880,2675.000775
1779071880,2983.628545
1779071880,2982.925448
1779071880,2983.754543
1779071880,2983.563816
1779071880,2984.004927
1779071880,2982.895749
1779071880,2984.059901
1779071880,2986.277569
1779071880,2984.163116
1779071880,3289.938747
1779071880,2983.104520
1779071880,2678.596908
1779071880,2982.702336
1779071880,2675.049080
1779071880,2982.348756
1779071880,2980.007409
1779071880,2978.898463
1779071880,2680.096423
1779071880,2979.626765
1779071880,2983.461650
1779071880,2978.818201
1779071880,2980.940360
1779071880,2979.186882
1779071880,2980.855539
1779071880,2982.380201
1779071880,2982.465257
1779071880,2983.690851
1779071880,2983.776373
1779071880,2986.919754
1779071880,2993.183245
1779071880,3598.390490
1779071880,2674.390384
1779071880,2674.566012
1779071880,2674.761219
1779071880,2983.249651
1779071880,2983.066793
1779071880,2674.769281
1779071880,2674.877456
1779071880,2673.442699
1779071880,2673.506593
1779071880,2674.023653
1779071880,2674.204447
1779071880,2674.409057
1779071880,2983.303462
1779071880,2674.772520
1779071880,3291.925115
1779071880,2983.610297
1779071880,2675.351048
1779071880,2675.382127
1779071880,2675.722834
1779071880,2676.297235
1779071880,2676.306907
1779071880,2984.801872
1779071880,2675.855862
1779071880,2676.070695
1779071880,2676.078915
1779071880,2984.080416
1779071880,2675.669616
1779071880,2674.779864
1779071880,2983.782997
1779071880,2983.342690
1779071880,2677.139630
1779071880,2674.033019
1779071880,2675.584748
1779071880,2982.894405
1779071880,2677.323703
1779071880,2675.078067
1779071880,2982.187319
1779071880,2979.811420
1779071880,2979.876697
1779071880,2980.499440
1779071880,2980.351310
1779071880,2980.469059
1779071880,2980.292137
1779071880,2981.174683
1779071880,2981.846207
1779071880,2983.374840
1779071880,2984.869807
1779071880,2985.994599
1779071880,2992.178299
1779071880,3288.980384
1779071880,3290.050090
1779071880,3290.196173
1779071880,2673.805996
1779071880,2982.631820
1779071880,2674.962105
1779071880,3291.160336
1779071880,2674.098138
1779071880,2674.152710
1779071880,2982.728663
1779071880,2983.041705
1779071880,3291.805702
1779071880,3599.235698
1779071880,2983.873300
1779071880,3292.553447
1779071880,3290.928419
1779071880,2983.108293
1779071880,3598.650469
1779071880,2983.444867
1779071880,2674.277661
1779071880,2984.008757
1779071880,2984.299547
1779071880,2984.266412
1779071880,2983.850465
1779071880,2675.809463
1779071880,3599.585915
1779071880,2984.231454
1779071880,2984.854056
1779071880,2675.067765
1779071880,2984.742213
1779071880,2984.171936
1779071880,3290.672084
1779071880,2983.835080
1779071880,2983.166063
1779071880,2982.917240
1779071880,2675.141222
1779071880,2982.729251
1779071880,2980.964591
1779071880,2979.733218
1779071880,2981.241821
1779071880,2980.528952
1779071880,2981.086330
1779071880,2980.492800
1779071880,2980.230250
1779071880,2981.180048
1779071880,2987.007114
1779071880,2987.928295
1779071880,2988.009267
1779071880,2986.672681
1779071880,2992.256792
1779071880,3291.504906
1779071880,3291.266422
1779071880,3291.285480
1779071880,3291.508960
1779071880,3291.529811
1779071880,2982.885221
1779071880,3601.108561
1779071880,2984.135659
1779071880,2983.643735
1779071880,2983.752985
1779071880,3600.769798
1779071880,3291.258358
1779071880,2982.949603
1779071880,2983.584807
1779071880,2983.770630
1779071880,2985.098745
1779071880,3293.447486
1779071880,3293.706474
1779071880,2685.944273
1779071880,2687.291276
1779071880,2994.103993
1779071880,2994.776006
1779071880,2994.211347
1779071880,2994.984210
1779071880,2994.299539
1779071880,2685.221796
1779071880,3612.144142
1779071880,3304.807774
1779071880,2994.523858
1779071880,2994.060272
1779071880,2992.923664
1779071880,2993.273966
1779071880,2991.113094
1779071880,3300.194536
1779071880,3305.229167
1779071880,2683.267001
1779071880,2988.028953
1779071880,2989.223115
1779071880,2992.311446
1779071880,2988.149220
1779071880,2988.467586
1779071880,2986.442989
1779071880,2984.860876
1779071880,2990.358693
1779071880,2984.954315
1779071880,2988.040193
1779071880,2988.139520
1779071880,2987.451354
1779071880,2985.761208
1779071880,2992.747232
1779071880,3601.229102
1779071880,3601.308594
1779071880,3601.231856
1779071880,3292.707464
1779071880,3601.445468
1779071880,2983.141757
1779071880,2676.556552
1779071880,2675.339928
1779071880,2676.727901
1779071880,2676.689075
1779071880,2675.439640
1779071880,2675.645230
1779071880,2675.816300
1779071880,2675.993470
1779071880,2675.856982
1779071880,2675.882466
1779071880,2676.084398
1779071880,3292.997651
1779071880,3292.216463
1779071880,2676.255386
1779071880,2675.239003
1779071880,3292.410498
1779071880,2677.827492
1779071880,2984.343553
1779071880,3292.644183
1779071880,2683.334963
1779071880,2684.028534
1779071880,3303.474108
1779071880,2684.995717
1779071880,2684.377847
1779071880,2684.597544
1779071880,2685.033244
1779071880,2683.494880
1779071880,3298.545330
1779071880,2684.030035
1779071880,2684.133133
1779071880,2684.133895
1779071880,2988.602863
1779071880,2991.946324
1779071880,2682.970707
1779071880,2682.111768
1779071880,2985.200294
1779071880,2988.153576
1779071880,2681.196358
1779071880,2985.366186
1779071880,2987.251977
1779071880,2988.090990
1779071880,2988.117135
1779071880,2985.564295
1779071880,2992.854834
1779071880,2984.004382
1779071880,3600.912199
1779071880,3292.383141
1779071880,2983.934326
1779071880,3600.953703
1779071880,2983.999213
1779071880,2675.276189
1779071880,2984.804486
1779071880,2984.828878
1779071880,3293.951572
1779071880,2983.975368
1779071880,2676.739126
1779071880,2676.803787
1779071880,2675.735180
1779071880,2984.245323
1779071880,3291.972026
1779071880,2676.303732
1779071880,2984.437585
1779071880,2983.422851
1779071880,2676.803441
1779071880,3292.743997
1779071880,2985.118353
1779071880,2677.980827
1779071880,2676.671699
1779071880,2985.216385
1779071880,2683.677796
1779071880,2992.753726
1779071880,2683.115092
1779071880,2684.438422
1779071880,2684.938423
1779071880,2684.600589
1779071880,2993.468426
1779071880,2684.653107
1779071880,2684.782395
1779071880,2683.971736
1779071880,3300.452055
1779071880,2684.210936
1779071880,2683.047546
1779071880,2682.168837
1779071880,2990.209604
1779071880,2985.136069
1779071880,2989.109777
1779071880,2987.523706
1779071880,2683.662114
1779071880,2985.829401
1779071880,2986.352083
1779071880,2987.857164
1779071880,2987.940533
1779071880,2985.559514
1779071880,2993.049836
1779071880,2983.716112
1779071880,2984.574363
1779071880,2983.432855
1779071880,2983.558792
1779071880,2984.777724
1779071880,2983.754834
1779071880,2984.425686
1779071880,2984.356627
1779071880,2984.611070
1779071880,2984.693867
1779071880,3292.327002
1779071880,2984.872019
1779071880,2984.830564
1779071880,2983.747085
1779071880,2676.875577
1779071880,3292.897864
1779071880,2984.261716
1779071880,2676.319172
1779071880,2676.492181
1779071880,2677.078735
1779071880,2983.409024
1779071880,2677.244200
1779071880,2984.059813
1779071880,3292.784311
1779071880,2984.566851
1779071880,2992.170917
1779071880,2992.160546
1779071880,2992.569807
1779071880,2992.412581
1779071880,2992.314667
1779071880,2992.565342
1779071880,2992.632618
1779071880,2685.252845
1779071880,2993.037937
1779071880,3299.914975
1779071880,2992.533981
1779071880,2684.323725
1779071880,2683.162922
1779071880,2989.852073
1779071880,2685.033634
1779071880,2988.995826
1779071880,2985.005675
1779071880,2987.537868
1779071880,2985.015559
1779071880,2989.559275
1779071880,2985.355445
1779071880,2987.020109
1779071880,2987.382684
1779071880,2984.700165
1779071881,2992.197574
1779071881,3600.241295
1779071881,2982.072156
1779071881,3291.290366
1779071881,3600.940956
1779071881,3908.449066
1779071881,3291.732849
1779071881,3602.180253
1779071881,3601.998676
1779071881,3601.128988
1779071881,2985.419485
1779071881,3292.724698
1779071881,2985.823973
1779071881,3292.926361
1779071881,2676.406451
1779071881,2676.845795
1779071881,2676.627645
1779071881,2984.383390
1779071881,2676.834625
1779071881,2676.809640
1779071881,2676.758116
1779071881,3601.163352
1779071881,2984.417138
1779071881,2983.940760
1779071881,2984.677881
1779071881,2984.167366
1779071881,3606.398727
1779071881,3608.716905
1779071881,3302.972484
1779071881,3610.853360
1779071881,3608.808117
1779071881,3303.517901
1779071881,2993.242751
1779071881,3612.964265
1779071881,3301.421997
1779071881,3298.289249
1779071881,3295.093921
1779071881,2683.285441
1779071881,2988.996262
1779071881,2685.173777
1779071881,2685.213904
1779071881,2685.279164
1779071881,2987.622284
1779071881,2989.628760
1779071881,2985.817794
1779071881,2985.852532
1779071881,2986.721902
1779071881,2987.334074
1779071881,2986.303989
1779071881,2984.807135
1779071881,2992.654743
1779071881,2982.746634
1779071881,2982.700059
1779071881,2983.406590
1779071881,2983.606344
1779071881,2983.748870
1779071881,2983.589792
1779071881,2983.653869
1779071881,2984.477966
1779071881,3291.687912
1779071881,2984.939373
1779071881,3293.317282
1779071881,2675.778419
1779071881,3292.733985
1779071881,2985.482504
1779071881,3292.656051
1779071881,2676.652026
1779071881,3293.229933
1779071881,2984.977940
1779071881,2677.024627
1779071881,3602.117830
1779071881,2677.141149
1779071881,2984.589955
1779071881,2984.252048
1779071881,2984.511968
1779071881,2985.303492
1779071881,3300.587561
1779071881,2992.710909
1779071881,2683.891209
1779071881,3300.379173
1779071881,3300.469020
1779071881,2992.307085
1779071881,3300.836963
1779071881,3300.972033
1779071881,2684.747901
1779071881,3300.671805
1779071881,3300.957794
1779071881,3297.213745
1779071881,3297.254911
1779071881,2989.505576
1779071881,2989.227104
1779071881,2987.763002
1779071881,2985.257914
1779071881,2681.539120
1779071881,2985.485426
1779071881,3302.336850
1779071881,2986.608485
1779071881,2986.932865
1779071881,2677.930328
1779071881,2984.638037
1779071881,2992.987749
1779071881,2675.130229
1779071881,2983.617082
1779071881,2983.638476
1779071881,2984.105817
1779071881,2984.128795
1779071881,2983.042863
1779071881,2983.119278
1779071881,2983.862740
1779071881,2983.791032
1779071881,2984.282933
1779071881,2984.515224
1779071881,2675.907833
1779071881,2983.819361
1779071881,3293.244439
1779071881,2985.077529
1779071881,3292.385759
1779071881,3292.689695
1779071881,3292.669699
1779071881,3292.763643
1779071881,2985.204222
1779071881,2984.999488
1779071881,2984.415720
1779071881,2984.506274
1779071881,2984.723498
1779071881,2985.452853
1779071881,2993.164466
1779071881,2992.927649
1779071881,3300.548131
1779071881,3298.187898
1779071881,2993.179030
1779071881,2992.972609
1779071881,2992.987607
1779071881,2685.000856
1779071881,2685.001956
1779071881,2993.089431
1779071881,3298.646673
1779071881,2989.536159
1779071881,3297.331353
1779071881,2991.370339
1779071881,2989.708128
1779071881,2989.509107
1779071881,2681.333761
1779071881,2989.554392
1779071881,2985.391652
1779071881,2985.429379
1779071881,2985.077453
1779071881,2985.465894
1779071881,2985.686787
1779071881,2984.394625
1779071881,2993.489110
1779071881,2984.072860
1779071881,2983.164381
1779071881,2984.273509
1779071881,2983.507539
1779071881,2983.611736
1779071881,2983.849977
1779071881,2982.709200
1779071881,2983.421705
1779071881,2983.370817
1779071881,2983.686162
1779071881,2983.870161
1779071881,2983.931011
1779071881,3910.857728
1779071881,2984.340189
1779071881,2676.466500
1779071881,2676.966681
1779071881,3292.892853
1779071881,3602.458175
1779071881,2677.175366
1779071881,2985.101743
1779071881,3292.882722
1779071881,2984.594178
1779071881,2984.491085
1779071881,2985.374448
1779071881,2984.682492
1779071881,2991.963155
1779071881,2992.967541
1779071881,2993.539146
1779071881,2992.391415
1779071881,2992.598346
1779071881,2993.874658
1779071881,2992.433148
1779071881,2990.523448
1779071881,2684.335523
1779071881,2992.769397
1779071881,3604.959283
1779071881,2986.781628
1779071881,2989.402563
1779071881,3606.782084
1779071881,3297.619962
1779071881,2989.260197
1779071881,2989.495671
1779071881,3921.240277
1779071881,2985.543136
1779071881,2681.557391
1779071881,2984.848826
1779071881,2985.390863
1779071881,2985.456003
1779071881,2984.249462
1779071881,2992.870437
1779071881,2982.555914
1779071881,2983.430127
1779071881,2983.433689
1779071881,2983.381919
1779071881,2983.485249
1779071881,2982.237360
1779071881,2982.339266
1779071881,2982.925429
1779071881,2982.995854
1779071881,2983.409005
1779071881,2983.402552
1779071881,2983.685847
1779071881,2983.852533
1779071881,2983.966041
1779071881,3292.701963
1779071881,3600.309429
1779071881,2984.502480
1779071881,2984.734917
1779071881,3601.862784
1779071881,3293.090515
1779071881,2985.602690
1779071881,2984.751839
1779071881,2984.681034
1779071881,2984.945594
1779071881,2985.772949
1779071881,3608.100687
1779071881,2992.835014
1779071881,2993.207223
1779071881,2993.064634
1779071881,2992.632001
1779071881,2992.268945
1779071881,2992.681871
1779071881,2992.787277
1779071881,3606.382018
1779071881,2684.568150
1779071881,2990.994322
1779071881,2993.119062
1779071881,2989.796973
1779071881,2683.183769
1779071881,2983.907234
1779071881,2681.740833
1779071881,2680.991868
1779071881,2989.454805
1779071881,2984.614554
1779071881,2988.291405
1779071881,2985.419351
1779071881,3293.780898
1779071881,2995.647970
1779071881,2984.307646
1779071881,2992.295503
1779071881,2983.306874
1779071881,2985.507027
1779071881,2983.407482
1779071881,3290.686959
1779071881,2982.140434
1779071881,2675.992010
1779071881,2983.338929
1779071881,2983.548555
1779071881,2983.131746
1779071881,3292.195382
1779071881,2983.666881
1779071881,2984.115631
1779071881,2984.032108
1779071881,2984.126236
1779071881,2984.549621
1779071881,2676.305347
1779071881,2984.696589
1779071881,2984.786341
1779071881,2984.781645
1779071881,2984.922982
1779071881,2985.356624
1779071881,2677.562769
1779071881,2985.043544
1779071881,2985.041071
1779071881,2985.089481
1779071881,2992.249586
1779071881,2992.473599
1779071881,2993.241601
1779071881,2992.784696
1779071881,2684.998892
1779071881,3300.329946
1779071881,2685.659751
1779071881,2992.805796
1779071881,2685.091544
1779071881,2684.858939
1779071881,2993.140087
1779071881,2991.449968
1779071881,2683.127820
1779071881,2683.422278
1779071881,2991.428387
1779071881,2683.408784
1779071881,2989.190760
1779071881,2988.207159
1779071881,2985.735406
1779071881,2985.381185
1779071881,2985.415921
1779071881,2985.687717
1779071881,2986.117915
1779071881,2984.296184
1779071881,2993.470004
1779071881,2676.608141
1779071881,2675.413116
1779071881,2985.533304
1779071881,2676.696020
1779071881,2675.481116
1779071881,2676.676097
1779071881,2983.504424
1779071881,2983.657169
1779071881,2983.833391
1779071881,2984.188889
1779071881,2983.708053
1779071881,3599.476300
1779071881,2984.163187
1779071881,2984.328094
1779071881,2984.145762
1779071881,2676.310004
1779071881,2984.376449
1779071881,2985.355029
1779071881,2985.268350
1779071881,3293.216180
1779071881,2985.444215
1779071881,2985.032593
1779071881,2985.083120
1779071881,2985.163071
1779071881,2985.267289
1779071881,2992.585442
1779071881,2992.781602
1779071881,2992.869679
1779071881,2992.905317
1779071881,2685.025069
1779071881,2685.065021
1779071881,2990.389456
1779071881,2992.997530
1779071881,2992.732100
1779071881,2992.824704
1779071881,2993.134944
1779071881,3297.368414
1779071881,2991.264683
1779071881,2991.375101
1779071881,3291.966525
1779071881,2990.063986
1779071881,2989.225394
1779071881,2988.243155
1779071881,2985.882666
1779071881,2985.169375
1779071881,2985.451222
1779071881,2985.713594
1779071881,2986.058192
1779071881,2984.156137
1779071881,2992.790987
1779071881,2676.634211
1779071881,2676.648170
1779071881,2676.787698
1779071881,2676.901845
1779071881,2984.303310
1779071881,2676.885016
1779071881,2677.091900
1779071881,2983.695292
1779071881,2983.785755
1779071881,2983.702527
1779071881,2983.850849
1779071881,2984.183861
1779071881,2984.354113
1779071881,2984.130404
1779071881,2984.247925
1779071881,2984.387025
1779071881,2984.504772
1779071881,2987.269034
1779071881,2987.350193
1779071881,2986.954921
1779071881,2987.237266
1779071881,2987.471072
1779071881,2986.807860
1779071881,2987.073067
1779071881,2987.386554
1779071881,2992.724694
1779071881,2993.382507
1779071881,2993.464853
1779071881,2993.246833
1779071881,2684.351893
1779071881,2992.768164
1779071881,2992.707611
1779071881,2993.966402
1779071881,2992.877439
1779071881,2683.692884
1779071881,2991.502497
1779071881,2993.898020
1779071881,2991.267792
1779071881,3298.235978
1779071881,3605.751967
1779071881,2681.732342
1779071881,2988.116408
1779071881,3293.862922
1779071881,2984.790847
1779071881,2986.460141
1779071881,2678.675344
1779071881,2677.759111
1779071881,2986.114783
1779071881,2984.423794
1779071881,2993.269490
1779071881,2983.398565
1779071881,2675.611217
1779071881,2675.683680
1779071881,2675.892860
1779071881,2985.389912
1779071881,2675.850092
1779071881,3293.112107
1779071881,2675.969071
1779071881,2984.518783
1779071881,2984.750088
1779071881,2984.698485
1779071881,2984.336144
1779071881,2984.343433
1779071881,2984.398841
1779071881,2984.068741
1779071881,2984.079328
1779071881,3292.866817
1779071881,2985.371552
1779071881,2985.390408
1779071881,2986.035922
1779071881,2987.224864
1779071881,2987.012761
1779071881,2987.095577
1779071881,3295.233189
1779071881,2987.625171
1779071881,2991.710079
1779071881,2993.090605
1779071881,2992.361985
1779071881,2993.360915
1779071881,3300.678798
1779071881,3608.223577
1779071881,2992.494136
1779071881,3300.499358
1779071881,2992.688653
1779071881,3301.032322
1779071881,2993.397812
1779071881,3299.439632
1779071881,2989.127454
1779071881,2990.092985
1779071881,3298.287495
1779071881,3604.297096
1779071881,2985.793376
1779071881,2989.309428
1779071881,2681.216554
1779071881,2985.228656
1779071881,2985.729563
1779071881,2985.894042
1779071881,2985.567119
1779071881,2984.516006
1779071881,2993.586949
1779071882,3292.558272
1779071882,2983.910917
1779071882,2676.053609
1779071882,2676.664321
1779071882,2676.555857
1779071882,2984.850376
1779071882,2676.594678
1779071882,3294.023958
1779071882,2676.826434
1779071882,2676.779926
1779071882,2984.065756
1779071882,2984.075708
1779071882,2984.081417
1779071882,4524.353671
1779071882,2984.303250
1779071882,2984.510664
1779071882,2984.240661
1779071882,2985.623286
1779071882,2985.892348
1779071882,2677.611293
1779071882,2987.717330
1779071882,2987.752576
1779071882,2987.645255
1779071882,2986.182756
1779071882,2987.691045
1779071882,2991.755775
1779071882,2993.221029
1779071882,3300.105660
1779071882,2684.266387
1779071882,2992.305370
1779071882,2992.471320
1779071882,2990.372462
1779071882,2989.977355
1779071882,3301.767706
1779071882,2990.439932
1779071882,2994.855241
1779071882,2990.081412
1779071882,2993.892424
1779071882,2989.194315
1779071882,2683.377845
1779071882,2995.088651
1779071882,2989.238660
1779071882,2987.967030
1779071882,2680.512961
1779071882,2986.080191
1779071882,2985.893257
1779071882,2985.215176
1779071882,2985.708782
1779071882,2984.501603
1779071882,2992.983909
1779071882,3293.516921
1779071882,3292.362388
1779071882,3293.583993
1779071882,2675.902480
1779071882,2675.897808
1779071882,2676.062142
1779071882,2676.282357
1779071882,2676.116943
1779071882,2984.654700
1779071882,2984.833394
1779071882,2983.829461
1779071882,2676.564256
1779071882,2983.992585
1779071882,2983.998025
1779071882,2984.096247
1779071882,2984.151182
1779071882,2983.919516
1779071882,2984.983079
1779071882,2985.495776
1779071882,2985.950224
1779071882,2987.297995
1779071882,2987.002950
1779071882,2987.306021
1779071882,2987.506979
1779071882,2987.035748
1779071882,2991.326312
1779071882,2992.236794
1779071882,2992.514636
1779071882,3300.274322
1779071882,2992.044304
1779071882,2684.409274
1779071882,2992.067237
1779071882,3606.940191
1779071882,2991.116549
1779071882,2683.702525
1779071882,2991.542487
1779071882,2991.094238
1779071882,2991.724153
1779071882,3297.169937
1779071882,2991.399979
1779071882,2989.262448
1779071882,2989.156868
1779071882,2682.117566
1779071882,2988.267672
1779071882,3293.059574
1779071882,2985.311519
1779071882,3293.432426
1779071882,2985.854181
1779071882,2983.662053
1779071882,2993.008329
1779071882,3293.128949
1779071882,3293.221601
1779071882,2983.706034
1779071882,3292.305556
1779071882,3292.528259
1779071882,2984.208968
1779071882,2676.898018
1779071882,2677.176119
1779071882,2676.052386
1779071882,2676.162092
1779071882,2983.630036
1779071882,2983.795917
1779071882,2983.846985
1779071882,2983.980052
1779071882,2676.450279
1779071882,2983.950431
1779071882,2984.022785
1779071882,2983.629421
1779071882,2985.094723
1779071882,2985.268658
1779071882,2987.263880
1779071882,2987.220086
1779071882,2986.880554
1779071882,2987.319634
1779071882,2986.832052
1779071882,2991.031221
1779071882,2991.955728
1779071882,2990.601687
1779071882,2992.040214
1779071882,2991.642367
1779071882,2991.730050
1779071882,2992.255849
1779071882,2992.013325
1779071882,2991.117082
1779071882,2683.930265
1779071882,2988.925570
1779071882,2991.039760
1779071882,2991.600304
1779071882,2991.315508
1779071882,2683.522148
1779071882,2682.866341
1779071882,2988.068689
1779071882,3296.410926
1779071882,2986.324609
1779071882,2986.601895
1779071882,2986.168982
1779071882,2985.637660
1779071882,2985.913348
1779071882,2983.739346
1779071882,2993.292861
1779071882,3601.777903
1779071882,3292.655209
1779071882,2984.566748
1779071882,3602.002194
1779071882,3600.846664
1779071882,2676.770245
1779071882,2984.724032
1779071882,2676.794277
1779071882,2676.787089
1779071882,2983.963572
1779071882,2677.187915
1779071882,2984.079361
1779071882,2984.266803
1779071882,2983.733349
1779071882,2984.450945
1779071882,2984.046621
1779071882,2983.952848
1779071882,2676.073500
1779071882,2984.778919
1779071882,2985.279346
1779071882,2987.263185
1779071882,2987.299218
1779071882,2987.444847
1779071882,2987.300155
1779071882,2987.253965
1779071882,2991.038546
1779071882,2991.930712
1779071882,3300.050016
1779071882,2992.003030
1779071882,2991.887343
1779071882,2991.801643
1779071882,2991.875351
1779071882,2683.844745
1779071882,2991.090387
1779071882,2684.225299
1779071882,2991.380105
1779071882,3301.597022
1779071882,2991.181887
1779071882,2991.230598
1779071882,2683.673492
1779071882,2990.231557
1779071882,2989.366508
1779071882,3294.726153
1779071882,2986.667836
1779071882,2985.589464
1779071882,2985.812173
1779071882,2986.439585
1779071882,2986.211034
1779071882,2983.815101
1779071882,2993.482405
1779071882,3601.534406
1779071882,2984.507034
1779071882,3601.634733
1779071882,3292.870746
1779071882,2984.600110
1779071882,3601.685326
1779071882,3293.134419
1779071882,2985.150991
1779071882,2676.509616
1779071882,2676.392214
1779071882,2985.299629
1779071882,2676.583557
1779071882,2984.286021
1779071882,2677.820964
1779071882,2676.710517
1779071882,2678.205596
1779071882,2984.428603
1779071882,2677.050749
1779071882,2985.295499
1779071882,2985.845896
1779071882,2987.097233
1779071882,2987.195121
1779071882,2987.297943
1779071882,2987.530646
1779071882,2679.514267
1779071882,2991.260911
1779071882,2992.090455
1779071882,3299.700455
1779071882,2991.996392
1779071882,2991.602263
1779071882,2992.008072
1779071882,2991.641997
1779071882,3298.631025
1779071882,2990.850003
1779071882,2991.145539
1779071882,2991.091118
1779071882,2990.951858
1779071882,2991.382466
1779071882,2989.903469
1779071882,2683.713346
1779071882,2989.514661
1779071882,2988.535857
1779071882,3294.798646
1779071882,2985.614146
1779071882,2986.785351
1779071882,2986.227147
1779071882,2986.087373
1779071882,2986.126795
1779071882,2983.767802
1779071882,2992.653441
1779071882,2985.628499
1779071882,2984.321320
1779071882,2678.033860
1779071882,3602.632038
1779071882,3293.129962
1779071882,2985.834011
1779071882,2984.597552
1779071882,2677.236878
1779071882,2677.396452
1779071882,3293.658797
1779071882,2677.361867
1779071882,2677.395545
1779071882,2985.148003
1779071882,3293.865856
1779071882,2677.153183
1779071882,2985.009374
1779071882,2985.025609
1779071882,2984.946443
1779071882,2985.425969
1779071882,2986.447919
1779071882,2988.080868
1779071882,2987.492973
1779071882,2987.633348
1779071882,2679.679328
1779071882,2987.582076
1779071882,2991.425380
1779071882,2991.979223
1779071882,3297.852932
1779071882,2684.550297
1779071882,2992.043414
1779071882,2991.650430
1779071882,2992.160541
1779071882,2991.657015
1779071882,2991.005967
1779071882,2991.373514
1779071882,2991.232361
1779071882,2991.364893
1779071882,2990.882347
1779071882,3296.890150
1779071882,3299.532343
1779071882,2990.112329
1779071882,2988.381371
1779071882,2989.727234
1779071882,2987.541218
1779071882,2986.027347
1779071882,2986.541861
1779071882,2985.581949
1779071882,2985.639079
1779071882,2983.806790
1779071882,2993.168214
1779071882,2984.666834
1779071882,2676.264448
1779071882,3292.763659
1779071882,2985.876725
1779071882,3292.900850
1779071882,2986.011503
1779071882,2986.095758
1779071882,2985.908790
1779071882,2678.548912
1779071882,2677.384622
1779071882,2678.460470
1779071882,2677.403225
1779071882,2985.455603
1779071882,2677.394908
1779071882,3601.464757
1779071882,2984.918609
1779071882,2985.046084
1779071882,2677.971860
1779071882,2985.240028
1779071882,2986.192151
1779071882,2987.609553
1779071882,2988.126798
1779071882,2987.607463
1779071882,2987.664076
1779071882,2987.699061
1779071882,2991.501657
1779071882,2992.222694
1779071882,2991.770535
1779071882,2992.399311
1779071882,2991.936333
1779071882,2991.320720
1779071882,2992.303310
1779071882,3299.243874
1779071882,2991.458464
1779071882,2991.154257
1779071882,3298.534844
1779071882,2989.702108
1779071882,3297.575916
1779071882,2991.583629
1779071882,2991.850699
1779071882,2990.562219
1779071882,2990.545953
1779071882,2989.792059
1779071882,2987.684385
1779071882,2986.204420
1779071882,2986.577698
1779071882,2986.856015
1779071882,2985.714642
1779071882,2983.583407
1779071882,2993.528922
1779071882,2984.334831
1779071882,2986.529734
1779071882,2677.302658
1779071882,2985.690333
1779071882,2677.425212
1779071882,3293.627405
1779071882,2985.173275
1779071882,2678.142381
1779071882,3602.461696
1779071882,2678.154341
1779071882,2678.185084
1779071882,2678.191146
1779071882,2985.374956
1779071882,2678.408365
1779071882,2985.113741
1779071882,2985.799384
1779071882,2985.390520
1779071882,2986.382239
1779071882,2986.407512
1779071882,2680.399287
1779071882,2986.656133
1779071882,2986.510866
1779071882,3295.335790
1779071882,2987.439580
1779071882,2988.147235
1779071882,2991.148048
1779071882,2991.332919
1779071882,2991.922212
1779071882,2684.139763
1779071882,2991.990764
1779071882,2991.477260
1779071882,2684.287355
1779071882,2992.333332
1779071882,2991.552093
1779071882,2991.870454
1779071882,2991.164642
1779071882,3298.043111
1779071882,2991.067017
1779071882,2991.357814
1779071882,2988.964621
1779071882,2990.915478
1779071882,2990.567509
1779071882,2990.273012
1779071882,2987.656033
1779071882,2986.255251
1779071882,2986.833762
1779071882,2985.705482
1779071882,2985.776002
1779071882,2983.605569
1779071882,2993.061594
1779071882,2985.336367
1779071882,2986.219942
1779071882,2986.286862
1779071882,2678.016137
1779071882,2678.256136
1779071882,2985.545792
1779071882,3293.090232
1779071882,3293.171568
1779071882,2678.640583
1779071882,2677.845255
1779071882,2677.984738
1779071882,2677.950208
1779071882,2679.156562
1779071882,2678.001240
1779071882,2678.150097
1779071882,2985.616697
1779071882,2986.074474
1779071882,2986.455364
1779071882,2986.430334
1779071882,2986.913243
1779071882,2678.963803
1779071882,2987.023450
1779071882,2987.771954
1779071882,2679.859462
1779071882,2680.017247
1779071882,2991.407767
1779071882,3299.161025
1779071882,2992.083236
1779071882,2990.457098
1779071882,2991.856086
1779071882,2683.553814
1779071882,2683.700268
1779071882,2684.221858
1779071882,2991.658889
1779071882,2992.559002
1779071882,2991.084643
1779071882,2990.589199
1779071882,2990.881349
1779071882,2991.583168
1779071882,2990.682269
1779071882,2990.104087
1779071882,2990.554453
1779071882,2989.769862
1779071882,2987.605382
1779071882,2987.393068
1779071882,2985.776694
1779071882,2986.990530
1779071882,2985.825908
1779071882,2983.446064
1779071882,2992.924799
1779071882,2985.091075
1779071882,2985.868660
1779071882,2985.907462
1779071882,2985.880761
1779071882,2986.491982
1779071882,2677.864640
1779071882,2677.988653
1779071882,2986.541103
1779071882,3910.819666
1779071882,3293.766228
1779071882,3911.076745
1779071882,2985.791449
1779071882,2677.408597
1779071882,2677.448337
1779071882,2677.605548
1779071882,2985.708199
1779071882,2985.781686
1779071882,2987.018311
1779071882,2986.380090
1779071882,2986.549694
1779071882,2987.111060
1779071882,2986.944933
1779071882,2987.792353
1779071882,2988.044346
1779071882,2987.897526
1779071882,2991.479438
1779071882,2991.342756
1779071882,2991.597421
1779071882,2991.464065
1779071882,2990.917151
1779071882,2991.974382
1779071882,2992.386710
1779071882,2991.435153
1779071882,2991.532209
1779071882,2991.615381
1779071882,2991.066361
1779071882,2990.567173
1779071882,2990.939373
1779071882,2991.208391
1779071882,2990.253464
1779071882,2989.570092
1779071882,2989.922536
1779071882,2989.876693
1779071882,2987.602308
1779071882,2986.501402
1779071882,2987.095849
1779071882,2987.230094
1779071882,2985.698231
1779071882,2983.613324
1779071882,2994.268688
1779071883,2984.922195
1779071883,3599.976794
1779071883,2985.401756
1779071883,3293.776804
1779071883,3295.054530
1779071883,2985.627947
1779071883,2985.803781
1779071883,3601.732014
1779071883,3601.002711
1779071883,2986.253426
1779071883,3601.331402
1779071883,3293.694869
1779071883,2677.859073
1779071883,3601.544783
1779071883,2985.563497
1779071883,2985.745391
1779071883,2985.830951
1779071883,2986.324310
1779071883,2677.839612
1779071883,2986.724202
1779071883,2986.657057
1779071883,2986.780009
1779071883,2987.819756
1779071883,2987.932625
1779071883,2988.085211
1779071883,2991.525765
1779071883,3298.622975
1779071883,2991.214276
1779071883,2991.710836
1779071883,2991.716292
1779071883,3299.061861
1779071883,2991.424599
1779071883,2991.503353
1779071883,2990.854904
1779071883,2991.767161
1779071883,2990.393102
1779071883,2991.855170
1779071883,2990.767693
1779071883,2991.339987
1779071883,2990.368415
1779071883,2989.590862
1779071883,2990.016731
1779071883,2987.714259
1779071883,2990.084814
1779071883,2986.899004
1779071883,2987.324928
1779071883,2985.492882
1779071883,2986.266769
1779071883,2983.444657
1779071883,2993.623479
1779071883,2985.498652
1779071883,2985.437720
1779071883,3293.033497
1779071883,2985.883922
1779071883,2677.124328
1779071883,3294.415489
1779071883,2985.172661
1779071883,3602.588831
1779071883,3908.132959
1779071883,3294.035609
1779071883,2678.201598
1779071883,3293.528500
1779071883,2984.866598
1779071883,3602.103341
1779071883,3293.660132
1779071883,2985.178458
1779071883,2985.273075
1779071883,2985.886928
1779071883,3601.724640
1779071883,3603.369055
1779071883,2986.481615
1779071883,2986.725696
1779071883,3295.547023
1779071883,3296.060998
1779071883,2988.077986
1779071883,2991.403327
1779071883,2991.248688
1779071883,2991.543766
1779071883,3299.497406
1779071883,2991.406839
1779071883,3298.870293
1779071883,2991.527242
1779071883,3299.587000
1779071883,2991.403634
1779071883,2682.941482
1779071883,2990.577730
1779071883,2991.760071
1779071883,2682.642901
1779071883,2991.069059
1779071883,2990.406679
1779071883,2989.832567
1779071883,2990.013449
1779071883,2989.984573
1779071883,2987.845133
1779071883,2988.027373
1779071883,2987.333848
1779071883,2986.361494
1779071883,2985.518715
1779071883,2983.162782
1779071883,2992.786903
1779071883,2985.186194
1779071883,2985.321027
1779071883,2676.868971
1779071883,3294.092678
1779071883,3601.617076
1779071883,2985.424405
1779071883,2985.689219
1779071883,2985.669433
1779071883,2984.507044
1779071883,3601.197716
1779071883,3601.532274
1779071883,3601.659154
1779071883,2985.438966
1779071883,2985.084715
1779071883,2985.639296
1779071883,2985.319513
1779071883,2676.860760
1779071883,2986.008964
1779071883,2986.187957
1779071883,2986.327943
1779071883,2986.515561
1779071883,2986.178483
1779071883,2987.262320
1779071883,2678.510141
1779071883,2987.798208
1779071883,2985.878493
1779071883,2990.923160
1779071883,2990.360334
1779071883,2682.407078
1779071883,2990.193930
1779071883,2989.655783
1779071883,2993.004870
1779071883,2989.355995
1779071883,2682.872709
1779071883,2991.741158
1779071883,2993.709646
1779071883,2992.337346
1779071883,2992.955313
1779071883,2992.068004
1779071883,2990.098219
1779071883,2992.334523
1779071883,2989.845527
1779071883,2990.055245
1779071883,2987.876230
1779071883,2988.023677
1779071883,2987.403218
1779071883,2986.684341
1779071883,2984.737662
1779071883,2982.684314
1779071883,2992.709521
1779071883,2678.138425
1779071883,2984.685658
1779071883,2984.704103
1779071883,2676.315282
1779071883,2984.972298
1779071883,2986.064697
1779071883,2984.999881
1779071883,2985.182338
1779071883,2676.754557
1779071883,2985.262050
1779071883,3293.156776
1779071883,2985.679273
1779071883,2984.671305
1779071883,2984.698535
1779071883,2984.807994
1779071883,2675.483748
1779071883,2985.005654
1779071883,3294.371316
1779071883,2986.048099
1779071883,2985.545066
1779071883,2985.628005
1779071883,2985.854185
1779071883,2987.058570
1779071883,2678.623896
1779071883,2987.316615
1779071883,2989.502354
1779071883,2989.620361
1779071883,2681.103303
1779071883,2990.711115
1779071883,2991.272042
1779071883,2991.307553
1779071883,2989.867621
1779071883,2989.297316
1779071883,2991.020473
1779071883,2988.271886
1779071883,2991.401322
1779071883,2990.652364
1779071883,2991.183838
1779071883,2992.677099
1779071883,2989.566297
1779071883,2993.422286
1779071883,2990.103628
1779071883,2992.734656
1779071883,2988.036577
1779071883,2987.242923
1779071883,2680.775739
1779071883,2987.554761
1779071883,2673.272307
1779071883,2982.768279
1779071883,2994.233741
1779071883,2984.337692
1779071883,3294.225170
1779071883,2985.368655
1779071883,2675.971544
1779071883,2676.116021
1779071883,2676.174384
1779071883,2676.145000
1779071883,2984.452091
1779071883,2984.569308
1779071883,2984.587626
1779071883,2984.644973
1779071883,2984.801284
1779071883,2983.845829
1779071883,2985.019232
1779071883,2984.965679
1779071883,2984.027643
1779071883,2984.169221
1779071883,2984.616463
1779071883,2985.165156
1779071883,2984.912822
1779071883,2985.420996
1779071883,2985.059067
1779071883,2986.340474
1779071883,2986.594562
1779071883,2986.619168
1779071883,2988.744664
1779071883,2989.335558
1779071883,2989.374185
1779071883,2989.904450
1779071883,2990.340449
1779071883,2990.024420
1779071883,2990.713128
1779071883,2990.635003
1779071883,2989.266369
1779071883,3298.973704
1779071883,2990.571521
1779071883,2990.929910
1779071883,2990.487249
1779071883,3298.953152
1779071883,2989.042567
1779071883,2990.470492
1779071883,2991.254242
1779071883,2989.945799
1779071883,2986.977232
1779071883,2986.146434
1779071883,2987.177300
1779071883,2984.596075
1779071883,2672.952446
1779071883,2982.579078
1779071883,2993.509750
1779071883,2985.307880
1779071883,2674.772481
1779071883,3293.798251
1779071883,2674.922404
1779071883,2984.905358
1779071883,2674.140722
1779071883,2984.888199
1779071883,2675.163431
1779071883,2675.166806
1779071883,2984.310670
1779071883,2674.601621
1779071883,2985.412645
1779071883,2984.395540
1779071883,3293.446070
1779071883,2674.715649
1779071883,2984.000084
1779071883,2985.156491
1779071883,2984.818587
1779071883,2984.847874
1779071883,2985.328576
1779071883,2984.856536
1779071883,2984.944363
1779071883,3295.106952
1779071883,2986.259105
1779071883,2986.623702
1779071883,2988.864032
1779071883,2988.798485
1779071883,3298.086895
1779071883,2989.741888
1779071883,2989.216180
1779071883,2990.550697
1779071883,2990.441321
1779071883,3300.280804
1779071883,2990.267451
1779071883,2990.356163
1779071883,2990.468514
1779071883,2990.380385
1779071883,2991.029762
1779071883,2672.865861
1779071883,2990.201303
1779071883,2990.355360
1779071883,2990.132280
1779071883,2988.450562
1779071883,2986.935480
1779071883,2988.050397
1779071883,2986.391379
1779071883,2987.551903
1779071883,2985.528679
1779071883,2982.557869
1779071883,2993.825155
1779071883,2985.006488
1779071883,2675.122377
1779071883,2984.971355
1779071883,3293.421834
1779071883,2984.958579
1779071883,2675.742248
1779071883,3293.585491
1779071883,2675.918884
1779071883,2676.218258
1779071883,2985.713185
1779071883,2984.624340
1779071883,2985.845636
1779071883,2983.388095
1779071883,2984.966615
1779071883,2983.825379
1779071883,2985.052304
1779071883,2675.669347
1779071883,2985.142699
1779071883,2985.264685
1779071883,2984.789769
1779071883,2985.990445
1779071883,2984.926042
1779071883,3294.622936
1779071883,2986.465055
1779071883,2986.798784
1779071883,2987.825775
1779071883,2988.674785
1779071883,3298.000702
1779071883,2989.484831
1779071883,2989.736468
1779071883,2990.704327
1779071883,2989.931120
1779071883,2990.360390
1779071883,2990.445149
1779071883,2990.342354
1779071883,2990.587837
1779071883,2990.951868
1779071883,2672.731911
1779071883,2990.972909
1779071883,2988.723945
1779071883,2990.259793
1779071883,2989.808658
1779071883,2991.216105
1779071883,2989.098890
1779071883,3294.290215
1779071883,3293.973707
1779071883,2981.644601
1779071883,2674.002493
1779071883,2983.502105
1779071883,2994.211955
1779071883,2983.693894
1779071883,2674.490028
1779071883,2675.430731
1779071883,2675.563207
1779071883,2675.552461
1779071883,2675.615410
1779071883,2674.569687
1779071883,2674.695869
1779071883,2983.927889
1779071883,2674.791915
1779071883,2674.862840
1779071883,2984.115678
1779071883,2675.033282
1779071883,2984.161830
1779071883,2675.081046
1779071883,2674.375497
1779071883,2984.429328
1779071883,2674.682235
1779071883,2972.533367
1779071883,2972.969465
1779071883,2973.144599
1779071883,2973.584073
1779071883,2974.339906
1779071883,2974.628919
1779071883,2975.499133
1779071883,2977.417527
1779071883,2977.779499
1779071883,2978.424791
1779071883,2978.964718
1779071883,2979.251196
1779071883,2979.828467
1779071883,2979.600248
1779071883,2979.796742
1779071883,2980.399042
1779071883,2981.148058
1779071883,2981.467772
1779071883,2981.393039
1779071883,2672.244625
1779071883,2981.885057
1779071883,2980.767918
1779071883,2982.427488
1779071883,2981.874142
1779071883,2982.139921
1779071883,2982.468732
1779071883,2983.632721
1779071883,3294.711785
1779071883,2981.285420
1779071883,2675.052971
1779071883,2982.714311
1779071883,2993.604291
1779071883,2982.539854
1779071883,3292.994119
1779071883,2673.987217
1779071883,2676.051754
1779071883,2676.038092
1779071883,2676.061043
1779071883,2983.118985
1779071883,2675.049834
1779071883,2675.240224
1779071883,2675.319034
1779071883,2675.312625
1779071883,2675.121788
1779071883,2983.347675
1779071883,2983.503734
1779071883,2675.565362
1779071883,2675.392420
1779071883,2674.777005
1779071883,2984.055115
1779071883,2984.161615
1779071883,2984.294501
1779071883,2984.238863
1779071883,2984.915043
1779071883,2984.919553
1779071883,2985.383143
1779071883,2986.261836
1779071883,2978.037547
1779071883,2977.311130
1779071883,2978.005545
1779071883,2670.521284
1779071883,2670.711025
1779071883,2979.030088
1779071883,2979.158185
1779071883,2979.172121
1779071883,2979.704933
1779071883,2980.049373
1779071883,2980.668584
1779071883,3297.752284
1779071883,2980.658016
1779071883,2980.663180
1779071883,2981.269214
1779071883,2982.065431
1779071883,2982.221681
1779071883,2982.767796
1779071883,2983.051710
1779071883,2984.271916
1779071883,2982.417993
1779071883,2982.469351
1779071883,2675.170640
1779071883,2982.742907
1779071883,2994.001955
1779071883,2983.224018
1779071883,3601.307539
1779071883,2982.372686
1779071883,2982.682166
1779071883,2675.526376
1779071883,2675.737597
1779071883,2675.682520
1779071883,2675.984930
1779071883,2675.087811
1779071883,2983.448213
1779071883,2676.357638
1779071883,2675.150987
1779071883,2983.496578
1779071883,2983.027802
1779071883,2675.393920
1779071883,2983.198897
1779071883,2983.188937
1779071883,2983.471751
1779071883,2983.490292
1779071883,2984.220930
1779071883,2984.074480
1779071883,2984.551162
1779071883,2677.471997
1779071883,2984.915729
1779071883,2985.863982
1779071883,2977.602169
1779071883,2978.046212
1779071883,2977.697329
1779071883,2978.885640
1779071883,2978.153421
1779071883,2978.726012
1779071883,2978.926347
1779071883,2978.897376
1779071883,2979.459611
1779071883,2979.782668
1779071883,2980.187610
1779071883,3291.654811
1779071883,2980.341515
1779071883,2671.841155
1779071883,2981.157112
1779071883,2981.559563
1779071883,2982.244410
1779071883,2982.061266
1779071883,2673.943509
1779071883,2983.666074
1779071883,2983.051031
1779071883,2674.971015
1779071883,2982.388539
1779071883,2982.796120
1779071883,2994.398178
1779071884,2984.038001
1779071884,3601.866189
1779071884,3602.137092
1779071884,3292.583016
1779071884,3290.321992
1779071884,3909.166923
1779071884,2676.050679
1779071884,3601.365323
1779071884,2676.478719
1779071884,2675.374359
1779071884,2675.529037
1779071884,2675.529391
1779071884,2675.631922
1779071884,3291.533953
1779071884,2675.510856
1779071884,2983.871320
1779071884,2675.408279
1779071884,2983.307455
1779071884,2675.543991
1779071884,2984.152726
1779071884,2984.363733
1779071884,2984.244430
1779071884,2984.636992
1779071884,2984.689893
1779071884,2985.816104
1779071884,2977.231827
1779071884,2977.518021
1779071884,2978.280752
1779071884,2978.350853
1779071884,2978.724374
1779071884,2979.344538
1779071884,2979.469457
1779071884,2979.509931
1779071884,2979.187155
1779071884,2979.560941
1779071884,2980.018683
1779071884,2979.983666
1779071884,3289.185788
1779071884,2980.167265
1779071884,2980.712934
1779071884,2980.965072
1779071884,2981.850103
1779071884,2982.041675
1779071884,2982.536363
1779071884,2984.156004
1779071884,3289.455900
1779071884,2982.740883
1779071884,2982.634543
1779071884,2984.393859
1779071884,2993.677490
1779071884,2983.578577
1779071884,2983.490567
1779071884,3291.530016
1779071884,3601.500811
1779071884,3601.645129
1779071884,3601.942118
1779071884,3601.810924
1779071884,3600.963317
1779071884,2983.173895
1779071884,3602.204412
1779071884,2982.627917
1779071884,3291.735745
1779071884,3291.604363
1779071884,2675.253846
1779071884,3292.155514
1779071884,2983.250123
1779071884,2983.213374
1779071884,2983.241747
1779071884,2675.582055
1779071884,2983.776417
1779071884,2675.465464
1779071884,2984.131933
1779071884,2984.183417
1779071884,2984.290252
1779071884,2985.631802
1779071884,2978.062590
1779071884,3284.754348
1779071884,2977.348226
1779071884,3285.821552
1779071884,2978.569596
1779071884,2979.272077
1779071884,2670.448740
1779071884,2979.563732
1779071884,2980.048798
1779071884,2980.191990
1779071884,2979.865126
1779071884,2979.886094
1779071884,2980.029588
1779071884,2980.122458
1779071884,2980.525840
1779071884,2980.870860
1779071884,2981.814876
1779071884,2982.058806
1779071884,2982.274366
1779071884,2984.143484
1779071884,3290.339356
1779071884,2675.455553
1779071884,2982.627977
1779071884,2983.433021
1779071884,2994.038251
1779071884,2984.479024
1779071884,3601.309560
1779071884,3290.641073
1779071884,2984.560065
1779071884,2675.723463
1779071884,2982.466366
1779071884,2982.385024
1779071884,3602.974433
1779071884,3909.013877
1779071884,3292.687819
1779071884,2983.063134
1779071884,3291.502853
1779071884,3291.643072
1779071884,3292.141809
1779071884,2983.429883
1779071884,2982.910024
1779071884,2982.859715
1779071884,2983.084594
1779071884,2674.751970
1779071884,2982.869550
1779071884,2984.303024
1779071884,2983.659396
1779071884,2983.744867
1779071884,2983.803433
1779071884,2985.293090
1779071884,2977.842637
1779071884,2977.901172
1779071884,2978.024823
1779071884,2978.971636
1779071884,2978.415522
1779071884,2978.941742
1779071884,2979.278862
1779071884,2979.240943
1779071884,2980.058321
1779071884,2980.107321
1779071884,2979.563713
1779071884,3288.424651
1779071884,2979.600477
1779071884,2672.319166
1779071884,2980.220478
1779071884,2980.638118
1779071884,2981.465674
1779071884,2673.476574
1779071884,2982.087258
1779071884,2983.934893
1779071884,3597.911087
1779071884,2982.817513
1779071884,2982.979126
1779071884,2982.712280
1779071884,2994.408881
1779071884,3597.946216
1779071884,2983.820087
1779071884,2983.789046
1779071884,2983.900993
1779071884,3601.071984
1779071884,2983.935342
1779071884,3601.150853
1779071884,2983.052894
1779071884,2982.815455
1779071884,3600.401777
1779071884,3290.619175
1779071884,2984.686117
1779071884,3599.523197
1779071884,3290.885336
1779071884,2982.918813
1779071884,3599.744807
1779071884,2982.853304
1779071884,2675.213696
1779071884,2674.657254
1779071884,2674.960332
1779071884,3293.345621
1779071884,2983.619195
1779071884,2983.950237
1779071884,2984.089814
1779071884,2985.236544
1779071884,2977.678637
1779071884,2977.755088
1779071884,2977.745907
1779071884,2978.756951
1779071884,2979.068786
1779071884,2978.632351
1779071884,2978.776269
1779071884,2978.818659
1779071884,2979.748569
1779071884,2979.819234
1779071884,2980.353563
1779071884,2979.679490
1779071884,2672.054196
1779071884,2979.857139
1779071884,2980.118563
1779071884,2980.916906
1779071884,2981.472445
1779071884,2981.785940
1779071884,2982.218648
1779071884,2984.102259
1779071884,2983.689098
1779071884,2983.353107
1779071884,2983.288719
1779071884,2982.882795
1779071884,2993.959738
1779071884,2983.772494
1779071884,2984.195114
1779071884,2983.062989
1779071884,2675.813222
1779071884,2984.552118
1779071884,2984.603413
1779071884,2984.583357
1779071884,2983.420847
1779071884,2983.657382
1779071884,3599.530027
1779071884,2983.253178
1779071884,2983.297675
1779071884,2675.353509
1779071884,3599.747962
1779071884,2675.467038
1779071884,2982.202906
1779071884,2982.483042
1779071884,2674.391485
1779071884,2982.660575
1779071884,2674.509540
1779071884,2983.599261
1779071884,2983.218377
1779071884,2983.659966
1779071884,2675.136503
1779071884,2985.049987
1779071884,2977.099675
1779071884,2977.242333
1779071884,2670.496739
1779071884,2977.522620
1779071884,2978.457882
1779071884,3287.077757
1779071884,2978.276004
1779071884,2671.621754
1779071884,2979.342257
1779071884,2979.392878
1779071884,2980.018922
1779071884,2979.850143
1779071884,2980.240980
1779071884,2672.372049
1779071884,2980.410848
1779071884,2981.049005
1779071884,2981.708658
1779071884,2982.042518
1779071884,2982.065639
1779071884,2983.916487
1779071884,3290.870547
1779071884,2983.397945
1779071884,2983.442634
1779071884,2982.792694
1779071884,2994.451764
1779071884,2983.386636
1779071884,3909.441699
1779071884,2983.693426
1779071884,2674.999372
1779071884,2983.911854
1779071884,2983.924401
1779071884,2675.342874
1779071884,2984.126954
1779071884,2675.541695
1779071884,2983.125180
1779071884,2983.226453
1779071884,2675.793143
1779071884,2675.647798
1779071884,2983.241539
1779071884,2982.895539
1779071884,2674.708411
1779071884,3290.911301
1779071884,2983.300879
1779071884,2982.589817
1779071884,2982.710511
1779071884,2983.078281
1779071884,2982.763214
1779071884,2983.468151
1779071884,2983.592841
1779071884,2984.808512
1779071884,2976.159207
1779071884,2977.931178
1779071884,2977.991475
1779071884,2669.034953
1779071884,2978.102812
1779071884,2978.934764
1779071884,2670.827229
1779071884,2979.172432
1779071884,2979.282180
1779071884,2979.505346
1779071884,3287.516863
1779071884,2979.981219
1779071884,2980.003769
1779071884,2980.118136
1779071884,2980.476900
1779071884,2981.245932
1779071884,3597.989291
1779071884,2981.725226
1779071884,2982.045187
1779071884,2983.124329
1779071884,2983.297837
1779071884,2982.959165
1779071884,2983.348333
1779071884,2981.710206
1779071884,2994.096838
1779071884,2983.494400
1779071884,2983.885746
1779071884,2984.222301
1779071884,2984.376496
1779071884,2984.395415
1779071884,2674.804359
1779071884,2674.811315
1779071884,2983.383195
1779071884,2675.198737
1779071884,2983.555363
1779071884,2675.164548
1779071884,2982.505412
1779071884,2675.328755
1779071884,2675.477076
1779071884,3290.690968
1779071884,2674.719635
1779071884,2983.095365
1779071884,3290.525099
1779071884,2675.171343
1779071884,3290.756672
1779071884,2982.631734
1779071884,2982.769259
1779071884,2983.192434
1779071884,2983.293711
1779071884,2984.612663
1779071884,2977.255658
1779071884,2977.815873
1779071884,2976.784444
1779071884,2976.842782
1779071884,2978.119317
1779071884,2979.052428
1779071884,2978.208316
1779071884,2979.213606
1779071884,3286.300881
1779071884,2979.181613
1779071884,2979.421151
1779071884,2979.665635
1779071884,2980.022486
1779071884,2979.982293
1779071884,2980.483892
1779071884,2981.149083
1779071884,2981.426945
1779071884,2981.735461
1779071884,2982.021433
1779071884,2983.082518
1779071884,2983.310588
1779071884,2983.333156
1779071884,2675.354594
1779071884,2981.819138
1779071884,2994.297068
1779071884,2983.208117
1779071884,2674.652092
1779071884,2983.859457
1779071884,2983.851667
1779071884,2983.891666
1779071884,2983.872692
1779071884,2675.346771
1779071884,2984.205972
1779071884,2674.272653
1779071884,2983.190194
1779071884,2674.329414
1779071884,2674.658792
1779071884,2983.414907
1779071884,2982.334939
1779071884,3291.755516
1779071884,2982.513385
1779071884,2982.737795
1779071884,3599.238054
1779071884,3290.618823
1779071884,2982.488048
1779071884,2982.756985
1779071884,3291.012382
1779071884,2983.097050
1779071884,2983.584073
1779071884,2975.977262
1779071884,2984.653668
1779071884,2976.374983
1779071884,3284.838220
1779071884,2977.034800
1779071884,2978.469568
1779071884,3285.887418
1779071884,2670.590790
1779071884,2978.379642
1779071884,2978.903264
1779071884,2979.319509
1779071884,3287.507995
1779071884,2979.359586
1779071884,2979.726684
1779071884,2979.884411
1779071884,2980.323447
1779071884,2980.586325
1779071884,2981.221118
1779071884,2981.629218
1779071884,2981.840009
1779071884,2982.118031
1779071884,2675.801600
1779071884,2983.184445
1779071884,2983.184554
1779071884,2980.933926
1779071884,2994.600307
1779071884,2982.599626
1779071884,2674.119683
1779071884,2982.830751
1779071884,3291.758471
1779071884,2983.214360
1779071884,2983.140025
1779071884,2674.779423
1779071884,2983.405845
1779071884,2983.542313
1779071884,3291.217560
1779071884,2675.037647
1779071884,2982.592414
1779071884,2982.657501
1779071884,2982.741322
1779071884,2982.810107
1779071884,3291.357791
1779071884,2982.986750
1779071884,2979.449443
1779071884,2979.453355
1779071884,2674.141696
1779071884,2980.371406
1779071884,2980.415571
1779071884,2980.957744
1779071884,2981.608236
1779071884,2982.644173
1779071884,2976.994582
1779071884,3284.012676
1779071884,2976.474394
1779071884,2976.230383
1779071884,2977.644217
1779071884,3285.977870
1779071884,2978.747788
1779071884,2978.696702
1779071884,2979.267591
1779071884,2979.851649
1779071884,2671.926460
1779071884,2979.124575
1779071884,2979.156984
1779071884,2979.554617
1779071884,2979.623436
1779071884,2980.589880
1779071884,2981.249959
1779071884,2981.355723
1779071884,2981.664996
1779071884,2982.369164
1779071884,2983.218960
1779071884,2983.569086
1779071884,2983.023516
1779071884,2980.876540
1779071884,2993.893050
1779071884,2982.636439
1779071884,3292.104688
1779071884,3291.001395
1779071884,2982.703558
1779071884,2674.291001
1779071884,2674.378027
1779071884,2674.365291
1779071884,3290.331585
1779071884,2982.339010
1779071884,2982.252030
1779071884,2675.873126
1779071884,2674.653216
1779071884,2674.676412
1779071884,3290.726610
1779071884,2982.666838
1779071884,2674.895187
1779071884,2981.576565
1779071884,2675.332981
1779071884,2675.397530
1779071884,2979.609085
1779071884,2981.738492
1779071884,2980.310700
1779071884,2980.617799
1779071884,2980.896943
1779071884,2974.731872
1779071884,2982.548917
1779071884,2977.759706
1779071884,2976.159931
1779071884,2668.963919
1779071884,2977.727748
1779071884,2978.473245
1779071884,2978.823203
1779071884,2978.785990
1779071884,2979.098601
1779071884,2978.082235
1779071884,2979.839013
1779071884,2670.882594
1779071884,2978.941351
1779071884,2979.276239
1779071884,2979.500321
1779071884,2980.792368
1779071884,2672.539442
1779071884,2981.197050
1779071884,2981.693689
1779071884,2982.517018
1779071884,3290.748122
1779071884,2983.015627
1779071884,2983.676056
1779071884,2980.695277
1779071885,2994.334642
1779071885,2673.598214
1779071885,3599.212023
1779071885,3291.893189
1779071885,2983.216665
1779071885,2982.098118
1779071885,2674.035639
1779071885,2673.980804
1779071885,2674.317425
1779071885,2674.266150
1779071885,2982.520512
1779071885,3291.232465
1779071885,3291.340587
1779071885,2982.632757
1779071885,2982.838278
1779071885,2982.931718
1779071885,2982.840912
1779071885,2983.342256
1779071885,2981.316398
1779071885,2981.552893
1779071885,2979.274179
1779071885,2982.209778
1779071885,2979.718233
1779071885,2980.370160
1779071885,2980.341671
1779071885,2981.332406
1779071885,2977.167143
1779071885,2975.558638
1779071885,2977.142059
1779071885,2976.229867
1779071885,2977.591435
1779071885,3285.978715
1779071885,2978.567367
1779071885,2978.541010
1779071885,2979.059499
1779071885,2979.445530
1779071885,2978.427645
1779071885,2978.773683
1779071885,2978.892086
1779071885,2979.419000
1779071885,2979.556542
1779071885,2980.885230
1779071885,2672.685478
1779071885,2981.110485
1779071885,2981.664593
1779071885,3290.256689
1779071885,2983.132348
1779071885,2983.955877
1779071885,2983.401412
1779071885,2980.825397
1779071885,2992.858666
1779071885,2981.734416
1779071885,2983.069578
1779071885,2673.849062
1779071885,2674.040560
1779071885,2673.945128
1779071885,2674.035739
1779071885,3599.455747
1779071885,3599.393201
1779071885,2673.974013
1779071885,2674.357553
1779071885,2982.417243
1779071885,2674.204903
1779071885,3287.591948
1779071885,2674.829648
1779071885,2674.908311
1779071885,2981.536232
1779071885,2979.525932
1779071885,2982.068197
1779071885,2979.797376
1779071885,2675.494776
1779071885,2675.930669
1779071885,2675.757599
1779071885,2980.420009
1779071885,2980.391777
1779071885,2981.273825
1779071885,2977.037235
1779071885,2976.696863
1779071885,2975.913159
1779071885,2976.139875
1779071885,2977.502829
1779071885,2978.027463
1779071885,2978.255820
1779071885,2978.385321
1779071885,2978.751107
1779071885,3286.380560
1779071885,2978.406239
1779071885,2978.798995
1779071885,2979.041449
1779071885,2671.220195
1779071885,2979.765554
1779071885,2980.490973
1779071885,2980.774560
1779071885,2981.001951
1779071885,2981.555274
1779071885,2982.707397
1779071885,2983.104726
1779071885,2983.862181
1779071885,2983.536601
1779071885,2980.955150
1779071885,2992.113937
1779071885,3291.585304
1779071885,2673.782023
1779071885,2673.946493
1779071885,3600.101029
1779071885,2673.822249
1779071885,2983.018377
1779071885,2673.829034
1779071885,2984.504867
1779071885,2674.304380
1779071885,3291.051734
1779071885,2674.223378
1779071885,2674.487036
1779071885,2674.579160
1779071885,2983.593423
1779071885,2674.558028
1779071885,2674.894424
1779071885,2981.881563
1779071885,2674.862853
1779071885,2675.303019
1779071885,2675.388831
1779071885,2980.226403
1779071885,2980.207266
1779071885,2980.485592
1779071885,2671.596477
1779071885,2981.104851
1779071885,2976.906657
1779071885,2976.649905
1779071885,3284.063470
1779071885,2976.843663
1779071885,2978.434216
1779071885,2978.974358
1779071885,2978.441218
1779071885,2978.612071
1779071885,2977.782996
1779071885,2978.736376
1779071885,3286.591309
1779071885,2979.273511
1779071885,2979.188543
1779071885,2979.285250
1779071885,2979.807475
1779071885,2671.836592
1779071885,3289.489057
1779071885,2981.287966
1779071885,2981.325263
1779071885,2982.347606
1779071885,2982.769214
1779071885,2983.495689
1779071885,2983.594431
1779071885,2980.713633
1779071885,2991.454259
1779071885,3289.977941
1779071885,3907.364423
1779071885,3290.713161
1779071885,2983.102258
1779071885,2673.630299
1779071885,2673.809178
1779071885,2673.921852
1779071885,2674.198341
1779071885,2675.489240
1779071885,2676.460554
1779071885,2674.536651
1779071885,2674.326319
1779071885,2674.701056
1779071885,2979.866000
1779071885,2674.711264
1779071885,2674.705115
1779071885,2674.868157
1779071885,2984.223202
1779071885,2982.811350
1779071885,2675.215620
1779071885,2980.536563
1779071885,2671.705946
1779071885,2980.087576
1779071885,2982.390290
1779071885,2980.666679
1779071885,2976.930439
1779071885,2976.756506
1779071885,2976.825393
1779071885,2976.017284
1779071885,2977.581448
1779071885,2978.183597
1779071885,2978.270214
1779071885,2978.378616
1779071885,2978.842208
1779071885,2978.060098
1779071885,2978.565455
1779071885,2978.649641
1779071885,2979.155195
1779071885,2979.211494
1779071885,2979.902493
1779071885,3288.249554
1779071885,2981.382204
1779071885,2981.433340
1779071885,2981.141907
1779071885,2982.325200
1779071885,2982.956983
1779071885,2984.065188
1779071885,2983.715591
1779071885,2980.994017
1779071885,2991.816271
1779071885,3290.928033
1779071885,2982.259363
1779071885,2674.983061
1779071885,2674.998835
1779071885,2675.001547
1779071885,2674.209191
1779071885,2674.194491
1779071885,3291.043734
1779071885,3292.288634
1779071885,2983.021417
1779071885,2983.222141
1779071885,2674.484561
1779071885,2674.633334
1779071885,2983.337232
1779071885,2674.795004
1779071885,2674.801474
1779071885,2983.989262
1779071885,2982.525385
1779071885,2983.799295
1779071885,2980.388763
1779071885,2675.316775
1779071885,2980.562779
1779071885,2980.605506
1779071885,2980.613811
1779071885,2980.360908
1779071885,2976.821529
1779071885,2976.574786
1779071885,2976.662089
1779071885,2976.880346
1779071885,2977.256851
1779071885,2977.539142
1779071885,2978.214686
1779071885,2978.300660
1779071885,2977.704600
1779071885,2978.819535
1779071885,2978.313964
1779071885,2978.692082
1779071885,3287.000804
1779071885,2979.347437
1779071885,2979.981456
1779071885,2980.109675
1779071885,2981.350636
1779071885,2981.432138
1779071885,2980.937909
1779071885,2982.124822
1779071885,2983.016112
1779071885,2983.940997
1779071885,2984.164200
1779071885,2981.029420
1779071885,2992.496860
1779071885,3907.468875
1779071885,3599.900832
1779071885,3292.440564
1779071885,2982.054848
1779071885,3291.373930
1779071885,2675.008083
1779071885,2675.017662
1779071885,2673.961491
1779071885,2674.095297
1779071885,2674.060839
1779071885,3290.815838
1779071885,2674.359247
1779071885,2674.374377
1779071885,2674.502516
1779071885,2674.604885
1779071885,3290.633979
1779071885,3292.507555
1779071885,3601.474724
1779071885,2982.980416
1779071885,2982.264812
1779071885,2979.772407
1779071885,2979.811654
1779071885,2979.907611
1779071885,3288.871009
1779071885,2980.165454
1779071885,2976.607970
1779071885,2976.379149
1779071885,2976.470796
1779071885,2976.603646
1779071885,2977.860546
1779071885,2669.733146
1779071885,2978.643970
1779071885,2978.915409
1779071885,2977.683608
1779071885,2978.875734
1779071885,2978.316132
1779071885,2978.536861
1779071885,2978.900933
1779071885,2979.233374
1779071885,2979.813762
1779071885,2979.958220
1779071885,3289.494038
1779071885,2981.477070
1779071885,2981.185267
1779071885,2981.386118
1779071885,2983.015126
1779071885,2984.261500
1779071885,2984.398026
1779071885,2981.077280
1779071885,2991.947957
1779071885,3290.553856
1779071885,2981.334285
1779071885,3599.005876
1779071885,2674.073355
1779071885,3290.656482
1779071885,3598.987857
1779071885,2981.789565
1779071885,2674.435061
1779071885,2981.981600
1779071885,2674.609732
1779071885,3291.568117
1779071885,2673.820562
1779071885,2673.901392
1779071885,2673.801396
1779071885,2673.867251
1779071885,2982.631195
1779071885,2674.039168
1779071885,2982.700383
1779071885,3287.779345
1779071885,2673.898550
1779071885,2674.218829
1779071885,2979.754149
1779071885,2983.362081
1779071885,2673.436396
1779071885,2980.087046
1779071885,2977.386857
1779071885,2976.997569
1779071885,2975.999625
1779071885,2976.370466
1779071885,2977.480029
1779071885,2977.587182
1779071885,2978.147544
1779071885,2978.475633
1779071885,2978.972177
1779071885,2978.952901
1779071885,2979.471472
1779071885,2979.210512
1779071885,2978.830278
1779071885,2979.512912
1779071885,2978.899559
1779071885,2979.764062
1779071885,2984.175518
1779071885,2984.316562
1779071885,2984.016728
1779071885,2983.398112
1779071885,2983.067329
1779071885,2984.671535
1779071885,2984.720653
1779071885,2981.049003
1779071885,2992.332775
1779071885,2983.262136
1779071885,3599.290959
1779071885,2981.235576
1779071885,3599.520261
1779071885,3599.553975
1779071885,3599.790079
1779071885,2673.129196
1779071885,4216.217097
1779071885,2981.885752
1779071885,2675.012783
1779071885,3599.236412
1779071885,3600.402697
1779071885,2982.481781
1779071885,3599.521902
1779071885,2674.202822
1779071885,2982.739481
1779071885,2674.563927
1779071885,2674.498826
1779071885,2981.376051
1779071885,2980.982091
1779071885,2981.065972
1779071885,2979.801760
1779071885,2982.343204
1779071885,2980.012801
1779071885,2980.155519
1779071885,2977.460986
1779071885,2976.976426
1779071885,2976.997237
1779071885,2976.389713
1779071885,2976.534527
1779071885,2669.556405
1779071885,2978.157421
1779071885,2978.505437
1779071885,2978.914900
1779071885,2978.800425
1779071885,2979.245901
1779071885,2979.295124
1779071885,2978.887051
1779071885,2979.639488
1779071885,2979.832732
1779071885,2979.702625
1779071885,2984.003015
1779071885,2984.320385
1779071885,2983.109664
1779071885,2984.268902
1779071885,2676.521015
1779071885,2983.900084
1779071885,2981.320407
1779071885,2985.284226
1779071885,2992.732822
1779071885,2983.239504
1779071885,2982.263649
1779071885,2981.162986
1779071885,2673.770942
1779071885,3599.037000
1779071885,3599.272511
1779071885,2981.471331
1779071885,4215.250990
1779071885,4214.210740
1779071885,3290.237273
1779071885,3290.324095
1779071885,2981.955718
1779071885,2674.673960
1779071885,2982.131199
1779071885,2673.745939
1779071885,2981.595961
1779071885,2981.785094
1779071885,2982.890159
1779071885,2982.827033
1779071885,2981.060937
1779071885,2981.455921
1779071885,2674.117851
1779071885,2981.233310
1779071885,2979.951987
1779071885,2979.982321
1779071885,2977.355530
1779071885,2976.804518
1779071885,2976.928986
1779071885,2977.613325
1779071885,3284.789806
1779071885,2977.707937
1779071885,2978.196410
1779071885,2978.556049
1779071885,2978.777504
1779071885,2978.894446
1779071885,2979.244259
1779071885,2979.509096
1779071885,2979.366298
1779071885,2979.575956
1779071885,2979.463038
1779071885,2979.755627
1779071885,2984.169247
1779071885,2984.307059
1779071885,2984.603528
1779071885,2983.349033
1779071885,2982.801592
1779071885,2983.981335
1779071885,2984.969193
1779071885,2676.703279
1779071885,2991.763402
1779071886,2982.966194
1779071886,2982.079729
1779071886,3598.896322
1779071886,2674.566514
1779071886,3599.111049
1779071886,2674.664316
1779071886,2982.497719
1779071886,3599.268997
1779071886,3599.233579
1779071886,3599.625833
1779071886,2675.108974
1779071886,2980.251385
1779071886,3599.412389
1779071886,3598.498353
1779071886,2674.348056
1779071886,2982.023047
1779071886,2674.637164
1779071886,2674.503600
1779071886,2674.841462
1779071886,2981.384474
1779071886,3290.041746
1779071886,2674.026516
1779071886,2979.715007
1779071886,3287.816029
1779071886,2980.041822
1779071886,2977.184952
1779071886,2976.558597
1779071886,2976.641915
1779071886,2976.726469
1779071886,2976.483488
1779071886,2977.597899
1779071886,2978.016342
1779071886,2978.426961
1779071886,2978.716691
1779071886,2978.849050
1779071886,2979.330463
1779071886,2979.458405
1779071886,2671.026235
1779071886,2979.774287
1779071886,2979.581811
1779071886,2979.661441
1779071886,2984.336378
1779071886,2984.488330
1779071886,2676.491564
1779071886,2984.711445
1779071886,2982.893488
1779071886,2984.155048
1779071886,2980.496334
1779071886,2984.971876
1779071886,2992.380024
1779071886,3289.322014
1779071886,2982.575181
1779071886,2982.471707
1779071886,2982.657309
1779071886,2674.027380
1779071886,2673.944247
1779071886,2982.597387
1779071886,2673.814781
1779071886,2981.688332
1779071886,2674.372991
1779071886,2981.781732
1779071886,2674.352667
1779071886,2673.995063
1779071886,3290.115790
1779071886,2674.114434
1779071886,2981.442017
1779071886,2982.211238
1779071886,3289.689612
1779071886,2981.748136
1779071886,2981.956158
1779071886,2981.588156
1779071886,2673.751993
1779071886,2673.582301
1779071886,2980.341429
1779071886,2980.215962
1779071886,2977.203512
1779071886,2976.614074
1779071886,2976.759696
1779071886,2977.796543
1779071886,3284.762983
1779071886,2977.468130
1779071886,2978.073984
1779071886,2978.367268
1779071886,2670.730938
1779071886,2978.919989
1779071886,2979.319955
1779071886,2671.033457
1779071886,2979.331892
1779071886,2980.016995
1779071886,2979.715148
1779071886,2979.633342
1779071886,2984.512967
1779071886,3291.078261
1779071886,2984.747334
1779071886,2982.779550
1779071886,2982.949526
1779071886,2984.417265
1779071886,2984.379510
1779071886,2981.217381
1779071886,2994.047255
1779071886,2673.548291
1779071886,2674.828996
1779071886,2674.762281
1779071886,2674.916089
1779071886,2674.859752
1779071886,2983.496882
1779071886,2673.849574
1779071886,2982.312640
1779071886,2674.315656
1779071886,2982.632699
1779071886,2981.748849
1779071886,2982.842695
1779071886,2674.473301
1779071886,4214.788826
1779071886,2981.837527
1779071886,2981.898695
1779071886,2982.114135
1779071886,2981.729173
1779071886,3287.528824
1779071886,2979.628983
1779071886,2981.669005
1779071886,2981.582911
1779071886,2675.217623
1779071886,2979.973597
1779071886,2980.212775
1779071886,2977.084669
1779071886,2976.367872
1779071886,2976.567772
1779071886,2977.723191
1779071886,2977.413243
1779071886,2978.157494
1779071886,2977.973036
1779071886,2978.335314
1779071886,2670.448004
1779071886,2978.151323
1779071886,2978.915766
1779071886,2978.943167
1779071886,2978.950551
1779071886,2980.167496
1779071886,2979.114216
1779071886,2979.649746
1779071886,2984.559698
1779071886,2982.568957
1779071886,2984.842101
1779071886,2982.734889
1779071886,2985.015417
1779071886,3289.051290
1779071886,2984.576122
1779071886,2981.168752
1779071886,2993.478319
1779071886,2983.321699
1779071886,2674.560317
1779071886,3290.814111
1779071886,2674.571070
1779071886,2674.619035
1779071886,2674.639119
1779071886,2675.054017
1779071886,2982.600000
1779071886,3908.225485
1779071886,2675.297924
1779071886,2982.933687
1779071886,2674.230610
1779071886,2675.694150
1779071886,2981.781214
1779071886,2981.749356
1779071886,2674.828943
1779071886,2979.824378
1779071886,2982.605342
1779071886,2676.303570
1779071886,2980.636003
1779071886,2674.392776
1779071886,2982.927284
1779071886,2675.644737
1779071886,2677.919188
1779071886,2675.524563
1779071886,2978.169269
1779071886,2977.438385
1779071886,2976.496560
1779071886,2976.693297
1779071886,2977.368398
1779071886,2978.203064
1779071886,2978.093074
1779071886,2978.423854
1779071886,2670.207634
1779071886,2978.156067
1779071886,2978.889075
1779071886,3286.934957
1779071886,2979.188068
1779071886,2979.234835
1779071886,2979.270087
1779071886,2980.250097
1779071886,2984.515580
1779071886,3291.392172
1779071886,2984.870537
1779071886,2982.920695
1779071886,2983.005143
1779071886,2984.634731
1779071886,2984.677863
1779071886,2981.203246
1779071886,2994.028228
1779071886,2674.608067
1779071886,2674.674006
1779071886,2982.889747
1779071886,2674.667821
1779071886,2675.850011
1779071886,2674.830243
1779071886,2983.061649
1779071886,2675.069439
1779071886,2673.832281
1779071886,2673.873074
1779071886,2674.239207
1779071886,2674.439248
1779071886,2674.635286
1779071886,2674.974000
1779071886,3288.608696
1779071886,2675.011339
1779071886,2675.049667
1779071886,2673.132921
1779071886,2977.824953
1779071886,2977.303152
1779071886,2982.126155
1779071886,2976.701384
1779071886,2977.281118
1779071886,2982.550969
1779071886,2676.605402
1779071886,2977.496244
1779071886,2978.193310
1779071886,2678.358445
1779071886,2977.923568
1779071886,2986.361974
1779071886,3285.972050
1779071886,2680.462652
1779071886,2978.272826
1779071886,2986.676069
1779071886,3286.803704
1779071886,2979.116665
1779071886,2680.250943
1779071886,2979.265566
1779071886,2980.190007
1779071886,2979.792485
1779071886,2979.838857
1779071886,2985.267552
1779071886,2984.901466
1779071886,2985.066363
1779071886,2984.121347
1779071886,2982.995700
1779071886,2985.121474
1779071886,2985.186508
1779071886,2980.340360
1779071886,2994.663239
1779071886,3290.246387
1779071886,3292.216972
1779071886,3907.128350
1779071886,2675.214533
1779071886,2982.782588
1779071886,3291.286793
1779071886,2982.920035
1779071886,2674.583760
1779071886,2674.597589
1779071886,3291.947471
1779071886,2983.493201
1779071886,2674.923579
1779071886,2674.918952
1779071886,2675.070166
1779071886,2983.817912
1779071886,2675.308608
1779071886,2983.948986
1779071886,2675.675616
1779071886,2983.269820
1779071886,2675.912858
1779071886,2674.751061
1779071886,2982.531352
1779071886,2982.365885
1779071886,2984.519869
1779071886,2982.615991
1779071886,2979.602328
1779071886,2979.604278
1779071886,2980.935688
1779071886,2978.676227
1779071886,2978.884008
1779071886,2979.132953
1779071886,2979.302762
1779071886,3286.144125
1779071886,2978.934711
1779071886,2979.313114
1779071886,2979.243657
1779071886,2979.155422
1779071886,2979.353372
1779071886,2979.991127
1779071886,2981.192767
1779071886,2980.470697
1779071886,2984.966836
1779071886,2985.773133
1779071886,2677.337562
1779071886,2983.281979
1779071886,2985.174860
1779071886,2980.068372
1779071886,2985.509247
1779071886,2985.127039
1779071886,2993.600905
1779071886,3598.784414
1779071886,3599.508443
1779071886,3290.782350
1779071886,3290.911982
1779071886,2983.473552
1779071886,3292.399335
1779071886,3292.367274
1779071886,3598.566620
1779071886,2675.270339
1779071886,2982.913320
1779071886,3904.122464
1779071886,2674.303691
1779071886,2674.456942
1779071886,3291.072447
1779071886,2673.306933
1779071886,2983.520557
1779071886,2674.942026
1779071886,2983.212607
1779071886,3597.252830
1779071886,2983.319009
1779071886,2675.588489
1779071886,3290.022471
1779071886,2982.534141
1779071886,2983.293144
1779071886,2982.611513
1779071886,2980.472533
1779071886,2980.494194
1779071886,2979.551861
1779071886,2979.565711
1779071886,2979.721589
1779071886,2979.115094
1779071886,3286.693716
1779071886,2979.430820
1779071886,2978.817098
1779071886,2979.304817
1779071886,2671.530904
1779071886,2979.144203
1779071886,2979.293874
1779071886,2980.380445
1779071886,2980.320367
1779071886,2980.498969
1779071886,2677.284227
1779071886,2985.135235
1779071886,2985.255092
1779071886,2984.073761
1779071886,2986.133747
1779071886,2984.988293
1779071886,2980.688909
1779071886,2985.591906
1779071886,2993.832898
1779071886,3290.001240
1779071886,4523.212110
1779071886,3598.553701
1779071886,3599.899024
1779071886,2982.921274
1779071886,2674.508159
1779071886,3600.312871
1779071886,2674.630184
1779071886,3291.584163
1779071886,3291.654143
1779071886,3291.500932
1779071886,3599.683143
1779071886,3292.187629
1779071886,3291.890280
1779071886,3290.819896
1779071886,2675.339393
1779071886,3598.544498
1779071886,3292.391716
1779071886,2982.717925
1779071886,3289.014105
1779071886,2983.807744
1779071886,2982.629646
1779071886,2983.860802
1779071886,2982.023847
1779071886,3288.130682
1779071886,2980.275264
1779071886,2980.373560
1779071886,2979.297172
1779071886,2979.414459
1779071886,2671.429967
1779071886,2671.809430
1779071886,2979.257745
1779071886,2978.645254
1779071886,2978.786373
1779071886,2979.262801
1779071886,2979.170448
1779071886,2979.226193
1779071886,2979.226747
1779071886,2979.691990
1779071886,2980.912138
1779071886,2980.990430
1779071886,2985.207458
1779071886,2985.398892
1779071886,2984.193109
1779071886,2985.276700
1779071886,2983.311672
1779071886,2985.006582
1779071886,2980.683140
1779071886,2985.469444
1779071886,2994.147575
1779071886,2982.157393
1779071886,2989.023132
1779071886,2672.100964
1779071886,2980.214209
1779071886,2980.849248
1779071886,2982.109370
1779071886,2980.745634
1779071886,3297.597523
1779071886,2982.632749
1779071886,2983.655883
1779071886,2675.086349
1779071886,2983.383210
1779071886,2991.105923
1779071886,2984.495070
1779071886,2991.521270
1779071886,2988.489027
1779071886,2991.836840
1779071886,2683.816639
1779071886,3301.012881
1779071886,3301.174044
1779071886,2985.772717
1779071886,2987.005207
1779071886,2987.180194
1779071886,2990.824301
1779071886,2991.486131
1779071886,3302.248596
1779071886,2992.595127
1779071886,2994.961174
1779071886,3302.195993
1779071886,3302.414140
1779071886,2995.290633
1779071886,3612.633649
1779071886,3612.831955
1779071886,2996.039984
1779071886,2994.916333
1779071886,2985.578722
1779071886,2986.383185
1779071886,2986.626456
1779071886,2984.391232
1779071886,2986.061799
1779071886,2997.995035
1779071886,3293.772627
1779071886,2998.015456
1779071886,4231.596414
1779071886,2984.651861
1779071886,2987.015438
1779071886,2985.051246
1779071886,2985.713964
1779071886,2980.883643
1779071886,2996.458223
1779071886,2993.361298
1779071886,2992.214464
1779071886,2991.728215
1779071886,2994.236952
1779071886,2982.411535
1779071886,2983.088262
1779071886,3299.711021
1779071886,2983.188685
1779071886,2991.973616
1779071886,2983.476770
1779071886,2684.550539
1779071886,2992.181381
1779071886,2990.286559
1779071886,2985.004969
1779071886,2989.461821
1779071886,2984.561290
1779071886,3300.899852
1779071886,3300.975465
1779071886,2985.232143
1779071886,2992.229302
1779071886,2983.582318
1779071886,3609.692691
1779071886,2993.738535
1779071886,2985.997125
1779071886,3917.317649
1779071886,2985.458897
1779071886,2992.466701
1779071886,2986.162645
1779071886,2992.762692
1779071886,2987.379271
1779071886,2994.068280
1779071886,2987.427087
1779071886,3610.269788
1779071886,2986.352586
1779071886,2994.128563
1779071886,2992.773942
1779071886,2994.196815
1779071886,2683.133585
1779071886,2982.726113
1779071886,3292.330738
1779071886,2992.898104
1779071886,2983.011211
1779071886,2985.410901
1779071886,3291.565976
1779071886,2983.792785
1779071886,2985.741342
1779071886,2984.899387
1779071886,2981.052162
1779071886,2985.940427
1779071886,2994.223872
1779071887,2982.999531
1779071887,2982.930668
1779071887,2983.077812
1779071887,2982.236951
1779071887,4522.442119
1779071887,3906.673271
1779071887,2675.397384
1779071887,2982.639006
1779071887,2982.882896
1779071887,2982.998952
1779071887,2982.934914
1779071887,3599.806761
1779071887,2982.373459
1779071887,2983.447495
1779071887,2674.940434
1779071887,2675.011289
1779071887,2674.965543
1779071887,2982.822351
1779071887,2982.950077
1779071887,2982.673524
1779071887,2982.998030
1779071887,2983.067169
1779071887,2982.855788
1779071887,2982.752149
1779071887,2675.263358
1779071887,2980.336509
1779071887,2980.410496
1779071887,3286.663372
1779071887,3287.566564
1779071887,2979.546751
1779071887,2979.241503
1779071887,2979.716977
1779071887,2979.696763
1779071887,2978.715409
1779071887,2671.909854
1779071887,2978.606879
1779071887,2979.023719
1779071887,2979.765822
1779071887,2979.594713
1779071887,2981.383718
1779071887,2981.274361
1779071887,2985.513206
1779071887,2986.029655
1779071887,2983.684540
1779071887,2985.709227
1779071887,2983.623709
1779071887,2985.033125
1779071887,2981.200525
1779071887,2985.889587
1779071887,2993.697700
1779071887,2981.937491
1779071887,2982.406652
1779071887,2982.548812
1779071887,2981.769842
1779071887,2981.865194
1779071887,2983.064028
1779071887,2983.412982
1779071887,2982.435178
1779071887,2982.498876
1779071887,2982.468856
1779071887,3906.973234
1779071887,2982.951245
1779071887,2983.059968
1779071887,2983.051209
1779071887,2983.040693
1779071887,2982.403821
1779071887,2674.535246
1779071887,2982.901332
1779071887,2983.028031
1779071887,2982.697065
1779071887,2982.923768
1779071887,2983.136066
1779071887,2982.811035
1779071887,2982.886844
1779071887,2674.900188
1779071887,2980.329971
1779071887,2980.508601
1779071887,2980.196019
1779071887,2672.442565
1779071887,2979.253906
1779071887,2979.693737
1779071887,2979.761162
1779071887,2978.667550
1779071887,2671.992356
1779071887,3287.369463
1779071887,2671.157932
1779071887,2978.958517
1779071887,2979.794277
1779071887,2980.353693
1779071887,2981.415157
1779071887,2981.690456
1779071887,2986.512762
1779071887,2986.043487
1779071887,2983.774596
1779071887,2983.914712
1779071887,2986.100787
1779071887,2984.985031
1779071887,2981.502444
1779071887,2986.459750
1779071887,2994.113685
1779071887,2981.354443
1779071887,2981.735024
1779071887,2674.408390
1779071887,2982.101521
1779071887,2982.258149
1779071887,2982.134259
1779071887,2982.769185
1779071887,2982.912530
1779071887,2983.219140
1779071887,2675.563736
1779071887,2983.015089
1779071887,2983.551860
1779071887,3291.084139
1779071887,2982.339250
1779071887,2982.341282
1779071887,2982.506508
1779071887,2982.658397
1779071887,2982.946944
1779071887,2982.781031
1779071887,2982.948818
1779071887,2982.876282
1779071887,3291.392721
1779071887,2981.393477
1779071887,2982.766757
1779071887,2982.991664
1779071887,2980.222045
1779071887,2980.505102
1779071887,2980.174285
1779071887,2980.754580
1779071887,2979.548257
1779071887,2979.399843
1779071887,2979.856475
1779071887,2978.659564
1779071887,2979.850710
1779071887,2978.908333
1779071887,2978.740779
1779071887,2978.806912
1779071887,2979.819055
1779071887,2980.489846
1779071887,2980.761678
1779071887,2981.580038
1779071887,2986.047535
1779071887,2986.204880
1779071887,2986.333534
1779071887,2984.196708
1779071887,2984.160819
1779071887,2985.306461
1779071887,2982.814951
1779071887,2986.611197
1779071887,2994.576029
1779071887,2982.449263
1779071887,2982.498397
1779071887,2982.511063
1779071887,2982.871521
1779071887,2982.876954
1779071887,3290.202225
1779071887,2982.417582
1779071887,2982.409279
1779071887,2982.342285
1779071887,2982.383162
1779071887,2982.993458
1779071887,3290.452767
1779071887,2675.406728
1779071887,3290.802078
1779071887,2983.171484
1779071887,2983.307276
1779071887,3290.887161
1779071887,2983.123019
1779071887,3288.866930
1779071887,2982.890874
1779071887,2982.449831
1779071887,2983.592765
1779071887,2982.554582
1779071887,2982.962857
1779071887,2981.489776
1779071887,2672.897042
1779071887,2980.970702
1779071887,2980.213652
1779071887,2980.299711
1779071887,2979.408602
1779071887,2979.695021
1779071887,3286.713919
1779071887,2979.844281
1779071887,2672.122332
1779071887,2978.757080
1779071887,2978.838430
1779071887,2671.332238
1779071887,2979.939983
1779071887,2979.992413
1779071887,2979.957704
1779071887,2982.058965
1779071887,2986.074745
1779071887,2986.352755
1779071887,2984.082240
1779071887,2986.548246
1779071887,2984.509552
1779071887,2984.930777
1779071887,2986.882611
1779071887,2983.116826
1779071887,2993.128258
1779071887,2983.119353
1779071887,2982.167377
1779071887,2982.162465
1779071887,2982.312308
1779071887,2982.343410
1779071887,2982.730461
1779071887,2982.959537
1779071887,2982.936575
1779071887,2983.088967
1779071887,2983.327095
1779071887,2982.067240
1779071887,2982.254871
1779071887,2674.623011
1779071887,2982.467073
1779071887,2982.571382
1779071887,2982.831255
1779071887,2982.755195
1779071887,3290.943285
1779071887,2979.723444
1779071887,2983.144215
1779071887,2983.359671
1779071887,2982.449087
1779071887,2982.534000
1779071887,3289.195147
1779071887,2982.403188
1779071887,2979.178132
1779071887,3286.959048
1779071887,2980.247499
1779071887,2980.261951
1779071887,2979.307243
1779071887,2979.466534
1779071887,2978.403143
1779071887,3594.008123
1779071887,2979.931414
1779071887,2671.990308
1779071887,2978.037224
1779071887,2978.196495
1779071887,2979.241312
1779071887,2980.067201
1779071887,2981.348756
1779071887,2980.966029
1779071887,2986.452371
1779071887,2984.353621
1779071887,2986.302715
1779071887,2986.617859
1779071887,2678.974428
1779071887,2984.973673
1779071887,2983.250542
1779071887,2987.071786
1779071887,2993.412263
1779071887,3290.234261
1779071887,2982.774424
1779071887,2982.923178
1779071887,2675.191078
1779071887,2674.059771
1779071887,2983.152542
1779071887,2983.476835
1779071887,2982.302289
1779071887,3290.833134
1779071887,2674.931602
1779071887,2982.738887
1779071887,2983.039790
1779071887,2983.108380
1779071887,2675.311606
1779071887,2983.053650
1779071887,2983.147221
1779071887,2675.488342
1779071887,2982.780014
1779071887,2983.103356
1779071887,2983.055199
1779071887,2675.143461
1779071887,2982.531273
1779071887,2675.158432
1779071887,2980.502448
1779071887,2982.793333
1779071887,2980.095070
1779071887,2981.033422
1779071887,2980.956185
1779071887,2980.109205
1779071887,2673.346514
1779071887,2979.341159
1779071887,2979.660654
1779071887,2978.418254
1779071887,2979.870199
1779071887,2672.038095
1779071887,2978.189234
1779071887,2978.184293
1779071887,2979.399806
1779071887,2980.230225
1779071887,2980.435432
1779071887,2982.268817
1779071887,2986.550144
1779071887,2984.440128
1779071887,2987.056160
1779071887,2983.746520
1779071887,2986.424961
1779071887,2984.449156
1779071887,2987.049428
1779071887,2983.484496
1779071887,2993.791209
1779071887,2982.406087
1779071887,2982.487561
1779071887,2982.528958
1779071887,2983.570990
1779071887,2982.772387
1779071887,2675.190093
1779071887,2982.990340
1779071887,2982.171106
1779071887,2983.104773
1779071887,2983.319908
1779071887,2674.551539
1779071887,2674.900731
1779071887,2983.815752
1779071887,2984.044938
1779071887,2675.626001
1779071887,2982.600420
1779071887,2675.832755
1779071887,2982.107569
1779071887,2980.101318
1779071887,3288.110266
1779071887,3292.881787
1779071887,2981.245928
1779071887,2985.331119
1779071887,2981.311472
1779071887,2980.261709
1779071887,2979.330916
1779071887,3286.295139
1779071887,2979.672218
1779071887,2978.509835
1779071887,2678.601576
1779071887,3286.544918
1779071887,2978.126205
1779071887,2978.128982
1779071887,2988.180732
1779071887,2679.476757
1779071887,2984.768460
1779071887,2979.612632
1779071887,2682.307456
1779071887,2980.299746
1779071887,2981.888163
1779071887,2981.725823
1779071887,2986.762058
1779071887,2986.967226
1779071887,2679.392831
1779071887,2984.432757
1779071887,2986.358771
1779071887,2984.566389
1779071887,2984.949404
1779071887,2987.405930
1779071887,2993.331331
1779071887,2983.431330
1779071887,2674.730356
1779071887,2983.382652
1779071887,2983.576365
1779071887,2674.893379
1779071887,2674.841952
1779071887,2675.109265
1779071887,2675.067805
1779071887,2675.490925
1779071887,2675.288989
1779071887,2982.949897
1779071887,2982.926326
1779071887,2675.674670
1779071887,2675.854662
1779071887,2983.581511
1779071887,2676.465517
1779071887,2676.063582
1779071887,2983.974693
1779071887,2983.931469
1779071887,2984.214683
1779071887,2675.691451
1779071887,2983.130938
1779071887,2984.823431
1779071887,2983.938651
1779071887,2981.905670
1779071887,2982.724861
1779071887,2674.447062
1779071887,2982.118241
1779071887,2980.767598
1779071887,2674.750251
1779071887,2980.553419
1779071887,2980.389818
1779071887,2979.443548
1779071887,2672.932009
1779071887,2979.594145
1779071887,2980.114263
1779071887,2979.659346
1779071887,2672.940835
1779071887,2980.056802
1779071887,2981.981671
1779071887,2981.593438
1779071887,2679.727228
1779071887,2679.324800
1779071887,2678.695441
1779071887,2987.167453
1779071887,2677.750320
1779071887,2984.557978
1779071887,2984.513789
1779071887,2987.737300
1779071887,2993.996468
1779071887,2982.221371
1779071887,3291.620480
1779071887,2984.044226
1779071887,2982.948230
1779071887,2675.309001
1779071887,2675.210176
1779071887,2983.144537
1779071887,2675.336420
1779071887,2675.771674
1779071887,3291.214672
1779071887,2675.733927
1779071887,2675.992628
1779071887,2983.508754
1779071887,2676.301995
1779071887,2984.157336
1779071887,3291.189159
1779071887,2983.131210
1779071887,3290.408698
1779071887,3290.943311
1779071887,2983.662209
1779071887,2983.605066
1779071887,2983.818324
1779071887,2984.009208
1779071887,2983.701551
1779071887,2982.579171
1779071887,2982.670870
1779071887,2982.105170
1779071887,2979.761133
1779071887,2675.976897
1779071887,3288.791576
1779071887,2981.139589
1779071887,2980.525484
1779071887,2672.873729
1779071887,2979.563834
1779071887,2979.776579
1779071887,2979.988110
1779071887,2980.568720
1779071887,2979.939715
1779071887,2980.023698
1779071887,2982.422506
1779071887,2981.616346
1779071887,2987.424676
1779071887,2984.461868
1779071887,2987.067051
1779071887,2987.102873
1779071887,2986.040295
1779071887,2676.551590
1779071887,2986.391528
1779071887,2985.763252
1779071887,2993.628700
1779071887,2983.193562
1779071887,2983.345682
1779071887,2983.614941
1779071887,3291.107355
1779071887,2982.153537
1779071887,2983.823056
1779071887,2983.697529
1779071887,2982.516182
1779071887,3291.469148
1779071887,2674.530053
1779071887,3291.688892
1779071887,2982.853616
1779071887,3290.705155
1779071887,3291.811474
1779071887,2983.402308
1779071887,2983.639888
1779071887,2983.410587
1779071887,2983.070970
1779071887,3290.992464
1779071887,3291.830595
1779071887,3290.774270
1779071887,2983.671041
1779071887,2984.122659
1779071887,2982.525232
1779071887,2982.606559
1779071887,2983.982241
1779071887,2982.844887
1779071887,2675.939831
1779071887,2982.182589
1779071887,2980.746388
1779071887,2673.080196
1779071887,2980.370158
1779071887,2979.535906
1779071887,2980.702004
1779071887,2979.888243
1779071887,2980.040474
1779071887,2980.608430
1779071887,2980.065928
1779071887,2980.143929
1779071887,2982.681817
1779071887,2981.976520
1779071887,3293.179597
1779071887,2987.710676
1779071887,2983.397874
1779071887,2987.077313
1779071887,2984.640696
1779071887,2680.184312
1779071887,2985.338275
1779071887,2987.042112
1779071888,2994.359330
1779071888,3291.974107
1779071888,2983.089804
1779071888,2983.213362
1779071888,3598.459051
1779071888,2675.041298
1779071888,2675.236145
1779071888,2675.158372
1779071888,2675.349812
1779071888,2983.683032
1779071888,2675.438102
1779071888,2983.832598
1779071888,3292.634504
1779071888,3291.418000
1779071888,3291.259735
1779071888,2982.885791
1779071888,2982.979820
1779071888,2674.698760
1779071888,3290.986651
1779071888,2983.208281
1779071888,3292.111257
1779071888,2983.311155
1779071888,2983.807156
1779071888,2984.419070
1779071888,2984.423139
1779071888,2983.692924
1779071888,2982.970498
1779071888,2981.319261
1779071888,2676.159272
1779071888,2676.386192
1779071888,3902.003157
1779071888,3290.460162
1779071888,3290.777875
1779071888,2979.438110
1779071888,2980.678162
1779071888,2980.096767
1779071888,3287.144532
1779071888,2980.653935
1779071888,2980.794060
1779071888,2672.274890
1779071888,2982.838268
1779071888,2982.084313
1779071888,3295.457077
1779071888,3601.368399
1779071888,3293.372404
1779071888,2680.049782
1779071888,2985.150322
1779071888,3293.661993
1779071888,2985.500884
1779071888,2987.380764
1779071888,2994.947150
1779071888,3290.697713
1779071888,2672.826856
1779071888,2983.607571
1779071888,2983.888717
1779071888,3600.408687
1779071888,2983.811210
1779071888,2674.809046
1779071888,2674.963440
1779071888,2674.916082
1779071888,2674.120798
1779071888,2675.314519
1779071888,2675.337490
1779071888,2676.461269
1779071888,2983.178075
1779071888,2983.268550
1779071888,2983.528913
1779071888,2983.621213
1779071888,2674.454476
1779071888,2984.897499
1779071888,2983.790675
1779071888,2983.251306
1779071888,2984.466128
1779071888,2984.153221
1779071888,2984.515416
1779071888,3289.902734
1779071888,2983.073529
1779071888,2676.402373
1779071888,2675.089481
1779071888,2980.215908
1779071888,2980.173779
1779071888,2982.567707
1779071888,2979.132076
1779071888,3594.900879
1779071888,2979.341249
1779071888,2980.582655
1779071888,2980.057896
1779071888,2980.670128
1779071888,2980.712626
1779071888,2980.484649
1779071888,2982.928437
1779071888,2982.160530
1779071888,2986.569682
1779071888,2988.164076
1779071888,2988.138782
1779071888,2986.356458
1779071888,3292.108679
1779071888,2679.341326
1779071888,2986.898538
1779071888,2986.287810
1779071888,2995.632577
1779071888,2982.453681
1779071888,2982.514538
1779071888,2675.288798
1779071888,2675.213155
1779071888,2675.349386
1779071888,2983.043121
1779071888,2674.478079
1779071888,2983.310633
1779071888,2983.550001
1779071888,2674.827807
1779071888,2674.828440
1779071888,2983.467273
1779071888,2983.339166
1779071888,2983.911232
1779071888,2674.939357
1779071888,2675.098284
1779071888,2983.868743
1779071888,2982.635323
1779071888,2675.375294
1779071888,2982.909803
1779071888,2982.991307
1779071888,2983.084202
1779071888,2674.465655
1779071888,2983.860452
1779071888,2984.245889
1779071888,2983.023036
1779071888,3289.936886
1779071888,2982.300983
1779071888,2982.591024
1779071888,2980.212677
1779071888,2674.686757
1779071888,2979.337153
1779071888,2979.448624
1779071888,2980.580280
1779071888,2980.916185
1779071888,2980.184920
1779071888,2980.555542
1779071888,2980.618987
1779071888,2980.773475
1779071888,2982.898404
1779071888,2982.040713
1779071888,3293.867100
1779071888,2988.038129
1779071888,2985.509926
1779071888,2987.591558
1779071888,2984.042170
1779071888,2985.219187
1779071888,2987.235978
1779071888,2986.232339
1779071888,2997.102332
1779071888,2674.380516
1779071888,3600.228660
1779071888,3291.338296
1779071888,3599.230288
1779071888,2982.311505
1779071888,2675.005390
1779071888,2675.083518
1779071888,2982.393887
1779071888,2675.328644
1779071888,2675.514776
1779071888,2675.563018
1779071888,2674.406480
1779071888,2675.650244
1779071888,2984.262559
1779071888,2675.651043
1779071888,2674.517973
1779071888,2674.562363
1779071888,2983.287954
1779071888,2983.321433
1779071888,2983.627498
1779071888,2983.595843
1779071888,2983.957738
1779071888,2981.071603
1779071888,2983.235194
1779071888,3288.033177
1779071888,2676.306732
1779071888,2674.425714
1779071888,2982.123694
1779071888,3287.550217
1779071888,2980.223016
1779071888,2980.850969
1779071888,2980.496438
1779071888,2980.600023
1779071888,2979.448823
1779071888,2979.290684
1779071888,2979.772622
1779071888,2979.389033
1779071888,3287.879531
1779071888,2673.490511
1779071888,2981.619396
1779071888,2982.669672
1779071888,3290.441652
1779071888,2987.080215
1779071888,2987.351660
1779071888,2984.028548
1779071888,2985.264983
1779071888,2679.985144
1779071888,2987.419358
1779071888,2986.551491
1779071888,2996.597481
1779071888,3598.828185
1779071888,2982.623934
1779071888,3599.392825
1779071888,2981.818184
1779071888,3291.976442
1779071888,2675.312765
1779071888,2675.388783
1779071888,3291.216613
1779071888,3600.159675
1779071888,3600.255128
1779071888,2674.676400
1779071888,2674.792417
1779071888,2982.716152
1779071888,2982.652258
1779071888,2982.869687
1779071888,2982.728844
1779071888,2675.045691
1779071888,2675.058285
1779071888,2983.114370
1779071888,2983.202283
1779071888,2675.334513
1779071888,2675.617939
1779071888,2983.532784
1779071888,2982.861295
1779071888,3289.897786
1779071888,3288.933278
1779071888,2982.234685
1779071888,2982.296191
1779071888,2980.923079
1779071888,2675.598326
1779071888,2674.432692
1779071888,2980.483881
1779071888,2980.631907
1779071888,2979.331382
1779071888,2673.199183
1779071888,2980.218017
1779071888,2980.345810
1779071888,2980.074719
1779071888,2980.531596
1779071888,2981.771990
1779071888,2982.619245
1779071888,2986.499406
1779071888,2987.909763
1779071888,2676.095943
1779071888,3292.142059
1779071888,2985.848256
1779071888,2984.228057
1779071888,2985.849182
1779071888,2987.661000
1779071888,2996.152160
1779071888,2982.275132
1779071888,2983.043180
1779071888,3290.548358
1779071888,3290.916127
1779071888,3291.263487
1779071888,2675.844687
1779071888,2675.920394
1779071888,2676.470751
1779071888,2983.315170
1779071888,3600.312895
1779071888,3291.997067
1779071888,2983.499855
1779071888,2675.530267
1779071888,2675.807228
1779071888,2676.264724
1779071888,2676.144927
1779071888,2984.004494
1779071888,2983.896468
1779071888,2983.314943
1779071888,2984.305490
1779071888,2676.297113
1779071888,2675.595319
1779071888,2675.640250
1779071888,2676.850735
1779071888,2983.727897
1779071888,3289.800008
1779071888,3595.835899
1779071888,2982.622196
1779071888,2981.083257
1779071888,2982.525800
1779071888,2980.472803
1779071888,2980.768402
1779071888,2981.632456
1779071888,2673.689544
1779071888,2979.653973
1779071888,2980.194432
1779071888,2980.362543
1779071888,2980.154964
1779071888,2980.720889
1779071888,2982.010705
1779071888,2982.906316
1779071888,2986.347439
1779071888,2987.535276
1779071888,2987.559013
1779071888,2985.871771
1779071888,2676.706171
1779071888,2984.365280
1779071888,2985.617680
1779071888,2986.304077
1779071888,2995.896996
1779071888,3906.502469
1779071888,2983.058249
1779071888,2982.626479
1779071888,2675.437833
1779071888,3291.888352
1779071888,3291.871200
1779071888,3291.762694
1779071888,2982.133489
1779071888,2676.490152
1779071888,2676.506287
1779071888,2676.659073
1779071888,3292.065383
1779071888,3293.175365
1779071888,3292.080201
1779071888,2675.774938
1779071888,2983.662760
1779071888,2676.094250
1779071888,2676.213629
1779071888,2675.474410
1779071888,2676.263958
1779071888,2984.050584
1779071888,2983.688804
1779071888,3290.436616
1779071888,2984.421364
1779071888,2983.517595
1779071888,2980.300536
1779071888,2676.162577
1779071888,2982.795767
1779071888,2982.677336
1779071888,2675.248988
1779071888,2981.368021
1779071888,2981.576768
1779071888,2980.407789
1779071888,2980.321664
1779071888,2980.901153
1779071888,2980.090603
1779071888,3287.488584
1779071888,2980.013388
1779071888,2980.783575
1779071888,2981.972432
1779071888,2983.026541
1779071888,2986.987258
1779071888,2987.736812
1779071888,3293.981624
1779071888,2983.583668
1779071888,2985.901570
1779071888,2676.741049
1779071888,2986.515000
1779071888,2986.208053
1779071888,2995.564552
1779071888,2981.755762
1779071888,2982.197049
1779071888,2982.367336
1779071888,4214.763610
1779071888,3600.518081
1779071888,2674.730383
1779071888,2983.300709
1779071888,2982.416343
1779071888,2675.097562
1779071888,2983.769959
1779071888,2983.995066
1779071888,3290.990915
1779071888,2675.838364
1779071888,2983.382384
1779071888,2983.209938
1779071888,2983.546282
1779071888,2676.032354
1779071888,2676.316720
1779071888,2676.533892
1779071888,2981.996086
1779071888,3287.361817
1779071888,2676.629428
1779071888,3292.178415
1779071888,2675.772768
1779071888,2983.973107
1779071888,2984.382597
1779071888,2979.673217
1779071888,2984.404098
1779071888,2982.717198
1779071888,2674.145498
1779071888,2979.782216
1779071888,3290.881448
1779071888,2981.507559
1779071888,3287.216901
1779071888,2979.572102
1779071888,2980.811482
1779071888,2980.119441
1779071888,2980.442727
1779071888,2979.954725
1779071888,2981.523128
1779071888,2983.171173
1779071888,2982.631364
1779071888,3292.519184
1779071888,2983.721734
1779071888,2983.873612
1779071888,2984.164338
1779071888,2676.150228
1779071888,2986.138004
1779071888,2986.214248
1779071888,2995.991462
1779071888,2981.643600
1779071888,2982.614259
1779071888,2982.856773
1779071888,2673.898388
1779071888,2981.977306
1779071888,2982.613179
1779071888,3599.124891
1779071888,2982.979376
1779071888,3290.862561
1779071888,2982.921190
1779071888,3291.411912
1779071888,2676.297497
1779071888,3291.697002
1779071888,2676.237998
1779071888,2984.171984
1779071888,3291.655764
1779071888,2675.598845
1779071888,3291.756258
1779071888,2675.704815
1779071888,2675.898647
1779071888,2675.834836
1779071888,3601.652784
1779071888,2676.233788
1779071888,2982.348880
1779071888,2983.632115
1779071888,2676.488479
1779071888,2980.952384
1779071888,2980.361740
1779071888,3293.252967
1779071888,2980.586721
1779071888,2980.874884
1779071888,2979.713475
1779071888,2980.170538
1779071888,2676.831974
1779071888,2980.418576
1779071888,2979.997675
1779071888,2677.764805
1779071888,2677.586581
1779071888,2986.331869
1779071888,2981.287931
1779071888,2983.313939
1779071888,2982.834788
1779071888,2983.904570
1779071888,3291.404510
1779071888,2984.075358
1779071888,2983.137096
1779071888,2984.379185
1779071888,2986.124658
1779071888,2986.315505
1779071888,2995.412149
1779071888,2981.690280
1779071888,4215.633260
1779071888,2982.324494
1779071888,2982.520544
1779071888,2982.598903
1779071888,2983.405378
1779071888,2983.610359
1779071888,2674.322498
1779071888,2982.634009
1779071888,2674.541846
1779071888,3599.615163
1779071888,2675.404566
1779071888,2675.310705
1779071888,4216.934817
1779071888,2675.656378
1779071888,3291.634695
1779071888,2676.452123
1779071888,2676.546939
1779071888,3292.167557
1779071888,2676.541850
1779071888,2675.308975
1779071888,2676.632400
1779071888,2675.737709
1779071888,2677.059095
1779071888,2675.912458
1779071888,2677.549869
1779071888,3599.965934
1779071888,2983.536732
1779071888,2675.612711
1779071888,2983.076626
1779071888,2981.667943
1779071888,2982.204335
1779071888,2981.413044
1779071888,2981.459247
1779071888,2674.154187
1779071888,2980.588346
1779071888,2673.878577
1779071888,2981.067143
1779071888,2980.969193
1779071888,2981.514547
1779071889,2983.491325
1779071889,2983.105394
1779071889,2674.949136
1779071889,2676.113238
1779071889,2984.643927
1779071889,2676.344624
1779071889,2983.556887
1779071889,2986.198697
1779071889,2986.274430
1779071889,2996.311636
1779071889,2981.180588
1779071889,2981.605224
1779071889,2981.649916
1779071889,3290.422236
1779071889,2981.744275
1779071889,2982.818722
1779071889,2982.740155
1779071889,2982.657753
1779071889,2674.551217
1779071889,3598.431838
1779071889,2983.905802
1779071889,2984.012967
1779071889,2674.628643
1779071889,2984.114515
1779071889,3599.639563
1779071889,2984.286708
1779071889,2983.826129
1779071889,2983.982720
1779071889,2984.054550
1779071889,3292.608212
1779071889,3292.769518
1779071889,2984.188089
1779071889,2984.259968
1779071889,2984.480583
1779071889,3601.295286
1779071889,2675.439159
1779071889,2984.022796
1779071889,2983.677198
1779071889,2675.752729
1779071889,2981.514614
1779071889,2675.843022
1779071889,2982.161247
1779071889,2981.016034
1779071889,2981.172370
1779071889,2980.651181
1779071889,2673.739016
1779071889,2980.856561
1779071889,2981.098947
1779071889,2980.882425
1779071889,2981.341003
1779071889,2983.787067
1779071889,2983.404650
1779071889,2983.532841
1779071889,2983.735271
1779071889,2984.652182
1779071889,3290.979482
1779071889,2982.539344
1779071889,2985.568069
1779071889,2986.570442
1779071889,2995.585452
1779071889,2981.155014
1779071889,2981.421848
1779071889,2981.827772
1779071889,3906.025024
1779071889,2981.899120
1779071889,2982.759903
1779071889,2982.757334
1779071889,2983.059343
1779071889,2983.064042
1779071889,2983.003909
1779071889,2674.079710
1779071889,2983.177943
1779071889,2984.048367
1779071889,3908.417110
1779071889,2674.460317
1779071889,2984.392334
1779071889,2983.948661
1779071889,3292.351660
1779071889,2983.988806
1779071889,3292.215389
1779071889,3600.290882
1779071889,3292.377373
1779071889,3291.172798
1779071889,2675.339626
1779071889,2984.642953
1779071889,3292.990764
1779071889,3290.754139
1779071889,3595.461411
1779071889,2983.714243
1779071889,2981.941223
1779071889,2982.961276
1779071889,2981.664865
1779071889,2981.207021
1779071889,2981.352721
1779071889,2981.706696
1779071889,2980.940129
1779071889,2980.996929
1779071889,2672.888915
1779071889,2980.423348
1779071889,2981.473068
1779071889,2983.625510
1779071889,2983.643454
1779071889,2983.604318
1779071889,2983.704899
1779071889,2984.552221
1779071889,2984.643898
1779071889,2982.561677
1779071889,2985.475112
1779071889,2986.815985
1779071889,2995.999412
1779071889,2980.629590
1779071889,2980.902381
1779071889,2981.142612
1779071889,2981.057276
1779071889,2981.358285
1779071889,2981.949776
1779071889,2982.108758
1779071889,3906.753531
1779071889,3290.420526
1779071889,3598.151759
1779071889,2982.452205
1779071889,2674.106836
1779071889,2983.438852
1779071889,2983.493056
1779071889,3290.925908
1779071889,3291.642161
1779071889,3292.612027
1779071889,3292.848429
1779071889,3291.301022
1779071889,2675.229101
1779071889,3600.207171
1779071889,2675.239777
1779071889,3600.812099
1779071889,3290.516291
1779071889,2983.252815
1779071889,3601.167348
1779071889,2674.852903
1779071889,3292.950165
1779071889,3288.358472
1779071889,2981.886265
1779071889,2981.511067
1779071889,2983.870431
1779071889,2673.135055
1779071889,3288.009092
1779071889,2981.909581
1779071889,2673.302096
1779071889,2981.003655
1779071889,2981.139923
1779071889,2980.362109
1779071889,2981.407795
1779071889,2983.878356
1779071889,2983.665975
1779071889,3292.024958
1779071889,2675.363514
1779071889,2984.287734
1779071889,3292.675674
1779071889,2982.565869
1779071889,2985.756992
1779071889,2986.881583
1779071889,2995.536304
1779071889,2981.067497
1779071889,2981.271816
1779071889,2981.207610
1779071889,2981.296040
1779071889,2672.423106
1779071889,2982.137157
1779071889,3598.031489
1779071889,2982.730271
1779071889,2673.677025
1779071889,2982.795605
1779071889,2673.810319
1779071889,2981.876245
1779071889,2982.586623
1779071889,2982.540489
1779071889,2982.680359
1779071889,2982.898735
1779071889,2675.196838
1779071889,2983.887124
1779071889,2674.866486
1779071889,2674.941439
1779071889,2984.092302
1779071889,2983.226913
1779071889,2675.242726
1779071889,2983.520617
1779071889,3597.528048
1779071889,3291.636023
1779071889,3291.630281
1779071889,2982.674324
1779071889,2673.487652
1779071889,2673.516692
1779071889,2674.886788
1779071889,2981.376401
1779071889,2982.351961
1779071889,3288.989977
1779071889,2673.603371
1779071889,2981.066376
1779071889,2981.276375
1779071889,2981.146640
1779071889,2979.992462
1779071889,2981.215851
1779071889,2983.909835
1779071889,2983.278952
1779071889,2983.351877
1779071889,2983.330896
1779071889,2983.987128
1779071889,2983.941114
1779071889,2675.985276
1779071889,2985.817639
1779071889,2987.100496
1779071889,2995.982748
1779071889,2673.046509
1779071889,2980.518944
1779071889,2980.468581
1779071889,2980.695973
1779071889,2980.687165
1779071889,2981.327897
1779071889,2981.922763
1779071889,2981.963950
1779071889,2674.211372
1779071889,2982.157810
1779071889,2981.279307
1779071889,3598.899109
1779071889,3290.686383
1779071889,2673.916968
1779071889,2982.359670
1779071889,2982.725556
1779071889,2983.519531
1779071889,2983.761273
1779071889,2674.083578
1779071889,2672.174111
1779071889,2673.489826
1779071889,3600.690602
1779071889,2982.609885
1779071889,2981.467055
1779071889,2981.544322
1779071889,2671.792995
1779071889,2674.811376
1779071889,2671.180902
1779071889,2983.115883
1779071889,2674.710145
1779071889,2981.651027
1779071889,2980.680857
1779071889,2980.962264
1779071889,2979.762529
1779071889,2981.183035
1779071889,2980.553490
1779071889,2980.778312
1779071889,3289.284204
1779071889,2979.738403
1779071889,2980.951198
1779071889,2983.775520
1779071889,2982.185601
1779071889,2983.582749
1779071889,2983.639651
1779071889,2982.114781
1779071889,2984.237765
1779071889,2984.396676
1779071889,2985.816173
1779071889,2987.172266
1779071889,2995.464582
1779071889,2980.856523
1779071889,2980.363912
1779071889,2980.414563
1779071889,2980.526845
1779071889,2980.442882
1779071889,3289.655460
1779071889,2982.066564
1779071889,2982.086858
1779071889,2981.192003
1779071889,2982.159489
1779071889,2982.161737
1779071889,2982.223567
1779071889,2981.587530
1779071889,2982.188451
1779071889,2663.530638
1779071889,2982.461390
1779071889,3291.494998
1779071889,3601.137178
1779071889,2664.725833
1779071889,2664.913643
1779071889,2982.176111
1779071889,2983.173616
1779071889,2664.977010
1779071889,3290.686826
1779071889,2981.220229
1779071889,2982.222547
1779071889,2981.518952
1779071889,2665.329920
1779071889,2665.469989
1779071889,2981.904821
1779071889,3602.158010
1779071889,2980.961470
1779071889,2981.114215
1779071889,3288.209463
1779071889,2665.826136
1779071889,2980.364624
1779071889,2981.031679
1779071889,2981.465330
1779071889,2979.495910
1779071889,2981.000047
1779071889,2984.053720
1779071889,3907.258113
1779071889,2983.715990
1779071889,2983.719265
1779071889,2984.199684
1779071889,2984.289583
1779071889,2673.379595
1779071889,2985.797349
1779071889,2986.157059
1779071889,2995.319356
1779071889,2980.899466
1779071889,2980.195627
1779071889,2980.333017
1779071889,3289.330718
1779071889,2980.396958
1779071889,2980.950544
1779071889,3289.651088
1779071889,2982.011703
1779071889,2981.892119
1779071889,2981.927383
1779071889,4523.795864
1779071889,2982.004434
1779071889,2981.626261
1779071889,2982.177627
1779071889,2982.190130
1779071889,2664.407015
1779071889,2980.947511
1779071889,3292.232621
1779071889,2665.662128
1779071889,2665.779469
1779071889,2982.997680
1779071889,2665.732702
1779071889,2979.932112
1779071889,3291.633827
1779071889,2666.058489
1779071889,2666.056141
1779071889,2981.720412
1779071889,3291.953263
1779071889,2981.604589
1779071889,3292.238977
1779071889,3289.319892
1779071889,2981.945136
1779071889,2666.553395
1779071889,2667.347489
1779071889,2980.171706
1779071889,2667.876778
1779071889,2980.972586
1779071889,2981.274425
1779071889,2979.603354
1779071889,2979.911319
1779071889,2984.054040
1779071889,2982.282451
1779071889,2983.929542
1779071889,2983.936185
1779071889,2984.203718
1779071889,2982.172145
1779071889,3290.692449
1779071889,2985.680994
1779071889,2986.171834
1779071889,2994.809716
1779071889,2980.034694
1779071889,3288.211573
1779071889,2980.582033
1779071889,2981.902497
1779071889,2980.773420
1779071889,2981.290521
1779071889,3290.069991
1779071889,2982.346084
1779071889,2981.219817
1779071889,2981.454010
1779071889,2981.529804
1779071889,2981.550596
1779071889,3290.095684
1779071889,2981.560879
1779071889,2981.343267
1779071889,2981.602843
1779071889,3290.470401
1779071889,2672.824543
1779071889,2675.620379
1779071889,2675.656665
1779071889,2675.710373
1779071889,2980.065780
1779071889,3289.906685
1779071889,2674.986261
1779071889,2675.466418
1779071889,2980.841162
1779071889,2673.969434
1779071889,2979.141362
1779071889,2675.260704
1779071889,2674.108722
1779071889,2979.014151
1779071889,2674.194774
1779071889,2982.016751
1779071889,2978.946603
1779071889,2980.398317
1779071889,2673.537094
1779071889,2978.757230
1779071889,2978.961875
1779071889,2979.981402
1779071889,2979.771342
1779071889,2983.180816
1779071889,2982.118039
1779071889,2983.766473
1779071889,2983.560612
1779071889,2981.673013
1779071889,2981.580258
1779071889,2675.889609
1779071889,2988.394509
1779071889,2984.663010
1779071889,2989.707443
1779071889,2968.572927
1779071889,2968.878365
1779071889,2968.968315
1779071889,2968.961238
1779071889,2968.961966
1779071889,2969.485158
1779071889,2970.340519
1779071889,2970.626616
1779071889,2970.642298
1779071889,2970.601299
1779071889,2970.819605
1779071889,2673.852141
1779071889,3289.447564
1779071889,2971.351785
1779071889,2971.557129
1779071889,2971.609606
1779071889,3290.287691
1779071889,2972.243236
1779071889,2972.225675
1779071889,2972.772413
1779071889,2675.373424
1779071889,2675.816758
1779071889,2674.833871
1779071889,2676.087736
1779071889,2674.967418
1779071889,2973.562274
1779071889,2973.446483
1779071889,2973.117634
1779071889,2675.343565
1779071889,2973.334388
1779071889,2674.189481
1779071889,2969.387151
1779071889,2973.343389
1779071889,3289.049799
1779071889,2974.145273
1779071889,2969.535993
1779071889,2969.769082
1779071889,2970.478066
1779071889,2970.759758
1779071889,2971.109997
1779071889,2974.966901
1779071889,2979.158647
1779071889,2980.476957
1779071889,2981.277560
1779071889,2981.214342
1779071889,3290.546291
1779071889,2981.539712
1779071889,2985.327576
1779071889,2986.060033
1779071889,2992.557149
1779071890,2971.305488
1779071890,2971.319058
1779071890,2969.709968
1779071890,2969.605611
1779071890,2969.780529
1779071890,2970.154386
1779071890,2971.127315
1779071890,2971.287886
1779071890,2971.391393
1779071890,2971.427855
1779071890,2971.486693
1779071890,2971.726229
1779071890,2673.764697
1779071890,2972.035565
1779071890,3290.013079
1779071890,2972.284585
1779071890,3290.340657
1779071890,2675.019263
1779071890,2973.567147
1779071890,3600.168467
1779071890,2973.977714
1779071890,3290.880795
1779071890,2674.795603
1779071890,2675.556703
1779071890,3288.680466
1779071890,2974.322755
1779071890,2674.031917
1779071890,2674.429884
1779071890,2975.296742
1779071890,3288.991720
1779071890,2975.401971
1779071890,2674.547204
1779071890,2974.872805
1779071890,2674.083215
1779071890,2673.534532
1779071890,2673.596802
1779071890,2976.521243
1779071890,2976.080847
1779071890,2977.032041
1779071890,2977.602389
1779071890,2981.704662
1779071890,2981.728066
1779071890,2983.396188
1779071890,2983.924352
1779071890,2981.874555
1779071890,2984.080584
1779071890,2984.061558
1779071890,2985.636948
1779071890,2986.275995
1779071890,2994.434472
1779071890,2980.709082
1779071890,2980.884639
1779071890,2980.771533
1779071890,2980.862156
1779071890,2981.011422
1779071890,2980.868345
1779071890,2981.645372
1779071890,2982.114008
1779071890,2981.680707
1779071890,2673.522850
1779071890,2673.704738
1779071890,2981.964647
1779071890,2981.914895
1779071890,2982.217179
1779071890,2982.434466
1779071890,2982.773003
1779071890,2983.366177
1779071890,3286.972770
1779071890,2674.371139
1779071890,2982.405522
1779071890,3599.317535
1779071890,3599.768052
1779071890,2675.514285
1779071890,2675.639419
1779071890,3597.400029
1779071890,3289.547681
1779071890,2981.756584
1779071890,2674.259609
1779071890,3287.693422
1779071890,2676.075057
1779071890,2674.509474
1779071890,2674.707686
1779071890,3286.811640
1779071890,2673.968604
1779071890,2675.743293
1779071890,2980.812092
1779071890,2674.277034
1779071890,2980.899984
1779071890,2981.984223
1779071890,2979.665833
1779071890,2983.642513
1779071890,2981.673344
1779071890,2983.609278
1779071890,2983.826868
1779071890,3291.796435
1779071890,2982.052080
1779071890,2984.270690
1779071890,2985.628816
1779071890,2986.464984
1779071890,2995.248538
1779071890,2673.061224
1779071890,2673.110690
1779071890,2673.060866
1779071890,2982.782314
1779071890,2673.202780
1779071890,2981.626829
1779071890,3278.259712
1779071890,2673.400028
1779071890,2981.339614
1779071890,2674.094298
1779071890,2981.556196
1779071890,2981.616979
1779071890,2981.849972
1779071890,2982.000258
1779071890,2982.326129
1779071890,2982.659070
1779071890,2982.934796
1779071890,2982.696254
1779071890,3280.738770
1779071890,3599.590931
1779071890,2675.244897
1779071890,3599.377718
1779071890,2675.614243
1779071890,3597.752059
1779071890,2983.427592
1779071890,2675.500794
1779071890,2981.830326
1779071890,2674.677138
1779071890,2675.927605
1779071890,2674.494939
1779071890,2674.225832
1779071890,2674.653825
1779071890,2675.162361
1779071890,2674.388761
1779071890,2981.571748
1779071890,2982.667571
1779071890,2981.638730
1779071890,2981.259905
1779071890,2673.550338
1779071890,2979.542522
1779071890,2983.592246
1779071890,2980.435047
1779071890,2982.682890
1779071890,2674.774987
1779071890,2982.942985
1779071890,2983.192358
1779071890,2982.218731
1779071890,2985.613074
1779071890,2986.421383
1779071890,2995.631309
1779071890,2981.556430
1779071890,2981.686768
1779071890,2982.657274
1779071890,2982.600033
1779071890,2981.783176
1779071890,2982.794551
1779071890,2980.761567
1779071890,2980.841780
1779071890,2981.350197
1779071890,2981.289418
1779071890,2673.558921
1779071890,3279.480412
1779071890,2673.652426
1779071890,2982.074998
1779071890,2674.224707
1779071890,2982.608680
1779071890,3907.577277
1779071890,2982.624270
1779071890,2983.316187
1779071890,2674.444323
1779071890,2983.634538
1779071890,2982.784593
1779071890,2982.832729
1779071890,2982.822945
1779071890,3282.641378
1779071890,2982.056552
1779071890,3283.575907
1779071890,3283.396172
1779071890,2982.001969
1779071890,3597.366937
1779071890,3284.179319
1779071890,2674.705444
1779071890,3283.698831
1779071890,2982.144234
1779071890,2982.523574
1779071890,2981.737885
1779071890,2981.883040
1779071890,2675.085210
1779071890,2981.075414
1779071890,2979.692650
1779071890,2983.533905
1779071890,2980.398851
1779071890,2982.854424
1779071890,2983.009992
1779071890,2982.979711
1779071890,2983.043851
1779071890,2982.364047
1779071890,2985.715031
1779071890,2986.478880
1779071890,2995.057744
1779071890,2981.462103
1779071890,2981.884745
1779071890,2981.819104
1779071890,2982.063820
1779071890,2982.166642
1779071890,2982.069811
1779071890,2980.961740
1779071890,3289.036234
1779071890,3289.515914
1779071890,2981.302497
1779071890,2981.407854
1779071890,2673.095044
1779071890,2981.435974
1779071890,2982.060964
1779071890,2982.362129
1779071890,2982.655613
1779071890,2982.440635
1779071890,2982.607822
1779071890,2983.053958
1779071890,2983.242308
1779071890,3597.677897
1779071890,3905.387089
1779071890,2982.715982
1779071890,3905.555347
1779071890,3291.373120
1779071890,2983.415587
1779071890,3290.061573
1779071890,3598.469906
1779071890,3289.617794
1779071890,2674.178606
1779071890,3290.081935
1779071890,3290.020527
1779071890,2674.528770
1779071890,3289.205349
1779071890,2982.434218
1779071890,2981.835617
1779071890,2981.890123
1779071890,2981.370872
1779071890,2981.027471
1779071890,2979.622318
1779071890,2983.238168
1779071890,2980.528134
1779071890,2982.967291
1779071890,2983.036394
1779071890,2983.085762
1779071890,2983.219438
1779071890,2982.420172
1779071890,2985.226656
1779071890,2985.842907
1779071890,2995.766582
1779071890,3290.014203
1779071890,3290.102369
1779071890,2981.443367
1779071890,3290.049907
1779071890,2980.193923
1779071890,2981.620440
1779071890,2672.539547
1779071890,2672.712670
1779071890,3289.461681
1779071890,2982.171931
1779071890,2980.917190
1779071890,3289.768482
1779071890,2981.171625
1779071890,2981.482710
1779071890,2981.645515
1779071890,2981.971878
1779071890,2982.401741
1779071890,2982.435982
1779071890,3589.676206
1779071890,2983.192303
1779071890,3905.462178
1779071890,2983.625215
1779071890,2983.784907
1779071890,2983.329620
1779071890,3588.706349
1779071890,3290.200867
1779071890,3290.060171
1779071890,2982.575013
1779071890,2674.156786
1779071890,2674.151122
1779071890,3290.016576
1779071890,3289.984881
1779071890,3290.337090
1779071890,2981.217575
1779071890,2981.486004
1779071890,3291.457271
1779071890,2982.962433
1779071890,2673.717941
1779071890,2979.124196
1779071890,2981.546342
1779071890,2983.240738
1779071890,2980.306062
1779071890,2982.907742
1779071890,2982.940942
1779071890,2983.074587
1779071890,3291.446557
1779071890,2982.405333
1779071890,2985.739030
1779071890,2986.099489
1779071890,2996.628245
1779071890,2672.644173
1779071890,2672.496217
1779071890,2673.138121
1779071890,2673.309990
1779071890,2673.316809
1779071890,2673.480108
1779071890,2982.621248
1779071890,3289.224112
1779071890,2981.452913
1779071890,2673.750959
1779071890,2981.865099
1779071890,2981.928639
1779071890,3289.733222
1779071890,3289.889867
1779071890,2982.082377
1779071890,2982.517723
1779071890,2981.615877
1779071890,2981.752764
1779071890,2982.424465
1779071890,4212.888246
1779071890,2983.022078
1779071890,2982.949885
1779071890,2982.712507
1779071890,2983.134743
1779071890,2983.645177
1779071890,2982.444699
1779071890,2674.304919
1779071890,2982.503990
1779071890,2982.329957
1779071890,3591.572441
1779071890,2982.291295
1779071890,2982.762115
1779071890,2673.690006
1779071890,2982.611203
1779071890,2982.349400
1779071890,2982.605703
1779071890,3289.484630
1779071890,2981.425517
1779071890,2980.483668
1779071890,2979.838166
1779071890,2983.638621
1779071890,2980.148610
1779071890,2982.922711
1779071890,2982.914631
1779071890,2983.080364
1779071890,2983.026891
1779071890,2983.541652
1779071890,2986.102021
1779071890,2986.413476
1779071890,2997.344406
1779071890,2981.658457
1779071890,2981.592096
1779071890,2673.566808
1779071890,2982.114142
1779071890,2673.657930
1779071890,2673.760976
1779071890,2982.250785
1779071890,2981.180841
1779071890,2674.012343
1779071890,2981.303156
1779071890,2672.928924
1779071890,2981.493008
1779071890,2981.535065
1779071890,2674.273158
1779071890,2980.574564
1779071890,2980.948032
1779071890,2981.123539
1779071890,2981.326845
1779071890,2980.920074
1779071890,2981.999361
1779071890,2982.212891
1779071890,2982.608692
1779071890,2981.585521
1779071890,2981.427833
1779071890,2981.732987
1779071890,2981.673014
1779071890,2981.568663
1779071890,2981.636976
1779071890,3289.476648
1779071890,3290.114267
1779071890,2981.784774
1779071890,2981.738087
1779071890,2981.810705
1779071890,2981.255248
1779071890,2981.196509
1779071890,2981.772265
1779071890,2980.945658
1779071890,2981.438049
1779071890,2980.489781
1779071890,2979.671789
1779071890,2982.526148
1779071890,2979.979640
1779071890,2983.291165
1779071890,2983.346340
1779071890,2983.440695
1779071890,2983.469385
1779071890,2983.461174
1779071890,2985.174756
1779071890,2985.639715
1779071890,2996.850662
1779071890,2672.304674
1779071890,3598.455027
1779071890,2980.914748
1779071890,3289.978977
1779071890,2672.897242
1779071890,2672.964074
1779071890,2672.932388
1779071890,2673.130693
1779071890,2673.091903
1779071890,2981.448749
1779071890,2673.629806
1779071890,2981.632926
1779071890,2981.647359
1779071890,2981.084545
1779071890,2981.108197
1779071890,2981.482492
1779071890,2981.641608
1779071890,2981.930196
1779071890,2982.419364
1779071890,2981.944506
1779071890,2982.285279
1779071890,2982.232904
1779071890,2981.298538
1779071890,2981.496736
1779071890,3288.895699
1779071890,3598.363457
1779071890,2981.595123
1779071890,2981.591053
1779071890,2981.691009
1779071890,2981.607514
1779071890,2981.513771
1779071890,2981.736228
1779071890,2981.525304
1779071890,2980.747569
1779071890,2980.156482
1779071890,3596.261444
1779071890,2981.366532
1779071890,2981.440367
1779071890,2981.219341
1779071890,2979.688412
1779071890,2982.856187
1779071890,2980.154029
1779071890,2983.561415
1779071890,2983.544190
1779071890,2983.652007
1779071890,2983.612292
1779071890,2983.634121
1779071890,2986.575007
1779071890,2985.904373
1779071890,2996.393223
1779071890,2672.377765
1779071890,2672.719338
1779071890,3290.304193
1779071890,3289.114223
1779071890,3290.375534
1779071890,3290.664750
1779071890,3289.551612
1779071890,2673.554204
1779071890,3291.054292
1779071890,2673.442522
1779071890,2673.415533
1779071890,2980.799444
1779071890,2980.790460
1779071890,2980.812237
1779071890,2980.938248
1779071890,2981.456992
1779071890,2981.627274
1779071890,2981.831799
1779071890,2982.482088
1779071890,2674.289490
1779071890,2982.272015
1779071890,2982.330531
1779071890,2981.454459
1779071890,3291.030036
1779071890,2981.429616
1779071890,2981.653370
1779071890,2981.664468
1779071890,2981.851407
1779071890,2673.975607
1779071890,2981.786788
1779071890,2981.957334
1779071890,2981.617840
1779071890,2674.342536
1779071890,2674.070924
1779071890,3290.643525
1779071890,2981.320640
1779071890,2980.907237
1779071890,2981.131286
1779071890,2981.169504
1779071890,2979.589192
1779071890,2982.906700
1779071890,2979.876162
1779071890,2983.550793
1779071890,2983.570643
1779071890,2983.715787
1779071890,2983.818950
1779071890,2983.806891
1779071890,2985.811223
1779071890,2986.068369
1779071891,2995.927385
1779071891,3288.103207
1779071891,2980.972239
1779071891,3288.540376
1779071891,2981.113521
1779071891,3289.872380
1779071891,2672.454130
1779071891,3597.538032
1779071891,2672.755723
1779071891,2981.733311
1779071891,2980.525486
1779071891,3289.273455
1779071891,2671.845869
1779071891,2980.831525
1779071891,2981.333491
1779071891,2672.130794
1779071891,2981.434891
1779071891,2981.526806
1779071891,2981.747527
1779071891,2982.119339
1779071891,2980.144118
1779071891,2982.681545
1779071891,2981.822485
1779071891,2981.264492
1779071891,2982.119995
1779071891,2981.463820
1779071891,2981.756388
1779071891,2981.463120
1779071891,2981.811628
1779071891,2981.818602
1779071891,2981.691006
1779071891,2981.352827
1779071891,2674.253333
1779071891,2980.961808
1779071891,2981.103002
1779071891,2981.131871
1779071891,2980.807106
1779071891,2981.583706
1779071891,2981.130259
1779071891,2981.272924
1779071891,2979.391799
1779071891,2982.822643
1779071891,2979.867676
1779071891,2983.802184
1779071891,2984.023318
1779071891,2983.959448
1779071891,2675.692946
1779071891,2984.123132
1779071891,2986.804531
1779071891,2985.910249
1779071891,2996.355813
1779071891,2979.958965
1779071891,2980.578580
1779071891,3288.696492
1779071891,3288.782759
1779071891,3288.899263
1779071891,2672.711232
1779071891,3289.004327
1779071891,3289.162687
1779071891,3289.398897
1779071891,2672.045062
1779071891,2672.013030
1779071891,2672.136603
1779071891,2980.365304
1779071891,2981.785120
1779071891,2981.891805
1779071891,2980.846587
1779071891,2980.929789
1779071891,2980.970292
1779071891,2981.356671
1779071891,2981.301785
1779071891,2981.112648
1779071891,2981.977308
1779071891,2980.954165
1779071891,2674.259648
1779071891,2981.416939
1779071891,2981.530667
1779071891,2981.474555
1779071891,2981.485577
1779071891,2981.670910
1779071891,2981.753705
1779071891,2981.216868
1779071891,2982.305675
1779071891,2981.872059
1779071891,2981.143063
1779071891,2981.821627
1779071891,2981.417506
1779071891,2980.930305
1779071891,2981.066166
1779071891,2981.307586
1779071891,2979.307802
1779071891,2983.092418
1779071891,2980.025957
1779071891,2983.836466
1779071891,2983.958235
1779071891,2983.951977
1779071891,2983.959205
1779071891,2984.170581
1779071891,2986.975798
1779071891,2986.255175
1779071891,2995.783086
1779071891,3288.368020
1779071891,2980.250931
1779071891,2980.552774
1779071891,2980.646279
1779071891,2980.710459
1779071891,3288.305386
1779071891,3289.490122
1779071891,3597.652479
1779071891,3288.325608
1779071891,2979.994063
1779071891,2672.615144
1779071891,2672.876274
1779071891,2980.328915
1779071891,2980.489764
1779071891,2980.622581
1779071891,2980.907011
1779071891,2981.145394
1779071891,3289.884677
1779071891,2981.570203
1779071891,2981.575683
1779071891,2981.232146
1779071891,2981.770856
1779071891,2674.124546
1779071891,2982.651756
1779071891,3289.012272
1779071891,2981.545186
1779071891,2981.599424
1779071891,2981.756101
1779071891,2981.753317
1779071891,3288.094579
1779071891,2981.645245
1779071891,3288.318331
1779071891,2674.280918
1779071891,2982.240819
1779071891,2982.177803
1779071891,2981.472053
1779071891,2981.052915
1779071891,2981.164908
1779071891,2981.103258
1779071891,2979.397239
1779071891,2983.353486
1779071891,2981.095623
1779071891,2984.214459
1779071891,2984.309705
1779071891,2984.460703
1779071891,2984.437057
1779071891,2984.615857
1779071891,2986.222064
1779071891,2986.212218
1779071891,2995.425413
1779071891,2978.682581
1779071891,3597.263499
1779071891,2980.137341
1779071891,2980.211794
1779071891,2980.311848
1779071891,3288.651079
1779071891,2672.657828
1779071891,2979.751180
1779071891,3288.654280
1779071891,2980.195656
1779071891,2980.009925
1779071891,2672.399074
1779071891,2980.285179
1779071891,2980.663581
1779071891,2673.893673
1779071891,2980.746556
1779071891,2981.045294
1779071891,2981.150446
1779071891,2981.794328
1779071891,2673.269090
1779071891,2673.584173
1779071891,2982.096266
1779071891,2981.413590
1779071891,2981.423889
1779071891,2981.628608
1779071891,2981.537031
1779071891,2981.895532
1779071891,2981.892849
1779071891,2983.075298
1779071891,3289.645448
1779071891,2982.132291
1779071891,2982.080373
1779071891,2982.119518
1779071891,2674.561956
1779071891,2982.475722
1779071891,2981.206656
1779071891,2985.129823
1779071891,2981.204383
1779071891,2981.366921
1779071891,2978.250246
1779071891,2983.314559
1779071891,2979.895063
1779071891,3292.528378
1779071891,2984.242994
1779071891,2675.937846
1779071891,2984.367479
1779071891,2984.576019
1779071891,2986.349539
1779071891,2986.413111
1779071891,2995.483078
1779071891,3595.450384
1779071891,2979.272370
1779071891,2671.820633
1779071891,2980.424369
1779071891,2979.436609
1779071891,2980.726702
1779071891,3288.585571
1779071891,2981.000314
1779071891,3288.904420
1779071891,2980.002741
1779071891,3289.386035
1779071891,2980.464189
1779071891,2980.488516
1779071891,2980.916933
1779071891,2672.738860
1779071891,2671.923912
1779071891,2981.158671
1779071891,2981.246104
1779071891,2672.109147
1779071891,2982.074429
1779071891,2982.100535
1779071891,2982.388314
1779071891,2982.105671
1779071891,2673.470694
1779071891,2981.857822
1779071891,2673.852301
1779071891,2673.948199
1779071891,2673.816219
1779071891,2982.491901
1779071891,2982.639140
1779071891,2981.614093
1779071891,2982.266509
1779071891,2982.232776
1779071891,2674.486849
1779071891,2674.518375
1779071891,2980.387498
1779071891,2982.270868
1779071891,2982.012291
1779071891,2981.720132
1779071891,2979.976538
1779071891,2983.418581
1779071891,2981.192274
1779071891,2984.803955
1779071891,2984.861851
1779071891,2676.039856
1779071891,2984.922940
1779071891,2984.207071
1779071891,2986.696844
1779071891,2986.741669
1779071891,2997.314210
1779071891,2980.035024
1779071891,2979.054605
1779071891,2979.234520
1779071891,2671.472318
1779071891,2979.743203
1779071891,2673.344353
1779071891,2980.053738
1779071891,2980.255579
1779071891,3287.897007
1779071891,2980.535931
1779071891,2980.245358
1779071891,2980.354596
1779071891,2980.357836
1779071891,2980.438896
1779071891,2980.871657
1779071891,2981.037582
1779071891,2673.122356
1779071891,2672.996139
1779071891,2981.294653
1779071891,2981.646865
1779071891,2672.832813
1779071891,3289.286028
1779071891,2982.010327
1779071891,2982.425254
1779071891,2982.055051
1779071891,2982.189401
1779071891,2982.491440
1779071891,2981.920192
1779071891,2982.539295
1779071891,2981.968109
1779071891,2982.164285
1779071891,3289.820083
1779071891,2982.232393
1779071891,2982.199983
1779071891,2674.597970
1779071891,2981.779846
1779071891,2982.018074
1779071891,2981.046355
1779071891,2981.952602
1779071891,2980.099634
1779071891,2983.564084
1779071891,2981.233669
1779071891,2984.705611
1779071891,2984.939947
1779071891,2984.935887
1779071891,2984.958471
1779071891,2985.016759
1779071891,2987.078859
1779071891,2987.096333
1779071891,2996.770983
1779071891,2979.186853
1779071891,2980.298704
1779071891,2979.277588
1779071891,2671.996061
1779071891,2979.814884
1779071891,3595.794329
1779071891,3288.137244
1779071891,3288.398734
1779071891,2979.662282
1779071891,2979.672287
1779071891,2980.010385
1779071891,2980.228223
1779071891,2979.667216
1779071891,2980.526260
1779071891,2980.545233
1779071891,2672.669609
1779071891,2980.268926
1779071891,2980.649067
1779071891,2672.225755
1779071891,2980.822539
1779071891,2672.641834
1779071891,3289.537445
1779071891,2981.519626
1779071891,2981.609356
1779071891,2981.866352
1779071891,2982.415371
1779071891,2982.242352
1779071891,2982.013782
1779071891,2981.950549
1779071891,2981.852971
1779071891,2982.363915
1779071891,2982.014312
1779071891,2673.527172
1779071891,2980.680677
1779071891,2982.533275
1779071891,2981.700499
1779071891,2982.682621
1779071891,2982.026292
1779071891,2981.258064
1779071891,2979.549614
1779071891,2983.908164
1779071891,2981.330204
1779071891,3293.235783
1779071891,2984.894084
1779071891,2984.964315
1779071891,2985.071645
1779071891,2985.129207
1779071891,2988.477415
1779071891,2987.337015
1779071891,2996.278850
1779071891,2980.412064
1779071891,2980.477676
1779071891,2979.352874
1779071891,2979.457187
1779071891,2979.710951
1779071891,2672.836164
1779071891,2979.311149
1779071891,2980.194801
1779071891,2979.528660
1779071891,2979.817017
1779071891,2979.874659
1779071891,2979.963476
1779071891,3288.473753
1779071891,2979.229315
1779071891,2672.227949
1779071891,3288.600166
1779071891,2979.864116
1779071891,3289.210651
1779071891,2980.028126
1779071891,3597.615127
1779071891,2980.627794
1779071891,2980.825710
1779071891,2981.113554
1779071891,2981.228701
1779071891,2981.692825
1779071891,3289.824627
1779071891,3290.117089
1779071891,2981.502926
1779071891,2981.863044
1779071891,3289.934700
1779071891,3289.826123
1779071891,2982.043694
1779071891,2981.918263
1779071891,3290.327199
1779071891,2981.730460
1779071891,2673.030271
1779071891,2981.731502
1779071891,2981.541761
1779071891,2981.236730
1779071891,2979.202708
1779071891,2984.021929
1779071891,2980.968381
1779071891,3292.642790
1779071891,2984.780092
1779071891,2984.782729
1779071891,2984.745004
1779071891,2984.901156
1779071891,2988.266120
1779071891,2987.322893
1779071891,2995.949485
1779071891,2979.841957
1779071891,2980.502573
1779071891,3287.224331
1779071891,2979.279182
1779071891,2980.708100
1779071891,2671.158035
1779071891,2980.056667
1779071891,3595.383821
1779071891,2980.143718
1779071891,2980.460594
1779071891,2980.001342
1779071891,2980.072003
1779071891,3288.184726
1779071891,2980.180757
1779071891,2672.282174
1779071891,2980.558641
1779071891,2979.527431
1779071891,3288.910329
1779071891,2980.732238
1779071891,2672.107346
1779071891,3289.547223
1779071891,2981.115205
1779071891,2981.091242
1779071891,2981.440113
1779071891,2981.560813
1779071891,2981.733499
1779071891,2672.975170
1779071891,2982.090689
1779071891,2982.268634
1779071891,2673.249685
1779071891,2981.810362
1779071891,2673.566695
1779071891,3289.976388
1779071891,2982.002841
1779071891,2982.522695
1779071891,2982.095610
1779071891,2981.700627
1779071891,2981.921564
1779071891,2979.860213
1779071891,2982.085249
1779071891,2987.151912
1779071891,2982.154683
1779071891,2985.829148
1779071891,2985.819119
1779071891,2985.884334
1779071891,2985.851893
1779071891,2985.885730
1779071891,2988.507992
1779071891,2988.520255
1779071891,2996.307912
1779071891,2979.425955
1779071891,2980.990515
1779071891,3287.568134
1779071891,2979.992808
1779071891,2979.290218
1779071891,2979.302850
1779071891,2980.154227
1779071891,2979.643852
1779071891,2979.570922
1779071891,2979.652137
1779071891,2980.038956
1779071891,2980.148131
1779071891,2980.216360
1779071891,2672.886977
1779071891,2980.173497
1779071891,2673.129756
1779071891,3288.030962
1779071891,2979.607021
1779071891,2979.960817
1779071891,3596.752726
1779071891,2980.226584
1779071891,2980.849591
1779071891,2980.938441
1779071891,2981.038451
1779071891,2981.332424
1779071891,2979.380329
1779071891,2673.364578
1779071891,2981.224735
1779071891,2981.756811
1779071891,2981.324384
1779071891,2673.279009
1779071891,3596.868834
1779071891,2981.249937
1779071891,2980.928270
1779071891,2980.913788
1779071891,2981.143655
1779071891,2981.445220
1779071891,2673.274254
1779071891,2980.637172
1779071891,2979.904450
1779071891,2983.598149
1779071891,2982.162709
1779071891,2984.895931
1779071891,2985.628268
1779071891,2985.812770
1779071891,2985.919561
1779071891,2985.925885
1779071891,2988.633660
1779071891,2988.638345
1779071892,2995.554554
1779071892,2980.788361
1779071892,2980.133504
1779071892,2980.283944
1779071892,3286.870537
1779071892,2980.336626
1779071892,2979.269606
1779071892,2979.318088
1779071892,2979.526761
1779071892,2979.663495
1779071892,2979.871189
1779071892,3596.181467
1779071892,2979.876800
1779071892,2979.952524
1779071892,2980.094537
1779071892,2980.149980
1779071892,2979.105903
1779071892,2979.420185
1779071892,2979.694859
1779071892,2979.959550
1779071892,2980.025652
1779071892,2672.056327
1779071892,2980.849285
1779071892,2979.985279
1779071892,2980.174610
1779071892,2980.478385
1779071892,2980.591133
1779071892,2980.861456
1779071892,2672.807925
1779071892,2980.667672
1779071892,2981.190790
1779071892,2980.908283
1779071892,2980.093958
1779071892,2981.370307
1779071892,3289.975531
1779071892,2981.222698
1779071892,2673.792802
1779071892,2981.544783
1779071892,2981.212746
1779071892,2980.649469
1779071892,2980.071850
1779071892,2983.734720
1779071892,2982.291938
1779071892,2986.022372
1779071892,2985.733181
1779071892,2985.789690
1779071892,2985.813348
1779071892,2985.837590
1779071892,2988.974146
1779071892,2989.029196
1779071892,2995.791122
1779071892,2671.431535
1779071892,2980.506140
1779071892,2671.794233
1779071892,2980.132237
1779071892,2979.190591
1779071892,2980.250563
1779071892,2672.460906
1779071892,2979.314144
1779071892,3286.863961
1779071892,2979.762007
1779071892,2979.011453
1779071892,3287.408367
1779071892,2979.876451
1779071892,2979.799265
1779071892,2673.041699
1779071892,2672.452118
1779071892,3288.062939
1779071892,2979.470314
1779071892,2979.844388
1779071892,2979.738299
1779071892,2980.098534
1779071892,2980.490009
1779071892,2980.059212
1779071892,2981.063079
1779071892,3289.631245
1779071892,2980.663439
1779071892,3289.747326
1779071892,3289.870539
1779071892,2981.001883
1779071892,2981.107928
1779071892,2673.211219
1779071892,2980.431712
1779071892,2980.484420
1779071892,2981.350969
1779071892,2980.524401
1779071892,2981.339545
1779071892,2981.407322
1779071892,2981.755598
1779071892,2980.129460
1779071892,2673.933011
1779071892,2983.761273
1779071892,2982.567140
1779071892,2986.339402
1779071892,2985.958819
1779071892,2987.039200
1779071892,2985.986917
1779071892,2986.034101
1779071892,2988.423502
1779071892,2988.365819
1779071892,2996.356069
1779071892,2979.766694
1779071892,2979.892210
1779071892,2980.122144
1779071892,2979.258736
1779071892,2979.296663
1779071892,2980.458497
1779071892,2980.535205
1779071892,2672.708292
1779071892,2672.818164
1779071892,2978.864677
1779071892,3287.109452
1779071892,2979.941778
1779071892,3594.847170
1779071892,2979.984385
1779071892,2672.221794
1779071892,2672.255282
1779071892,2979.234159
1779071892,2979.468039
1779071892,2979.741412
1779071892,2979.859014
1779071892,2980.281426
1779071892,2672.202556
1779071892,2980.544132
1779071892,2980.805901
1779071892,2981.030797
1779071892,3288.894270
1779071892,2981.277905
1779071892,3289.049465
1779071892,2981.103747
1779071892,2673.368723
1779071892,2981.297458
1779071892,2981.532449
1779071892,2980.652930
1779071892,2980.838138
1779071892,2980.899512
1779071892,2981.217556
1779071892,3289.020594
1779071892,2981.777166
1779071892,2981.031915
1779071892,2979.650843
1779071892,2984.036723
1779071892,2982.549865
1779071892,2986.408032
1779071892,2985.893580
1779071892,2987.088244
1779071892,2986.016453
1779071892,2986.124228
1779071892,2988.756393
1779071892,2988.382051
1779071892,2995.511005
1779071892,2671.777717
1779071892,2980.441050
1779071892,2980.514106
1779071892,2980.530701
1779071892,2980.039921
1779071892,2672.645627
1779071892,2980.146611
1779071892,2979.202365
1779071892,2979.170896
1779071892,2981.370402
1779071892,2979.649889
1779071892,2979.767883
1779071892,2979.771455
1779071892,2979.838419
1779071892,2979.913852
1779071892,2671.597155
1779071892,2979.345930
1779071892,2979.439636
1779071892,2979.832570
1779071892,3288.031156
1779071892,2980.189145
1779071892,2980.493843
1779071892,2980.961736
1779071892,2672.771230
1779071892,3288.367878
1779071892,2672.766979
1779071892,2980.566343
1779071892,2981.008619
1779071892,2981.015576
1779071892,2981.006732
1779071892,2981.038166
1779071892,2981.271285
1779071892,2673.517131
1779071892,2981.708112
1779071892,2980.778713
1779071892,2981.519638
1779071892,2981.501066
1779071892,2981.918385
1779071892,2981.156724
1779071892,2673.724012
1779071892,2984.255802
1779071892,2982.436473
1779071892,2986.207419
1779071892,2985.898518
1779071892,2987.103960
1779071892,2985.950460
1779071892,2986.111751
1779071892,2988.147538
1779071892,2989.842871
1779071892,2995.550930
1779071892,2979.955081
1779071892,2980.019941
1779071892,3288.081471
1779071892,2979.324109
1779071892,3288.086564
1779071892,2979.896498
1779071892,2979.995030
1779071892,3287.949170
1779071892,2980.051120
1779071892,2980.056628
1779071892,3287.904825
1779071892,2980.723220
1779071892,2979.832950
1779071892,2980.093549
1779071892,3288.054136
1779071892,2979.997702
1779071892,2979.424894
1779071892,2979.409362
1779071892,2979.806594
1779071892,2980.059294
1779071892,2980.194799
1779071892,2980.244467
1779071892,2979.525716
1779071892,2980.111709
1779071892,2672.493256
1779071892,2672.892971
1779071892,2980.713582
1779071892,2673.090632
1779071892,2981.190771
1779071892,2981.309092
1779071892,2673.230390
1779071892,2980.827710
1779071892,2980.287756
1779071892,2981.570905
1779071892,2980.445901
1779071892,2981.979662
1779071892,2981.485142
1779071892,2981.295456
1779071892,2980.171563
1779071892,3289.262966
1779071892,2984.315655
1779071892,2982.308205
1779071892,2986.201773
1779071892,2986.930285
1779071892,2986.001620
1779071892,2986.089042
1779071892,2986.215031
1779071892,2989.552960
1779071892,2988.872680
1779071892,2995.296206
1779071892,2980.479357
1779071892,2980.327463
1779071892,3287.211531
1779071892,2980.432825
1779071892,2979.326931
1779071892,3287.705636
1779071892,2979.929213
1779071892,2979.916428
1779071892,2979.964931
1779071892,2979.947827
1779071892,2980.737733
1779071892,2980.665525
1779071892,3287.833451
1779071892,2979.426796
1779071892,3287.832634
1779071892,2980.023862
1779071892,2979.307494
1779071892,2979.392674
1779071892,2979.777938
1779071892,3288.096444
1779071892,2979.989329
1779071892,2979.853031
1779071892,2980.194363
1779071892,2980.200444
1779071892,2980.291728
1779071892,2980.617431
1779071892,3288.524265
1779071892,2981.271880
1779071892,2980.969916
1779071892,2980.823898
1779071892,2672.966891
1779071892,2981.391952
1779071892,2981.413376
1779071892,2673.417257
1779071892,2981.355863
1779071892,2981.097506
1779071892,2980.399348
1779071892,2981.560361
1779071892,2981.875818
1779071892,2980.272027
1779071892,2983.582627
1779071892,2983.351858
1779071892,2986.588000
1779071892,2985.924075
1779071892,2986.942707
1779071892,2986.137181
1779071892,2986.180002
1779071892,2989.665918
1779071892,2989.158816
1779071892,2994.661627
1779071892,2979.490565
1779071892,2980.210130
1779071892,2672.340844
1779071892,2672.305970
1779071892,3287.847331
1779071892,2979.748177
1779071892,2979.863078
1779071892,2979.810989
1779071892,2673.031200
1779071892,3287.601057
1779071892,2671.960449
1779071892,2672.545157
1779071892,2672.576353
1779071892,3288.047914
1779071892,2672.773385
1779071892,2979.814314
1779071892,2978.854905
1779071892,2979.152509
1779071892,2979.257647
1779071892,2980.042423
1779071892,2672.298317
1779071892,2980.006290
1779071892,3288.137659
1779071892,2980.177028
1779071892,3288.029234
1779071892,2671.792958
1779071892,2980.273812
1779071892,2980.586096
1779071892,2980.746363
1779071892,2980.853358
1779071892,2980.938542
1779071892,2981.018428
1779071892,2980.695612
1779071892,3596.550161
1779071892,2672.747472
1779071892,2982.054029
1779071892,2980.734057
1779071892,3287.891145
1779071892,2981.729189
1779071892,2980.255810
1779071892,2983.820153
1779071892,2983.230076
1779071892,2986.620359
1779071892,2986.279562
1779071892,2986.282913
1779071892,2986.286225
1779071892,2678.431926
1779071892,2989.931432
1779071892,2989.246422
1779071892,2994.880583
1779071892,2979.319380
1779071892,2979.878454
1779071892,2980.898949
1779071892,2980.856589
1779071892,2980.836613
1779071892,2979.904936
1779071892,2980.059398
1779071892,2980.608060
1779071892,2980.157389
1779071892,2980.245746
1779071892,2673.127099
1779071892,2978.065993
1779071892,2979.917741
1779071892,2980.919691
1779071892,2979.536383
1779071892,2980.921136
1779071892,2979.920370
1779071892,2978.801886
1779071892,2672.551319
1779071892,2978.941722
1779071892,2979.718492
1779071892,2979.895862
1779071892,2979.871838
1779071892,3287.647498
1779071892,3287.977068
1779071892,2672.177555
1779071892,3596.334620
1779071892,3288.648890
1779071892,2980.941910
1779071892,2981.016493
1779071892,2673.130171
1779071892,2981.455782
1779071892,2980.555868
1779071892,2981.082646
1779071892,2981.030273
1779071892,2981.205938
1779071892,2980.974354
1779071892,2980.486907
1779071892,2981.258606
1779071892,2981.717233
1779071892,2983.936584
1779071892,2983.163694
1779071892,2986.717625
1779071892,2986.264727
1779071892,2987.284182
1779071892,2986.663168
1779071892,2678.696251
1779071892,2990.182325
1779071892,2989.294466
1779071892,2996.168886
1779071892,2979.489152
1779071892,2980.120402
1779071892,2980.947790
1779071892,2980.949586
1779071892,2978.768400
1779071892,2981.315877
1779071892,2979.582810
1779071892,2979.819057
1779071892,2979.822583
1779071892,2980.977925
1779071892,2980.101660
1779071892,2979.930551
1779071892,2980.283039
1779071892,2979.944362
1779071892,2979.714035
1779071892,2980.428549
1779071892,2978.766798
1779071892,2979.137497
1779071892,2978.769459
1779071892,2979.310113
1779071892,2979.438725
1779071892,2671.916634
1779071892,2979.580205
1779071892,2979.591676
1779071892,2979.641748
1779071892,2980.181494
1779071892,2980.225437
1779071892,2980.550240
1779071892,2672.225401
1779071892,2980.735633
1779071892,2980.417894
1779071892,3289.158923
1779071892,2981.001903
1779071892,2672.669272
1779071892,2980.810128
1779071892,2980.830188
1779071892,2981.307883
1779071892,2980.802898
1779071892,2980.972940
1779071892,2981.345097
1779071892,2983.932641
1779071892,2983.434000
1779071892,2986.121984
1779071892,2986.507318
1779071892,2986.596378
1779071892,2678.596412
1779071892,2986.864157
1779071892,2989.156187
1779071892,2989.392418
1779071892,2996.534714
1779071892,2979.036450
1779071892,3288.453555
1779071892,2980.151057
1779071892,2980.136931
1779071892,2671.233723
1779071892,2979.709028
1779071892,2978.689766
1779071892,2979.958129
1779071892,2980.018488
1779071892,3288.034960
1779071892,3288.185968
1779071892,2979.452922
1779071892,3288.659386
1779071892,2978.524947
1779071892,2671.629538
1779071892,3288.904557
1779071892,2979.904077
1779071892,2979.074070
1779071892,2978.980378
1779071892,2979.479839
1779071892,2979.477360
1779071892,2671.201262
1779071892,3288.013090
1779071892,2671.986355
1779071892,2979.654732
1779071892,2980.144634
1779071892,2980.090351
1779071893,2980.311318
1779071893,2980.347073
1779071893,3288.707643
1779071893,2980.448458
1779071893,2981.101027
1779071893,2980.620510
1779071893,2980.649092
1779071893,2980.810223
1779071893,3288.967988
1779071893,2981.385429
1779071893,2981.029007
1779071893,2981.468459
1779071893,2981.214182
1779071893,2984.191249
1779071893,2983.383911
1779071893,2987.003211
1779071893,2986.606456
1779071893,3295.693593
1779071893,2986.853441
1779071893,2986.885630
1779071893,2989.573664
1779071893,2989.579514
1779071893,2996.027345
1779071893,2978.996413
1779071893,2979.121024
1779071893,2979.176887
1779071893,2979.701191
1779071893,2978.592773
1779071893,2980.262295
1779071893,3287.188121
1779071893,2979.685764
1779071893,2672.485038
1779071893,2672.453995
1779071893,2672.661802
1779071893,2671.582514
1779071893,2672.677487
1779071893,3286.478722
1779071893,2979.883676
1779071893,2979.817796
1779071893,2672.148390
1779071893,2979.035049
1779071893,2978.961218
1779071893,2979.252915
1779071893,2979.245177
1779071893,2979.011822
1779071893,2979.267565
1779071893,2671.828079
1779071893,3288.008050
1779071893,2980.139032
1779071893,2980.020458
1779071893,2980.257413
1779071893,3288.696494
1779071893,2980.484950
1779071893,2980.984621
1779071893,2980.630752
1779071893,2980.615833
1779071893,2980.687918
1779071893,2672.605731
1779071893,2980.900413
1779071893,2981.142561
1779071893,2981.099045
1779071893,2981.873836
1779071893,2981.167912
1779071893,2984.247333
1779071893,2983.350782
1779071893,2987.308924
1779071893,2678.929455
1779071893,2987.171821
1779071893,3295.299648
1779071893,2987.256594
1779071893,2989.749215
1779071893,2989.799642
1779071893,2996.337046
1779071893,2979.135706
1779071893,2979.249774
1779071893,2979.164405
1779071893,2979.699203
1779071893,2979.755389
1779071893,2980.343039
1779071893,2979.505438
1779071893,2979.645777
1779071893,2980.099902
1779071893,2979.138298
1779071893,2980.218150
1779071893,2671.717054
1779071893,2671.699473
1779071893,2671.657704
1779071893,2979.606292
1779071893,2979.298480
1779071893,2979.789194
1779071893,2979.185698
1779071893,2978.900050
1779071893,2979.485273
1779071893,2979.234760
1779071893,3287.646246
1779071893,2671.947114
1779071893,2979.534992
1779071893,2979.081820
1779071893,3595.470826
1779071893,2979.727303
1779071893,2979.801898
1779071893,2980.233917
1779071893,3288.568348
1779071893,2980.317918
1779071893,2980.003189
1779071893,2980.699557
1779071893,2980.720314
1779071893,2980.835963
1779071893,2980.228710
1779071893,2981.191634
1779071893,2981.165911
1779071893,2981.221733
1779071893,2981.789343
1779071893,2984.304456
1779071893,2983.663502
1779071893,3295.199659
1779071893,2987.262951
1779071893,2987.802289
1779071893,2986.291181
1779071893,2986.364460
1779071893,2990.053514
1779071893,2990.051383
1779071893,2996.824432
1779071893,2978.641215
1779071893,3595.587700
1779071893,2978.634267
1779071893,2978.774501
1779071893,2978.935589
1779071893,2979.433564
1779071893,2979.562057
1779071893,2978.681679
1779071893,2980.002096
1779071893,2980.349931
1779071893,2672.592445
1779071893,2980.523814
1779071893,3595.184354
1779071893,2672.599851
1779071893,2672.671165
1779071893,2979.095893
1779071893,2979.324130
1779071893,2672.013863
1779071893,2978.680691
1779071893,3286.875121
1779071893,2979.747101
1779071893,3287.081488
1779071893,2979.129951
1779071893,2979.386819
1779071893,2978.906446
1779071893,2978.957496
1779071893,2978.695711
1779071893,2979.686626
1779071893,2979.640079
1779071893,2980.077598
1779071893,2979.756254
1779071893,2980.059117
1779071893,2672.124901
1779071893,2980.115572
1779071893,2979.858986
1779071893,2980.418612
1779071893,2980.970154
1779071893,2981.274829
1779071893,2981.493912
1779071893,2981.653006
1779071893,2984.483777
1779071893,2983.814250
1779071893,2987.280012
1779071893,2987.425125
1779071893,2986.437188
1779071893,2987.688581
1779071893,2986.643547
1779071893,2990.011537
1779071893,2990.021950
1779071893,2995.779737
1779071893,2978.735570
1779071893,2978.803972
1779071893,2978.799087
1779071893,2670.966343
1779071893,2979.087729
1779071893,3286.880254
1779071893,2671.992528
1779071893,3287.544600
1779071893,3287.658449
1779071893,2979.322328
1779071893,2980.693506
1779071893,3288.178490
1779071893,2979.633736
1779071893,2979.324377
1779071893,2979.724233
1779071893,2671.574221
1779071893,2978.677454
1779071893,2671.866264
1779071893,3287.368843
1779071893,2979.288125
1779071893,2979.028891
1779071893,2979.196952
1779071893,3288.113696
1779071893,2671.546250
1779071893,2671.642659
1779071893,2979.092369
1779071893,2671.469017
1779071893,2979.802983
1779071893,2979.473485
1779071893,2979.342681
1779071893,2979.934055
1779071893,2980.073191
1779071893,3288.786621
1779071893,2979.762628
1779071893,2980.300944
1779071893,2980.186282
1779071893,2980.886804
1779071893,2981.344747
1779071893,2982.011056
1779071893,2981.694548
1779071893,2984.853961
1779071893,2983.909404
1779071893,3295.749609
1779071893,2987.734697
1779071893,2987.714510
1779071893,2678.588454
1779071893,2987.935698
1779071893,2990.400235
1779071893,2989.505553
1779071893,2997.342435
1779071893,2977.934310
1779071893,2978.731039
1779071893,2978.711986
1779071893,2979.044025
1779071893,2978.978398
1779071893,2979.379569
1779071893,2980.029271
1779071893,2980.027042
1779071893,2978.986223
1779071893,3286.953171
1779071893,3287.182121
1779071893,2979.565163
1779071893,2979.547379
1779071893,2671.677658
1779071893,2671.863512
1779071893,2979.157317
1779071893,2979.269245
1779071893,2979.264126
1779071893,2671.334721
1779071893,2979.185783
1779071893,2979.219019
1779071893,2671.838348
1779071893,3287.482710
1779071893,2979.464305
1779071893,2978.907027
1779071893,2979.034583
1779071893,2978.984817
1779071893,2979.355323
1779071893,2979.658944
1779071893,2979.109227
1779071893,2979.649245
1779071893,2979.765807
1779071893,2979.678608
1779071893,2980.244577
1779071893,2980.285766
1779071893,2980.188835
1779071893,2980.836617
1779071893,2981.468025
1779071893,2981.919921
1779071893,2982.341972
1779071893,2985.309892
1779071893,2983.895258
1779071893,2987.954154
1779071893,2987.949929
1779071893,2988.020962
1779071893,2987.158194
1779071893,2987.201714
1779071893,2989.863409
1779071893,2990.921932
1779071893,2996.738167
1779071893,2977.832088
1779071893,2978.742624
1779071893,2978.694526
1779071893,2978.889516
1779071893,2978.844300
1779071893,2978.877332
1779071893,2979.279740
1779071893,2671.457240
1779071893,3286.706161
1779071893,2671.560211
1779071893,2979.313598
1779071893,2979.416802
1779071893,2980.514867
1779071893,2979.481548
1779071893,2672.107753
1779071893,2979.101755
1779071893,2671.165211
1779071893,2979.533858
1779071893,2978.595746
1779071893,2979.457601
1779071893,2979.138934
1779071893,2979.301252
1779071893,2979.335625
1779071893,2978.842424
1779071893,2671.809741
1779071893,2979.050043
1779071893,2671.456254
1779071893,2979.414775
1779071893,2979.665055
1779071893,2979.801668
1779071893,3287.316190
1779071893,2979.959362
1779071893,2980.184267
1779071893,2980.113727
1779071893,2979.700847
1779071893,2980.293162
1779071893,2980.795668
1779071893,2981.735694
1779071893,2982.660713
1779071893,2982.125110
1779071893,2984.281504
1779071893,2983.997085
1779071893,2988.154372
1779071893,2988.184207
1779071893,2987.172285
1779071893,2679.080019
1779071893,2988.432900
1779071893,2990.785969
1779071893,2989.724278
1779071893,2996.021696
1779071893,2977.891155
1779071893,2978.377494
1779071893,3286.789477
1779071893,2978.598562
1779071893,2670.522137
1779071893,2979.074737
1779071893,3594.892084
1779071893,2980.031138
1779071893,2979.924690
1779071893,2978.725682
1779071893,2979.179280
1779071893,2672.124202
1779071893,2979.251020
1779071893,2672.274254
1779071893,2671.144861
1779071893,2671.439238
1779071893,2979.101831
1779071893,2671.483992
1779071893,2978.844329
1779071893,2979.174315
1779071893,2979.657917
1779071893,3286.922724
1779071893,2979.785883
1779071893,3286.933348
1779071893,3287.090359
1779071893,2979.082623
1779071893,2671.919427
1779071893,2979.630874
1779071893,2979.741753
1779071893,2979.846953
1779071893,2979.116964
1779071893,2979.669433
1779071893,2672.292426
1779071893,2980.180978
1779071893,2979.686087
1779071893,2980.150486
1779071893,2980.805750
1779071893,2981.635805
1779071893,2982.862722
1779071893,2982.396854
1779071893,2984.549099
1779071893,2984.415749
1779071893,2986.676970
1779071893,3295.830910
1779071893,2987.425738
1779071893,2987.431753
1779071893,2987.455958
1779071893,2989.214117
1779071893,2989.256055
1779071893,2996.406478
1779071893,2978.436308
1779071893,2978.748978
1779071893,2977.673840
1779071893,2670.945316
1779071893,2977.934137
1779071893,2978.046432
1779071893,2978.316609
1779071893,2978.699821
1779071893,3594.706612
1779071893,2979.239613
1779071893,2671.453498
1779071893,2979.525691
1779071893,2671.529099
1779071893,3286.203708
1779071893,2979.261448
1779071893,2671.667869
1779071893,2979.486853
1779071893,3286.819595
1779071893,2980.255755
1779071893,2979.244628
1779071893,2979.679005
1779071893,2979.015983
1779071893,2979.486906
1779071893,2979.455826
1779071893,2980.117159
1779071893,2674.214996
1779071893,2982.840664
1779071893,2979.899091
1779071893,2979.660654
1779071893,2979.368409
1779071893,2980.449693
1779071893,2979.690412
1779071893,2979.883697
1779071893,2671.853100
1779071893,2979.840358
1779071893,2980.180220
1779071893,2980.747215
1779071893,2981.946408
1779071893,2983.187213
1779071893,2982.634519
1779071893,2984.802937
1779071893,2984.385950
1779071893,2986.771081
1779071893,2987.390101
1779071893,2677.935649
1779071893,2987.527850
1779071893,2987.620387
1779071893,2988.277692
1779071893,2989.262017
1779071893,2995.742461
1779071893,2670.159807
1779071893,2977.766419
1779071893,2978.048184
1779071893,2978.176134
1779071893,2670.270279
1779071893,2670.455791
1779071893,2978.747745
1779071893,2979.131570
1779071893,2979.329866
1779071893,2671.229356
1779071893,3595.304431
1779071893,2980.018959
1779071893,2672.184268
1779071893,2672.296147
1779071893,2979.481974
1779071893,2979.623562
1779071893,2671.707048
1779071893,2979.618801
1779071893,2980.098450
1779071893,2672.745813
1779071893,2672.688257
1779071893,2672.491964
1779071893,3287.500779
1779071893,2672.346946
1779071893,2672.607117
1779071893,2672.030988
1779071893,2979.888834
1779071893,2672.166008
1779071893,2672.509734
1779071893,2979.802542
1779071893,2980.348951
1779071893,2979.587768
1779071893,2671.657232
1779071893,2979.718932
1779071893,2980.254027
1779071893,2980.296395
1779071893,2981.424121
1779071893,2982.346417
1779071893,2982.748284
1779071893,2983.586415
1779071893,2984.946868
1779071893,2984.313997
1779071893,3295.129473
1779071893,2987.540789
1779071893,2987.517856
1779071893,2678.111269
1779071893,2987.725652
1779071893,2988.190297
1779071893,2989.211642
1779071894,2997.209293
1779071894,2977.518505
1779071894,2669.541955
1779071894,3286.094169
1779071894,2978.135610
1779071894,2670.297089
1779071894,2978.500136
1779071894,2670.794187
1779071894,2979.157928
1779071894,3286.408540
1779071894,2979.530224
1779071894,3286.792561
1779071894,3594.851196
1779071894,2979.159813
1779071894,3595.075538
1779071894,3287.235104
1779071894,2979.567742
1779071894,2671.128578
1779071894,2980.095309
1779071894,2979.226659
1779071894,2980.604644
1779071894,2979.559145
1779071894,2669.053290
1779071894,2980.200828
1779071894,2979.689442
1779071894,3287.580007
1779071894,2980.117130
1779071894,2980.196708
1779071894,2980.207637
1779071894,2671.096892
1779071894,3287.353394
1779071894,2978.921601
1779071894,2980.407230
1779071894,2979.513398
1779071894,2979.725445
1779071894,2979.988685
1779071894,2675.499067
1779071894,2981.322341
1779071894,2982.313438
1779071894,2982.744638
1779071894,2983.755904
1779071894,2985.178691
1779071894,2984.401561
1779071894,2986.243608
1779071894,2986.780046
1779071894,2987.634091
1779071894,2986.651359
1779071894,2678.317288
1779071894,2988.136742
1779071894,2988.995484
1779071894,2996.413680
1779071894,2978.191778
1779071894,3285.115148
1779071894,2978.257876
1779071894,2978.553088
1779071894,2978.760021
1779071894,2978.764868
1779071894,2978.096835
1779071894,2978.630911
1779071894,2978.721267
1779071894,2978.734622
1779071894,3287.061065
1779071894,3595.708059
1779071894,2979.490728
1779071894,2979.570214
1779071894,3288.095376
1779071894,3286.887350
1779071894,2980.296445
1779071894,2979.923297
1779071894,2980.482259
1779071894,2672.231649
1779071894,2980.146425
1779071894,2979.719596
1779071894,2978.844920
1779071894,2980.245203
1779071894,2980.317598
1779071894,2672.013823
1779071894,2980.046086
1779071894,2672.081340
1779071894,2979.712747
1779071894,2980.326162
1779071894,2979.087898
1779071894,2671.387603
1779071894,2980.442714
1779071894,2671.632259
1779071894,2671.250194
1779071894,2671.602224
1779071894,2981.340427
1779071894,2982.588554
1779071894,2983.052956
1779071894,2983.944033
1779071894,2985.234675
1779071894,2984.353828
1779071894,2986.195551
1779071894,2985.757881
1779071894,3295.942908
1779071894,2986.661937
1779071894,2986.645328
1779071894,2988.435974
1779071894,2989.322865
1779071894,2996.908404
1779071894,3285.659170
1779071894,2977.651981
1779071894,3902.251576
1779071894,2977.786370
1779071894,2977.815395
1779071894,2670.227085
1779071894,2978.390191
1779071894,2998.698075
1779071894,3922.178627
1779071894,2998.250310
1779071894,2999.436197
1779071894,3307.215798
1779071894,2998.359419
1779071894,3614.264268
1779071894,2998.503459
1779071894,2998.468232
1779071894,3306.508201
1779071894,3305.195717
1779071894,3304.491792
1779071894,2996.511256
1779071894,3305.749116
1779071894,2995.436507
1779071894,2998.554846
1779071894,3613.429258
1779071894,2994.737614
1779071894,2996.608280
1779071894,2998.343660
1779071894,2995.100272
1779071894,3304.921378
1779071894,2997.513393
1779071894,2691.400349
1779071894,2988.696759
1779071894,2985.709123
1779071894,2688.090423
1779071894,2689.030917
1779071894,2997.471925
1779071894,2995.513333
1779071894,2996.519329
1779071894,3306.878475
1779071894,3306.146763
1779071894,2996.752295
1779071894,2995.313114
1779071894,2985.213870
1779071894,2986.002417
1779071894,2986.687161
1779071894,3296.260840
1779071894,2987.050808
1779071894,2988.280152
1779071894,2989.105697
1779071894,2997.346716
1779071894,2979.242052
1779071894,2978.054893
1779071894,3286.082123
1779071894,2979.399150
1779071894,3286.271773
1779071894,2671.878445
1779071894,2978.586047
1779071894,2979.087978
1779071894,2979.076416
1779071894,2690.482776
1779071894,2691.034580
1779071894,2691.242935
1779071894,2691.155241
1779071894,2691.282990
1779071894,2691.246088
1779071894,2691.514878
1779071894,2689.630773
1779071894,2690.084864
1779071894,2691.465275
1779071894,2691.349580
1779071894,2690.701880
1779071894,2689.920995
1779071894,2688.959549
1779071894,2688.955849
1779071894,2689.358848
1779071894,2690.615778
1779071894,2689.803673
1779071894,2691.609576
1779071894,3305.748670
1779071894,2689.247445
1779071894,3000.029775
1779071894,2690.002784
1779071894,2997.286501
1779071894,2689.367186
1779071894,3000.261258
1779071894,2990.615498
1779071894,3308.790417
1779071894,2691.276987
1779071894,2690.411448
1779071894,2987.768553
1779071894,2999.622148
1779071894,2693.724179
1779071894,2985.295664
1779071894,2986.042316
1779071894,3295.052565
1779071894,2986.813331
1779071894,2986.833710
1779071894,2988.342281
1779071894,2988.915799
1779071894,2996.932838
1779071894,2977.585228
1779071894,2979.612646
1779071894,2979.711189
1779071894,2978.742004
1779071894,2978.154024
1779071894,2978.920662
1779071894,2978.359938
1779071894,2978.973170
1779071894,2978.924851
1779071894,2690.421249
1779071894,2999.940283
1779071894,2998.949673
1779071894,2692.295750
1779071894,2692.261698
1779071894,2691.819805
1779071894,2690.875521
1779071894,2692.315212
1779071894,3000.311144
1779071894,2692.023063
1779071894,2691.221047
1779071894,2691.723759
1779071894,2690.693708
1779071894,2999.225854
1779071894,2998.547259
1779071894,2691.825482
1779071894,2998.263350
1779071894,2998.493703
1779071894,3306.663170
1779071894,2996.045693
1779071894,2690.085174
1779071894,2690.529971
1779071894,2690.153485
1779071894,2690.187638
1779071894,2998.998407
1779071894,2690.355250
1779071894,2689.884272
1779071894,2997.701908
1779071894,2990.940740
1779071894,2689.851002
1779071894,2997.129156
1779071894,2998.061580
1779071894,2996.846389
1779071894,2985.397930
1779071894,2985.558933
1779071894,2985.988979
1779071894,2986.596295
1779071894,2986.686139
1779071894,2988.391278
1779071894,2988.897766
1779071894,2997.176301
1779071894,2979.487932
1779071894,2978.247675
1779071894,2978.253602
1779071894,2980.360115
1779071894,3594.299418
1779071894,2671.839914
1779071894,2978.651556
1779071894,2979.131046
1779071894,2979.191736
1779071894,2999.287104
1779071894,2692.120917
1779071894,2690.939449
1779071894,2692.449376
1779071894,2692.880345
1779071894,2692.457602
1779071894,2692.525024
1779071894,2999.405710
1779071894,3000.102585
1779071894,2999.920844
1779071894,2689.604463
1779071894,2691.865971
1779071894,2691.331873
1779071894,2690.763790
1779071894,2998.090676
1779071894,2691.148911
1779071894,2689.951982
1779071894,2691.201087
1779071894,2998.447860
1779071894,2998.451983
1779071894,2996.781165
1779071894,2691.423793
1779071894,2690.952735
1779071894,2690.272129
1779071894,2690.523143
1779071894,3614.362068
1779071894,2690.343120
1779071894,2997.974602
1779071894,2996.549081
1779071894,2997.784247
1779071894,2987.790923
1779071894,2991.043616
1779071894,2997.297872
1779071894,2985.126616
1779071894,2985.487363
1779071894,2985.725692
1779071894,2986.429414
1779071894,2986.549175
1779071894,2987.189043
1779071894,2988.759664
1779071894,2996.070222
1779071894,2979.262473
1779071894,2978.917016
1779071894,2978.918509
1779071894,2980.259217
1779071894,3594.911577
1779071894,2979.078141
1779071894,2979.219231
1779071894,2978.610599
1779071894,2979.860649
1779071894,3612.484817
1779071894,3307.813366
1779071894,2692.170474
1779071894,3613.328558
1779071894,2692.339901
1779071894,2692.501822
1779071894,2692.440132
1779071894,3307.881201
1779071894,3307.933175
1779071894,3308.187824
1779071894,3304.823899
1779071894,2693.118281
1779071894,3303.783520
1779071894,2690.915084
1779071894,2691.210321
1779071894,2690.841768
1779071894,2691.274776
1779071894,3307.398297
1779071894,2691.517084
1779071894,3309.100928
1779071894,3309.408999
1779071894,3306.769835
1779071894,2690.608120
1779071894,2690.396484
1779071894,2995.965902
1779071894,3306.132908
1779071894,3308.525706
1779071894,2997.359105
1779071894,3307.244589
1779071894,2997.453556
1779071894,2689.535827
1779071894,2990.725991
1779071894,2997.349449
1779071894,2983.933907
1779071894,2985.294886
1779071894,2985.511801
1779071894,2985.919037
1779071894,2986.143976
1779071894,2987.128565
1779071894,2988.716302
1779071894,2996.358789
1779071894,2978.568157
1779071894,2979.291743
1779071894,2979.344422
1779071894,2979.507777
1779071894,2979.609975
1779071894,2979.643178
1779071894,2979.763933
1779071894,2978.919287
1779071894,2979.041891
1779071894,3304.945762
1779071894,2998.882900
1779071894,2691.689954
1779071894,3308.630270
1779071894,2692.715860
1779071894,2692.672588
1779071894,2692.735582
1779071894,2692.826389
1779071894,2692.628130
1779071894,3614.676830
1779071894,2998.975622
1779071894,2692.848862
1779071894,3307.649006
1779071894,2999.058353
1779071894,3307.198112
1779071894,2690.885681
1779071894,2691.541878
1779071894,2692.842913
1779071894,2691.667192
1779071894,3307.129740
1779071894,2690.735807
1779071894,3921.964555
1779071894,2690.694591
1779071894,2690.936052
1779071894,3295.795503
1779071894,3614.430956
1779071894,2997.136235
1779071894,2690.121801
1779071894,2690.204099
1779071894,3614.761310
1779071894,2987.490188
1779071894,2998.462940
1779071894,2991.230187
1779071894,2984.205050
1779071894,2985.503745
1779071894,2985.748397
1779071894,2986.096387
1779071894,2986.184262
1779071894,2986.319002
1779071894,2987.764613
1779071894,2996.759499
1779071894,2979.262630
1779071894,2979.998929
1779071894,3286.633431
1779071894,2671.430405
1779071894,2979.118898
1779071894,2980.239183
1779071894,2979.514201
1779071894,2979.582665
1779071894,2979.682613
1779071894,2997.945794
1779071894,3307.358621
1779071894,3307.357827
1779071894,3923.426053
1779071894,2690.688595
1779071894,2692.914870
1779071894,2692.826172
1779071894,3000.352675
1779071894,3000.581001
1779071894,3307.493830
1779071894,3308.490767
1779071894,2692.288014
1779071894,2692.495632
1779071894,3307.733413
1779071894,2692.688664
1779071894,2691.331466
1779071894,3308.711657
1779071894,2691.004771
1779071894,2691.328910
1779071894,2691.428010
1779071894,3305.902650
1779071894,2692.442441
1779071894,2690.888710
1779071894,2997.905250
1779071894,2997.871859
1779071894,2691.109210
1779071894,2998.078980
1779071894,2690.123810
1779071894,2690.240718
1779071894,3306.898829
1779071894,2996.769835
1779071894,2990.947114
1779071894,2986.128201
1779071894,2983.927451
1779071894,2985.175649
1779071894,2985.397209
1779071894,2985.854082
1779071894,2985.892545
1779071894,2986.435185
1779071894,2987.822380
1779071894,2998.087643
1779071894,2979.979817
1779071894,2979.468654
1779071894,2979.472411
1779071894,2979.616632
1779071894,2979.766965
1779071894,2979.757459
1779071894,2980.047090
1779071894,2979.989465
1779071894,2980.083939
1779071894,2998.224752
1779071894,3614.974184
1779071894,3613.260305
1779071894,3617.123139
1779071894,2693.027619
1779071894,2693.224567
1779071894,3000.662254
1779071894,2693.046750
1779071894,2997.790901
1779071894,2692.936201
1779071894,3001.393119
1779071894,2691.367418
1779071894,2693.870799
1779071894,2692.982805
1779071894,2998.992518
1779071894,2690.993269
1779071894,2690.995621
1779071894,2998.001556
1779071894,2690.747956
1779071894,2691.371569
1779071894,3619.620354
1779071894,2690.303942
1779071894,2986.866994
1779071894,2998.952575
1779071894,2988.691353
1779071894,2983.719815
1779071894,3001.681511
1779071894,2984.978040
1779071894,3000.089829
1779071894,2676.527782
1779071894,2985.618695
1779071894,2985.744572
1779071894,3619.001208
1779071894,3311.189102
1779071894,2697.959604
1779071894,2694.985971
1779071894,2698.284413
1779071894,3004.010808
1779071894,2986.563315
1779071894,2988.210349
1779071895,2998.372171
1779071895,2979.358691
1779071895,2979.830714
1779071895,2979.997684
1779071895,2980.040520
1779071895,2979.915942
1779071895,2980.117457
1779071895,2980.395946
1779071895,2980.499399
1779071895,2673.175689
1779071895,3000.195935
1779071895,2999.239739
1779071895,3614.565910
1779071895,3615.663121
1779071895,2693.625925
1779071895,2692.760496
1779071895,2693.106155
1779071895,2693.084212
1779071895,3000.264400
1779071895,3307.410026
1779071895,2692.115154
1779071895,2691.787027
1779071895,2999.449915
1779071895,2691.777035
1779071895,3306.093369
1779071895,2694.561736
1779071895,3922.682207
1779071895,2999.547201
1779071895,3308.415699
1779071895,3615.860004
1779071895,3306.941799
1779071895,2999.615401
1779071895,3001.270335
1779071895,3306.436311
1779071895,2697.091450
1779071895,2695.699956
1779071895,3000.393634
1779071895,3000.501557
1779071895,2692.882923
1779071895,2989.567510
1779071895,3000.780193
1779071895,2994.072399
1779071895,2987.379828
1779071895,2986.459474
1779071895,3005.197022
1779071895,2987.023237
1779071895,2987.325493
1779071895,2987.668261
1779071895,2986.502080
1779071895,2988.052331
1779071895,2998.824356
1779071895,2978.707453
1779071895,2979.738045
1779071895,2980.230385
1779071895,2979.114741
1779071895,2671.771909
1779071895,3287.402042
1779071895,2671.995602
1779071895,2980.193314
1779071895,2980.133266
1779071895,2999.924949
1779071895,2999.372018
1779071895,2691.431683
1779071895,3000.743748
1779071895,3000.912039
1779071895,2693.026017
1779071895,2693.353258
1779071895,3308.538587
1779071895,3000.779282
1779071895,3615.574623
1779071895,3615.635111
1779071895,3307.461485
1779071895,2692.633844
1779071895,2692.344701
1779071895,2692.865767
1779071895,2693.504622
1779071895,2692.480886
1779071895,3615.335528
1779071895,3000.131698
1779071895,3616.008049
1779071895,3000.478257
1779071895,2692.615239
1779071895,3307.466787
1779071895,3617.074788
1779071895,3308.059491
1779071895,3000.643497
1779071895,3308.336029
1779071895,2693.646139
1779071895,3000.818775
1779071895,3000.803161
1779071895,3000.624086
1779071895,2692.513359
1779071895,2990.324419
1779071895,2681.822574
1779071895,2986.267639
1779071895,2678.164221
1779071895,2987.052094
1779071895,2987.556336
1779071895,2986.504726
1779071895,2988.241736
1779071895,2999.033416
1779071895,2979.237819
1779071895,2979.287951
1779071895,2979.731541
1779071895,2979.932576
1779071895,2980.147606
1779071895,2980.360336
1779071895,2980.459280
1779071895,2672.572924
1779071895,2980.498171
1779071895,2999.294291
1779071895,2999.421685
1779071895,2999.703151
1779071895,3920.753660
1779071895,2999.864147
1779071895,2999.623160
1779071895,3307.653594
1779071895,2692.504175
1779071895,2692.713328
1779071895,3308.655167
1779071895,3613.294482
1779071895,3925.956101
1779071895,3921.720952
1779071895,2693.306819
1779071895,3000.412185
1779071895,3307.941910
1779071895,2999.798756
1779071895,3000.314166
1779071895,2691.949065
1779071895,3000.259730
1779071895,3921.715604
1779071895,3000.157254
1779071895,3307.926540
1779071895,3308.640672
1779071895,3000.504086
1779071895,3000.625955
1779071895,3308.093884
1779071895,3000.081913
1779071895,3000.628658
1779071895,3000.711290
1779071895,2692.637388
1779071895,2993.947188
1779071895,2990.006356
1779071895,2987.365648
1779071895,3295.058111
1779071895,2986.938441
1779071895,2678.491993
1779071895,2987.661066
1779071895,2986.650328
1779071895,2988.450131
1779071895,2998.781479
1779071895,2979.102407
1779071895,3287.353652
1779071895,2979.957519
1779071895,2980.231383
1779071895,2979.858489
1779071895,2979.860402
1779071895,2980.975082
1779071895,2981.011982
1779071895,2672.090157
1779071895,3000.056768
1779071895,3000.117799
1779071895,3000.261600
1779071895,3923.978612
1779071895,4230.954924
1779071895,3922.561248
1779071895,3922.993088
1779071895,3616.276492
1779071895,3000.339723
1779071895,3306.965490
1779071895,3308.801096
1779071895,3001.595661
1779071895,2693.228998
1779071895,3615.688303
1779071895,3000.595961
1779071895,2693.384439
1779071895,2999.704607
1779071895,2692.822460
1779071895,2693.068762
1779071895,3000.146738
1779071895,3000.727802
1779071895,3000.175513
1779071895,3000.150261
1779071895,3000.447440
1779071895,3000.604143
1779071895,2999.584414
1779071895,3000.261639
1779071895,2693.336154
1779071895,3000.080768
1779071895,2993.797099
1779071895,2989.381568
1779071895,3000.709336
1779071895,2986.730887
1779071895,2986.259330
1779071895,2986.454808
1779071895,2986.701374
1779071895,3621.034757
1779071895,2987.522079
1779071895,2986.540901
1779071895,2988.634037
1779071895,2998.884964
1779071895,2978.604460
1779071895,2979.265182
1779071895,2979.442282
1779071895,3287.546260
1779071895,2980.315883
1779071895,3288.418376
1779071895,2980.360816
1779071895,2980.400094
1779071895,2980.667412
1779071895,3307.571145
1779071895,3000.517521
1779071895,2999.526087
1779071895,2999.757244
1779071895,2999.883068
1779071895,3924.351936
1779071895,3307.723856
1779071895,3000.725821
1779071895,3000.772522
1779071895,3000.564492
1779071895,3000.573602
1779071895,3924.494998
1779071895,3924.540569
1779071895,3615.560529
1779071895,3308.022049
1779071895,4230.944284
1779071895,2693.516124
1779071895,3000.485700
1779071895,2692.747678
1779071895,3000.301319
1779071895,3308.835313
1779071895,3000.778016
1779071895,2692.861430
1779071895,3307.505260
1779071895,3000.436954
1779071895,2999.797186
1779071895,2693.045062
1779071895,2692.322142
1779071895,3000.229708
1779071895,3301.937605
1779071895,3000.609508
1779071895,2993.845581
1779071895,2685.076616
1779071895,2987.373822
1779071895,3294.793082
1779071895,2677.484693
1779071895,2677.709099
1779071895,2987.464618
1779071895,2986.620585
1779071895,2988.881981
1779071895,2979.138627
1779071895,2999.446457
1779071895,2979.903207
1779071895,2980.150556
1779071895,2980.402557
1779071895,3288.802127
1779071895,2979.932467
1779071895,2979.983813
1779071895,2980.087700
1779071895,2980.199991
1779071895,2999.983771
1779071895,3000.075952
1779071895,3000.020800
1779071895,4229.379770
1779071895,3000.405322
1779071895,2999.728027
1779071895,3615.876137
1779071895,3000.512373
1779071895,3000.483427
1779071895,3000.292469
1779071895,3000.569972
1779071895,3308.062314
1779071895,3001.335144
1779071895,3000.746517
1779071895,2693.405367
1779071895,3000.870158
1779071895,3000.371939
1779071895,3000.495861
1779071895,3000.170424
1779071895,3616.055999
1779071895,3001.004596
1779071895,3000.596362
1779071895,3000.454942
1779071895,3000.880546
1779071895,3000.728296
1779071895,3913.396304
1779071895,3000.427932
1779071895,3000.994117
1779071895,2999.997640
1779071895,3000.473513
1779071895,3000.569852
1779071895,2993.826370
1779071895,2990.228823
1779071895,2987.223864
1779071895,2986.262060
1779071895,3295.253499
1779071895,2677.604293
1779071895,2987.467590
1779071895,2986.673301
1779071895,2987.587360
1779071895,2979.656960
1779071895,2999.395626
1779071895,2980.120331
1779071895,2980.255073
1779071895,2979.476162
1779071895,2980.688726
1779071895,2981.288386
1779071895,3288.343954
1779071895,2980.449785
1779071895,2980.532570
1779071895,2999.799540
1779071895,3000.531399
1779071895,3000.122538
1779071895,3000.229059
1779071895,3000.231890
1779071895,2692.504791
1779071895,3000.457677
1779071895,3000.482776
1779071895,3000.394460
1779071895,3000.452255
1779071895,3000.533256
1779071895,2999.676928
1779071895,3308.293229
1779071895,3307.924448
1779071895,3307.622103
1779071895,2693.769283
1779071895,3616.166576
1779071895,2999.745750
1779071895,3000.935201
1779071895,3000.086551
1779071895,2999.293078
1779071895,3000.539945
1779071895,3000.764786
1779071895,2692.806049
1779071895,3000.699267
1779071895,2692.969090
1779071895,3001.038688
1779071895,2693.029346
1779071895,2692.223737
1779071895,3000.504483
1779071895,3000.768313
1779071895,2693.117720
1779071895,2989.886665
1779071895,2986.392606
1779071895,2986.442185
1779071895,2986.847568
1779071895,2987.186888
1779071895,2678.051491
1779071895,2986.584114
1779071895,2987.519784
1779071895,2980.564082
1779071895,2999.749081
1779071895,2979.946061
1779071895,2980.006565
1779071895,2673.078432
1779071895,2980.415965
1779071895,2980.469699
1779071895,2980.601117
1779071895,2980.640842
1779071895,2980.740024
1779071895,2999.141704
1779071895,3000.425267
1779071895,2999.849217
1779071895,3000.558835
1779071895,3000.039116
1779071895,2999.573322
1779071895,2999.645025
1779071895,3000.222812
1779071895,3000.213920
1779071895,3000.064585
1779071895,3000.973261
1779071895,3000.868882
1779071895,3307.735354
1779071895,3000.787868
1779071895,3000.948906
1779071895,3001.505100
1779071895,2693.581260
1779071895,3308.553279
1779071895,3000.898081
1779071895,3308.321952
1779071895,3000.934724
1779071895,3000.608412
1779071895,3001.093298
1779071895,3000.729506
1779071895,3001.014965
1779071895,3307.830510
1779071895,3308.440609
1779071895,3000.189673
1779071895,2692.257810
1779071895,3000.384010
1779071895,3000.542248
1779071895,3602.920795
1779071895,2989.691933
1779071895,2986.534206
1779071895,3294.908346
1779071895,3295.190386
1779071895,2986.205534
1779071895,2986.638332
1779071895,2986.598432
1779071895,2988.747405
1779071895,2688.478986
1779071895,2999.595764
1779071895,2981.284039
1779071895,2980.528145
1779071895,2980.586481
1779071895,2981.096892
1779071895,2980.657741
1779071895,2980.754257
1779071895,2980.696810
1779071895,2980.744450
1779071895,2691.587243
1779071895,3000.341189
1779071895,3000.476781
1779071895,3000.038377
1779071895,3000.029194
1779071895,2692.459585
1779071895,3000.359173
1779071895,3000.142666
1779071895,3000.353292
1779071895,3000.551040
1779071895,3000.120811
1779071895,3000.665734
1779071895,3308.737851
1779071895,3001.311727
1779071895,3001.547705
1779071895,3001.173640
1779071895,2693.863825
1779071895,3000.335078
1779071895,3001.118979
1779071895,3001.599759
1779071895,3000.574026
1779071895,3000.529972
1779071895,3000.997599
1779071895,2693.110029
1779071895,3001.066962
1779071895,2693.201891
1779071895,3000.169115
1779071895,3001.245586
1779071895,2693.197589
1779071895,3001.072406
1779071895,3000.472314
1779071895,2692.468720
1779071895,2992.950864
1779071895,2986.390933
1779071895,2986.440367
1779071895,3295.153180
1779071895,2677.658315
1779071895,2986.501441
1779071895,2985.666969
1779071895,2987.938471
1779071895,2998.115505
1779071895,2981.661796
1779071895,2979.767323
1779071895,2980.059998
1779071895,2981.133355
1779071895,2980.578949
1779071895,2981.158593
1779071895,2980.721323
1779071895,2980.799544
1779071895,2980.921141
1779071895,2999.766416
1779071895,3000.270346
1779071895,3000.082888
1779071895,3307.415314
1779071895,3000.378840
1779071895,2999.704334
1779071895,3000.028583
1779071895,3307.276415
1779071895,3000.236353
1779071895,3000.308044
1779071895,3000.579905
1779071895,3000.558555
1779071895,3000.557854
1779071895,3001.361548
1779071895,3001.508568
1779071895,3001.480760
1779071895,2693.653002
1779071895,3001.385978
1779071895,3308.124940
1779071895,3001.224884
1779071895,3001.171439
1779071895,3923.284197
1779071895,2692.996512
1779071895,3308.216806
1779071895,3001.227422
1779071895,3001.223677
1779071896,2999.844674
1779071896,3308.145553
1779071896,3001.409111
1779071896,3300.864727
1779071896,2992.837737
1779071896,3000.623031
1779071896,2989.394470
1779071896,2985.415044
1779071896,2986.502072
1779071896,2986.783633
1779071896,3294.719092
1779071896,2986.528401
1779071896,2985.979799
1779071896,2988.291220
1779071896,2981.056962
1779071896,2998.458830
1779071896,3288.361134
1779071896,2980.376385
1779071896,2980.433803
1779071896,2980.892268
1779071896,2980.625510
1779071896,2980.725738
1779071896,2981.532053
1779071896,2980.802459
1779071896,2999.627784
1779071896,3000.060934
1779071896,3000.064828
1779071896,3000.169822
1779071896,3000.367269
1779071896,3000.407491
1779071896,3000.202837
1779071896,3000.243130
1779071896,3000.479209
1779071896,2999.555874
1779071896,3000.792738
1779071896,3000.223382
1779071896,2692.524921
1779071896,3308.431205
1779071896,3001.606338
1779071896,3000.214572
1779071896,3000.766550
1779071896,3001.623076
1779071896,3001.077598
1779071896,3001.409830
1779071896,3000.694040
1779071896,3000.865463
1779071896,3000.757230
1779071896,3001.197867
1779071896,3307.766548
1779071896,3001.239045
1779071896,2693.380830
1779071896,3001.390881
1779071896,2693.706994
1779071896,2999.686246
1779071896,2992.597989
1779071896,3000.786839
1779071896,2989.148449
1779071896,2985.398143
1779071896,2985.268102
1779071896,2985.377592
1779071896,2985.740073
1779071896,2986.639897
1779071896,2985.905712
1779071896,2987.830114
1779071896,2981.788318
1779071896,3288.837953
1779071896,2980.768236
1779071896,2981.041168
1779071896,2980.997208
1779071896,2980.155639
1779071896,2981.427193
1779071896,2980.992883
1779071896,2980.949975
1779071896,2980.939740
1779071896,3000.252482
1779071896,3000.371901
1779071896,3307.909245
1779071896,2692.030778
1779071896,2692.171356
1779071896,3308.316207
1779071896,3000.527187
1779071896,3000.538852
1779071896,2999.678730
1779071896,3000.638380
1779071896,3000.853098
1779071896,3000.451709
1779071896,3000.586311
1779071896,3308.254229
1779071896,3001.501028
1779071896,3001.483085
1779071896,3000.875633
1779071896,2693.753346
1779071896,3000.274991
1779071896,3000.300636
1779071896,3000.520748
1779071896,3000.747659
1779071896,2693.585637
1779071896,3309.187821
1779071896,3001.338185
1779071896,3000.365819
1779071896,3308.332656
1779071896,2999.950538
1779071896,2693.527759
1779071896,2999.797952
1779071896,2988.052108
1779071896,3297.316620
1779071896,2991.587927
1779071896,2984.037976
1779071896,2984.809162
1779071896,3293.558750
1779071896,2986.310627
1779071896,2986.439683
1779071896,2986.315092
1779071896,2988.093289
1779071896,2981.462901
1779071896,2981.449474
1779071896,2981.481301
1779071896,2981.488216
1779071896,2997.303112
1779071896,2981.791980
1779071896,2980.990923
1779071896,2981.139532
1779071896,2980.524763
1779071896,2981.248010
1779071896,2999.871108
1779071896,2999.948465
1779071896,3000.042511
1779071896,2692.067110
1779071896,3000.076475
1779071896,3000.524564
1779071896,3000.690073
1779071896,3000.644428
1779071896,3000.689849
1779071896,3000.805753
1779071896,2999.695152
1779071896,3000.358823
1779071896,2692.567269
1779071896,3001.257452
1779071896,2693.315315
1779071896,3001.330142
1779071896,3308.909165
1779071896,3001.117033
1779071896,3001.341024
1779071896,3308.234283
1779071896,3000.788653
1779071896,3000.603520
1779071896,3000.795705
1779071896,3000.925526
1779071896,3001.084971
1779071896,2693.254724
1779071896,2999.940700
1779071896,3001.543470
1779071896,3000.253422
1779071896,2999.714166
1779071896,2999.748269
1779071896,2992.004654
1779071896,2988.246276
1779071896,2983.718927
1779071896,2984.364884
1779071896,2989.386674
1779071896,2989.545853
1779071896,2990.720055
1779071896,2985.847107
1779071896,2987.769876
1779071896,2983.718854
1779071896,2982.601580
1779071896,2676.997919
1779071896,2689.657756
1779071896,2985.026206
1779071896,2675.894011
1779071896,2677.007756
1779071896,2675.996760
1779071896,2675.599651
1779071896,2984.423974
1779071896,2692.173798
1779071896,2692.284159
1779071896,2692.918555
1779071896,2692.321965
1779071896,2692.287589
1779071896,3000.458030
1779071896,3000.514195
1779071896,3000.877682
1779071896,2692.831912
1779071896,2999.662546
1779071896,2693.030750
1779071896,3308.264767
1779071896,3000.471647
1779071896,3001.379404
1779071896,2693.282963
1779071896,3001.495871
1779071896,3001.760434
1779071896,2693.925567
1779071896,3001.340764
1779071896,2694.015993
1779071896,3000.817456
1779071896,3308.598017
1779071896,2693.186119
1779071896,3000.996218
1779071896,3307.684219
1779071896,3001.479873
1779071896,3001.263811
1779071896,3000.411637
1779071896,2999.638364
1779071896,2999.516443
1779071896,2999.691567
1779071896,2991.479677
1779071896,2989.529027
1779071896,2984.322698
1779071896,2984.991819
1779071896,2989.155097
1779071896,2989.112796
1779071896,2990.412709
1779071896,2985.793025
1779071896,2987.765529
1779071896,2984.529236
1779071896,2984.618462
1779071896,2983.838842
1779071896,2984.641784
1779071896,2984.592858
1779071896,2983.946829
1779071896,2984.708958
1779071896,3000.036286
1779071896,2985.005517
1779071896,2984.354461
1779071896,2691.943270
1779071896,2999.879583
1779071896,3308.678022
1779071896,2693.000537
1779071896,2693.140091
1779071896,2692.949980
1779071896,2693.125943
1779071896,3000.810945
1779071896,3000.874342
1779071896,3000.824316
1779071896,2999.723066
1779071896,3000.170837
1779071896,2692.540844
1779071896,3001.232006
1779071896,2692.922710
1779071896,3000.254683
1779071896,3001.433712
1779071896,3309.030353
1779071896,3001.177786
1779071896,3002.177780
1779071896,3000.783556
1779071896,3000.792565
1779071896,3616.862005
1779071896,2693.216006
1779071896,3309.005517
1779071896,2998.316697
1779071896,3001.091710
1779071896,2998.389596
1779071896,2693.004181
1779071896,2693.752381
1779071896,3001.862161
1779071896,2982.229699
1779071896,2991.407125
1779071896,2988.570224
1779071896,2983.762396
1779071896,2989.167395
1779071896,2989.317485
1779071896,2990.504206
1779071896,2985.666642
1779071896,2987.775428
1779071896,2985.724647
1779071896,2677.675315
1779071896,2984.596148
1779071896,2985.778900
1779071896,2677.696487
1779071896,2677.804909
1779071896,2985.827459
1779071896,2677.842923
1779071896,2690.359716
1779071896,2985.045431
1779071896,3307.767149
1779071896,2999.584938
1779071896,3000.062983
1779071896,3000.394124
1779071896,3000.551520
1779071896,3000.470116
1779071896,3000.477793
1779071896,3000.642229
1779071896,3000.681875
1779071896,2999.631434
1779071896,3000.833231
1779071896,3308.030094
1779071896,2691.745050
1779071896,3308.992575
1779071896,3001.310634
1779071896,3001.328705
1779071896,3001.274843
1779071896,2693.386418
1779071896,3001.412900
1779071896,3000.553389
1779071896,3000.791517
1779071896,3000.766023
1779071896,3001.037959
1779071896,3308.958559
1779071896,2998.919257
1779071896,3001.037353
1779071896,3000.085279
1779071896,3001.376627
1779071896,3000.580381
1779071896,2997.999514
1779071896,2998.017951
1779071896,2988.253065
1779071896,2982.156833
1779071896,2990.384988
1779071896,2983.627833
1779071896,2988.241908
1779071896,2988.409262
1779071896,2990.528664
1779071896,2984.619128
1779071896,2986.944662
1779071896,2678.620979
1779071896,3293.657932
1779071896,3293.649246
1779071896,2678.702704
1779071896,2678.664481
1779071896,2689.241994
1779071896,2678.859723
1779071896,2678.856941
1779071896,2985.448268
1779071896,3292.848075
1779071896,3307.859699
1779071896,3307.879327
1779071896,3308.218934
1779071896,2692.709287
1779071896,3000.337265
1779071896,2692.540768
1779071896,2692.640443
1779071896,3308.626087
1779071896,3000.712440
1779071896,3308.988872
1779071896,2999.621672
1779071896,3000.091006
1779071896,3000.633352
1779071896,3308.747970
1779071896,3001.441916
1779071896,3001.110769
1779071896,2692.652819
1779071896,3000.721172
1779071896,3309.263390
1779071896,3001.215043
1779071896,3000.666239
1779071896,3001.003541
1779071896,2693.237092
1779071896,3000.673114
1779071896,2693.657105
1779071896,3001.006365
1779071896,3000.057351
1779071896,2999.286203
1779071896,3000.771368
1779071896,2997.969213
1779071896,2997.993621
1779071896,2991.879512
1779071896,2981.763983
1779071896,2987.985843
1779071896,2983.261535
1779071896,2987.965399
1779071896,2988.003529
1779071896,2990.283848
1779071896,2984.496468
1779071896,2986.980873
1779071896,2688.958378
1779071896,2987.725438
1779071896,2986.654572
1779071896,2985.535358
1779071896,2986.770243
1779071896,2985.657430
1779071896,2986.857146
1779071896,2986.954467
1779071896,2986.991347
1779071896,3000.100649
1779071896,3308.025615
1779071896,3307.890295
1779071896,3616.467268
1779071896,3308.255678
1779071896,3308.372083
1779071896,3000.833425
1779071896,2692.609366
1779071896,2999.508046
1779071896,2692.618645
1779071896,2693.060770
1779071896,2692.011016
1779071896,3308.133193
1779071896,3000.673273
1779071896,2999.990968
1779071896,3308.931278
1779071896,3000.971102
1779071896,3001.042177
1779071896,2693.105661
1779071896,3000.086265
1779071896,3001.162533
1779071896,3001.324322
1779071896,3000.903895
1779071896,2693.411209
1779071896,3001.293697
1779071896,3001.067473
1779071896,3307.959221
1779071896,3307.577096
1779071896,3000.154007
1779071896,2999.215278
1779071896,2997.775396
1779071896,2991.240419
1779071896,2987.687865
1779071896,2998.647451
1779071896,2982.725278
1779071896,2982.815911
1779071896,2987.675045
1779071896,2987.658058
1779071896,2990.259487
1779071896,2985.369657
1779071896,2987.838594
1779071896,3307.727658
1779071896,2987.090563
1779071896,3294.100787
1779071896,3296.369351
1779071896,2680.010053
1779071896,2678.780329
1779071896,2679.995653
1779071896,2680.068974
1779071896,2679.216454
1779071896,2678.165340
1779071896,3000.424320
1779071896,3001.108199
1779071896,3000.621930
1779071896,3000.676842
1779071896,3000.795043
1779071896,3000.307478
1779071896,3000.380724
1779071896,2999.477902
1779071896,2999.577357
1779071896,2692.623976
1779071896,2691.842743
1779071896,2999.153412
1779071896,3308.055776
1779071896,2999.694065
1779071896,2999.840120
1779071896,3000.893011
1779071896,3309.433504
1779071896,2693.122855
1779071896,3000.727869
1779071896,3000.787563
1779071896,3001.074249
1779071896,3001.095811
1779071896,3000.959241
1779071896,3001.317768
1779071896,3000.703493
1779071896,3000.730264
1779071896,3000.707329
1779071896,3000.022444
1779071896,2997.822100
1779071896,2694.611591
1779071896,2694.571797
1779071896,2991.043166
1779071896,2696.259674
1779071896,2982.619608
1779071896,2982.899439
1779071896,2987.608878
1779071896,2987.729430
1779071896,2990.252963
1779071896,2986.274193
1779071896,2987.632185
1779071897,3618.334747
1779071897,3294.661639
1779071897,2679.596428
1779071897,2679.755364
1779071897,3295.921198
1779071897,3604.003687
1779071897,2986.239280
1779071897,3294.880031
1779071897,2986.968839
1779071897,2987.227624
1779071897,2671.899382
1779071897,3308.154980
1779071897,3000.614162
1779071897,2672.485313
1779071897,3000.987232
1779071897,2672.756493
1779071897,2672.656418
1779071897,2672.752352
1779071897,2999.675364
1779071897,3000.086634
1779071897,2999.896213
1779071897,3000.337036
1779071897,2999.375385
1779071897,2999.565346
1779071897,2999.686530
1779071897,3000.382590
1779071897,3616.863789
1779071897,3000.647416
1779071897,3000.666519
1779071897,3000.839167
1779071897,3000.799342
1779071897,3001.656673
1779071897,2999.932835
1779071897,3001.079086
1779071897,2996.723022
1779071897,2998.363614
1779071897,2996.874964
1779071897,2676.898192
1779071897,2987.312863
1779071897,2981.667421
1779071897,3006.725666
1779071897,3622.476701
1779071897,3313.927165
1779071897,3005.528499
1779071897,2984.980120
1779071897,2986.730239
1779071897,2987.537605
1779071897,2990.248721
1779071897,2986.268154
1779071897,2987.540756
1779071897,2987.785537
1779071897,2986.656049
1779071897,2680.275738
1779071897,2988.601255
1779071897,2680.361654
1779071897,2680.481886
1779071897,2987.514329
1779071897,2680.551983
1779071897,2680.485257
1779071897,2679.670404
1779071897,3000.515737
1779071897,3000.375773
1779071897,3000.644519
1779071897,3000.007898
1779071897,3308.197015
1779071897,3308.161609
1779071897,2673.055369
1779071897,3000.050031
1779071897,2673.440673
1779071897,2673.494857
1779071897,3000.164205
1779071897,3000.215675
1779071897,3000.441966
1779071897,2999.899377
1779071897,2999.847543
1779071897,3308.516696
1779071897,3000.389913
1779071897,3000.629792
1779071897,3000.564209
1779071897,3000.904912
1779071897,3617.382740
1779071897,3002.213444
1779071897,2675.531233
1779071897,3002.486020
1779071897,3002.431055
1779071897,3002.193092
1779071897,3000.511165
1779071897,3001.823135
1779071897,2998.543167
1779071897,2676.365367
1779071897,2990.896231
1779071897,2993.496097
1779071897,3000.632331
1779071897,2985.687066
1779071897,2985.729777
1779071897,2986.444864
1779071897,2987.133196
1779071897,2990.047112
1779071897,2986.238288
1779071897,2986.610102
1779071897,2996.845458
1779071897,3294.454439
1779071897,3295.070101
1779071897,3603.188085
1779071897,2680.127592
1779071897,2987.865696
1779071897,3604.533670
1779071897,2986.824427
1779071897,2680.326504
1779071897,2988.475754
1779071897,3000.267989
1779071897,3000.394265
1779071897,3000.526629
1779071897,2672.688948
1779071897,3000.532405
1779071897,3000.144429
1779071897,3307.366724
1779071897,2999.916559
1779071897,2999.976145
1779071897,3000.029278
1779071897,3308.153671
1779071897,3000.126752
1779071897,3000.401055
1779071897,2992.641993
1779071897,2672.519603
1779071897,2999.734412
1779071897,2999.261786
1779071897,3326.077859
1779071897,3013.270847
1779071897,3017.756559
1779071897,3005.024326
1779071897,3017.793742
1779071897,3001.994387
1779071897,3019.059425
1779071897,3322.543681
1779071897,3017.033019
1779071897,3321.639694
1779071897,3017.094635
1779071897,3018.385053
1779071897,3018.295999
1779071897,3012.927549
1779071897,2997.162839
1779071897,3016.213416
1779071897,2988.737173
1779071897,2996.555948
1779071897,2996.552400
1779071897,3311.337705
1779071897,2997.692101
1779071897,2996.707058
1779071897,2990.126367
1779071897,2988.167315
1779071897,2997.085313
1779071897,3912.559102
1779071897,2987.284189
1779071897,2988.363607
1779071897,2967.709211
1779071897,3295.506232
1779071897,2679.725678
1779071897,2679.815230
1779071897,2968.436974
1779071897,3923.900368
1779071897,3924.068799
1779071897,3307.752295
1779071897,2672.567663
1779071897,2671.866619
1779071897,2980.471555
1779071897,2980.928127
1779071897,2981.081115
1779071897,2981.142598
1779071897,2981.347041
1779071897,2981.433829
1779071897,2981.317991
1779071897,2981.503102
1779071897,2981.600986
1779071897,2981.885197
1779071897,2982.002002
1779071897,2982.083406
1779071897,2982.947800
1779071897,2691.813387
1779071897,2691.112519
1779071897,2691.750670
1779071897,2691.852070
1779071897,2691.874344
1779071897,2691.976945
1779071897,3001.965850
1779071897,2691.287137
1779071897,2691.377779
1779071897,2691.463248
1779071897,3314.060799
1779071897,2691.942756
1779071897,2691.757537
1779071897,2692.928133
1779071897,2688.481427
1779071897,2689.719603
1779071897,2690.064047
1779071897,2692.280841
1779071897,2690.498302
1779071897,2996.774848
1779071897,2998.310573
1779071897,2689.095244
1779071897,2996.425947
1779071897,3604.298895
1779071897,2680.213275
1779071897,2680.234990
1779071897,3297.245572
1779071897,2681.380379
1779071897,2680.329100
1779071897,3297.759300
1779071897,3296.567849
1779071897,2988.589164
1779071897,3616.377149
1779071897,2673.848357
1779071897,2980.868864
1779071897,2980.841477
1779071897,2980.950041
1779071897,3616.693044
1779071897,2672.174062
1779071897,2981.158458
1779071897,2980.322784
1779071897,2980.399563
1779071897,2980.317860
1779071897,2673.182817
1779071897,2980.845823
1779071897,2980.864950
1779071897,2981.301724
1779071897,2981.154023
1779071897,2672.543299
1779071897,2982.069325
1779071897,2999.935902
1779071897,2692.566869
1779071897,2692.434658
1779071897,2692.360472
1779071897,3000.015509
1779071897,2692.992591
1779071897,3001.768653
1779071897,3000.372206
1779071897,2691.764116
1779071897,3000.417554
1779071897,2691.897606
1779071897,3000.525345
1779071897,2692.159985
1779071897,3000.877632
1779071897,3001.168560
1779071897,2989.069764
1779071897,2997.287147
1779071897,2690.923019
1779071897,2997.407810
1779071897,2690.774897
1779071897,2692.831849
1779071897,2691.400058
1779071897,2680.988372
1779071897,2681.053138
1779071897,3605.058490
1779071897,2681.145884
1779071897,2988.984877
1779071897,2989.102334
1779071897,2989.592866
1779071897,2988.491729
1779071897,2687.879210
1779071897,2989.250289
1779071897,2671.953497
1779071897,2980.019663
1779071897,2980.045049
1779071897,2672.865484
1779071897,2672.867671
1779071897,2674.059882
1779071897,2980.638650
1779071897,2979.893863
1779071897,2980.638520
1779071897,2979.952915
1779071897,2981.099139
1779071897,2980.375045
1779071897,2980.325712
1779071897,3306.365682
1779071897,2980.706331
1779071897,2980.939978
1779071897,2981.217170
1779071897,2981.774966
1779071897,2999.807138
1779071897,2999.355778
1779071897,2692.479003
1779071897,3000.091324
1779071897,2692.508981
1779071897,2692.515577
1779071897,2692.567096
1779071897,2691.921121
1779071897,3000.504423
1779071897,3000.790119
1779071897,3000.816134
1779071897,3000.917040
1779071897,2692.676647
1779071897,2692.715184
1779071897,2998.808125
1779071897,2999.658408
1779071897,2989.937337
1779071897,2693.518014
1779071897,2991.069535
1779071897,2998.077243
1779071897,2998.245515
1779071897,2694.104519
1779071897,2680.755384
1779071897,2687.350893
1779071897,2681.020651
1779071897,2680.935771
1779071897,2681.027423
1779071897,2682.081944
1779071897,2989.293969
1779071897,2989.260183
1779071897,2989.377091
1779071897,2989.705775
1779071897,2671.198325
1779071897,2671.243111
1779071897,2980.545947
1779071897,2674.399082
1779071897,2673.401843
1779071897,2673.424796
1779071897,2981.063383
1779071897,2981.043490
1779071897,2981.052971
1779071897,2671.905117
1779071897,2981.320530
1779071897,2980.086199
1779071897,2672.129795
1779071897,2672.176472
1779071897,2980.516807
1779071897,2672.367788
1779071897,2981.091045
1779071897,2981.373658
1779071897,3309.790939
1779071897,2690.805530
1779071897,3308.596903
1779071897,3310.939206
1779071897,2691.673473
1779071897,3309.384680
1779071897,3001.023810
1779071897,3310.086974
1779071897,3309.957569
1779071897,2692.168610
1779071897,2692.278249
1779071897,2692.651064
1779071897,3310.776398
1779071897,2692.726606
1779071897,2989.670325
1779071897,3308.325540
1779071897,2693.138825
1779071897,3306.388814
1779071897,2692.785622
1779071897,3299.313431
1779071897,2691.310208
1779071897,2690.742149
1779071897,2996.306192
1779071897,3605.377768
1779071897,3297.336425
1779071897,3297.352002
1779071897,2681.761586
1779071897,3605.561716
1779071897,2989.869400
1779071897,2681.669535
1779071897,2682.050638
1779071897,2989.119517
1779071897,2981.314709
1779071897,3289.256532
1779071897,2674.122507
1779071897,2672.011661
1779071897,2673.159862
1779071897,2673.170118
1779071897,2980.742533
1779071897,2672.288823
1779071897,3288.561614
1779071897,2979.984958
1779071897,2979.986894
1779071897,2980.098500
1779071897,2980.279197
1779071897,2980.318022
1779071897,2672.310102
1779071897,3289.516945
1779071897,2981.582472
1779071897,2981.636165
1779071897,3306.382240
1779071897,3000.122380
1779071897,3634.897119
1779071897,3307.973027
1779071897,3000.554794
1779071897,3308.611586
1779071897,3000.808991
1779071897,3000.146882
1779071897,3000.568164
1779071897,3308.993230
1779071897,3630.157430
1779071897,3000.847935
1779071897,3307.914684
1779071897,3001.141164
1779071897,2991.088586
1779071897,3306.209065
1779071897,2689.664712
1779071897,3307.889170
1779071897,3299.380036
1779071897,2689.079353
1779071897,2691.685860
1779071897,3002.093620
1779071897,2681.491579
1779071897,2682.612229
1779071897,2681.559411
1779071897,2681.643034
1779071897,3299.883345
1779071897,2687.162536
1779071897,2681.694600
1779071897,3298.900223
1779071897,2989.897980
1779071897,2990.227445
1779071897,2671.319850
1779071897,2979.225267
1779071897,3288.556610
1779071897,2671.285873
1779071897,2674.375978
1779071897,2672.267417
1779071897,2673.432371
1779071897,3288.777291
1779071897,2672.100000
1779071897,2673.682185
1779071897,2979.863842
1779071897,2980.129103
1779071897,2980.053315
1779071897,2980.323552
1779071897,2980.394767
1779071897,2980.767873
1779071897,2981.435623
1779071897,2981.625590
1779071897,3307.099432
1779071897,3307.460220
1779071897,3307.865356
1779071897,2690.463792
1779071897,2999.367173
1779071897,3308.178109
1779071897,3308.538110
1779071897,3308.527535
1779071897,2999.956930
1779071897,3309.023000
1779071897,3000.558089
1779071897,3309.391915
1779071897,3000.824694
1779071897,3307.826614
1779071897,2688.771445
1779071897,2689.992976
1779071897,2690.248050
1779071897,2689.962012
1779071897,2689.286190
1779071897,3001.464745
1779071897,2689.601002
1779071897,2683.383447
1779071897,2683.326475
1779071897,3607.264400
1779071897,2685.963828
1779071897,3306.885083
1779071897,2682.267287
1779071897,2990.371336
1779071897,2990.425290
1779071897,3298.706347
1779071897,2682.698350
1779071897,2682.716330
1779071897,3924.253595
1779071897,3288.386891
1779071897,3923.769159
1779071897,2673.027345
1779071897,3288.491401
1779071897,2979.286568
1779071897,2979.365032
1779071897,2979.384051
1779071897,2979.677892
1779071897,2979.565374
1779071897,2671.975740
1779071897,2672.066937
1779071897,3289.392592
1779071897,3288.509636
1779071897,2980.329569
1779071897,2980.331208
1779071897,3289.387786
1779071897,2981.428507
1779071897,2998.741198
1779071897,2998.629425
1779071897,3000.182819
1779071897,3307.776333
1779071897,2999.244065
1779071897,3618.325494
1779071897,2690.663655
1779071897,3617.546954
1779071897,3617.592991
1779071897,2690.149194
1779071897,3000.232739
1779071897,2689.985300
1779071897,3618.911853
1779071897,3619.146711
1779071897,2688.808377
1779071897,2690.212298
1779071897,3000.332342
1779071897,2690.824006
1779071897,2689.297960
1779071897,2690.616171
1779071897,2690.041469
1779071897,3002.607258
1779071898,2682.121147
1779071898,2682.121288
1779071898,2682.303110
1779071898,2989.423819
1779071898,2990.501645
1779071898,3299.024412
1779071898,2989.856003
1779071898,2685.825908
1779071898,3299.103142
1779071898,2681.738094
1779071898,2978.580164
1779071898,2672.091713
1779071898,3286.767144
1779071898,2672.553974
1779071898,3288.220851
1779071898,2979.053891
1779071898,2979.686483
1779071898,3288.599704
1779071898,2979.974147
1779071898,2979.597490
1779071898,2979.398015
1779071898,2980.389420
1779071898,2979.823661
1779071898,2670.765649
1779071898,2980.387919
1779071898,3288.530726
1779071898,2979.722806
1779071898,2672.526064
1779071898,2997.369975
1779071898,2998.573345
1779071898,2998.565244
1779071898,2999.123501
1779071898,2999.254638
1779071898,2996.184324
1779071898,2998.843807
1779071898,2997.018295
1779071898,2996.850366
1779071898,2999.330608
1779071898,2999.245963
1779071898,2689.248101
1779071898,2996.260272
1779071898,2999.707149
1779071898,2689.398282
1779071898,3306.564409
1779071898,2998.794825
1779071898,3619.039362
1779071898,3298.867165
1779071898,2997.297916
1779071898,3000.457362
1779071898,2690.044904
1779071898,3297.593761
1779071898,3614.543430
1779071898,2683.703495
1779071898,4221.899520
1779071898,3299.009308
1779071898,2989.807759
1779071898,3299.262854
1779071898,2990.165452
1779071898,2990.226751
1779071898,2990.299399
1779071898,3285.854689
1779071898,2978.552572
1779071898,2978.589013
1779071898,3924.447858
1779071898,3595.782233
1779071898,2672.364654
1779071898,3287.145974
1779071898,2979.494479
1779071898,3287.141530
1779071898,2671.758678
1779071898,2979.503152
1779071898,2978.375869
1779071898,2671.034371
1779071898,2978.586669
1779071898,2978.641046
1779071898,2979.100965
1779071898,2979.641602
1779071898,2980.532212
1779071898,2997.025608
1779071898,3306.760608
1779071898,2998.044179
1779071898,2998.179821
1779071898,2997.530854
1779071898,2997.560272
1779071898,2997.471792
1779071898,2997.300069
1779071898,2997.549558
1779071898,2997.540727
1779071898,2689.837221
1779071898,2997.554892
1779071898,3306.589232
1779071898,3305.856559
1779071898,2997.972959
1779071898,2998.024792
1779071898,3307.846740
1779071898,3310.164357
1779071898,3307.155933
1779071898,2689.636618
1779071898,3299.958959
1779071898,2683.385724
1779071898,2683.592286
1779071898,2683.629572
1779071898,3298.447985
1779071898,3606.516273
1779071898,3298.478912
1779071898,3915.715908
1779071898,3608.044368
1779071898,2990.699016
1779071898,2990.801187
1779071898,2992.298308
1779071898,2979.764196
1779071898,3595.320982
1779071898,2980.054458
1779071898,2978.999826
1779071898,2979.137669
1779071898,2672.130124
1779071898,2977.848851
1779071898,2979.112720
1779071898,3286.902788
1779071898,2979.426246
1779071898,2979.602466
1779071898,2978.472193
1779071898,3595.646738
1779071898,2978.779051
1779071898,2671.940327
1779071898,2978.886694
1779071898,2979.241479
1779071898,2980.723315
1779071898,2997.201195
1779071898,2998.063636
1779071898,2998.153408
1779071898,2998.124845
1779071898,3925.098022
1779071898,3307.299044
1779071898,2997.599522
1779071898,2997.930210
1779071898,2997.428083
1779071898,2997.401834
1779071898,2997.499812
1779071898,3308.516460
1779071898,2997.833223
1779071898,2997.803827
1779071898,3306.352035
1779071898,3915.063905
1779071898,3608.392364
1779071898,3299.352343
1779071898,2991.522523
1779071898,3923.742808
1779071898,2989.584529
1779071898,3298.928897
1779071898,2989.887724
1779071898,3606.292349
1779071898,2684.233595
1779071898,3298.282978
1779071898,2991.123955
1779071898,3299.455522
1779071898,2991.343198
1779071898,3299.715118
1779071898,2682.327888
1779071898,2990.469033
1779071898,3595.425199
1779071898,4230.657994
1779071898,2978.716029
1779071898,2980.044601
1779071898,2980.172757
1779071898,2979.116434
1779071898,2978.548438
1779071898,2979.509413
1779071898,2979.088111
1779071898,2979.637099
1779071898,2979.941033
1779071898,3286.182088
1779071898,2978.517125
1779071898,2978.678955
1779071898,2978.630168
1779071898,2670.854289
1779071898,3287.080991
1779071898,2980.937549
1779071898,2997.520060
1779071898,2998.410879
1779071898,2997.702196
1779071898,2998.269985
1779071898,2998.098508
1779071898,2998.443807
1779071898,2690.006224
1779071898,2997.723280
1779071898,2997.706038
1779071898,2997.517112
1779071898,2997.354303
1779071898,3304.509694
1779071898,2997.322249
1779071898,2997.874938
1779071898,2997.863061
1779071898,2690.253218
1779071898,2997.860366
1779071898,3297.193086
1779071898,2997.367475
1779071898,2997.895456
1779071898,2991.779173
1779071898,2989.854481
1779071898,3607.214107
1779071898,2992.080601
1779071898,2992.129910
1779071898,2992.077909
1779071898,2990.984251
1779071898,2682.277536
1779071898,2991.109772
1779071898,2991.095433
1779071898,2991.592389
1779071898,2991.514033
1779071898,2979.779584
1779071898,2979.704352
1779071898,2979.826201
1779071898,2671.016235
1779071898,2672.229863
1779071898,2978.746757
1779071898,2978.879663
1779071898,2979.169695
1779071898,3595.049781
1779071898,2978.948775
1779071898,2979.249925
1779071898,3286.123108
1779071898,2978.477115
1779071898,2671.256133
1779071898,2671.076532
1779071898,2978.416807
1779071898,2978.762585
1779071898,2980.541273
1779071898,2997.356004
1779071898,2997.281195
1779071898,2998.048194
1779071898,3304.584019
1779071898,2997.196197
1779071898,2997.340552
1779071898,2997.635476
1779071898,2997.726867
1779071898,2690.093245
1779071898,2690.256937
1779071898,2996.964620
1779071898,2998.022941
1779071898,2997.604438
1779071898,2690.053596
1779071898,2997.566452
1779071898,2998.299779
1779071898,2997.974673
1779071898,3606.798327
1779071898,3298.023143
1779071898,2988.885582
1779071898,2998.015595
1779071898,2997.617829
1779071898,2683.608761
1779071898,2683.632907
1779071898,2684.708754
1779071898,2684.734474
1779071898,2683.685886
1779071898,2683.775051
1779071898,2682.624887
1779071898,2992.502598
1779071898,2991.639255
1779071898,2991.810344
1779071898,2979.713181
1779071898,2979.741815
1779071898,2673.162266
1779071898,2672.215523
1779071898,2979.835040
1779071898,2672.318777
1779071898,2977.662793
1779071898,2979.869669
1779071898,2979.029756
1779071898,2978.999177
1779071898,2671.058151
1779071898,2977.810157
1779071898,2671.639218
1779071898,2978.457587
1779071898,2978.382584
1779071898,2979.033535
1779071898,2978.583094
1779071898,2980.335438
1779071898,2997.457751
1779071898,2996.913784
1779071898,2998.017982
1779071898,2997.221154
1779071898,2997.209598
1779071898,2998.156943
1779071898,2997.630164
1779071898,2997.642619
1779071898,2997.765852
1779071898,2997.580865
1779071898,2690.317662
1779071898,2997.455287
1779071898,2997.692614
1779071898,2997.737637
1779071898,2997.570417
1779071898,2998.947685
1779071898,2997.877163
1779071898,2997.054189
1779071898,2997.629091
1779071898,2997.687101
1779071898,2990.676923
1779071898,2988.916542
1779071898,2991.196295
1779071898,2683.522912
1779071898,2684.763992
1779071898,2991.702285
1779071898,2994.033817
1779071898,2992.907165
1779071898,2684.869897
1779071898,2684.877738
1779071898,2683.900887
1779071898,2992.061074
1779071898,2672.201626
1779071898,2672.083728
1779071898,2672.207491
1779071898,2672.229773
1779071898,2980.984362
1779071898,2979.870538
1779071898,2673.487947
1779071898,2672.562818
1779071898,2979.061051
1779071898,3286.354163
1779071898,2978.360945
1779071898,2978.705037
1779071898,2979.794897
1779071898,2979.829429
1779071898,2978.951283
1779071898,2979.998504
1779071898,2673.805094
1779071898,2980.322567
1779071898,2997.679950
1779071898,2996.862063
1779071898,2997.942767
1779071898,3306.008650
1779071898,2998.293899
1779071898,2998.227805
1779071898,2998.039907
1779071898,2998.090704
1779071898,2997.858634
1779071898,2997.968035
1779071898,2998.389020
1779071898,2997.576612
1779071898,2997.627091
1779071898,2996.738276
1779071898,3606.575037
1779071898,2997.654700
1779071898,2998.670998
1779071898,2997.119661
1779071898,2997.679502
1779071898,2988.867907
1779071898,2990.767167
1779071898,2997.669904
1779071898,2684.827787
1779071898,2993.000730
1779071898,2993.242908
1779071898,2991.990627
1779071898,2993.241861
1779071898,2683.782202
1779071898,2993.795933
1779071898,2992.534430
1779071898,2993.171310
1779071898,2686.214287
1779071898,2671.511387
1779071898,2672.471516
1779071898,2672.457440
1779071898,2672.671872
1779071898,2672.778433
1779071898,2672.680778
1779071898,2672.827861
1779071898,2671.884022
1779071898,3286.914030
1779071898,2980.626952
1779071898,2672.143296
1779071898,2979.800345
1779071898,2671.413390
1779071898,2979.418957
1779071898,2979.960508
1779071898,2980.153553
1779071898,3288.740991
1779071898,2980.746651
1779071898,2997.078795
1779071898,2997.113927
1779071898,2688.307820
1779071898,2998.145816
1779071898,2997.700897
1779071898,2690.610763
1779071898,2998.084432
1779071898,2997.982581
1779071898,2998.324441
1779071898,2998.096552
1779071898,3306.678097
1779071898,3305.690870
1779071898,2998.004883
1779071898,2997.845178
1779071898,2998.406143
1779071898,2996.942532
1779071898,2997.037597
1779071898,2997.649751
1779071898,2997.819282
1779071898,2997.611042
1779071898,2990.765528
1779071898,2689.373153
1779071898,3609.457528
1779071898,3301.759693
1779071898,3609.473767
1779071898,3300.629338
1779071898,2991.959482
1779071898,3301.914546
1779071898,2992.081313
1779071898,2684.628969
1779071898,3301.245295
1779071898,2992.903944
1779071898,3287.663017
1779071898,2673.122362
1779071898,2673.026211
1779071898,2673.033617
1779071898,3596.429705
1779071898,2673.176470
1779071898,2673.168768
1779071898,3594.825310
1779071898,3288.187775
1779071898,2672.494614
1779071898,2980.269439
1779071898,2979.370120
1779071898,2980.191989
1779071898,2980.009858
1779071898,2980.061212
1779071898,2980.527875
1779071898,2980.557406
1779071898,2981.203567
1779071898,2997.498619
1779071898,2997.127822
1779071898,2997.683484
1779071898,2997.264833
1779071898,2998.130145
1779071898,2997.637261
1779071898,2998.068320
1779071898,2998.184253
1779071898,3305.726698
1779071898,2998.270052
1779071898,2998.473898
1779071898,2997.799558
1779071898,2998.162421
1779071898,2997.936040
1779071898,2998.187787
1779071898,2996.833854
1779071898,2997.015584
1779071898,2681.537821
1779071898,2690.039994
1779071898,2689.159073
1779071898,2690.743703
1779071898,2988.872630
1779071898,2685.774454
1779071898,2685.636716
1779071898,3301.320666
1779071898,2993.310763
1779071898,3302.525571
1779071898,2685.879418
1779071898,3923.582417
1779071898,3609.479175
1779071898,2992.742387
1779071898,2992.848700
1779071898,3288.490830
1779071898,2979.108252
1779071898,2673.215420
1779071898,2673.213286
1779071898,2673.222068
1779071898,2673.224790
1779071898,2673.287582
1779071898,3288.902708
1779071898,2673.357070
1779071898,2980.493136
1779071898,2980.372723
1779071898,3287.440649
1779071898,2980.078744
1779071898,2980.052258
1779071898,2979.987828
1779071898,2980.589230
1779071898,2980.521003
1779071898,2980.896168
1779071898,2997.141282
1779071898,2997.154228
1779071898,2997.648208
1779071898,2998.111545
1779071898,2997.908407
1779071898,2997.222745
1779071898,2997.552115
1779071898,2997.741011
1779071898,2998.076371
1779071898,2998.074751
1779071898,2998.536063
1779071898,2997.784853
1779071898,2997.934051
1779071898,2998.060857
1779071898,2690.286754
1779071898,2996.979858
1779071898,2999.433166
1779071898,2997.075915
1779071898,2990.923920
1779071898,2997.797781
1779071898,2998.268403
1779071898,2988.971180
1779071899,2993.549444
1779071899,2994.694087
1779071899,2993.628811
1779071899,2994.860643
1779071899,3303.100102
1779071899,3303.124953
1779071899,3610.748051
1779071899,2993.777621
1779071899,2685.790840
1779071899,2685.838928
1779071899,3287.302025
1779071899,2672.796449
1779071899,3287.937460
1779071899,2673.806472
1779071899,2672.775296
1779071899,2673.976986
1779071899,3290.237211
1779071899,4212.732325
1779071899,2673.040795
1779071899,3289.228734
1779071899,2672.076217
1779071899,2980.743020
1779071899,2980.794965
1779071899,2980.193969
1779071899,3288.290091
1779071899,2980.548802
1779071899,2980.711791
1779071899,2980.875796
1779071899,2997.301698
1779071899,2997.405160
1779071899,2997.487684
1779071899,2997.037648
1779071899,3613.366218
1779071899,3305.822795
1779071899,2997.548732
1779071899,2997.999547
1779071899,2998.188336
1779071899,2689.977946
1779071899,2998.429657
1779071899,2690.639031
1779071899,2997.853608
1779071899,2997.737674
1779071899,2998.064241
1779071899,2998.934955
1779071899,2998.007803
1779071899,2997.541959
1779071899,2990.946876
1779071899,2997.911646
1779071899,3297.496279
1779071899,2989.194417
1779071899,2683.431762
1779071899,2683.415144
1779071899,2994.661944
1779071899,2683.669737
1779071899,2995.897594
1779071899,2683.650489
1779071899,2683.688163
1779071899,2683.772092
1779071899,2993.941827
1779071899,2993.925924
1779071899,2979.889683
1779071899,3288.945956
1779071899,3596.436888
1779071899,3288.663665
1779071899,3289.957460
1779071899,2672.786616
1779071899,3288.958047
1779071899,2980.645553
1779071899,2980.947899
1779071899,2980.269059
1779071899,2981.096155
1779071899,2980.452714
1779071899,2673.407226
1779071899,2980.286564
1779071899,2980.137669
1779071899,2980.647510
1779071899,2980.839937
1779071899,2981.776510
1779071899,2997.526204
1779071899,2997.592908
1779071899,2997.696342
1779071899,2997.877519
1779071899,2997.267118
1779071899,2997.440277
1779071899,2997.683977
1779071899,2690.338194
1779071899,2998.419152
1779071899,2998.268407
1779071899,2998.534053
1779071899,2997.872073
1779071899,2998.615420
1779071899,2997.955409
1779071899,2997.914081
1779071899,2998.210584
1779071899,2999.339807
1779071899,3305.885677
1779071899,3306.106064
1779071899,3299.105707
1779071899,3306.616983
1779071899,2988.940566
1779071899,2684.090903
1779071899,2995.080667
1779071899,3303.749357
1779071899,3612.981251
1779071899,2996.372156
1779071899,2684.416850
1779071899,2684.445609
1779071899,2996.338094
1779071899,2995.197146
1779071899,2995.420715
1779071899,2979.960071
1779071899,3597.095505
1779071899,3596.033186
1779071899,3595.916294
1779071899,3288.369412
1779071899,3289.550976
1779071899,2673.154966
1779071899,3597.259224
1779071899,2980.686750
1779071899,2980.956004
1779071899,2980.988702
1779071899,2980.291843
1779071899,2980.985558
1779071899,2980.095698
1779071899,2980.374791
1779071899,2980.653921
1779071899,2980.603094
1779071899,2981.640240
1779071899,2996.910084
1779071899,2997.638211
1779071899,2997.641897
1779071899,2689.891518
1779071899,2997.041910
1779071899,2689.720276
1779071899,2997.875385
1779071899,2997.982236
1779071899,2998.048071
1779071899,2690.255343
1779071899,2998.297071
1779071899,2690.668705
1779071899,2998.540404
1779071899,3303.504286
1779071899,2998.281650
1779071899,2998.732327
1779071899,2999.502516
1779071899,2998.368205
1779071899,2997.666617
1779071899,2999.007523
1779071899,2988.462237
1779071899,2686.130062
1779071899,3304.855417
1779071899,2996.469433
1779071899,2683.205213
1779071899,2995.576287
1779071899,2996.618343
1779071899,2683.366287
1779071899,3303.885861
1779071899,2995.615456
1779071899,2996.690265
1779071899,2997.022881
1779071899,2980.196775
1779071899,2980.662864
1779071899,3595.908442
1779071899,3595.549379
1779071899,3597.239757
1779071899,2673.529850
1779071899,3905.995067
1779071899,2981.174715
1779071899,3288.575321
1779071899,2981.215926
1779071899,2980.202644
1779071899,2981.374559
1779071899,3288.683305
1779071899,2980.401694
1779071899,2980.463930
1779071899,2980.608499
1779071899,2980.686085
1779071899,2981.696253
1779071899,2997.317412
1779071899,2997.526041
1779071899,2997.480439
1779071899,2997.000585
1779071899,2997.039496
1779071899,2997.659896
1779071899,2997.869519
1779071899,2997.320732
1779071899,2998.042520
1779071899,2997.841538
1779071899,2690.389228
1779071899,3305.530725
1779071899,2998.392842
1779071899,2998.208398
1779071899,2998.526007
1779071899,2999.146614
1779071899,2999.845484
1779071899,2993.624262
1779071899,2990.625509
1779071899,2994.111417
1779071899,2988.620870
1779071899,2993.126821
1779071899,2684.477404
1779071899,3306.402718
1779071899,2684.719299
1779071899,3306.585571
1779071899,3304.388953
1779071899,2684.674798
1779071899,2684.765028
1779071899,3305.530027
1779071899,2994.670011
1779071899,2994.741391
1779071899,2978.907989
1779071899,2979.370633
1779071899,2979.649797
1779071899,2979.926419
1779071899,2979.621590
1779071899,3596.588644
1779071899,2980.495698
1779071899,2980.532476
1779071899,2673.620629
1779071899,2980.830643
1779071899,2981.051147
1779071899,2980.592180
1779071899,2673.323670
1779071899,2980.264831
1779071899,2980.449058
1779071899,2980.763677
1779071899,2980.605179
1779071899,2981.479942
1779071899,2997.749787
1779071899,2997.931155
1779071899,2997.582342
1779071899,2997.284839
1779071899,2997.337553
1779071899,2997.786515
1779071899,3305.962996
1779071899,2997.966408
1779071899,2997.860379
1779071899,2690.708717
1779071899,2690.241405
1779071899,2997.669602
1779071899,2998.083835
1779071899,2998.300399
1779071899,2998.512424
1779071899,3000.044553
1779071899,2999.494964
1779071899,2993.958764
1779071899,2990.861491
1779071899,2988.753482
1779071899,2993.374935
1779071899,2994.594760
1779071899,2993.210980
1779071899,2683.835017
1779071899,2684.292553
1779071899,2684.347063
1779071899,2684.343608
1779071899,3614.687434
1779071899,2684.626532
1779071899,2684.508996
1779071899,2994.189472
1779071899,2683.955388
1779071899,2980.207569
1779071899,2979.750171
1779071899,2980.076493
1779071899,2980.224616
1779071899,3287.708895
1779071899,2980.640301
1779071899,2980.920515
1779071899,2981.109946
1779071899,2673.491061
1779071899,2672.476081
1779071899,2980.293268
1779071899,2980.384164
1779071899,2980.250239
1779071899,2981.968685
1779071899,2980.326986
1779071899,2980.965835
1779071899,2980.699678
1779071899,2981.999772
1779071899,2998.071353
1779071899,2998.200805
1779071899,3305.819042
1779071899,2997.429267
1779071899,3306.067731
1779071899,2998.079143
1779071899,2998.247223
1779071899,3305.983693
1779071899,2998.196234
1779071899,3305.695070
1779071899,2998.234604
1779071899,2690.453306
1779071899,2997.838138
1779071899,2998.477149
1779071899,2690.830114
1779071899,2989.985313
1779071899,2999.829292
1779071899,3001.151913
1779071899,2994.193680
1779071899,2993.471854
1779071899,2988.697567
1779071899,3299.318937
1779071899,2992.485040
1779071899,2992.675237
1779071899,3305.749979
1779071899,2992.533066
1779071899,3305.931125
1779071899,2992.708774
1779071899,2992.820708
1779071899,2683.805398
1779071899,2993.074482
1779071899,2684.054823
1779071899,2979.425176
1779071899,2979.976148
1779071899,2980.018316
1779071899,2980.515134
1779071899,2672.324848
1779071899,3288.146287
1779071899,2981.179896
1779071899,2672.769504
1779071899,2980.205188
1779071899,2980.472883
1779071899,2980.571691
1779071899,2673.587023
1779071899,2980.991413
1779071899,2980.242213
1779071899,2980.381361
1779071899,2980.793048
1779071899,2981.055134
1779071899,2981.690027
1779071899,2997.514058
1779071899,2997.829977
1779071899,2998.284605
1779071899,2997.978281
1779071899,2997.523438
1779071899,2998.062804
1779071899,2996.800372
1779071899,3613.929124
1779071899,2998.147753
1779071899,2998.645351
1779071899,2998.197595
1779071899,2998.377557
1779071899,2997.877794
1779071899,2689.868634
1779071899,2998.582801
1779071899,3000.937128
1779071899,2995.141018
1779071899,2999.875671
1779071899,2992.747069
1779071899,2995.673630
1779071899,2988.187749
1779071899,2991.248664
1779071899,2683.109004
1779071899,2992.968699
1779071899,2683.683592
1779071899,2683.877447
1779071899,2683.925243
1779071899,2683.796282
1779071899,2683.857490
1779071899,2684.037206
1779071899,2683.970420
1779071899,2993.493962
1779071899,2979.641513
1779071899,2980.055183
1779071899,2980.193418
1779071899,2980.719088
1779071899,3595.729191
1779071899,2979.852453
1779071899,3288.192650
1779071899,2980.401285
1779071899,2980.300662
1779071899,2980.749139
1779071899,2672.759599
1779071899,2980.972078
1779071899,2981.413350
1779071899,2980.506279
1779071899,2980.423435
1779071899,2980.847881
1779071899,2981.022392
1779071899,2982.516475
1779071899,2997.941491
1779071899,2997.233711
1779071899,2998.457205
1779071899,2997.904311
1779071899,2998.089714
1779071899,2689.044700
1779071899,3305.694702
1779071899,2998.225487
1779071899,3305.921939
1779071899,2998.151238
1779071899,2689.486310
1779071899,2997.961948
1779071899,2998.462103
1779071899,2998.002299
1779071899,2998.686835
1779071899,3001.453282
1779071899,2994.645953
1779071899,2994.773030
1779071899,2987.982608
1779071899,2993.209916
1779071899,3000.632247
1779071899,2682.700497
1779071899,3613.142362
1779071899,2683.501512
1779071899,2684.760696
1779071899,3613.634874
1779071899,2683.672035
1779071899,2993.391041
1779071899,3302.871010
1779071899,2992.772193
1779071899,2684.059416
1779071899,2684.088489
1779071899,2979.410907
1779071899,2979.882684
1779071899,2979.825032
1779071899,2980.473245
1779071899,2980.833901
1779071899,3288.262670
1779071899,2981.019113
1779071899,2980.207450
1779071899,3289.001768
1779071899,2672.115456
1779071899,2980.663866
1779071899,2980.663531
1779071899,2980.367862
1779071899,2980.480445
1779071899,2980.705849
1779071899,2980.889309
1779071899,2980.941559
1779071899,2982.555593
1779071899,2998.166827
1779071899,2998.847471
1779071899,2998.477444
1779071899,2997.366093
1779071899,2997.384396
1779071899,2999.767680
1779071899,2997.698970
1779071899,2997.885801
1779071899,2997.961655
1779071899,2998.165443
1779071899,3306.186173
1779071899,2998.215756
1779071899,2997.936253
1779071899,3306.133030
1779071899,2998.394327
1779071899,3001.368197
1779071899,2994.777462
1779071899,2995.871613
1779071899,2990.617366
1779071899,3000.787103
1779071899,2988.792986
1779071899,2994.666704
1779071899,2991.391149
1779071899,2991.558463
1779071899,2991.544893
1779071899,2683.895055
1779071899,2993.243663
1779071899,2684.007336
1779071899,2684.206380
1779071899,3301.967193
1779071899,2992.858503
1779071899,2993.103799
1779071899,2978.907982
1779071899,2979.329965
1779071899,3287.818068
1779071899,2979.944591
1779071900,2672.447900
1779071900,2672.705037
1779071900,3289.039909
1779071900,2980.624997
1779071900,2672.005063
1779071900,2673.499777
1779071900,2980.236413
1779071900,2980.381476
1779071900,2980.743011
1779071900,2980.276872
1779071900,2981.342628
1779071900,2980.414215
1779071900,2980.802020
1779071900,2982.109643
1779071900,2998.255248
1779071900,2998.171837
1779071900,2997.358140
1779071900,2997.393273
1779071900,2672.923127
1779071900,2997.625230
1779071900,2998.004884
1779071900,2997.204020
1779071900,2998.366501
1779071900,2998.053354
1779071900,2997.610136
1779071900,2674.215205
1779071900,2998.081064
1779071900,2997.419243
1779071900,3307.306646
1779071900,3004.979739
1779071900,3007.658939
1779071900,2990.856795
1779071900,2677.723188
1779071900,2677.808665
1779071900,2994.055320
1779071900,2989.596053
1779071900,3610.455972
1779071900,3921.562976
1779071900,3300.816282
1779071900,3610.944264
1779071900,2683.533942
1779071900,2683.498510
1779071900,3301.606901
1779071900,3301.621978
1779071900,2993.042035
1779071900,2993.050743
1779071900,2979.463260
1779071900,2979.592139
1779071900,2979.814033
1779071900,2979.993760
1779071900,2980.749025
1779071900,2980.933917
1779071900,2673.306528
1779071900,2981.228540
1779071900,2672.489989
1779071900,3287.746408
1779071900,2980.735885
1779071900,2673.177984
1779071900,2981.233883
1779071900,2980.801877
1779071900,2980.959314
1779071900,2981.001759
1779071900,2981.326252
1779071900,2982.803567
1779071900,2672.664117
1779071900,2998.735377
1779071900,3305.664358
1779071900,2997.233393
1779071900,2997.455496
1779071900,2996.978484
1779071900,2997.844871
1779071900,3305.843226
1779071900,2997.926234
1779071900,2673.165257
1779071900,2673.274466
1779071900,2998.240466
1779071900,2994.273881
1779071900,2994.920679
1779071900,2995.053106
1779071900,2997.736903
1779071900,2992.402972
1779071900,2998.206210
1779071900,2677.661721
1779071900,2996.464588
1779071900,3299.511533
1779071900,2989.069855
1779071900,3610.722581
1779071900,2991.586165
1779071900,2992.870859
1779071900,3610.885311
1779071900,3610.891975
1779071900,3610.785710
1779071900,3301.395106
1779071900,2683.478651
1779071900,2992.339885
1779071900,2992.546011
1779071900,2979.053718
1779071900,2979.119905
1779071900,2979.517072
1779071900,2979.504437
1779071900,2980.618407
1779071900,2671.730831
1779071900,2980.716642
1779071900,3287.974059
1779071900,2979.861530
1779071900,2980.165147
1779071900,2980.408784
1779071900,2980.449102
1779071900,2981.018430
1779071900,2981.280998
1779071900,2981.346008
1779071900,2981.297636
1779071900,2980.946869
1779071900,2982.840507
1779071900,2998.892011
1779071900,2997.193108
1779071900,2997.264064
1779071900,2998.775255
1779071900,2996.423218
1779071900,2996.570555
1779071900,2996.943711
1779071900,2997.045332
1779071900,2997.841348
1779071900,2997.990098
1779071900,2993.567751
1779071900,2998.014392
1779071900,2673.768074
1779071900,2993.384600
1779071900,2995.772434
1779071900,2992.045719
1779071900,2990.616681
1779071900,2988.544480
1779071900,2995.949552
1779071900,2998.147924
1779071900,3002.020725
1779071900,2999.015195
1779071900,2682.385877
1779071900,3300.613436
1779071900,3609.707914
1779071900,2682.659360
1779071900,2992.537471
1779071900,2682.621664
1779071900,2992.530540
1779071900,2992.378933
1779071900,2992.695914
1779071900,2991.839042
1779071900,2978.913875
1779071900,2978.992201
1779071900,2979.352134
1779071900,3287.273203
1779071900,3288.195735
1779071900,3288.261091
1779071900,2671.976860
1779071900,3595.886709
1779071900,2979.880167
1779071900,2980.109260
1779071900,2980.239542
1779071900,2672.854477
1779071900,2980.730222
1779071900,2981.125281
1779071900,2981.405441
1779071900,2981.847980
1779071900,2981.229147
1779071900,2964.716513
1779071900,2671.471013
1779071900,2980.962903
1779071900,2981.099754
1779071900,2981.117373
1779071900,3305.921229
1779071900,2981.321413
1779071900,2981.406162
1779071900,2981.682864
1779071900,2981.827059
1779071900,2982.526418
1779071900,3306.269603
1779071900,2983.196311
1779071900,2673.040847
1779071900,2983.663322
1779071900,2983.669373
1779071900,2985.345376
1779071900,3304.538580
1779071900,2986.223565
1779071900,2986.168959
1779071900,2986.200588
1779071900,3304.124931
1779071900,2986.956305
1779071900,3610.226391
1779071900,2992.269431
1779071900,2992.231423
1779071900,2992.419530
1779071900,2682.700740
1779071900,4847.572053
1779071900,2992.364373
1779071900,2992.373786
1779071900,2682.976565
1779071900,2682.958303
1779071900,2979.358367
1779071900,2979.498789
1779071900,2979.990269
1779071900,2980.000877
1779071900,2979.670486
1779071900,2980.940754
1779071900,3287.769711
1779071900,3288.049567
1779071900,2980.269730
1779071900,2980.556700
1779071900,2980.838878
1779071900,3288.988587
1779071900,2981.325845
1779071900,2980.646507
1779071900,2980.819179
1779071900,2981.152236
1779071900,2981.069303
1779071900,2983.835593
1779071900,3306.701350
1779071900,2981.009848
1779071900,2981.202003
1779071900,2672.796017
1779071900,2981.451358
1779071900,2673.093607
1779071900,2980.371170
1779071900,3304.654098
1779071900,2980.565945
1779071900,2980.805788
1779071900,2981.808065
1779071900,2672.613010
1779071900,2981.864038
1779071900,2982.561302
1779071900,3307.140558
1779071900,2985.337170
1779071900,2986.370586
1779071900,2986.434018
1779071900,2986.446411
1779071900,3305.144871
1779071900,2987.012176
1779071900,2987.038594
1779071900,2991.911585
1779071900,2992.265681
1779071900,2992.463383
1779071900,2992.561875
1779071900,2992.398857
1779071900,2683.074250
1779071900,2683.103917
1779071900,2683.273372
1779071900,2670.905035
1779071900,2683.796452
1779071900,2683.770637
1779071900,2979.064209
1779071900,2992.185259
1779071900,2979.126448
1779071900,2979.245938
1779071900,2979.514409
1779071900,2979.717912
1779071900,3288.671039
1779071900,2980.161229
1779071900,2980.630386
1779071900,2672.212624
1779071900,2981.142235
1779071900,2981.123596
1779071900,2981.718248
1779071900,2980.778257
1779071900,2981.097258
1779071900,2981.375309
1779071900,2983.740214
1779071900,2980.135522
1779071900,2980.167884
1779071900,2673.004167
1779071900,2674.109792
1779071900,2980.442426
1779071900,2980.358169
1779071900,2980.426729
1779071900,2673.274974
1779071900,2980.727142
1779071900,2980.765042
1779071900,2981.645882
1779071900,3301.856282
1779071900,2981.064303
1779071900,2981.696989
1779071900,2981.194214
1779071900,2983.909005
1779071900,2985.605216
1779071900,2985.672865
1779071900,2985.114160
1779071900,2677.300183
1779071900,2986.077938
1779071900,2986.371615
1779071900,2991.352005
1779071900,3301.206991
1779071900,3609.783385
1779071900,2991.799521
1779071900,2682.665979
1779071900,2682.709296
1779071900,2992.015670
1779071900,2991.073556
1779071900,2978.850960
1779071900,2978.968738
1779071900,2683.267170
1779071900,3302.178799
1779071900,2979.106325
1779071900,2682.321409
1779071900,3288.012120
1779071900,2979.562317
1779071900,2979.809781
1779071900,2980.140529
1779071900,2980.130619
1779071900,3288.064776
1779071900,2672.553658
1779071900,2980.151255
1779071900,2980.244184
1779071900,2980.595836
1779071900,2980.813925
1779071900,2981.158688
1779071900,2981.422221
1779071900,2982.421776
1779071900,2981.211089
1779071900,2672.971365
1779071900,2672.981212
1779071900,2674.102970
1779071900,2673.069178
1779071900,2980.357662
1779071900,2672.424142
1779071900,2980.622502
1779071900,2980.634821
1779071900,2672.752161
1779071900,3291.208980
1779071900,2981.267377
1779071900,2981.342122
1779071900,2981.743459
1779071900,2982.169363
1779071900,2984.560052
1779071900,2985.030301
1779071900,2985.179121
1779071900,2985.643908
1779071900,2985.570804
1779071900,2985.078303
1779071900,2676.939330
1779071900,2991.448827
1779071900,2991.540554
1779071900,2991.449015
1779071900,2991.412201
1779071900,2991.383216
1779071900,3301.151489
1779071900,3301.364719
1779071900,2991.955349
1779071900,2682.800509
1779071900,2682.928637
1779071900,2682.881381
1779071900,2978.957536
1779071900,2979.140169
1779071900,2979.092438
1779071900,2683.123407
1779071900,2979.478148
1779071900,2979.745811
1779071900,2979.853579
1779071900,2979.904433
1779071900,2980.557217
1779071900,2979.496373
1779071900,2979.982779
1779071900,2980.043577
1779071900,2980.479232
1779071900,2980.481281
1779071900,2980.950893
1779071900,2981.321452
1779071900,2982.446601
1779071900,2672.319541
1779071900,2979.532167
1779071900,3289.340183
1779071900,2674.261518
1779071900,2673.262709
1779071900,2673.384696
1779071900,2980.669081
1779071900,2673.575782
1779071900,2980.715718
1779071900,2980.732789
1779071900,3290.116241
1779071900,2980.966048
1779071900,2673.280133
1779071900,2981.427781
1779071900,2981.831969
1779071900,2984.587279
1779071900,2984.615014
1779071900,2985.343978
1779071900,2985.705431
1779071900,2985.517871
1779071900,2985.714582
1779071900,2985.647428
1779071900,3300.046754
1779071900,2991.136285
1779071900,2682.360844
1779071900,3301.018610
1779071900,2682.553732
1779071900,2682.585791
1779071900,3286.912290
1779071900,2991.796123
1779071900,2991.733725
1779071900,2992.063035
1779071900,2979.597368
1779071900,2979.925596
1779071900,2979.966182
1779071900,2683.261215
1779071900,2683.343217
1779071900,2683.340915
1779071900,2979.136710
1779071900,2672.884934
1779071900,2979.458304
1779071900,3288.430745
1779071900,2980.211228
1779071900,2980.403703
1779071900,2980.457069
1779071900,2981.010988
1779071900,2981.060254
1779071900,2980.606062
1779071900,2981.832531
1779071900,2982.375260
1779071900,2980.685405
1779071900,3288.201787
1779071900,3288.040519
1779071900,3288.367360
1779071900,2980.427454
1779071900,2980.692060
1779071900,2980.820026
1779071900,2979.719739
1779071900,2979.785997
1779071900,2673.674465
1779071900,2981.107435
1779071900,2981.163378
1779071900,2981.130149
1779071900,2981.431316
1779071900,2981.512820
1779071900,2984.396889
1779071900,3293.673981
1779071900,2985.431094
1779071900,2985.579038
1779071900,2677.013340
1779071900,2985.787274
1779071900,2677.365596
1779071900,2990.373953
1779071900,3299.987620
1779071900,2682.670755
1779071900,2682.817880
1779071900,2682.870831
1779071900,2991.555742
1779071900,3300.499419
1779071900,2682.894709
1779071900,2980.155895
1779071900,2991.778101
1779071900,2673.245237
1779071900,2673.347510
1779071900,2979.674933
1779071900,2683.629635
1779071900,2979.736032
1779071900,2979.785846
1779071900,2979.819494
1779071900,2980.082057
1779071900,2980.027860
1779071900,3287.435854
1779071900,2980.742821
1779071900,2980.978743
1779071900,2981.280049
1779071900,2980.471803
1779071900,2980.596034
1779071900,2980.822070
1779071900,2980.920621
1779071900,2982.591433
1779071900,3287.889562
1779071900,3288.159844
1779071900,3289.341237
1779071900,2672.657225
1779071900,3288.358514
1779071900,2980.702085
1779071900,2980.728675
1779071900,3288.963869
1779071900,2980.015950
1779071900,2981.008201
1779071900,2981.058336
1779071900,2981.327375
1779071900,2981.264075
1779071900,2673.301066
1779071900,2981.373953
1779071900,2983.378870
1779071900,2984.075639
1779071900,2984.846151
1779071900,2985.002018
1779071900,3293.444572
1779071900,2985.147745
1779071900,2985.375529
1779071901,2990.321531
1779071901,2990.388860
1779071901,2991.070104
1779071901,2682.928500
1779071901,2682.927532
1779071901,2682.908142
1779071901,2682.961395
1779071901,2683.087987
1779071901,2979.753502
1779071901,2979.786424
1779071901,2979.920620
1779071901,2673.274051
1779071901,2673.314474
1779071901,2673.386864
1779071901,2683.672219
1779071901,2980.021414
1779071901,2980.256585
1779071901,2980.399712
1779071901,2672.624367
1779071901,2980.646966
1779071901,2980.262223
1779071901,2673.113501
1779071901,2980.976914
1779071901,2981.101603
1779071901,2981.310479
1779071901,2981.397989
1779071901,2980.982915
1779071901,2982.737842
1779071901,3288.371913
1779071901,3597.104204
1779071901,3288.016964
1779071901,2673.557136
1779071901,2981.197510
1779071901,3288.598377
1779071901,2981.298598
1779071901,2981.407249
1779071901,2981.405753
1779071901,2981.476578
1779071901,3289.084086
1779071901,2981.515649
1779071901,2981.329288
1779071901,2981.493763
1779071901,2981.626401
1779071901,2983.430257
1779071901,2984.000807
1779071901,2984.657619
1779071901,2984.803078
1779071901,2676.860032
1779071901,2985.158245
1779071901,2985.165286
1779071901,3917.530885
1779071901,3299.751238
1779071901,2682.814134
1779071901,2682.854685
1779071901,2683.110663
1779071901,2683.007049
1779071901,2683.014252
1779071901,2991.652395
1779071901,2683.315437
1779071901,2682.314400
1779071901,2672.949811
1779071901,2991.876310
1779071901,2673.080510
1779071901,3288.692807
1779071901,2673.186174
1779071901,2673.389220
1779071901,2980.438047
1779071901,2980.552263
1779071901,2980.666381
1779071901,2980.756684
1779071901,2980.718030
1779071901,2673.999516
1779071901,2674.094192
1779071901,2981.587009
1779071901,2981.614040
1779071901,2981.160147
1779071901,2981.201232
1779071901,2982.511083
1779071901,2981.433743
1779071901,2980.668473
1779071901,2980.803969
1779071901,2672.712347
1779071901,2981.015944
1779071901,2981.512126
1779071901,2981.799030
1779071901,2981.456188
1779071901,2981.874777
1779071901,2981.905073
1779071901,2981.308237
1779071901,2981.562320
1779071901,2674.508471
1779071901,2982.238652
1779071901,2981.887416
1779071901,2983.845278
1779071901,2984.798623
1779071901,3293.365493
1779071901,3293.536767
1779071901,2985.405006
1779071901,2985.477118
1779071901,2985.168842
1779071901,2991.233519
1779071901,2991.217066
1779071901,3608.888831
1779071901,3300.100215
1779071901,2682.136767
1779071901,2682.289080
1779071901,2682.375512
1779071901,2991.960328
1779071901,3287.898144
1779071901,2682.665915
1779071901,2682.654105
1779071901,2673.534182
1779071901,2673.713755
1779071901,2673.761305
1779071901,2981.199939
1779071901,2674.032987
1779071901,2981.327028
1779071901,2673.022888
1779071901,2980.550944
1779071901,2684.067096
1779071901,2980.870834
1779071901,2981.132015
1779071901,2981.286105
1779071901,2981.408370
1779071901,2981.465110
1779071901,2981.368013
1779071901,2982.560775
1779071901,2982.849977
1779071901,2982.273185
1779071901,2980.350488
1779071901,2980.839863
1779071901,2980.746839
1779071901,2672.983746
1779071901,2981.181708
1779071901,2981.288056
1779071901,2981.663176
1779071901,2981.724106
1779071901,2673.748437
1779071901,2982.383472
1779071901,2674.361709
1779071901,3289.691602
1779071901,2982.196314
1779071901,2674.442853
1779071901,2984.310251
1779071901,2984.982435
1779071901,2985.121963
1779071901,2985.158123
1779071901,2985.273439
1779071901,2985.767782
1779071901,2985.982788
1779071901,2682.178997
1779071901,2991.675348
1779071901,3299.849376
1779071901,2682.179969
1779071901,3299.931846
1779071901,3918.654019
1779071901,3596.037408
1779071901,3595.995539
1779071901,2980.455591
1779071901,2682.477014
1779071901,2980.702407
1779071901,2682.748549
1779071901,2682.741819
1779071901,2673.520038
1779071901,2683.045170
1779071901,2673.659850
1779071901,2673.831583
1779071901,2981.386740
1779071901,2981.498371
1779071901,3288.633876
1779071901,2992.145227
1779071901,2980.947161
1779071901,2981.948024
1779071901,2674.528631
1779071901,2982.178999
1779071901,2673.570277
1779071901,2982.480573
1779071901,2982.541173
1779071901,3595.927836
1779071901,2980.459205
1779071901,2980.743170
1779071901,2980.858701
1779071901,2981.006020
1779071901,2673.275708
1779071901,2981.365984
1779071901,2673.767783
1779071901,2981.485857
1779071901,2674.026186
1779071901,2981.251092
1779071901,2674.230809
1779071901,2982.845199
1779071901,2982.135144
1779071901,2982.826549
1779071901,2984.112745
1779071901,2985.090497
1779071901,2985.295500
1779071901,3293.216437
1779071901,2985.453516
1779071901,2985.476225
1779071901,2985.457391
1779071901,3291.034782
1779071901,2987.527887
1779071901,2989.266375
1779071901,2989.947309
1779071901,2990.078591
1779071901,2990.266139
1779071901,2990.551155
1779071901,2990.743189
1779071901,2683.476234
1779071901,3299.204638
1779071901,2683.999038
1779071901,2684.108942
1779071901,2994.064581
1779071901,3004.815167
1779071901,2685.832748
1779071901,3301.397832
1779071901,2694.799185
1779071901,2694.883056
1779071901,2994.418309
1779071901,3302.848049
1779071901,2696.210298
1779071901,2695.133548
1779071901,2695.351364
1779071901,2695.611498
1779071901,3006.020999
1779071901,3314.351290
1779071901,3933.212118
1779071901,3006.540179
1779071901,2981.738148
1779071901,3290.587357
1779071901,2982.708930
1779071901,2984.528072
1779071901,2988.396262
1779071901,2988.521241
1779071901,2988.534543
1779071901,2988.737055
1779071901,2988.968534
1779071901,3604.813610
1779071901,2990.494671
1779071901,2989.068883
1779071901,2989.487073
1779071901,2987.236853
1779071901,2987.492432
1779071901,2988.300169
1779071901,2988.568498
1779071901,2988.842974
1779071901,2997.089076
1779071901,2997.367029
1779071901,2997.749867
1779071901,2998.000243
1779071901,2672.260430
1779071901,2982.819235
1779071901,2675.277643
1779071901,2674.401802
1779071901,2682.047973
1779071901,2682.194503
1779071901,3291.202503
1779071901,2683.880702
1779071901,2683.954928
1779071901,2684.213863
1779071901,3599.233498
1779071901,2684.345464
1779071901,3303.438352
1779071901,2994.300479
1779071901,2676.217312
1779071901,3292.628288
1779071901,2994.899967
1779071901,3613.064213
1779071901,2983.573090
1779071901,2983.796054
1779071901,2676.020725
1779071901,2985.164000
1779071901,2985.326687
1779071901,2985.478446
1779071901,2985.634110
1779071901,2985.930186
1779071901,3294.419570
1779071901,2983.670433
1779071901,2981.558334
1779071901,2981.641485
1779071901,2981.178118
1779071901,4214.236565
1779071901,2981.256756
1779071901,2981.349101
1779071901,2981.479338
1779071901,2981.695923
1779071901,3289.697671
1779071901,2982.190340
1779071901,2980.575677
1779071901,2981.015144
1779071901,3290.000271
1779071901,2981.971209
1779071901,3291.002201
1779071901,2983.728938
1779071901,2985.065719
1779071901,2985.292336
1779071901,2985.385975
1779071901,2985.883222
1779071901,2985.994822
1779071901,2985.992066
1779071901,2989.117215
1779071901,2989.803593
1779071901,3595.715750
1779071901,2989.718463
1779071901,3299.617712
1779071901,2671.941279
1779071901,3917.092016
1779071901,2672.117029
1779071901,3596.224129
1779071901,2680.723761
1779071901,2989.387290
1779071901,3300.058161
1779071901,2680.028272
1779071901,2681.186669
1779071901,2672.920346
1779071901,2672.944890
1779071901,2981.582455
1779071901,2672.994653
1779071901,3597.146732
1779071901,2982.070843
1779071901,3289.719258
1779071901,2982.389728
1779071901,2982.485263
1779071901,2981.522891
1779071901,2980.568743
1779071901,2672.947285
1779071901,2672.539012
1779071901,2982.310972
1779071901,2979.950766
1779071901,2981.610709
1779071901,2981.696406
1779071901,3289.029018
1779071901,2981.058894
1779071901,2981.264834
1779071901,2981.611198
1779071901,3289.745114
1779071901,3289.575799
1779071901,2982.316978
1779071901,2673.342656
1779071901,2980.645220
1779071901,3289.212109
1779071901,2982.060298
1779071901,2982.311223
1779071901,2983.456035
1779071901,2984.748334
1779071901,2984.981482
1779071901,2985.423205
1779071901,2985.967889
1779071901,2986.078055
1779071901,2985.965961
1779071901,2988.385343
1779071901,3904.036699
1779071901,2988.913266
1779071901,3607.638602
1779071901,4212.042770
1779071901,3904.555766
1779071901,2989.304980
1779071901,2989.506786
1779071901,2679.609534
1779071901,2679.643600
1779071901,2980.585004
1779071901,2980.729792
1779071901,3596.450130
1779071901,3289.454890
1779071901,2980.995342
1779071901,2981.281423
1779071901,3289.676677
1779071901,2672.294444
1779071901,3288.797081
1779071901,2981.660252
1779071901,2981.905249
1779071901,2980.648101
1779071901,2980.181252
1779071901,2981.225513
1779071901,2981.389477
1779071901,2981.264913
1779071901,2981.426387
1779071901,2982.744477
1779071901,2981.569296
1779071901,2980.920339
1779071901,2982.143098
1779071901,2981.402706
1779071901,2981.649360
1779071901,2672.040950
1779071901,2980.743922
1779071901,2980.985275
1779071901,2981.176561
1779071901,2981.426846
1779071901,2981.829837
1779071901,2981.571270
1779071901,2981.779156
1779071901,2982.122211
1779071901,2982.705020
1779071901,2983.087331
1779071901,2986.079995
1779071901,2986.630977
1779071901,2985.660258
1779071901,2985.803767
1779071901,2986.000926
1779071901,2985.982419
1779071901,2988.061761
1779071901,2988.414957
1779071901,2988.484887
1779071901,2980.116662
1779071901,3298.573507
1779071901,3916.803145
1779071901,2679.430687
1779071901,2679.500431
1779071901,4212.386374
1779071901,2679.564444
1779071901,3608.269851
1779071901,3299.015095
1779071901,2679.813809
1779071901,2680.031877
1779071901,2673.462832
1779071901,2981.299416
1779071901,2981.327570
1779071901,2672.443546
1779071901,2980.260313
1779071901,2672.695709
1779071901,2979.102283
1779071901,2980.558412
1779071901,3289.560427
1779071901,3288.836024
1779071901,2672.773229
1779071901,2980.200357
1779071901,2673.977220
1779071901,2982.321790
1779071901,2981.239704
1779071901,2981.577575
1779071901,2981.639042
1779071901,2981.159088
1779071901,2981.143740
1779071901,2981.312722
1779071901,2981.457424
1779071901,2980.678355
1779071901,2980.720013
1779071901,2980.945153
1779071901,2672.680601
1779071901,2981.186118
1779071901,2673.422423
1779071901,2982.426677
1779071901,2982.970805
1779071901,2982.748791
1779071901,2986.536588
1779071901,2985.714933
1779071901,2985.801203
1779071901,2985.994329
1779071901,2986.020115
1779071901,2985.888441
1779071901,2677.131008
1779071901,2987.796372
1779071901,2987.891421
1779071901,2988.025418
1779071901,2988.348619
1779071901,2678.015548
1779071901,3596.721146
1779071901,2678.635760
1779071901,2989.325734
1779071901,2678.778086
1779071901,2678.740969
1779071901,3289.508848
1779071901,3289.577857
1779071901,3916.961098
1779071901,2672.717181
1779071901,3289.803387
1779071901,2982.423779
1779071901,2673.060345
1779071901,2980.349204
1779071901,2980.370574
1779071901,2980.345282
1779071901,3596.939567
1779071901,2672.333440
1779071901,3289.629127
1779071901,2980.980952
1779071901,2980.026806
1779071901,2980.189063
1779071901,2981.743325
1779071901,2980.820751
1779071901,2981.364009
1779071901,2981.379232
1779071901,2980.845724
1779071901,2981.045640
1779071901,2980.973427
1779071901,2981.033534
1779071901,2981.218200
1779071901,2673.615205
1779071901,3289.207613
1779071901,2981.190784
1779071901,2981.066203
1779071901,2981.139736
1779071901,2982.299002
1779071901,2982.900357
1779071901,2982.674322
1779071901,2986.488664
1779071901,2986.641289
1779071901,2985.719370
1779071901,2985.761441
1779071901,2985.869738
1779071901,2985.824297
1779071902,2986.879243
1779071902,2987.065243
1779071902,2676.649547
1779071902,2987.217354
1779071902,2987.174435
1779071902,3903.611398
1779071902,2979.322616
1779071902,3905.495325
1779071902,2987.918414
1779071902,2677.534074
1779071902,2677.582981
1779071902,2987.978203
1779071902,2677.816144
1779071902,2673.183593
1779071902,2672.108626
1779071902,2673.315990
1779071902,2980.454479
1779071902,2980.491073
1779071902,2672.455263
1779071902,2678.400787
1779071902,2980.726610
1779071902,2980.775075
1779071902,2672.696214
1779071902,2980.254492
1779071902,2980.257479
1779071902,2979.764550
1779071902,2980.351944
1779071902,2981.852933
1779071902,2981.126874
1779071902,2981.409541
1779071902,2981.361386
1779071902,2980.735042
1779071902,2980.861079
1779071902,2981.091337
1779071902,2981.133596
1779071902,2673.206152
1779071902,2981.444432
1779071902,2980.727500
1779071902,2980.698884
1779071902,2980.972467
1779071902,2981.758186
1779071902,2982.594361
1779071902,2983.223993
1779071902,2982.392270
1779071902,2985.449740
1779071902,2986.651390
1779071902,2985.327428
1779071902,2985.789785
1779071902,2677.523944
1779071902,2985.804459
1779071902,3903.801214
1779071902,2986.564808
1779071902,2986.865404
1779071902,2986.898376
1779071902,2986.831064
1779071902,3296.740699
1779071902,3597.178951
1779071902,2671.166938
1779071902,2981.164105
1779071902,2677.533745
1779071902,2677.758320
1779071902,3289.091467
1779071902,3905.364804
1779071902,2981.430468
1779071902,2980.509653
1779071902,2672.211378
1779071902,2980.753408
1779071902,2672.354238
1779071902,3287.204546
1779071902,2673.630678
1779071902,3288.632926
1779071902,2672.700417
1779071902,2979.987118
1779071902,3287.646755
1779071902,2672.921738
1779071902,2979.865400
1779071902,2980.408170
1779071902,2980.660716
1779071902,2980.982417
1779071902,2981.438351
1779071902,2981.470637
1779071902,2979.627092
1779071902,2980.780694
1779071902,2980.923443
1779071902,2981.150919
1779071902,2981.215514
1779071902,2673.122969
1779071902,3288.236878
1779071902,2673.339779
1779071902,2981.067477
1779071902,2981.336981
1779071902,2982.227453
1779071902,2982.942109
1779071902,2982.039253
1779071902,2985.332573
1779071902,2986.282208
1779071902,2985.540926
1779071902,2984.775525
1779071902,2677.623817
1779071902,2678.124716
1779071902,3596.028356
1779071902,2985.606154
1779071902,2675.034754
1779071902,3296.063747
1779071902,2985.635908
1779071902,2985.865272
1779071902,3596.590112
1779071902,3905.659768
1779071902,2675.864840
1779071902,2986.658227
1779071902,2676.131822
1779071902,2981.640317
1779071902,2979.816057
1779071902,3289.068761
1779071902,2676.375312
1779071902,3288.239262
1779071902,2672.475090
1779071902,2672.581140
1779071902,2980.476228
1779071902,2980.535587
1779071902,2672.789495
1779071902,2980.642663
1779071902,2672.727508
1779071902,2673.133867
1779071902,2980.296739
1779071902,2979.735040
1779071902,2980.572835
1779071902,2980.479274
1779071902,2981.249988
1779071902,2981.421149
1779071902,2981.439058
1779071902,2980.771962
1779071902,2980.933185
1779071902,2980.973609
1779071902,2980.804082
1779071902,2980.936504
1779071902,3288.956601
1779071902,2981.304425
1779071902,2980.994288
1779071902,2981.086367
1779071902,2981.177247
1779071902,2982.574653
1779071902,2982.254593
1779071902,2981.534210
1779071902,2984.842733
1779071902,2985.451224
1779071902,2986.260936
1779071902,2985.858936
1779071902,2985.900730
1779071902,2986.023153
1779071902,2984.314144
1779071902,2984.592945
1779071902,2675.871210
1779071902,3295.097992
1779071902,2984.713875
1779071902,2984.894837
1779071902,3288.314753
1779071902,2981.556660
1779071902,2675.558129
1779071902,3287.932577
1779071902,3288.191969
1779071902,3597.213231
1779071902,2676.277861
1779071902,2980.166069
1779071902,2676.227943
1779071902,3288.571582
1779071902,2673.325842
1779071902,2980.773204
1779071902,2672.828838
1779071902,2980.800691
1779071902,3289.103523
1779071902,2980.410841
1779071902,2673.272759
1779071902,2673.306174
1779071902,2979.792188
1779071902,2979.952928
1779071902,2980.906795
1779071902,2980.637385
1779071902,2981.172775
1779071902,2673.086742
1779071902,2981.245121
1779071902,2981.793201
1779071902,2981.807283
1779071902,2980.813299
1779071902,2981.160525
1779071902,3597.108431
1779071902,2673.204475
1779071902,2980.986190
1779071902,2981.177551
1779071902,2980.702720
1779071902,2981.548780
1779071902,2982.682139
1779071902,2982.371441
1779071902,2981.358847
1779071902,2984.799785
1779071902,2986.230147
1779071902,3294.070230
1779071902,2986.189514
1779071902,2986.253396
1779071902,2986.212186
1779071902,2984.338181
1779071902,2984.410153
1779071902,2675.567079
1779071902,2984.544366
1779071902,2984.509948
1779071902,2984.972088
1779071902,2985.016725
1779071902,3295.512958
1779071902,2985.208403
1779071902,2675.532323
1779071902,2675.694408
1779071902,2981.024673
1779071902,3906.218217
1779071902,3288.396250
1779071902,3287.963964
1779071902,2980.486579
1779071902,2674.842157
1779071902,2979.449459
1779071902,2980.717278
1779071902,2673.327512
1779071902,2673.315853
1779071902,2673.255182
1779071902,2980.442125
1779071902,3288.529844
1779071902,2980.840038
1779071902,2673.832773
1779071902,2672.369753
1779071902,2980.342352
1779071902,2981.089053
1779071902,2981.185316
1779071902,2981.209989
1779071902,2981.704972
1779071902,2981.752378
1779071902,3596.910914
1779071902,3288.713719
1779071902,2981.231613
1779071902,2981.595317
1779071902,2981.113226
1779071902,2981.737931
1779071902,2982.488958
1779071902,2981.658288
1779071902,2982.774420
1779071902,2982.761543
1779071902,2981.105053
1779071902,2983.748340
1779071902,3293.929569
1779071902,2985.117438
1779071902,3293.290450
1779071902,2677.179195
1779071902,2985.287736
1779071902,2983.384375
1779071902,2675.755643
1779071902,2675.945275
1779071902,2675.806210
1779071902,3604.709995
1779071902,2983.817062
1779071902,3294.516440
1779071902,3288.275179
1779071902,2984.112671
1779071902,3287.592787
1779071902,2675.758476
1779071902,2674.591063
1779071902,2981.223978
1779071902,2674.300543
1779071902,2981.447108
1779071902,3595.742140
1779071902,2673.955665
1779071902,2673.019996
1779071902,3288.646160
1779071902,2673.207350
1779071902,2980.512715
1779071902,2981.107271
1779071902,2979.691334
1779071902,2673.078880
1779071902,3288.927810
1779071902,2673.176510
1779071902,2980.399859
1779071902,2980.216948
1779071902,2981.481774
1779071902,2672.989838
1779071902,2673.056419
1779071902,2980.720051
1779071902,2980.981872
1779071902,2674.056069
1779071902,2674.014168
1779071902,2673.030829
1779071902,2673.184419
1779071902,2980.764583
1779071902,2673.756342
1779071902,2981.412247
1779071902,2981.551759
1779071902,2982.853735
1779071902,2675.546610
1779071902,2980.886801
1779071902,2982.432979
1779071902,2985.187999
1779071902,2985.331653
1779071902,2985.775386
1779071902,2677.370325
1779071902,2986.029597
1779071902,2982.881851
1779071902,2983.419044
1779071902,2983.339282
1779071902,2983.555562
1779071902,2673.928527
1779071902,2675.084012
1779071902,2675.238481
1779071902,2985.104780
1779071902,2673.143401
1779071902,2675.482041
1779071902,3597.363461
1779071902,3288.121201
1779071902,3288.002206
1779071902,2980.952467
1779071902,2982.766265
1779071902,2982.434651
1779071902,2981.298268
1779071902,3288.667748
1779071902,2673.812482
1779071902,2981.143438
1779071902,3289.187185
1779071902,2673.653207
1779071902,2980.956373
1779071902,2980.541896
1779071902,2981.117098
1779071902,2673.157444
1779071902,2980.443006
1779071902,2980.495832
1779071902,3289.613599
1779071902,2981.417104
1779071902,2981.524460
1779071902,2981.721853
1779071902,2981.914865
1779071902,2981.256514
1779071902,2981.401151
1779071902,3289.099424
1779071902,2981.555342
1779071902,2981.814134
1779071902,2982.029981
1779071902,2981.997501
1779071902,2981.661797
1779071902,2983.341242
1779071902,2983.452062
1779071902,2980.833111
1779071902,2982.364675
1779071902,2985.257348
1779071902,2985.395173
1779071902,2677.093993
1779071902,2677.133699
1779071902,2985.729313
1779071902,3292.733019
1779071902,2674.406772
1779071902,2675.615430
1779071902,2675.721276
1779071902,2984.224956
1779071902,2676.032997
1779071902,2675.967852
1779071902,3290.058198
1779071902,2984.655048
1779071902,2675.188430
1779071902,2982.004265
1779071902,2984.895056
1779071902,3904.307519
1779071902,3596.628405
1779071902,2980.640129
1779071902,2672.511228
1779071902,3596.128783
1779071902,2980.949710
1779071902,2980.206354
1779071902,3288.489781
1779071902,2980.904757
1779071902,2981.248137
1779071902,2980.383649
1779071902,2673.589530
1779071902,3289.507908
1779071902,3288.109506
1779071902,2672.485043
1779071902,2980.411570
1779071902,2981.422048
1779071902,2981.392990
1779071902,2982.470751
1779071902,2673.141205
1779071902,2981.796065
1779071902,2981.050876
1779071902,2981.188724
1779071902,2981.181218
1779071902,2981.485487
1779071902,2981.860519
1779071902,2982.055111
1779071902,2982.248145
1779071902,2982.102898
1779071902,2983.751364
1779071902,2983.250238
1779071902,2979.494234
1779071902,2982.185327
1779071902,2985.267977
1779071902,2985.644824
1779071902,2985.784357
1779071902,2677.182440
1779071902,3294.292717
1779071902,3291.812426
1779071902,2983.935942
1779071902,2984.003588
1779071902,3291.799114
1779071902,2984.045648
1779071902,3291.925198
1779071902,2675.665622
1779071902,2675.863726
1779071902,2675.944014
1779071902,2674.906261
1779071902,2676.123298
1779071902,2674.127210
1779071902,2674.383683
1779071902,2675.275623
1779071902,2980.611277
1779071902,3289.609543
1779071902,2674.356446
1779071902,2980.855304
1779071902,3596.436717
1779071902,2673.856196
1779071902,2674.868793
1779071902,2981.332852
1779071902,2673.418947
1779071902,3289.064381
1779071902,2980.415265
1779071902,2980.644131
1779071902,2981.124801
1779071902,2980.262465
1779071902,2981.392633
1779071902,3289.938580
1779071902,3290.058413
1779071902,2981.512634
1779071902,3289.260995
1779071902,3289.327519
1779071902,2980.799294
1779071902,3289.554827
1779071902,3288.818030
1779071902,2981.643825
1779071902,2673.463079
1779071902,2982.023529
1779071902,2981.933053
1779071902,2982.995792
1779071902,3291.447066
1779071902,2979.437336
1779071902,2982.394547
1779071902,3293.321745
1779071902,2985.234592
1779071902,2985.799003
1779071902,2985.954797
1779071902,2986.251297
1779071902,2982.605913
1779071902,3911.833831
1779071902,3288.152695
1779071902,3291.498415
1779071902,3601.540094
1779071902,2675.224044
1779071902,2675.160988
1779071902,2675.454771
1779071902,2674.042794
1779071902,2983.511287
1779071902,2675.612480
1779071902,2675.626613
1779071902,2675.635723
1779071902,2674.622861
1779071902,2674.756414
1779071902,2674.758410
1779071902,2673.843548
1779071902,3288.713626
1779071902,2673.999858
1779071902,2980.998670
1779071902,2981.159953
1779071902,3287.943479
1779071902,2981.054838
1779071902,2673.447763
1779071902,2980.497201
1779071902,2980.532108
1779071902,2981.339630
1779071902,2980.372507
1779071903,2979.740826
1779071903,2981.285794
1779071903,2981.211888
1779071903,2981.301436
1779071903,2981.480122
1779071903,2981.770259
1779071903,2980.584684
1779071903,2980.773764
1779071903,2981.270440
1779071903,2981.460612
1779071903,2981.823511
1779071903,2981.923926
1779071903,2981.764063
1779071903,2983.529849
1779071903,2983.224131
1779071903,2980.434742
1779071903,2982.072085
1779071903,3293.067824
1779071903,2984.956627
1779071903,3294.250706
1779071903,2985.717422
1779071903,2984.944270
1779071903,3291.949934
1779071903,3292.365863
1779071903,2982.812940
1779071903,2983.036614
1779071903,2675.459679
1779071903,3292.769886
1779071903,2980.664784
1779071903,2982.133481
1779071903,2675.870948
1779071903,2980.992199
1779071903,2982.494462
1779071903,2674.743166
1779071903,2674.832494
1779071903,2674.894257
1779071903,2674.961910
1779071903,2981.561857
1779071903,2674.079370
1779071903,2985.203597
1779071903,2980.973433
1779071903,3596.818000
1779071903,2980.918345
1779071903,3288.898859
1779071903,2980.263898
1779071903,2980.420532
1779071903,2980.086368
1779071903,3288.484613
1779071903,2981.760414
1779071903,2980.183699
1779071903,2981.119050
1779071903,2981.337608
1779071903,3289.833538
1779071903,2981.503164
1779071903,2981.456275
1779071903,2980.654581
1779071903,2980.885074
1779071903,2980.856697
1779071903,2981.210997
1779071903,2981.478747
1779071903,2981.814906
1779071903,2981.904282
1779071903,2981.411031
1779071903,2982.384439
1779071903,2675.098026
1779071903,2979.444052
1779071903,2982.075891
1779071903,2984.420426
1779071903,3293.595861
1779071903,2985.822154
1779071903,2985.924990
1779071903,2985.164065
1779071903,2673.568109
1779071903,2983.111979
1779071903,2674.176019
1779071903,2983.855233
1779071903,2674.316189
1779071903,2674.440410
1779071903,2674.657639
1779071903,2984.317187
1779071903,3289.675155
1779071903,2674.894888
1779071903,2675.014005
1779071903,2675.031658
1779071903,2982.047309
1779071903,3596.609570
1779071903,3597.796208
1779071903,3290.132231
1779071903,2981.213639
1779071903,2981.911208
1779071903,2674.290361
1779071903,3289.141576
1779071903,2981.019080
1779071903,3596.319595
1779071903,2980.150625
1779071903,2981.084363
1779071903,2980.254858
1779071903,2980.662972
1779071903,2980.672212
1779071903,2979.847261
1779071903,2980.889486
1779071903,2981.008906
1779071903,2981.132538
1779071903,2981.287516
1779071903,2981.332360
1779071903,2981.693853
1779071903,2980.611604
1779071903,2980.708228
1779071903,2981.135752
1779071903,3597.077869
1779071903,2981.695874
1779071903,2981.838979
1779071903,2981.232663
1779071903,2982.496714
1779071903,2983.124146
1779071903,2980.409903
1779071903,2982.027780
1779071903,2984.492736
1779071903,2985.063450
1779071903,2986.044917
1779071903,2986.153092
1779071903,2677.236547
1779071903,2982.576928
1779071903,3290.798111
1779071903,3290.684714
1779071903,2674.399408
1779071903,2674.909154
1779071903,2674.788077
1779071903,2674.745480
1779071903,3291.972245
1779071903,2674.777696
1779071903,2674.869203
1779071903,2673.756021
1779071903,2673.928341
1779071903,2673.855136
1779071903,2673.887806
1779071903,2673.948960
1779071903,2673.880878
1779071903,2981.622406
1779071903,2674.320893
1779071903,2673.915911
1779071903,2980.173401
1779071903,2981.333708
1779071903,2982.154889
1779071903,2980.287689
1779071903,2676.004254
1779071903,2673.624467
1779071903,2980.890070
1779071903,2980.665578
1779071903,2979.997217
1779071903,2980.821204
1779071903,2980.957367
1779071903,2981.060949
1779071903,2980.995657
1779071903,2981.149085
1779071903,2981.393640
1779071903,2980.554140
1779071903,2980.608641
1779071903,2980.333965
1779071903,2981.335032
1779071903,2980.902595
1779071903,2981.173700
1779071903,2981.392777
1779071903,2982.530885
1779071903,2983.044144
1779071903,2979.509191
1779071903,2982.221591
1779071903,2984.686112
1779071903,2985.214158
1779071903,2984.453336
1779071903,2987.500078
1779071903,2986.411454
1779071903,2983.076892
1779071903,2983.040574
1779071903,2983.142283
1779071903,3598.038949
1779071903,2673.074267
1779071903,2674.547960
1779071903,2983.957509
1779071903,2674.526722
1779071903,3601.280597
1779071903,3597.955109
1779071903,2980.710908
1779071903,2674.993291
1779071903,2674.935515
1779071903,2674.880288
1779071903,2979.654183
1779071903,2674.951429
1779071903,2982.015228
1779071903,2673.997239
1779071903,2981.803285
1779071903,2981.608388
1779071903,3291.394349
1779071903,2982.155877
1779071903,2674.503570
1779071903,2674.162380
1779071903,2673.614177
1779071903,2980.628852
1779071903,2980.758733
1779071903,2980.017610
1779071903,2980.735560
1779071903,2980.680060
1779071903,2980.710164
1779071903,2980.832275
1779071903,2672.624627
1779071903,2981.193265
1779071903,2981.440376
1779071903,2673.380179
1779071903,2981.813238
1779071903,2980.857066
1779071903,2981.445532
1779071903,2981.393592
1779071903,2981.459612
1779071903,3290.713997
1779071903,2983.006897
1779071903,2979.359173
1779071903,2982.011172
1779071903,2984.544295
1779071903,2985.045661
1779071903,2985.518002
1779071903,2986.009244
1779071903,2986.081841
1779071903,2672.966974
1779071903,3599.365037
1779071903,2982.270871
1779071903,3291.640198
1779071903,3599.810456
1779071903,2673.694339
1779071903,2673.795868
1779071903,4212.187057
1779071903,2673.857739
1779071903,2674.144080
1779071903,2674.193086
1779071903,2674.189099
1779071903,2674.259242
1779071903,3289.332659
1779071903,2674.526191
1779071903,2982.415908
1779071903,2674.535535
1779071903,2981.687348
1779071903,2981.544725
1779071903,2982.046296
1779071903,2982.069773
1779071903,2673.786763
1779071903,2673.875543
1779071903,2980.555821
1779071903,2980.572874
1779071903,2980.716312
1779071903,2981.383355
1779071903,2979.660083
1779071903,2980.765405
1779071903,2980.706356
1779071903,2980.810007
1779071903,2980.980977
1779071903,2981.035828
1779071903,2980.967152
1779071903,2981.240568
1779071903,2981.487754
1779071903,2981.446821
1779071903,2980.850333
1779071903,2981.344240
1779071903,2981.454614
1779071903,2981.641594
1779071903,2982.384649
1779071903,2983.102812
1779071903,2980.281244
1779071903,2981.873413
1779071903,2984.509451
1779071903,2984.815852
1779071903,2985.642580
1779071903,2986.318383
1779071903,3294.690442
1779071903,3291.266794
1779071903,2982.262684
1779071903,2673.896815
1779071903,3291.375666
1779071903,2982.404589
1779071903,3599.564345
1779071903,3598.008728
1779071903,2673.146552
1779071903,3290.846605
1779071903,2674.731912
1779071903,2674.888369
1779071903,2673.469518
1779071903,2673.740500
1779071903,2673.665654
1779071903,2982.502273
1779071903,2674.122489
1779071903,2675.384035
1779071903,2673.791680
1779071903,2673.218862
1779071903,2673.067827
1779071903,2980.467969
1779071903,2981.740480
1779071903,3290.601392
1779071903,2980.633453
1779071903,2978.708986
1779071903,2676.020624
1779071903,2983.013380
1779071903,2677.504122
1779071903,2981.047088
1779071903,2981.124630
1779071903,2981.233603
1779071903,2672.815594
1779071903,2981.268524
1779071903,2981.184189
1779071903,2981.554737
1779071903,2981.443581
1779071903,2982.104362
1779071903,2982.084428
1779071903,2981.394703
1779071903,2981.488841
1779071903,2673.106270
1779071903,2981.199023
1779071903,2980.225695
1779071903,2983.032598
1779071903,2981.824804
1779071903,2984.382717
1779071903,2984.585686
1779071903,2985.601833
1779071903,2986.342470
1779071903,2986.461705
1779071903,2981.668135
1779071903,3597.283696
1779071903,2674.093466
1779071903,2674.177770
1779071903,2674.286316
1779071903,2982.732654
1779071903,2674.557945
1779071903,2673.407078
1779071903,3290.322570
1779071903,3289.940163
1779071903,2981.313676
1779071903,2982.253475
1779071903,2673.940038
1779071903,2675.557247
1779071903,2983.867883
1779071903,2675.577567
1779071903,2674.535752
1779071903,2674.629191
1779071903,2673.585038
1779071903,2981.547028
1779071903,3290.336366
1779071903,2981.555560
1779071903,2982.637605
1779071903,2676.101869
1779071903,2982.222809
1779071903,2676.900833
1779071903,2981.201495
1779071903,2678.662792
1779071903,2980.933349
1779071903,2672.913454
1779071903,2672.882111
1779071903,2673.074467
1779071903,2981.339334
1779071903,2981.424809
1779071903,2981.777007
1779071903,3290.328154
1779071903,2982.016039
1779071903,2981.415480
1779071903,2981.375740
1779071903,2981.319996
1779071903,2982.873392
1779071903,2981.884345
1779071903,2982.980830
1779071903,2979.421456
1779071903,2981.855274
1779071903,2984.481171
1779071903,2983.621390
1779071903,2984.802211
1779071903,2986.599234
1779071903,2986.756682
1779071903,2981.470520
1779071903,2672.895806
1779071903,2981.852706
1779071903,2674.269153
1779071903,3908.924662
1779071903,2673.210964
1779071903,3290.968705
1779071903,2673.327696
1779071903,2673.675070
1779071903,2673.663294
1779071903,2982.312330
1779071903,3290.372510
1779071903,2674.041026
1779071903,3292.192446
1779071903,2674.186414
1779071903,2982.998426
1779071903,2981.549124
1779071903,2982.787968
1779071903,2674.642293
1779071903,2983.075133
1779071903,2984.034081
1779071903,3290.345092
1779071903,2982.537003
1779071903,2982.527299
1779071903,2983.231386
1779071903,2983.068537
1779071903,2983.089407
1779071903,2675.170852
1779071903,2673.057081
1779071903,2981.095905
1779071903,2674.080111
1779071903,2674.031588
1779071903,2981.243935
1779071903,2981.600559
1779071903,2982.104137
1779071903,2673.537362
1779071903,2982.118334
1779071903,2980.707248
1779071903,2673.238333
1779071903,2674.292840
1779071903,2673.160837
1779071903,2981.475812
1779071903,2982.373411
1779071903,2979.545688
1779071903,2981.870668
1779071903,2984.506967
1779071903,2984.541993
1779071903,2984.835932
1779071903,2986.758471
1779071903,2986.808933
1779071903,2982.174384
1779071903,2982.448114
1779071903,2982.439662
1779071903,2982.524856
1779071903,3907.892877
1779071903,2674.286281
1779071903,4828.684180
1779071903,3905.902906
1779071903,2981.576239
1779071903,2673.492103
1779071903,3907.049792
1779071903,3906.426176
1779071903,4213.398741
1779071903,3290.704921
1779071903,3289.929873
1779071903,3905.993367
1779071903,2982.817176
1779071903,3599.115090
1779071903,3596.844935
1779071903,3290.313168
1779071903,3289.469143
1779071903,2983.515561
1779071903,2982.586114
1779071903,2983.068635
1779071903,2983.222285
1779071903,2983.307324
1779071903,2676.021483
1779071903,2981.522477
1779071903,3288.542177
1779071903,2981.049126
1779071903,2981.206141
1779071903,2981.216332
1779071903,2673.912179
1779071903,2981.502925
1779071903,2981.838034
1779071903,2981.819327
1779071903,2981.957981
1779071903,2674.109906
1779071903,3289.971307
1779071903,2674.253498
1779071903,2981.276113
1779071903,2981.539421
1779071903,2982.281868
1779071903,2979.695121
1779071903,2981.797977
1779071903,2984.465390
1779071903,2983.384046
1779071903,2984.821849
1779071903,2986.899115
1779071903,2987.132043
1779071904,2982.428285
1779071904,3290.770611
1779071904,2674.107870
1779071904,2674.081880
1779071904,3290.985999
1779071904,2674.164082
1779071904,3600.452961
1779071904,2982.997373
1779071904,3600.740893
1779071904,2981.765516
1779071904,2673.429820
1779071904,3906.811759
1779071904,2981.761542
1779071904,3597.788570
1779071904,3289.970422
1779071904,2982.283638
1779071904,3598.837223
1779071904,3289.493942
1779071904,2981.643248
1779071904,2673.308190
1779071904,2673.169512
1779071904,2983.177945
1779071904,2673.348940
1779071904,2981.818212
1779071904,2983.692255
1779071904,2983.072793
1779071904,2981.515897
1779071904,3293.315598
1779071904,3596.782199
1779071904,3289.454830
1779071904,2981.237570
1779071904,2981.199834
1779071904,2674.083351
1779071904,2673.052648
1779071904,2981.657442
1779071904,2981.878030
1779071904,2980.969060
1779071904,2981.544743
1779071904,2981.306622
1779071904,2981.362829
1779071904,2981.533082
1779071904,2981.437912
1779071904,2982.343690
1779071904,2980.761201
1779071904,2982.000486
1779071904,2983.296975
1779071904,2983.330052
1779071904,2984.775043
1779071904,2986.997388
1779071904,2986.979944
1779071904,3597.815535
1779071904,2669.593711
1779071904,2981.601708
1779071904,2667.247131
1779071904,2666.826568
1779071904,2665.386399
1779071904,2666.571089
1779071904,2667.957275
1779071904,2981.953312
1779071904,2665.377826
1779071904,3598.697258
1779071904,2980.689563
1779071904,2982.052656
1779071904,3290.436185
1779071904,2982.035835
1779071904,2980.931049
1779071904,2982.519852
1779071904,2981.181187
1779071904,3598.082338
1779071904,2982.006778
1779071904,2656.600122
1779071904,3291.881523
1779071904,2982.886631
1779071904,2983.017840
1779071904,2984.284590
1779071904,2983.598305
1779071904,2981.470565
1779071904,3289.940070
1779071904,3288.686033
1779071904,3289.386803
1779071904,3289.454422
1779071904,2674.137099
1779071904,2981.194562
1779071904,2981.197988
1779071904,2981.469105
1779071904,3289.950684
1779071904,2981.879463
1779071904,3290.756604
1779071904,3289.465220
1779071904,2981.461256
1779071904,3289.765734
1779071904,2657.969400
1779071904,2982.252028
1779071904,2980.870580
1779071904,2981.799697
1779071904,2984.147022
1779071904,2983.684286
1779071904,2984.989429
1779071904,2987.159602
1779071904,2987.464253
1779071904,2983.171388
1779071904,2981.910791
1779071904,2657.440996
1779071904,3291.639889
1779071904,2665.472356
1779071904,2657.739952
1779071904,2657.707398
1779071904,2657.880492
1779071904,2657.504723
1779071904,2657.440201
1779071904,2657.811042
1779071904,2657.642190
1779071904,2657.751457
1779071904,2658.039808
1779071904,2657.920308
1779071904,2657.786098
1779071904,2981.724502
1779071904,2657.762029
1779071904,2983.049406
1779071904,2658.148157
1779071904,2658.355552
1779071904,2658.261386
1779071904,2981.944600
1779071904,2982.018130
1779071904,2983.927494
1779071904,3291.145309
1779071904,2983.641896
1779071904,2981.444379
1779071904,2981.423498
1779071904,2980.178337
1779071904,2981.784716
1779071904,2980.736481
1779071904,2670.427113
1779071904,3289.351105
1779071904,2980.990247
1779071904,2981.253812
1779071904,3290.088170
1779071904,2665.436909
1779071904,3289.301893
1779071904,2981.406831
1779071904,2981.169881
1779071904,2981.248427
1779071904,2982.359948
1779071904,2981.322474
1779071904,2982.510464
1779071904,2983.703111
1779071904,2984.096001
1779071904,2985.026896
1779071904,2987.673739
1779071904,2987.651834
1779071904,2673.085204
1779071904,2672.150739
1779071904,4217.054130
1779071904,2981.943085
1779071904,3290.516933
1779071904,3600.110887
1779071904,2982.127862
1779071904,2982.207817
1779071904,2671.809508
1779071904,2673.163691
1779071904,2671.702124
1779071904,2671.371351
1779071904,2672.391672
1779071904,2672.152900
1779071904,2672.663910
1779071904,3905.841268
1779071904,2671.363839
1779071904,2671.510378
1779071904,2671.846299
1779071904,2671.761754
1779071904,2674.169446
1779071904,2982.044206
1779071904,2673.536886
1779071904,2982.233447
1779071904,2983.436641
1779071904,2671.839524
1779071904,2983.113056
1779071904,2980.760698
1779071904,2981.639623
1779071904,3597.178494
1779071904,3289.309437
1779071904,2980.985911
1779071904,2980.910261
1779071904,2980.993791
1779071904,2673.175995
1779071904,2981.433801
1779071904,2981.839465
1779071904,2980.811242
1779071904,2981.328415
1779071904,2673.449597
1779071904,2980.666170
1779071904,2981.689074
1779071904,2981.894575
1779071904,2981.365292
1779071904,2982.433404
1779071904,2983.476125
1779071904,2983.916723
1779071904,2984.221369
1779071904,2986.796731
1779071904,2986.798029
1779071904,3291.227632
1779071904,3289.890277
1779071904,2675.149412
1779071904,2675.287376
1779071904,2675.170606
1779071904,4524.290434
1779071904,2674.546412
1779071904,2675.739519
1779071904,2674.564096
1779071904,2674.497778
1779071904,2674.565756
1779071904,2674.063273
1779071904,2674.593344
1779071904,2674.763017
1779071904,2674.985367
1779071904,2675.277910
1779071904,2674.472594
1779071904,2965.978558
1779071904,2675.256550
1779071904,2675.259928
1779071904,2675.595308
1779071904,2964.249886
1779071904,2963.423522
1779071904,2675.703516
1779071904,2961.243431
1779071904,2960.999398
1779071904,2961.049494
1779071904,2960.739914
1779071904,2982.057305
1779071904,2977.404633
1779071904,2981.895509
1779071904,2674.051752
1779071904,3289.205956
1779071904,2674.195849
1779071904,2673.090331
1779071904,2971.969647
1779071904,2965.530733
1779071904,2966.142687
1779071904,3289.136131
1779071904,2964.946028
1779071904,2673.732251
1779071904,2965.770849
1779071904,2965.009686
1779071904,2966.800008
1779071904,2968.782165
1779071904,2970.443755
1779071904,2970.502920
1779071904,2971.646931
1779071904,2974.132238
1779071904,2973.880128
1779071904,2965.642433
1779071904,3290.207592
1779071904,3290.246531
1779071904,3290.498054
1779071904,3290.630903
1779071904,2966.032935
1779071904,3290.831450
1779071904,3290.824621
1779071904,3289.426270
1779071904,4522.535744
1779071904,3291.080278
1779071904,3291.197819
1779071904,2966.350857
1779071904,2674.480885
1779071904,3291.231259
1779071904,3289.763581
1779071904,3291.422397
1779071904,2674.823939
1779071904,2674.981255
1779071904,2674.943090
1779071904,2966.733943
1779071904,2966.700482
1779071904,2966.952191
1779071904,2675.337011
1779071904,2967.366489
1779071904,2967.722452
1779071904,2968.010001
1779071904,2968.281385
1779071904,2978.282833
1779071904,3288.710710
1779071904,2977.011406
1779071904,2973.934881
1779071904,2978.001107
1779071904,2974.036788
1779071904,2973.984996
1779071904,2673.054051
1779071904,2973.548373
1779071904,2973.619911
1779071904,3288.335340
1779071904,2974.229446
1779071904,2674.007581
1779071904,2974.444060
1779071904,2974.969344
1779071904,2976.985813
1779071904,2979.029572
1779071904,2980.997985
1779071904,2971.070046
1779071904,2972.581849
1779071904,2975.480908
1779071904,2975.574028
1779071904,3907.513573
1779071904,2674.175014
1779071904,3291.016971
1779071904,2979.924220
1779071904,2980.975562
1779071904,2674.882348
1779071904,2674.844671
1779071904,2673.542089
1779071904,3290.348753
1779071904,2675.058571
1779071904,2675.025665
1779071904,3290.458243
1779071904,3290.929418
1779071904,3597.921442
1779071904,3291.043509
1779071904,2675.603518
1779071904,3597.724884
1779071904,2981.868879
1779071904,2978.092877
1779071904,2674.766659
1779071904,2978.352162
1779071904,2978.444505
1779071904,3290.059158
1779071904,3291.840552
1779071904,2978.866389
1779071904,2979.794147
1779071904,2675.258004
1779071904,2980.365741
1779071904,2980.925751
1779071904,2980.992551
1779071904,2674.069076
1779071904,2981.098448
1779071904,2673.152483
1779071904,2673.237145
1779071904,2980.555334
1779071904,2980.625502
1779071904,2674.538549
1779071904,2981.226826
1779071904,2981.289573
1779071904,3289.253983
1779071904,2981.159761
1779071904,2980.477498
1779071904,2980.741146
1779071904,2981.241656
1779071904,2981.248971
1779071904,2982.086371
1779071904,2983.254475
1779071904,2984.491855
1779071904,2986.544623
1779071904,2987.374054
1779071904,4522.350862
1779071904,2982.657446
1779071904,2982.899344
1779071904,3598.537576
1779071904,5140.300685
1779071904,3281.245486
1779071904,2674.069651
1779071904,3279.700931
1779071904,2674.069307
1779071904,2675.357708
1779071904,2674.241618
1779071904,3281.797659
1779071904,2674.420718
1779071904,2674.461156
1779071904,2674.355641
1779071904,2674.412833
1779071904,2674.446722
1779071904,3272.855750
1779071904,3271.681824
1779071904,3600.247984
1779071904,3272.912642
1779071904,2982.993207
1779071904,2982.612464
1779071904,2982.714042
1779071904,2982.960203
1779071904,2983.647501
1779071904,2981.227096
1779071904,2984.103617
1779071904,3289.536381
1779071904,2673.633811
1779071904,2673.691133
1779071904,2982.147103
1779071904,2981.039234
1779071904,2981.272208
1779071904,2672.888960
1779071904,2980.726228
1779071904,2673.121535
1779071904,2981.519632
1779071904,2981.153961
1779071904,3272.652231
1779071904,2673.895024
1779071904,2980.621027
1779071904,2980.763276
1779071904,2981.260507
1779071904,2981.363195
1779071904,2982.081634
1779071904,2983.373951
1779071904,2983.498452
1779071904,2985.793067
1779071904,2986.628864
1779071904,2981.800376
1779071904,2982.971544
1779071904,2983.131694
1779071904,2983.133305
1779071904,2983.142718
1779071904,2982.166800
1779071904,2675.312320
1779071904,2674.129847
1779071904,2675.258535
1779071904,2982.580078
1779071904,2982.665845
1779071904,2981.650019
1779071904,2674.508939
1779071904,2982.930423
1779071904,2674.549155
1779071904,2983.097126
1779071904,2674.533142
1779071904,2674.616992
1779071904,2983.432195
1779071904,2675.047053
1779071904,2983.271876
1779071904,2674.988407
1779071904,2675.130846
1779071904,2982.700859
1779071904,3275.122951
1779071904,2983.334229
1779071904,2983.872628
1779071904,2981.238403
1779071904,2673.420942
1779071904,2981.950376
1779071904,2982.036058
1779071904,2980.983589
1779071904,2981.117359
1779071904,2981.240311
1779071904,2981.280562
1779071904,3282.596405
1779071904,2673.530910
1779071904,2981.107066
1779071904,2675.216580
1779071904,3282.254692
1779071904,2980.612086
1779071904,2982.143107
1779071904,2980.807950
1779071904,2981.355975
1779071904,2980.207505
1779071904,2982.244410
1779071904,2982.249014
1779071904,2983.692034
1779071904,2986.110138
1779071904,2986.839646
1779071904,2983.141442
1779071904,2983.175630
1779071904,3598.424031
1779071904,2983.268842
1779071904,2675.848377
1779071904,3599.897149
1779071904,2675.542838
1779071904,2674.522770
1779071904,2674.601904
1779071904,3598.155602
1779071904,2674.881331
1779071904,3289.141653
1779071904,2676.170880
1779071904,2675.184042
1779071904,2675.183348
1779071904,2675.529133
1779071904,2983.313079
1779071904,2675.633715
1779071904,3287.548105
1779071904,2981.102131
1779071904,2983.511262
1779071904,2984.701184
1779071904,2677.709643
1779071904,2677.939660
1779071904,2680.115329
1779071904,2679.406214
1779071904,2988.399315
1779071904,2680.844524
1779071904,3288.649093
1779071904,3596.977589
1779071904,3289.205878
1779071904,2981.101314
1779071904,2673.551098
1779071904,2981.622313
1779071904,2981.132454
1779071904,2982.041213
1779071904,2983.417128
1779071904,2674.141976
1779071904,2982.109865
1779071904,2981.866488
1779071904,2980.579599
1779071904,2675.526819
1779071904,2980.773821
1779071904,2981.417288
1779071904,2979.387699
1779071904,2981.232612
1779071904,2981.442721
1779071904,2983.886880
1779071904,2986.425200
1779071904,2987.397833
1779071905,2675.287582
1779071905,2674.543810
1779071905,3587.651608
1779071905,2675.808594
1779071905,2675.930522
1779071905,2676.060174
1779071905,2983.878955
1779071905,2982.574111
1779071905,2676.259545
1779071905,2675.327598
1779071905,2675.442621
1779071905,4526.369319
1779071905,2675.648390
1779071905,2675.628179
1779071905,2675.913670
1779071905,3596.093259
1779071905,3581.253076
1779071905,3582.478860
1779071905,2984.189778
1779071905,2984.877547
1779071905,2984.926331
1779071905,2676.590273
1779071905,2985.455853
1779071905,2985.689624
1779071905,2986.256415
1779071905,2986.337943
1779071905,2987.003654
1779071905,2985.225913
1779071905,3590.333335
1779071905,3592.849817
1779071905,2673.927403
1779071905,3289.284733
1779071905,3288.841330
1779071905,2673.545590
1779071905,2981.631727
1779071905,2981.856143
1779071905,2673.976625
1779071905,2674.278303
1779071905,2982.408692
1779071905,2982.152633
1779071905,2674.127403
1779071905,2981.254785
1779071905,2980.491767
1779071905,2982.321244
1779071905,2979.292463
1779071905,2981.303897
1779071905,2981.679666
1779071905,2984.077771
1779071905,2986.631601
1779071905,2987.417725
1779071905,2983.108909
1779071905,2983.367493
1779071905,2983.519017
1779071905,3907.344902
1779071905,2982.534766
1779071905,2676.117136
1779071905,2676.190756
1779071905,3291.327764
1779071905,2984.114393
1779071905,2982.872739
1779071905,3291.422629
1779071905,3291.578032
1779071905,3907.107731
1779071905,2675.522280
1779071905,3907.256700
1779071905,3291.872957
1779071905,3907.267914
1779071905,3291.900338
1779071905,2675.819092
1779071905,2984.347878
1779071905,2984.756135
1779071905,2984.406350
1779071905,2985.376980
1779071905,2985.707383
1779071905,2986.780286
1779071905,2986.791421
1779071905,2986.965571
1779071905,2984.849931
1779071905,2981.915368
1779071905,3289.926757
1779071905,2980.840308
1779071905,3289.295493
1779071905,2981.587573
1779071905,2981.861221
1779071905,3289.151813
1779071905,2981.979788
1779071905,2982.160441
1779071905,2981.835789
1779071905,2982.725945
1779071905,2982.326556
1779071905,2980.472585
1779071905,2982.441267
1779071905,2980.500396
1779071905,2982.396982
1779071905,2980.475118
1779071905,2981.456225
1779071905,2981.891427
1779071905,2983.267435
1779071905,2986.079160
1779071905,2986.737014
1779071905,2983.893146
1779071905,2984.081421
1779071905,2675.841163
1779071905,2675.774049
1779071905,3907.406972
1779071905,2984.631237
1779071905,2676.213796
1779071905,3291.052045
1779071905,3291.159199
1779071905,3907.877840
1779071905,3291.389135
1779071905,3291.363901
1779071905,3291.391020
1779071905,3291.271370
1779071905,3596.237815
1779071905,3908.282033
1779071905,2674.952240
1779071905,3291.771694
1779071905,3291.925032
1779071905,3292.368212
1779071905,2984.661179
1779071905,2984.632409
1779071905,2985.064745
1779071905,2985.674303
1779071905,2986.708609
1779071905,2986.753605
1779071905,2986.804497
1779071905,2986.190774
1779071905,2981.972790
1779071905,2982.079466
1779071905,2982.192515
1779071905,2981.388649
1779071905,2673.147335
1779071905,3290.150923
1779071905,2982.053762
1779071905,2982.078329
1779071905,3598.576173
1779071905,2981.527509
1779071905,2981.688105
1779071905,2982.204530
1779071905,2980.917523
1779071905,2982.658168
1779071905,2981.180865
1779071905,2982.620406
1779071905,2980.466225
1779071905,2981.282606
1779071905,2981.866908
1779071905,2983.565098
1779071905,2986.206875
1779071905,2986.855398
1779071905,3291.645985
1779071905,3291.790718
1779071905,2984.082024
1779071905,3897.446417
1779071905,2675.616396
1779071905,3290.860158
1779071905,2675.819913
1779071905,3599.584759
1779071905,3899.171336
1779071905,2676.226285
1779071905,2676.154509
1779071905,3896.701084
1779071905,2983.369166
1779071905,2983.944724
1779071905,2983.518720
1779071905,2675.443156
1779071905,2983.991133
1779071905,2983.727051
1779071905,2984.002455
1779071905,2983.990786
1779071905,3294.053379
1779071905,2984.008019
1779071905,3293.431949
1779071905,2985.361680
1779071905,3294.224522
1779071905,2986.774102
1779071905,2986.673215
1779071905,2986.296184
1779071905,2980.383632
1779071905,3289.918834
1779071905,2982.131890
1779071905,2982.098969
1779071905,2981.327619
1779071905,3289.722959
1779071905,2981.875251
1779071905,2981.906757
1779071905,3289.881196
1779071905,3290.466590
1779071905,2981.756527
1779071905,2982.146799
1779071905,3598.333282
1779071905,2981.360846
1779071905,2981.166446
1779071905,2982.637297
1779071905,2980.585234
1779071905,2980.322926
1779071905,2980.964814
1779071905,2983.714616
1779071905,2986.614267
1779071905,2987.413994
1779071905,2984.126841
1779071905,2984.125507
1779071905,2984.072241
1779071905,2675.574437
1779071905,3290.612382
1779071905,2675.336973
1779071905,2675.584944
1779071905,2675.537734
1779071905,3292.432162
1779071905,2676.080920
1779071905,2984.686085
1779071905,2676.173045
1779071905,2983.054071
1779071905,2676.249168
1779071905,2675.247877
1779071905,2983.922783
1779071905,3599.449442
1779071905,2984.195965
1779071905,2675.710815
1779071905,2983.670371
1779071905,2675.697169
1779071905,2675.988291
1779071905,2984.687728
1779071905,2985.390932
1779071905,2985.634616
1779071905,2987.017290
1779071905,2987.635499
1779071905,2986.324131
1779071905,2981.581456
1779071905,2981.751529
1779071905,2981.928652
1779071905,2981.050830
1779071905,2981.261049
1779071905,2981.903764
1779071905,2981.952924
1779071905,2981.960204
1779071905,2982.010324
1779071905,2982.531412
1779071905,2981.737956
1779071905,2982.145846
1779071905,2982.279034
1779071905,2981.343941
1779071905,2981.087476
1779071905,2982.627137
1779071905,2980.590016
1779071905,2980.915721
1779071905,2981.663860
1779071905,2982.618116
1779071905,2986.262806
1779071905,2987.429383
1779071905,2675.664546
1779071905,2675.630192
1779071905,2983.355736
1779071905,2676.688150
1779071905,2676.614960
1779071905,2983.479083
1779071905,2676.774340
1779071905,2984.693432
1779071905,2677.005706
1779071905,2676.060907
1779071905,2675.984391
1779071905,2676.270126
1779071905,2984.144405
1779071905,2676.464800
1779071905,2984.074860
1779071905,2984.240964
1779071905,3600.258993
1779071905,2983.352493
1779071905,2675.577865
1779071905,2983.631701
1779071905,2983.803389
1779071905,2983.638077
1779071905,2984.371378
1779071905,2984.742767
1779071905,2984.854381
1779071905,2986.931649
1779071905,2987.708055
1779071905,2986.170247
1779071905,2981.803614
1779071905,2981.843639
1779071905,2981.881967
1779071905,3597.236132
1779071905,2980.887366
1779071905,2981.199347
1779071905,2981.615695
1779071905,2981.811856
1779071905,2673.810769
1779071905,2981.028648
1779071905,2980.006405
1779071905,2981.703988
1779071905,2981.802509
1779071905,2981.850743
1779071905,2981.117973
1779071905,2982.868600
1779071905,2980.743943
1779071905,2980.872410
1779071905,2980.560775
1779071905,2982.732482
1779071905,2986.545571
1779071905,2987.720783
1779071905,2984.654862
1779071905,3292.274343
1779071905,2676.151690
1779071905,2984.883249
1779071905,2676.004795
1779071905,2983.423741
1779071905,2984.956136
1779071905,2676.221389
1779071905,2676.413820
1779071905,2676.175211
1779071905,2676.216380
1779071905,2676.315624
1779071905,2676.806016
1779071905,2983.979327
1779071905,2676.632717
1779071905,2985.603425
1779071905,2984.254724
1779071905,2677.212616
1779071905,2677.156652
1779071905,2677.293704
1779071905,2984.354284
1779071905,2984.876945
1779071905,2984.623749
1779071905,2984.698510
1779071905,2984.945048
1779071905,2986.963341
1779071905,2986.296425
1779071905,2987.727233
1779071905,2981.710534
1779071905,2981.739421
1779071905,2981.768106
1779071905,2980.763619
1779071905,2980.956952
1779071905,2981.064036
1779071905,2981.788758
1779071905,2980.655464
1779071905,2673.778532
1779071905,2673.952304
1779071905,2982.021879
1779071905,2982.027783
1779071905,2980.452267
1779071905,2982.206025
1779071905,2980.766360
1779071905,2983.108382
1779071905,2980.695584
1779071905,2980.591931
1779071905,2980.500766
1779071905,2982.890455
1779071905,2986.765576
1779071905,2987.758269
1779071905,3292.506647
1779071905,3293.779877
1779071905,3292.647810
1779071905,2985.089819
1779071905,2677.368396
1779071905,2677.206900
1779071905,3601.808664
1779071905,2677.484706
1779071905,2676.099128
1779071905,2676.196368
1779071905,2676.160979
1779071905,2677.508056
1779071905,2677.669328
1779071905,2676.389752
1779071905,2678.191711
1779071905,2984.399510
1779071905,3292.755141
1779071905,2676.710856
1779071905,2677.245058
1779071905,2678.811916
1779071905,2985.105411
1779071905,3293.287264
1779071905,2984.688164
1779071905,2985.145747
1779071905,2984.845321
1779071905,2987.226720
1779071905,2986.321722
1779071905,2987.774232
1779071905,2981.701226
1779071905,2981.905584
1779071905,2980.706797
1779071905,2981.930764
1779071905,2980.947671
1779071905,2981.066194
1779071905,2981.431954
1779071905,2981.502672
1779071905,2673.993484
1779071905,2980.950592
1779071905,2982.101685
1779071905,2982.115229
1779071905,2982.078481
1779071905,2980.334308
1779071905,2980.791379
1779071905,2983.369964
1779071905,2980.697357
1779071905,2979.645162
1779071905,2980.663005
1779071905,2983.036399
1779071905,2986.942678
1779071905,2987.027757
1779071905,3907.913909
1779071905,2676.700811
1779071905,3293.415776
1779071905,3293.719499
1779071905,3600.294709
1779071905,3602.460304
1779071905,2677.135111
1779071905,2677.095334
1779071905,3292.718180
1779071905,2676.359731
1779071905,2676.465207
1779071905,2676.431829
1779071905,3294.373149
1779071905,2677.841540
1779071905,2985.444830
1779071905,2676.607650
1779071905,2676.875679
1779071905,2676.786083
1779071905,2678.207652
1779071905,2676.798998
1779071905,2984.733369
1779071905,2984.608471
1779071905,2985.027191
1779071905,2984.716606
1779071905,2985.230783
1779071905,2987.510968
1779071905,2986.166355
1779071905,2988.051996
1779071905,2980.473999
1779071905,2980.659922
1779071905,2980.918743
1779071905,2981.005299
1779071905,2980.951374
1779071905,2980.958723
1779071905,2981.022354
1779071905,3289.482674
1779071905,2982.118007
1779071905,2980.901827
1779071905,2981.993890
1779071905,2982.086170
1779071905,2982.115052
1779071905,2980.443917
1779071905,2980.719441
1779071905,2983.340926
1779071905,2980.758566
1779071905,2979.532467
1779071905,2980.526198
1779071905,2983.062508
1779071905,2986.747454
1779071905,2987.037027
1779071905,3601.957353
1779071905,3909.646156
1779071905,2676.554811
1779071905,2676.520735
1779071905,2676.788815
1779071905,2676.834564
1779071905,3292.763639
1779071905,3294.121950
1779071905,2985.322364
1779071905,3292.957773
1779071905,3293.092293
1779071905,2985.384836
1779071905,3293.279377
1779071905,2985.630524
1779071905,2677.358307
1779071905,2677.514181
1779071905,2677.491526
1779071905,2984.725887
1779071905,2677.420488
1779071905,2984.913475
1779071905,2677.691999
1779071905,2985.258548
1779071905,2678.060045
1779071905,2677.507357
1779071905,2985.549078
1779071905,2987.075733
1779071905,2987.763488
1779071905,2986.251071
1779071905,2980.737283
1779071905,2673.790089
1779071905,2980.899730
1779071905,2980.873845
1779071905,2673.873621
1779071905,2673.962416
1779071905,2981.109762
1779071905,3289.588907
1779071905,3289.037589
1779071905,2980.955930
1779071905,2979.722841
1779071905,2982.107150
1779071905,2982.116011
1779071905,2982.208414
1779071905,2980.551944
1779071905,2983.230925
1779071905,2980.605456
1779071905,2980.727009
1779071905,2980.580967
1779071905,2983.175682
1779071905,2987.059267
1779071905,2987.132727
1779071906,3293.411753
1779071906,2677.011741
1779071906,3600.968928
1779071906,2677.245405
1779071906,2677.591790
1779071906,2676.562832
1779071906,3601.474748
1779071906,2676.706001
1779071906,2676.629466
1779071906,2676.755352
1779071906,2676.619750
1779071906,2676.472570
1779071906,3293.278798
1779071906,2676.829227
1779071906,3602.354008
1779071906,2677.128153
1779071906,2985.282979
1779071906,2987.329935
1779071906,2986.174251
1779071906,2677.673543
1779071906,2985.724079
1779071906,2986.356573
1779071906,2985.218637
1779071906,2677.936515
1779071906,2986.490992
1779071906,2987.185956
1779071906,2987.967180
1779071906,2986.231199
1779071906,2981.117850
1779071906,2673.968370
1779071906,2981.244500
1779071906,2674.071417
1779071906,2981.215620
1779071906,3288.373779
1779071906,2981.555001
1779071906,2673.686544
1779071906,2675.015023
1779071906,2981.027697
1779071906,2981.242582
1779071906,2981.673262
1779071906,2982.144548
1779071906,2980.516264
1779071906,2674.218967
1779071906,2983.258973
1779071906,2981.459924
1779071906,2980.448168
1779071906,2980.572453
1779071906,2983.703641
1779071906,2986.508101
1779071906,2985.430670
1779071906,3293.513188
1779071906,2985.941419
1779071906,2678.276997
1779071906,3601.413068
1779071906,3293.610740
1779071906,2678.316395
1779071906,2677.644938
1779071906,2985.331141
1779071906,2677.607226
1779071906,2677.591834
1779071906,2677.854879
1779071906,2677.994695
1779071906,3293.376992
1779071906,2678.104024
1779071906,3293.659977
1779071906,2678.258311
1779071906,2985.847014
1779071906,2677.273833
1779071906,2678.301280
1779071906,2678.835891
1779071906,2678.980586
1779071906,2677.974113
1779071906,2986.652743
1779071906,2987.086640
1779071906,2987.439533
1779071906,2679.749250
1779071906,2988.069870
1779071906,2986.564856
1779071906,2981.205921
1779071906,2673.323715
1779071906,2673.325455
1779071906,2673.443007
1779071906,2673.418829
1779071906,2981.626388
1779071906,2980.805810
1779071906,2982.000128
1779071906,2981.013233
1779071906,2673.278549
1779071906,2982.519174
1779071906,2981.713327
1779071906,2980.598592
1779071906,2982.381463
1779071906,2980.436858
1779071906,2983.312447
1779071906,2980.539370
1779071906,2980.548782
1779071906,2980.757684
1779071906,2983.746656
1779071906,2985.414295
1779071906,2985.557571
1779071906,3600.374587
1779071906,2985.019319
1779071906,2677.483051
1779071906,2677.623120
1779071906,4217.590842
1779071906,2677.664145
1779071906,2677.844371
1779071906,2676.533783
1779071906,2678.165505
1779071906,2678.016554
1779071906,2678.073568
1779071906,2986.092916
1779071906,2678.116784
1779071906,2676.938002
1779071906,2986.517792
1779071906,2675.461488
1779071906,2677.348695
1779071906,2677.340808
1779071906,2985.971826
1779071906,2677.558563
1779071906,2677.502711
1779071906,2986.316524
1779071906,2987.096200
1779071906,3294.661018
1779071906,2987.882370
1779071906,2987.163998
1779071906,2986.297109
1779071906,2987.857309
1779071906,2980.092153
1779071906,2673.854250
1779071906,2673.993184
1779071906,2981.703758
1779071906,2981.672609
1779071906,2674.257038
1779071906,2674.121487
1779071906,2982.392526
1779071906,2982.424874
1779071906,2981.402535
1779071906,2673.743513
1779071906,2981.549966
1779071906,2981.957214
1779071906,2672.163001
1779071906,2980.258542
1779071906,2983.414933
1779071906,2980.478187
1779071906,2980.526504
1779071906,2980.746729
1779071906,2981.987008
1779071906,2985.542595
1779071906,2985.781552
1779071906,3292.501316
1779071906,3909.242820
1779071906,3292.707031
1779071906,3601.931805
1779071906,2985.795966
1779071906,3601.064284
1779071906,3601.314818
1779071906,2677.547477
1779071906,2677.793784
1779071906,2678.071307
1779071906,2677.910828
1779071906,2677.937493
1779071906,3295.797457
1779071906,3603.646393
1779071906,2986.032801
1779071906,2986.174792
1779071906,2986.416293
1779071906,2986.092002
1779071906,2986.390319
1779071906,2678.677719
1779071906,2986.422010
1779071906,2678.002448
1779071906,2987.074563
1779071906,2678.667295
1779071906,2987.704892
1779071906,2987.053527
1779071906,2987.530409
1779071906,2986.188948
1779071906,2981.683365
1779071906,2982.307375
1779071906,3289.658922
1779071906,2673.799065
1779071906,2981.586065
1779071906,3289.941936
1779071906,2981.871118
1779071906,2982.089056
1779071906,3289.255092
1779071906,2981.005313
1779071906,2981.265863
1779071906,2673.552508
1779071906,2980.340258
1779071906,2982.001912
1779071906,2980.356683
1779071906,2983.464622
1779071906,2980.509134
1779071906,2980.448534
1779071906,2980.770699
1779071906,2983.207417
1779071906,2985.140146
1779071906,2985.214732
1779071906,2986.393901
1779071906,2985.170876
1779071906,3910.886466
1779071906,2985.295288
1779071906,3601.847846
1779071906,3293.090806
1779071906,2676.535261
1779071906,3602.471693
1779071906,3293.600698
1779071906,3295.000213
1779071906,2678.093265
1779071906,3295.250089
1779071906,3602.842699
1779071906,2677.140560
1779071906,2677.192974
1779071906,2677.230817
1779071906,2677.506831
1779071906,2677.438438
1779071906,2985.802688
1779071906,2677.507278
1779071906,2677.314053
1779071906,3294.653772
1779071906,2986.716206
1779071906,3295.786344
1779071906,2987.507757
1779071906,2987.828400
1779071906,2986.224635
1779071906,2988.078581
1779071906,3289.005825
1779071906,3289.687590
1779071906,2981.609594
1779071906,3290.032963
1779071906,2981.960697
1779071906,3290.042347
1779071906,2981.904515
1779071906,3289.072273
1779071906,2982.246680
1779071906,2981.269197
1779071906,2981.427938
1779071906,2981.516839
1779071906,2981.550446
1779071906,2980.373704
1779071906,2980.161935
1779071906,2983.444651
1779071906,2980.453736
1779071906,2980.334630
1779071906,2981.011289
1779071906,2983.231892
1779071906,2985.483010
1779071906,2985.373524
1779071906,3293.752931
1779071906,3295.063281
1779071906,3295.118700
1779071906,3910.815217
1779071906,2677.408777
1779071906,3602.088577
1779071906,3294.211654
1779071906,3294.214379
1779071906,2986.316221
1779071906,2985.191954
1779071906,3909.990849
1779071906,2677.956253
1779071906,3602.937744
1779071906,2678.014836
1779071906,3601.997367
1779071906,3293.962230
1779071906,2985.801818
1779071906,3602.148686
1779071906,2987.187600
1779071906,2987.357958
1779071906,2677.447107
1779071906,2986.493366
1779071906,2986.975744
1779071906,2987.356591
1779071906,2987.490688
1779071906,2677.633033
1779071906,2988.434324
1779071906,2988.397038
1779071906,3596.978714
1779071906,3597.031104
1779071906,2672.227486
1779071906,3597.563366
1779071906,2981.029458
1779071906,3289.904575
1779071906,2982.316792
1779071906,2982.361544
1779071906,3289.027504
1779071906,2981.574852
1779071906,2673.127857
1779071906,2980.934930
1779071906,2981.541983
1779071906,3288.579676
1779071906,2980.156608
1779071906,2983.478622
1779071906,2981.491532
1779071906,2980.388119
1779071906,2981.056618
1779071906,2982.217720
1779071906,2985.385660
1779071906,2984.674404
1779071906,2986.054722
1779071906,2985.943231
1779071906,2986.108628
1779071906,2986.037622
1779071906,2678.768395
1779071906,2986.103530
1779071906,2677.603501
1779071906,2677.670418
1779071906,2677.758777
1779071906,2679.230703
1779071906,2679.154696
1779071906,2677.907562
1779071906,2986.700353
1779071906,2678.002586
1779071906,2678.214237
1779071906,2678.201624
1779071906,2678.025573
1779071906,2677.190036
1779071906,2677.191608
1779071906,3910.777824
1779071906,2986.560363
1779071906,2986.567049
1779071906,3295.293448
1779071906,2987.558768
1779071906,2986.771608
1779071906,2986.901704
1779071906,2986.479561
1779071906,2985.733969
1779071906,3596.841976
1779071906,2672.833420
1779071906,2981.427750
1779071906,2981.697468
1779071906,2673.770463
1779071906,2980.909010
1779071906,2980.950376
1779071906,2674.078386
1779071906,3594.943738
1779071906,2981.269195
1779071906,2981.635483
1779071906,2981.923901
1779071906,2981.305850
1779071906,2981.577527
1779071906,2674.156450
1779071906,2983.523270
1779071906,2981.432001
1779071906,2980.225646
1779071906,2981.032410
1779071906,2982.493394
1779071906,2984.575693
1779071906,2984.747819
1779071906,2986.609665
1779071906,2678.066456
1779071906,2987.741430
1779071906,2678.078973
1779071906,2678.086412
1779071906,2986.839575
1779071906,2678.242412
1779071906,2678.317683
1779071906,3295.341728
1779071906,2678.614371
1779071906,2678.850012
1779071906,2678.624573
1779071906,3602.834415
1779071906,3295.227137
1779071906,4219.791677
1779071906,2679.046312
1779071906,2679.370141
1779071906,2679.220771
1779071906,2679.328635
1779071906,2678.080441
1779071906,2677.977520
1779071906,2678.079300
1779071906,2985.886110
1779071906,2986.205596
1779071906,2986.183133
1779071906,2986.114745
1779071906,2985.697202
1779071906,2677.881870
1779071906,2980.849465
1779071906,2981.047934
1779071906,2981.353370
1779071906,2981.683750
1779071906,2982.036795
1779071906,2980.877900
1779071906,2980.943779
1779071906,2981.090923
1779071906,2981.233526
1779071906,2981.113139
1779071906,2981.390613
1779071906,2981.760980
1779071906,2981.137734
1779071906,2981.467248
1779071906,2980.239917
1779071906,2983.447676
1779071906,2981.143486
1779071906,2980.182533
1779071906,2981.154897
1779071906,2982.792886
1779071906,2985.099270
1779071906,2985.095410
1779071906,2677.956331
1779071906,2986.910670
1779071906,2987.096873
1779071906,2678.105637
1779071906,4527.400120
1779071906,2678.207260
1779071906,2678.119649
1779071906,2678.319672
1779071906,2678.441770
1779071906,2678.453549
1779071906,2678.442943
1779071906,2678.432959
1779071906,2678.764312
1779071906,2678.310607
1779071906,2678.681083
1779071906,2678.622648
1779071906,2678.672669
1779071906,2678.788608
1779071906,2678.916378
1779071906,2986.730855
1779071906,2679.033590
1779071906,2984.666955
1779071906,2679.369299
1779071906,2986.748648
1779071906,3295.763306
1779071906,2986.288168
1779071906,2985.784281
1779071906,2986.126630
1779071906,2980.809464
1779071906,2980.833006
1779071906,2981.269083
1779071906,2981.464976
1779071906,2981.880945
1779071906,2980.718057
1779071906,3289.260119
1779071906,2980.919321
1779071906,2673.896702
1779071906,3288.679640
1779071906,2981.255279
1779071906,2981.667301
1779071906,2981.844908
1779071906,2981.548462
1779071906,2674.036235
1779071906,2983.293097
1779071906,2981.051326
1779071906,2979.995580
1779071906,2982.187412
1779071906,2982.913684
1779071906,2985.181420
1779071906,2985.276866
1779071906,2986.709264
1779071906,2677.621726
1779071906,3294.878243
1779071906,3294.807877
1779071906,2987.575630
1779071906,4526.417427
1779071906,3602.824996
1779071906,2678.237153
1779071906,2678.308871
1779071906,2678.350037
1779071906,2678.348929
1779071906,2678.474967
1779071906,2986.978999
1779071906,2678.638537
1779071906,2678.846595
1779071906,3295.169591
1779071906,2678.938368
1779071906,2986.249462
1779071906,2677.950866
1779071906,2679.138190
1779071906,2678.137332
1779071906,2986.598403
1779071906,2985.117767
1779071906,2986.802265
1779071906,2985.648971
1779071906,2986.777286
1779071906,2985.680481
1779071906,2985.799449
1779071907,2980.940215
1779071907,3289.271322
1779071907,3289.244920
1779071907,3289.522465
1779071907,2980.148523
1779071907,2981.592129
1779071907,2981.717196
1779071907,2673.405498
1779071907,2980.865913
1779071907,2981.460575
1779071907,2981.228654
1779071907,2981.824625
1779071907,2981.974059
1779071907,3288.132982
1779071907,2980.791722
1779071907,2983.310133
1779071907,2980.998936
1779071907,2979.800105
1779071907,2982.112570
1779071907,2982.761065
1779071907,2985.418675
1779071907,2985.518970
1779071907,3294.577588
1779071907,3295.003164
1779071907,2677.759567
1779071907,2677.905345
1779071907,2678.078609
1779071907,4526.884067
1779071907,2678.191904
1779071907,2985.909334
1779071907,2678.412129
1779071907,3295.964501
1779071907,2677.342423
1779071907,2986.239128
1779071907,3911.622626
1779071907,2677.505325
1779071907,3294.109340
1779071907,3604.246795
1779071907,2677.540263
1779071907,3294.682217
1779071907,2678.063264
1779071907,2677.723237
1779071907,2677.894670
1779071907,2985.263498
1779071907,2987.028682
1779071907,2678.386619
1779071907,3293.329613
1779071907,2985.078394
1779071907,2678.767684
1779071907,2985.595025
1779071907,2980.575078
1779071907,2981.726532
1779071907,2980.779205
1779071907,2979.688553
1779071907,2981.092388
1779071907,2672.356095
1779071907,2981.296587
1779071907,2980.582789
1779071907,2980.610186
1779071907,2981.498064
1779071907,2981.539511
1779071907,2981.818112
1779071907,2981.901914
1779071907,2982.181058
1779071907,2980.822146
1779071907,2983.392730
1779071907,2980.974993
1779071907,2979.926752
1779071907,2982.436519
1779071907,2983.137390
1779071907,2985.444167
1779071907,2985.454214
1779071907,3294.707748
1779071907,2985.983569
1779071907,2986.016465
1779071907,2677.661088
1779071907,3295.316111
1779071907,2677.836573
1779071907,2678.231709
1779071907,4218.892756
1779071907,3294.354195
1779071907,2678.294371
1779071907,2678.351601
1779071907,3912.141403
1779071907,2678.330153
1779071907,2678.582899
1779071907,2678.509199
1779071907,3294.453585
1779071907,3294.932514
1779071907,3603.296280
1779071907,2677.658201
1779071907,2677.681838
1779071907,3294.842800
1779071907,2986.209118
1779071907,2987.675479
1779071907,2985.537735
1779071907,2986.580043
1779071907,2985.392100
1779071907,2677.381208
1779071907,2985.402922
1779071907,2980.699338
1779071907,2980.718533
1779071907,2980.768328
1779071907,2981.040144
1779071907,2980.894852
1779071907,2981.073071
1779071907,3288.549271
1779071907,2980.402752
1779071907,2980.418664
1779071907,2981.726167
1779071907,2981.727410
1779071907,2981.727790
1779071907,2981.792043
1779071907,3288.894456
1779071907,2980.753921
1779071907,2985.277818
1779071907,2987.970671
1779071907,2983.227025
1779071907,2982.108156
1779071907,2983.496980
1779071907,2984.523346
1779071907,2984.612196
1779071907,2985.703775
1779071907,2985.865392
1779071907,2985.946563
1779071907,2985.865738
1779071907,2985.964157
1779071907,3602.262867
1779071907,2678.213807
1779071907,2678.440410
1779071907,2677.560158
1779071907,2677.597801
1779071907,2678.778547
1779071907,2677.960946
1779071907,2677.980577
1779071907,2677.555473
1779071907,2985.636239
1779071907,2677.608791
1779071907,2678.091587
1779071907,2678.362460
1779071907,2986.266830
1779071907,2676.848615
1779071907,2678.639147
1779071907,2985.172889
1779071907,2985.881138
1779071907,2985.132051
1779071907,2679.588286
1779071907,3913.786958
1779071907,2680.616680
1779071907,2680.476676
1779071907,2980.825001
1779071907,2671.766905
1779071907,2980.215339
1779071907,2981.506008
1779071907,2980.513010
1779071907,2980.758844
1779071907,2980.835764
1779071907,2979.715253
1779071907,2981.210198
1779071907,2981.450296
1779071907,2980.731456
1779071907,2980.914085
1779071907,2981.497193
1779071907,2981.515659
1779071907,2673.862868
1779071907,2984.630422
1779071907,2982.886818
1779071907,2987.780470
1779071907,2983.056186
1779071907,2983.496940
1779071907,2983.522420
1779071907,2983.611542
1779071907,2678.546410
1779071907,2677.242644
1779071907,3602.399767
1779071907,2678.534757
1779071907,2678.657399
1779071907,2678.610415
1779071907,2677.637940
1779071907,2677.786202
1779071907,2677.903729
1779071907,2678.089211
1779071907,3295.830802
1779071907,3603.141849
1779071907,2678.088060
1779071907,2678.204721
1779071907,2678.264051
1779071907,2678.347985
1779071907,3294.948698
1779071907,3911.804584
1779071907,3295.300374
1779071907,2986.279049
1779071907,2986.471020
1779071907,2679.097227
1779071907,2985.545904
1779071907,2987.018704
1779071907,2680.043032
1779071907,2986.591706
1779071907,2986.055176
1779071907,2986.643038
1779071907,2980.661622
1779071907,2672.274918
1779071907,2979.797442
1779071907,3288.783416
1779071907,2980.565897
1779071907,2980.637520
1779071907,2980.425302
1779071907,2673.112866
1779071907,2980.934312
1779071907,2673.712752
1779071907,2980.154080
1779071907,2980.402408
1779071907,2980.587698
1779071907,2980.896832
1779071907,2980.748952
1779071907,2987.361976
1779071907,2983.028921
1779071907,2985.517316
1779071907,2983.076127
1779071907,2983.616384
1779071907,2982.499120
1779071907,2982.568740
1779071907,3602.891480
1779071907,3603.437503
1779071907,2677.366360
1779071907,2986.221249
1779071907,2986.170021
1779071907,2986.052904
1779071907,3602.422509
1779071907,2678.720986
1779071907,2677.912363
1779071907,2677.828749
1779071907,2679.161937
1779071907,3603.006322
1779071907,2677.969272
1779071907,2678.135932
1779071907,2986.719150
1779071907,2678.119740
1779071907,3604.847117
1779071907,2678.328540
1779071907,2678.412601
1779071907,2986.032826
1779071907,2677.784091
1779071907,2986.244629
1779071907,2678.069971
1779071907,2985.882671
1779071907,2987.014975
1779071907,2985.771670
1779071907,3293.989990
1779071907,2986.410085
1779071907,2671.956121
1779071907,2979.826533
1779071907,2672.383351
1779071907,2980.246054
1779071907,2980.790264
1779071907,2980.843179
1779071907,2673.357010
1779071907,2673.441200
1779071907,2672.634083
1779071907,2980.503503
1779071907,2980.957032
1779071907,2981.187425
1779071907,2673.685255
1779071907,2980.997322
1779071907,2981.731883
1779071907,2986.029302
1779071907,2985.235388
1779071907,2676.996431
1779071907,2675.812598
1779071907,2983.710961
1779071907,2982.196595
1779071907,2983.357097
1779071907,2986.300040
1779071907,2678.681013
1779071907,2678.588636
1779071907,3604.769745
1779071907,2987.082544
1779071907,2678.795249
1779071907,2677.475587
1779071907,2679.026952
1779071907,2676.568752
1779071907,3294.009537
1779071907,2676.635157
1779071907,2676.734512
1779071907,2677.821557
1779071907,3295.421931
1779071907,2679.334078
1779071907,3602.744306
1779071907,3294.723799
1779071907,2986.999914
1779071907,3294.774332
1779071907,2677.382844
1779071907,3911.756476
1779071907,2678.774751
1779071907,2986.632955
1779071907,2986.993923
1779071907,2986.551925
1779071907,3294.296840
1779071907,2986.509114
1779071907,2986.578558
1779071907,2671.403105
1779071907,3595.159001
1779071907,2979.929185
1779071907,2980.020414
1779071907,2980.747720
1779071907,2980.699246
1779071907,2980.875398
1779071907,2979.847342
1779071907,2981.434732
1779071907,2980.504130
1779071907,2981.067655
1779071907,2981.390957
1779071907,2981.014759
1779071907,3287.531528
1779071907,2981.913959
1779071907,2986.180831
1779071907,2985.050703
1779071907,2983.157568
1779071907,2676.867665
1779071907,2983.839810
1779071907,2982.347314
1779071907,2982.522069
1779071907,3911.447830
1779071907,2678.534341
1779071907,2677.057786
1779071907,2678.523750
1779071907,2678.435467
1779071907,2678.535229
1779071907,2678.564820
1779071907,3295.249891
1779071907,3294.281313
1779071907,2677.695987
1779071907,2986.865513
1779071907,2677.722559
1779071907,2677.845116
1779071907,2677.885013
1779071907,2678.040848
1779071907,3912.075371
1779071907,3294.850533
1779071907,2678.448803
1779071907,2986.561526
1779071907,2677.993961
1779071907,2986.676149
1779071907,2677.306056
1779071907,2987.005266
1779071907,2987.047254
1779071907,2985.922357
1779071907,2987.420839
1779071907,2986.730617
1779071907,2986.768474
1779071907,2979.350039
1779071907,3288.418620
1779071907,2979.958434
1779071907,3287.668203
1779071907,2980.821415
1779071907,2980.911206
1779071907,2672.041831
1779071907,2981.337079
1779071907,3288.853628
1779071907,2672.854993
1779071907,2981.212682
1779071907,2981.130223
1779071907,2981.215327
1779071907,2981.162627
1779071907,2981.930345
1779071907,2986.627077
1779071907,2985.147398
1779071907,2983.231387
1779071907,2983.312465
1779071907,2984.084605
1779071907,2983.809895
1779071907,2982.635481
1779071907,2985.336194
1779071907,3293.224981
1779071907,2676.658733
1779071907,2678.206086
1779071907,2678.272872
1779071907,2678.316679
1779071907,2678.452687
1779071907,3912.887270
1779071907,2678.623368
1779071907,2678.729774
1779071907,2986.439957
1779071907,2677.687593
1779071907,3911.810952
1779071907,3295.580296
1779071907,2677.841576
1779071907,2677.847280
1779071907,2679.183103
1779071907,3294.573626
1779071907,2678.210361
1779071907,2986.446499
1779071907,2988.688986
1779071907,2986.794727
1779071907,2986.708853
1779071907,2678.792698
1779071907,2986.295042
1779071907,2987.338369
1779071907,2986.857344
1779071907,2986.592566
1779071907,3287.139975
1779071907,2979.982326
1779071907,2980.290140
1779071907,3288.187409
1779071907,2979.917278
1779071907,3288.803336
1779071907,3288.912124
1779071907,3287.996664
1779071907,2980.652716
1779071907,2980.950453
1779071907,2980.898366
1779071907,2980.896262
1779071907,3289.681427
1779071907,2981.859197
1779071907,2981.246567
1779071907,2986.567269
1779071907,3291.240721
1779071907,2983.297982
1779071907,3291.395483
1779071907,2982.939980
1779071907,2983.898111
1779071907,2982.505308
1779071907,2986.282325
1779071907,3295.239711
1779071907,3295.651854
1779071907,4836.554212
1779071907,2985.783263
1779071907,3911.925007
1779071907,2678.394246
1779071907,2678.409142
1779071907,2678.404790
1779071907,2678.808600
1779071907,2678.609453
1779071907,2986.570604
1779071907,2677.758367
1779071907,5145.210196
1779071907,2677.654668
1779071907,2985.887969
1779071907,2677.958132
1779071907,2678.012664
1779071907,3295.220357
1779071907,3603.584377
1779071907,2987.506737
1779071907,2988.260024
1779071907,2988.325665
1779071907,2988.169852
1779071907,2988.497500
1779071907,2988.167589
1779071907,2988.751068
1779071907,2986.785501
1779071907,3287.116243
1779071907,2980.014096
1779071907,2980.170790
1779071907,2980.381170
1779071907,2979.897672
1779071907,2980.000633
1779071907,2980.132931
1779071907,2980.174709
1779071907,2980.621747
1779071907,2980.955882
1779071907,2981.115533
1779071907,2981.774431
1779071907,2982.003377
1779071907,2981.074966
1779071907,2982.163434
1779071907,2986.825242
1779071907,3290.006671
1779071907,2983.189835
1779071907,2983.185464
1779071907,2983.029217
1779071907,2983.958925
1779071907,2982.864290
1779071908,3601.088619
1779071908,2985.998526
1779071908,3602.711658
1779071908,4219.230726
1779071908,2985.371447
1779071908,2677.939288
1779071908,2677.993688
1779071908,2678.267545
1779071908,3911.178907
1779071908,3602.543001
1779071908,2984.635935
1779071908,2986.176067
1779071908,3602.584364
1779071908,2677.694689
1779071908,3295.385751
1779071908,2677.748339
1779071908,3295.281314
1779071908,2677.866957
1779071908,3295.808997
1779071908,2677.989516
1779071908,2986.876967
1779071908,2985.102416
1779071908,2986.580774
1779071908,2982.701490
1779071908,2678.682442
1779071908,2984.068372
1779071908,2986.107662
1779071908,2983.067794
1779071908,2979.620112
1779071908,2979.959079
1779071908,2980.115827
1779071908,2672.109068
1779071908,2979.912334
1779071908,3289.035084
1779071908,2980.408489
1779071908,2672.323914
1779071908,3288.292092
1779071908,2980.949868
1779071908,2981.133430
1779071908,2981.087643
1779071908,2982.302329
1779071908,2981.696817
1779071908,2981.613061
1779071908,2982.856339
1779071908,2986.873491
1779071908,2984.911309
1779071908,2983.292410
1779071908,2982.969426
1779071908,2983.735863
1779071908,2982.756797
1779071908,2985.755457
1779071908,3910.966691
1779071908,3293.740098
1779071908,3295.138467
1779071908,4220.368588
1779071908,2986.116874
1779071908,2677.548865
1779071908,2984.368891
1779071908,4219.490788
1779071908,2677.850247
1779071908,2985.536426
1779071908,3296.086883
1779071908,2678.071789
1779071908,2985.939270
1779071908,2678.297612
1779071908,2678.445953
1779071908,3295.203579
1779071908,2677.286167
1779071908,2678.826421
1779071908,3602.914550
1779071908,2985.528558
1779071908,2982.417811
1779071908,2986.890211
1779071908,2985.952156
1779071908,2678.663319
1779071908,2983.476511
1779071908,2677.949207
1779071908,2982.912883
1779071908,2979.579370
1779071908,2979.708826
1779071908,2979.920674
1779071908,2979.976415
1779071908,2979.801859
1779071908,2978.975562
1779071908,2979.842389
1779071908,2980.359796
1779071908,2980.506025
1779071908,2980.469612
1779071908,2981.091319
1779071908,2981.070783
1779071908,2982.257776
1779071908,2981.858091
1779071908,2981.792409
1779071908,2986.537911
1779071908,2983.380410
1779071908,2984.693995
1779071908,2983.421749
1779071908,2982.656492
1779071908,2983.868074
1779071908,2982.820623
1779071908,2985.890237
1779071908,2985.939307
1779071908,2986.042407
1779071908,2677.020922
1779071908,2985.972181
1779071908,2677.427456
1779071908,2677.303138
1779071908,5144.935247
1779071908,2677.300488
1779071908,2677.369348
1779071908,3602.742188
1779071908,4219.047833
1779071908,3294.403507
1779071908,3292.868033
1779071908,2678.219396
1779071908,3295.068205
1779071908,2678.520312
1779071908,2986.081662
1779071908,2678.488688
1779071908,2986.260230
1779071908,2677.339730
1779071908,2985.796093
1779071908,2985.366848
1779071908,2983.891681
1779071908,2985.776032
1779071908,2982.563865
1779071908,2983.342639
1779071908,2985.304117
1779071908,2979.938211
1779071908,2979.979323
1779071908,2980.110977
1779071908,2979.049287
1779071908,2979.932814
1779071908,2979.994488
1779071908,2980.113489
1779071908,2980.571747
1779071908,2980.744987
1779071908,2979.584807
1779071908,2981.255094
1779071908,2981.310210
1779071908,2982.470787
1779071908,2981.933428
1779071908,2982.059724
1779071908,2986.601013
1779071908,2984.558721
1779071908,2983.072985
1779071908,2983.692137
1779071908,2982.584971
1779071908,2983.789363
1779071908,2982.641168
1779071908,2986.011984
1779071908,2677.113398
1779071908,2986.086806
1779071908,2677.152799
1779071908,2676.923453
1779071908,2986.231048
1779071908,2677.295776
1779071908,5452.511126
1779071908,2677.426504
1779071908,2985.407423
1779071908,2677.453710
1779071908,2985.501313
1779071908,2986.645265
1779071908,3294.194516
1779071908,2985.336777
1779071908,2677.856670
1779071908,2678.098852
1779071908,2985.503777
1779071908,2986.175162
1779071908,2985.756598
1779071908,2677.304732
1779071908,3294.831990
1779071908,3291.863885
1779071908,2983.336086
1779071908,2982.017232
1779071908,2985.018587
1779071908,2983.996846
1779071908,2985.894135
1779071908,2979.932148
1779071908,3288.113940
1779071908,2978.832587
1779071908,2980.151860
1779071908,2979.668391
1779071908,3287.972737
1779071908,2979.936202
1779071908,2980.238823
1779071908,2980.333533
1779071908,2979.752919
1779071908,2981.742231
1779071908,2981.364375
1779071908,2982.488715
1779071908,2982.088831
1779071908,2982.215777
1779071908,2986.703512
1779071908,2984.673232
1779071908,2983.405200
1779071908,2983.388929
1779071908,2981.575875
1779071908,2982.589031
1779071908,2982.758458
1779071908,2985.372287
1779071908,2677.043418
1779071908,2677.313611
1779071908,2677.300883
1779071908,2677.391013
1779071908,2677.369186
1779071908,2677.452240
1779071908,2986.150693
1779071908,2677.851985
1779071908,3910.716374
1779071908,2677.712357
1779071908,2677.971768
1779071908,2986.743279
1779071908,2676.941116
1779071908,3293.495762
1779071908,2985.645060
1779071908,2987.073653
1779071908,2677.048548
1779071908,2985.882622
1779071908,2677.332130
1779071908,2986.087967
1779071908,2677.501377
1779071908,2985.356700
1779071908,2985.724223
1779071908,2983.788386
1779071908,2983.420727
1779071908,3293.799803
1779071908,2982.463295
1779071908,2979.805932
1779071908,2979.812227
1779071908,2979.929690
1779071908,2980.068330
1779071908,2979.436795
1779071908,2672.653603
1779071908,2979.796506
1779071908,2979.668529
1779071908,2980.324102
1779071908,2980.382092
1779071908,2982.148916
1779071908,2981.915180
1779071908,2982.831032
1779071908,2982.348963
1779071908,2982.430287
1779071908,2986.812587
1779071908,2678.576756
1779071908,2985.661391
1779071908,2983.398168
1779071908,2981.573331
1779071908,2983.489545
1779071908,2982.463989
1779071908,2985.506014
1779071908,3294.380048
1779071908,3602.557725
1779071908,2676.474171
1779071908,4837.091479
1779071908,2676.435605
1779071908,4835.876880
1779071908,2986.056687
1779071908,2676.724486
1779071908,2676.714210
1779071908,3294.177266
1779071908,2986.543883
1779071908,2986.457942
1779071908,3293.545961
1779071908,2986.653035
1779071908,2986.997794
1779071908,3293.916943
1779071908,2985.715842
1779071908,2986.931296
1779071908,2677.719807
1779071908,2986.025184
1779071908,2986.049450
1779071908,2985.981518
1779071908,2983.989529
1779071908,2986.227017
1779071908,2982.427360
1779071908,2986.236495
1779071908,2982.702553
1779071908,2980.128937
1779071908,2980.092748
1779071908,2980.169278
1779071908,2979.146768
1779071908,2979.725659
1779071908,2672.617017
1779071908,2980.115272
1779071908,2979.376480
1779071908,2980.592717
1779071908,2980.589213
1779071908,2981.721557
1779071908,2982.281487
1779071908,2983.145459
1779071908,2982.574747
1779071908,2982.336975
1779071908,2983.103672
1779071908,2986.929998
1779071908,2984.823845
1779071908,2983.401425
1779071908,2982.811642
1779071908,2983.405696
1779071908,2982.564444
1779071908,2676.999947
1779071908,2985.586527
1779071908,4527.444084
1779071908,2985.787730
1779071908,2677.079022
1779071908,3293.601588
1779071908,2986.037734
1779071908,2676.160684
1779071908,2677.558220
1779071908,2676.398831
1779071908,3911.107909
1779071908,2676.702067
1779071908,2986.674447
1779071908,2676.768746
1779071908,2986.993561
1779071908,2985.690231
1779071908,2678.629887
1779071908,2677.247825
1779071908,2677.646753
1779071908,2983.723245
1779071908,2678.420758
1779071908,2987.002188
1779071908,2678.415847
1779071908,2983.268468
1779071908,2988.420915
1779071908,2987.958539
1779071908,2988.301018
1779071908,2985.335852
1779071908,2671.873392
1779071908,2980.055825
1779071908,2980.053594
1779071908,2672.134775
1779071908,2672.445543
1779071908,2979.598910
1779071908,2980.122891
1779071908,2980.267797
1779071908,2980.350517
1779071908,2981.904042
1779071908,2981.886103
1779071908,2982.555007
1779071908,2983.458426
1779071908,2983.471393
1779071908,2983.043844
1779071908,2984.769237
1779071908,2986.997601
1779071908,2983.411339
1779071908,2983.561321
1779071908,2982.968623
1779071908,2983.299289
1779071908,2982.548111
1779071908,3294.791330
1779071908,3294.918633
1779071908,2677.407873
1779071908,2677.270262
1779071908,2677.435222
1779071908,4220.223923
1779071908,2677.402909
1779071908,2677.371264
1779071908,2676.344603
1779071908,2986.566828
1779071908,3602.798172
1779071908,2985.418644
1779071908,2676.644864
1779071908,3294.386416
1779071908,3294.598571
1779071908,2985.951608
1779071908,2985.939058
1779071908,2987.321736
1779071908,2986.303324
1779071908,2986.392838
1779071908,2986.766885
1779071908,3601.188630
1779071908,2678.330535
1779071908,2986.678036
1779071908,2984.344542
1779071908,2987.706378
1779071908,2986.321857
1779071908,2985.635508
1779071908,2670.967253
1779071908,2670.930389
1779071908,2671.814067
1779071908,2979.461450
1779071908,2672.355790
1779071908,2672.501229
1779071908,2980.246248
1779071908,2673.104000
1779071908,2672.095410
1779071908,2672.290196
1779071908,2981.716515
1779071908,2982.653067
1779071908,2983.656432
1779071908,2675.198270
1779071908,2983.247804
1779071908,2677.307464
1779071908,2984.077343
1779071908,3291.576666
1779071908,2983.496492
1779071908,2983.107299
1779071908,2982.647523
1779071908,2982.702404
1779071908,2985.116235
1779071908,2985.189168
1779071908,3602.469363
1779071908,3294.888612
1779071908,2985.366621
1779071908,2985.404850
1779071908,2985.519174
1779071908,2677.491333
1779071908,2985.754649
1779071908,2676.427701
1779071908,2677.898269
1779071908,2677.860560
1779071908,3295.662504
1779071908,3295.861391
1779071908,2985.938731
1779071908,2986.435948
1779071908,2986.078307
1779071908,2985.583544
1779071908,2677.136071
1779071908,2985.923311
1779071908,2985.981049
1779071908,2986.792948
1779071908,2986.398081
1779071908,2986.791077
1779071908,2987.821633
1779071908,2984.354339
1779071908,2986.136586
1779071908,2985.171143
1779071908,2979.657669
1779071908,2979.630453
1779071908,2980.057633
1779071908,2980.672347
1779071908,2979.475546
1779071908,3288.173029
1779071908,2672.199919
1779071908,2980.353502
1779071908,2980.405651
1779071908,2980.593134
1779071908,2981.600193
1779071908,2982.788170
1779071908,2983.838700
1779071908,2983.764933
1779071908,2983.337273
1779071908,2983.693385
1779071908,2985.468832
1779071908,2984.059407
1779071908,2983.478687
1779071908,2983.027376
1779071908,2982.462027
1779071908,2982.534593
1779071908,2676.023312
1779071908,2986.003829
1779071908,2677.689466
1779071908,2677.634701
1779071908,2986.235715
1779071908,2677.824061
1779071908,3604.051530
1779071908,2677.243220
1779071908,2678.529401
1779071908,2677.256240
1779071908,3295.857950
1779071908,2677.285185
1779071908,2678.640626
1779071908,2677.481229
1779071908,2678.776736
1779071908,2986.567124
1779071908,3295.310845
1779071908,3603.269403
1779071908,3296.714158
1779071908,2986.650898
1779071908,2986.617954
1779071908,2986.986480
1779071908,2987.041476
1779071908,2986.439829
1779071908,2988.336712
1779071908,2984.578940
1779071908,2986.236942
1779071908,2985.996289
1779071908,3287.567750
1779071908,2979.573386
1779071908,2979.629056
1779071908,3288.227729
1779071908,2980.545995
1779071908,2980.589834
1779071908,3287.813698
1779071908,2980.207124
1779071908,2980.355114
1779071908,2980.806423
1779071908,2981.748928
1779071908,2982.951946
1779071908,2982.949237
1779071908,2983.102820
1779071908,2983.638016
1779071908,2983.765444
1779071908,2985.706731
1779071908,2983.239126
1779071908,2982.458869
1779071908,2983.096284
1779071908,2982.595637
1779071908,2982.569486
1779071909,2678.220457
1779071909,2678.198100
1779071909,3604.487486
1779071909,2678.337086
1779071909,2678.236213
1779071909,2678.406018
1779071909,2678.348907
1779071909,3295.728118
1779071909,2677.370996
1779071909,2985.950219
1779071909,2677.410773
1779071909,2677.388427
1779071909,4529.141253
1779071909,2677.404095
1779071909,2677.606245
1779071909,2986.458759
1779071909,2986.313780
1779071909,2986.452718
1779071909,2986.315969
1779071909,2677.706386
1779071909,2986.584743
1779071909,2678.027583
1779071909,3295.799877
1779071909,2986.648174
1779071909,2987.790951
1779071909,2986.155382
1779071909,2985.673525
1779071909,2985.917038
1779071909,3286.873311
1779071909,3594.139165
1779071909,3287.513853
1779071909,3287.718429
1779071909,3288.787889
1779071909,2980.481931
1779071909,3288.870741
1779071909,3288.272400
1779071909,3288.468058
1779071909,2980.358583
1779071909,2981.513365
1779071909,2983.014593
1779071909,3291.571209
1779071909,2983.301269
1779071909,2984.020069
1779071909,2983.754107
1779071909,3292.413430
1779071909,2983.419279
1779071909,2982.525415
1779071909,2983.292447
1779071909,2982.230572
1779071909,2982.365395
1779071909,3293.898818
1779071909,2678.629467
1779071909,2677.749526
1779071909,2678.797272
1779071909,2678.792125
1779071909,2678.855428
1779071909,2677.928928
1779071909,2676.757870
1779071909,2986.978333
1779071909,2678.353270
1779071909,2677.138703
1779071909,2677.088974
1779071909,2987.219083
1779071909,2677.284722
1779071909,2677.430582
1779071909,2985.900728
1779071909,2986.160996
1779071909,2986.036817
1779071909,2985.967595
1779071909,2677.589394
1779071909,2985.476537
1779071909,2986.199526
1779071909,2986.716987
1779071909,3295.668824
1779071909,2987.640145
1779071909,2986.086555
1779071909,2985.652717
1779071909,2985.750118
1779071909,2978.232742
1779071909,2978.315764
1779071909,2978.778732
1779071909,3286.371838
1779071909,2979.973276
1779071909,2980.027820
1779071909,2980.112353
1779071909,2979.506665
1779071909,2979.766631
1779071909,2672.232431
1779071909,2982.216326
1779071909,2984.001165
1779071909,2983.195267
1779071909,2983.340442
1779071909,2984.395600
1779071909,2985.642291
1779071909,2985.408292
1779071909,2984.382667
1779071909,2982.697393
1779071909,2982.150514
1779071909,2982.419136
1779071909,2982.583074
1779071909,3294.694639
1779071909,3912.743371
1779071909,5145.819965
1779071909,4838.389998
1779071909,2678.060839
1779071909,2678.160012
1779071909,2678.108658
1779071909,2677.069148
1779071909,2677.266422
1779071909,3604.685596
1779071909,3604.687242
1779071909,2677.358327
1779071909,2677.483838
1779071909,2677.629009
1779071909,3294.890489
1779071909,2677.725668
1779071909,2677.740548
1779071909,3912.926159
1779071909,2677.870724
1779071909,2677.908131
1779071909,2678.092098
1779071909,2678.098818
1779071909,2677.387147
1779071909,2985.830510
1779071909,2985.467866
1779071909,2678.165380
1779071909,2986.253585
1779071909,2985.775131
1779071909,2978.575371
1779071909,2978.549617
1779071909,2979.002230
1779071909,2979.045520
1779071909,2980.183676
1779071909,2980.333555
1779071909,2979.200161
1779071909,2979.781192
1779071909,2980.110867
1779071909,2672.380397
1779071909,2982.666177
1779071909,2983.402137
1779071909,2983.450612
1779071909,2983.470296
1779071909,2984.091344
1779071909,2984.771097
1779071909,2984.665233
1779071909,2984.360843
1779071909,2982.733648
1779071909,2982.222273
1779071909,2982.276176
1779071909,2983.412990
1779071909,3912.650963
1779071909,2986.303715
1779071909,2677.914893
1779071909,3293.905600
1779071909,2985.231647
1779071909,2678.133171
1779071909,3293.899897
1779071909,2677.095050
1779071909,2677.066426
1779071909,3294.557585
1779071909,2677.207486
1779071909,2677.346921
1779071909,2677.682599
1779071909,2986.037904
1779071909,2679.045651
1779071909,3294.912485
1779071909,2677.862005
1779071909,2678.062504
1779071909,3295.157727
1779071909,2986.490111
1779071909,2678.196102
1779071909,2678.029324
1779071909,2986.888852
1779071909,2986.042366
1779071909,2985.564698
1779071909,2986.216041
1779071909,2985.787599
1779071909,2985.972186
1779071909,2977.654166
1779071909,2977.705353
1779071909,2978.123215
1779071909,2978.216297
1779071909,2979.307023
1779071909,2979.357391
1779071909,2979.677778
1779071909,2979.963492
1779071909,2979.537502
1779071909,2979.646392
1779071909,2980.844971
1779071909,2984.015308
1779071909,2984.068945
1779071909,2984.063015
1779071909,2984.306355
1779071909,2984.774293
1779071909,2983.284342
1779071909,2984.715614
1779071909,2982.845431
1779071909,2983.585371
1779071909,2982.598391
1779071909,2983.642702
1779071909,2677.131738
1779071909,3294.621961
1779071909,3294.792094
1779071909,3294.955628
1779071909,3294.877430
1779071909,3295.133403
1779071909,2677.821012
1779071909,3295.149499
1779071909,4220.587392
1779071909,2678.564322
1779071909,3603.543384
1779071909,3294.273450
1779071909,2677.752154
1779071909,2677.818705
1779071909,2677.776229
1779071909,2677.920751
1779071909,2677.926227
1779071909,2986.097360
1779071909,2986.205603
1779071909,2986.441510
1779071909,2678.458510
1779071909,2678.457573
1779071909,2678.605529
1779071909,2677.433968
1779071909,2985.511190
1779071909,2986.285658
1779071909,2985.695495
1779071909,2986.242837
1779071909,2978.552074
1779071909,2978.600021
1779071909,2977.982882
1779071909,2978.017009
1779071909,2979.027107
1779071909,2979.029238
1779071909,2979.382613
1779071909,2979.586564
1779071909,3287.984309
1779071909,2980.398962
1779071909,2981.755930
1779071909,2983.378626
1779071909,2984.963422
1779071909,2984.467561
1779071909,2984.266793
1779071909,2984.894523
1779071909,2984.585657
1779071909,2983.981296
1779071909,2982.806784
1779071909,2983.294429
1779071909,2981.585417
1779071909,2982.677701
1779071909,2986.005171
1779071909,3912.060319
1779071909,2675.692094
1779071909,3603.499089
1779071909,2985.101093
1779071909,2677.388460
1779071909,2677.663643
1779071909,3294.310389
1779071909,2678.020652
1779071909,2987.062256
1779071909,2987.141778
1779071909,2678.486852
1779071909,3294.881962
1779071909,2986.047117
1779071909,2677.310618
1779071909,2677.081411
1779071909,2677.356060
1779071909,2677.225718
1779071909,2677.487863
1779071909,3295.414617
1779071909,3294.771761
1779071909,2677.830922
1779071909,3294.430065
1779071909,2986.824783
1779071909,2985.541975
1779071909,3293.480130
1779071909,2985.689148
1779071909,2986.307008
1779071909,2977.594497
1779071909,2978.713970
1779071909,2978.212433
1779071909,2978.271144
1779071909,2979.171165
1779071909,2979.284834
1779071909,2979.536462
1779071909,3287.677292
1779071909,2980.502368
1779071909,2671.999993
1779071909,2981.015312
1779071909,2983.494349
1779071909,2983.484029
1779071909,2983.497104
1779071909,2984.639330
1779071909,2984.840524
1779071909,2984.534041
1779071909,2983.897720
1779071909,2982.992530
1779071909,2983.313848
1779071909,2982.583270
1779071909,2982.863603
1779071909,2675.980460
1779071909,3603.644189
1779071909,2676.020853
1779071909,2986.314140
1779071909,2986.257988
1779071909,4221.321248
1779071909,2676.545347
1779071909,2676.731347
1779071909,2676.933211
1779071909,2677.063076
1779071909,4838.614162
1779071909,3603.227243
1779071909,3293.345018
1779071909,2986.050672
1779071909,3603.075337
1779071909,2677.151452
1779071909,2677.403354
1779071909,3294.800138
1779071909,2677.348003
1779071909,2985.233408
1779071909,3294.996610
1779071909,2986.481769
1779071909,2677.757633
1779071909,2677.743660
1779071909,2985.586693
1779071909,2985.716217
1779071909,2985.504020
1779071909,2986.358005
1779071909,2978.671010
1779071909,2978.736102
1779071909,2978.046564
1779071909,2979.249064
1779071909,2979.133158
1779071909,2979.171026
1779071909,2979.611932
1779071909,2671.349578
1779071909,2980.218574
1779071909,2980.329481
1779071909,2981.873332
1779071909,2983.508274
1779071909,2983.364748
1779071909,2984.106512
1779071909,2984.731140
1779071909,2984.815276
1779071909,2984.497384
1779071909,2983.866116
1779071909,2982.874689
1779071909,2983.439610
1779071909,2982.617764
1779071909,2983.596080
1779071909,2986.290184
1779071909,2677.589520
1779071909,2986.345403
1779071909,2986.480352
1779071909,3602.119009
1779071909,2986.512603
1779071909,2677.677258
1779071909,2676.892511
1779071909,2676.741979
1779071909,2676.820053
1779071909,2676.945930
1779071909,3602.807746
1779071909,2677.072010
1779071909,3294.603879
1779071909,2677.293774
1779071909,2985.457719
1779071909,2986.620098
1779071909,2984.620891
1779071909,2677.664636
1779071909,2677.967119
1779071909,2679.285247
1779071909,2678.169686
1779071909,2985.574394
1779071909,2986.431098
1779071909,3606.744908
1779071909,2986.591591
1779071909,2679.228253
1779071909,3296.732031
1779071909,2978.453062
1779071909,2978.666736
1779071909,2978.935744
1779071909,2978.950978
1779071909,2978.912166
1779071909,2978.981267
1779071909,2979.374206
1779071909,2979.480771
1779071909,2980.160558
1779071909,2980.154202
1779071909,2981.849537
1779071909,2983.714543
1779071909,2984.109867
1779071909,2983.831501
1779071909,2984.810332
1779071909,2984.644850
1779071909,2984.380941
1779071909,2983.786187
1779071909,2982.919218
1779071909,2983.308562
1779071909,2982.577127
1779071909,2983.404595
1779071909,2676.200176
1779071909,2986.158498
1779071909,3294.016351
1779071909,2677.822953
1779071909,2676.901739
1779071909,2678.103558
1779071909,2676.934989
1779071909,2676.966869
1779071909,2677.161500
1779071909,3603.616339
1779071909,3293.977431
1779071909,2986.532398
1779071909,2677.834187
1779071909,2986.503728
1779071909,2679.464224
1779071909,2985.697168
1779071909,2988.713901
1779071909,2679.214840
1779071909,2986.625908
1779071909,2986.515890
1779071909,2986.951571
1779071909,2680.128474
1779071909,2680.954109
1779071909,2681.620066
1779071909,2991.040630
1779071909,2683.013382
1779071909,2685.017233
1779071909,2991.016676
1779071909,2978.293251
1779071909,2670.522841
1779071909,2978.802677
1779071909,2978.775783
1779071909,2978.789821
1779071909,2978.825700
1779071909,2979.312858
1779071909,2979.306259
1779071909,3288.268221
1779071909,2980.219925
1779071909,2981.553616
1779071909,2983.858099
1779071909,2984.383075
1779071909,2984.121392
1779071909,2984.659034
1779071909,2984.588351
1779071909,2984.546515
1779071909,2983.945781
1779071909,2982.857524
1779071909,2981.431461
1779071909,2981.770403
1779071909,2982.465672
1779071909,2677.481372
1779071909,2985.564482
1779071909,2677.473945
1779071909,3295.510377
1779071909,2985.625804
1779071909,2677.682701
1779071909,3912.116552
1779071909,2677.895761
1779071909,2678.101855
1779071909,2678.088155
1779071909,2986.070123
1779071909,2678.349525
1779071909,2678.441731
1779071909,2986.438797
1779071909,3295.519770
1779071909,2678.662913
1779071909,2679.356016
1779071909,2677.980510
1779071909,3296.489747
1779071909,3295.542028
1779071909,2679.256882
1779071909,2988.021570
1779071909,2989.250134
1779071909,2989.404900
1779071909,2990.188048
1779071909,2990.431993
1779071909,2990.641348
1779071909,2990.910698
1779071909,2977.452877
1779071909,2978.109461
1779071909,2670.842543
1779071909,2671.570018
1779071909,2979.772434
1779071909,2979.766385
1779071909,3287.793239
1779071909,2979.380127
1779071909,2980.151186
1779071909,2980.168593
1779071909,2981.543923
1779071909,2983.633133
1779071909,2984.081336
1779071909,2984.534033
1779071909,2984.831775
1779071909,2984.460939
1779071909,2984.610411
1779071909,2984.075560
1779071909,2982.816641
1779071909,2981.573193
1779071910,2982.806858
1779071910,2983.639099
1779071910,3602.531838
1779071910,2986.477689
1779071910,2986.551903
1779071910,2986.639332
1779071910,4220.924216
1779071910,3295.452086
1779071910,3602.922627
1779071910,2677.949105
1779071910,3296.202033
1779071910,2678.159234
1779071910,2985.818510
1779071910,3295.344340
1779071910,3603.534999
1779071910,2986.141905
1779071910,3294.274921
1779071910,3603.952580
1779071910,2678.843004
1779071910,3294.806023
1779071910,3296.720067
1779071910,3604.353082
1779071910,2988.036861
1779071910,2987.875322
1779071910,2988.528017
1779071910,2989.271841
1779071910,2990.048839
1779071910,2990.758716
1779071910,2990.473787
1779071910,2990.731030
1779071910,2977.786628
1779071910,2978.390934
1779071910,2978.538040
1779071910,2978.811845
1779071910,2979.931141
1779071910,2979.929768
1779071910,2979.413660
1779071910,2979.449933
1779071910,2979.543466
1779071910,2979.925135
1779071910,2981.145850
1779071910,2982.644050
1779071910,2983.580365
1779071910,2984.372147
1779071910,2984.885632
1779071910,2984.294216
1779071910,2983.535622
1779071910,2984.034813
1779071910,2982.983862
1779071910,2982.431286
1779071910,2981.666262
1779071910,2982.612107
1779071910,2678.460212
1779071910,3294.321760
1779071910,2678.570224
1779071910,2678.678556
1779071910,3295.911494
1779071910,2678.588354
1779071910,2678.719465
1779071910,2678.774529
1779071910,2677.415161
1779071910,3294.889617
1779071910,2677.509651
1779071910,2678.917338
1779071910,3912.579377
1779071910,2677.744382
1779071910,3296.484221
1779071910,2679.392040
1779071910,2988.322528
1779071910,4223.265189
1779071910,2987.000083
1779071910,2988.971936
1779071910,2987.624809
1779071910,2987.248954
1779071910,2988.192487
1779071910,2989.258428
1779071910,2990.114288
1779071910,2990.654338
1779071910,2990.930438
1779071910,2990.783766
1779071910,3285.587029
1779071910,2978.128801
1779071910,2978.345132
1779071910,2978.753967
1779071910,2979.839450
1779071910,2980.056030
1779071910,2980.387163
1779071910,2979.515780
1779071910,2979.555858
1779071910,2979.201225
1779071910,2981.085348
1779071910,2982.714954
1779071910,2983.623498
1779071910,2984.571173
1779071910,2984.847403
1779071910,2984.164169
1779071910,2983.721476
1779071910,2984.088770
1779071910,2982.426811
1779071910,2982.099165
1779071910,2983.211153
1779071910,2983.516521
1779071910,2985.962777
1779071910,2677.998566
1779071910,2986.828210
1779071910,3912.175104
1779071910,2678.723149
1779071910,5456.384267
1779071910,3294.869637
1779071910,2986.995279
1779071910,3294.813923
1779071910,2677.736339
1779071910,2985.857720
1779071910,2678.133258
1779071910,2678.185844
1779071910,2678.127600
1779071910,3604.242471
1779071910,2679.554732
1779071910,3912.638077
1779071910,3295.015647
1779071910,2678.490918
1779071910,2986.893887
1779071910,2987.115542
1779071910,2987.615347
1779071910,2987.743339
1779071910,2988.808799
1779071910,2989.146662
1779071910,2990.114948
1779071910,2990.946825
1779071910,2990.962244
1779071910,3285.365960
1779071910,3286.021219
1779071910,2670.915352
1779071910,2671.067933
1779071910,2979.365116
1779071910,2979.390884
1779071910,2979.868375
1779071910,2980.029376
1779071910,2979.927111
1779071910,2979.188802
1779071910,2981.346860
1779071910,2982.607888
1779071910,2983.660909
1779071910,2984.626910
1779071910,2984.621450
1779071910,2979.150548
1779071910,2979.696917
1779071910,2981.184583
1779071910,2981.596179
1779071910,2982.302498
1779071910,2984.100663
1779071910,2983.737934
1779071910,2986.454061
1779071910,2677.065023
1779071910,2986.515086
1779071910,2678.724692
1779071910,2678.862265
1779071910,2678.724573
1779071910,2678.806109
1779071910,2679.012926
1779071910,2677.765633
1779071910,2678.154820
1779071910,2678.119784
1779071910,2678.150714
1779071910,2678.149112
1779071910,2678.268589
1779071910,2986.300904
1779071910,2678.348693
1779071910,2986.658895
1779071910,2679.877396
1779071910,3295.684918
1779071910,2986.864630
1779071910,2986.569122
1779071910,2987.017769
1779071910,2679.784653
1779071910,2988.108219
1779071910,2988.291859
1779071910,2988.087280
1779071910,2989.619268
1779071910,2989.459456
1779071910,2977.979988
1779071910,2978.592139
1779071910,2671.091996
1779071910,2671.244883
1779071910,2979.211116
1779071910,2979.375928
1779071910,2979.827534
1779071910,2979.882033
1779071910,2980.023453
1779071910,2980.333286
1779071910,2981.855742
1779071910,2983.415324
1779071910,2984.046067
1779071910,2985.201680
1779071910,2984.869505
1779071910,2979.944559
1779071910,2979.595075
1779071910,2981.209439
1779071910,2672.943930
1779071910,2982.429877
1779071910,2985.045241
1779071910,2985.236853
1779071910,4220.428685
1779071910,4220.505519
1779071910,4220.188652
1779071910,2677.665659
1779071910,4220.853917
1779071910,4220.329651
1779071910,2987.398374
1779071910,2678.239883
1779071910,2678.422850
1779071910,2679.249725
1779071910,2678.522502
1779071910,2679.331488
1779071910,2986.568147
1779071910,2986.801147
1779071910,2678.865620
1779071910,2986.962625
1779071910,2987.080064
1779071910,2678.988751
1779071910,2987.083596
1779071910,2679.105868
1779071910,2987.485831
1779071910,2987.649750
1779071910,2987.935227
1779071910,2987.891159
1779071910,2988.578911
1779071910,2988.797907
1779071910,2988.789368
1779071910,2988.898015
1779071910,2978.239266
1779071910,2978.736587
1779071910,2978.942860
1779071910,2978.278847
1779071910,2979.602946
1779071910,2979.748062
1779071910,2980.235398
1779071910,2980.284005
1779071910,2979.550954
1779071910,2979.799740
1779071910,2982.111919
1779071910,2983.569693
1779071910,2984.888690
1779071910,2985.648274
1779071910,2984.878287
1779071910,2979.848994
1779071910,2979.601075
1779071910,2981.392187
1779071910,2981.387055
1779071910,2982.655950
1779071910,2985.252663
1779071910,2985.320267
1779071910,3295.252903
1779071910,3603.435376
1779071910,2985.991794
1779071910,2987.515283
1779071910,2679.034470
1779071910,3603.364132
1779071910,3912.364974
1779071910,2679.265136
1779071910,2678.374712
1779071910,2679.511929
1779071910,2678.417214
1779071910,2678.594720
1779071910,2988.166750
1779071910,2678.432038
1779071910,3604.297524
1779071910,2678.770340
1779071910,2987.428600
1779071910,2679.147868
1779071910,2987.406084
1779071910,2679.207905
1779071910,2679.148592
1779071910,2679.453021
1779071910,2988.228319
1779071910,2988.466232
1779071910,2988.246899
1779071910,2988.637357
1779071910,2680.577513
1779071910,2988.841031
1779071910,2977.837680
1779071910,3286.440235
1779071910,2670.590216
1779071910,2978.972358
1779071910,2979.281562
1779071910,2979.493366
1779071910,2980.102441
1779071910,2980.121565
1779071910,2980.073446
1779071910,2980.231787
1779071910,2982.020147
1779071910,2983.368854
1779071910,2984.574878
1779071910,2985.725393
1779071910,2984.622236
1779071910,2980.951030
1779071910,2979.355088
1779071910,2981.130162
1779071910,2981.273791
1779071910,2982.957866
1779071910,2985.757185
1779071910,2985.756282
1779071910,3294.938070
1779071910,3603.246595
1779071910,2987.494050
1779071910,3295.456868
1779071910,3295.700492
1779071910,3295.496136
1779071910,2678.912060
1779071910,2679.124512
1779071910,2679.190666
1779071910,2679.214072
1779071910,2678.142045
1779071910,2679.414588
1779071910,2678.070308
1779071910,3296.399254
1779071910,2678.353826
1779071910,2986.940146
1779071910,2987.133856
1779071910,2678.656897
1779071910,2678.621609
1779071910,2987.339863
1779071910,3295.738624
1779071910,2987.548284
1779071910,2987.784801
1779071910,2987.190987
1779071910,2987.778032
1779071910,2987.880073
1779071910,2988.457242
1779071910,2988.775813
1779071910,2979.047524
1779071910,3286.364298
1779071910,3286.772701
1779071910,2979.109484
1779071910,2979.473432
1779071910,2979.230576
1779071910,2979.546414
1779071910,2980.144620
1779071910,2980.313122
1779071910,2671.920608
1779071910,2981.999230
1779071910,2983.184840
1779071910,2984.105912
1779071910,2985.160759
1779071910,2984.518090
1779071910,2980.851496
1779071910,2979.297714
1779071910,3289.662116
1779071910,2981.169887
1779071910,2983.052066
1779071910,2986.094226
1779071910,2985.590076
1779071910,2986.883963
1779071910,2678.308670
1779071910,2987.067418
1779071910,3911.578553
1779071910,2987.350000
1779071910,2679.916257
1779071910,2678.934332
1779071910,2987.329050
1779071910,2985.831130
1779071910,2677.798796
1779071910,2679.240256
1779071910,2679.382828
1779071910,2679.508752
1779071910,2678.346906
1779071910,2987.264730
1779071910,2678.482002
1779071910,2678.445336
1779071910,2987.488527
1779071910,2986.635899
1779071910,2678.690392
1779071910,2678.877446
1779071910,2678.862135
1779071910,2987.022621
1779071910,2987.999955
1779071910,2988.467993
1779071910,2988.194137
1779071910,2988.331504
1779071910,2988.815987
1779071910,2979.057295
1779071910,2978.535946
1779071910,2978.827243
1779071910,2670.656246
1779071910,2979.341102
1779071910,2979.395026
1779071910,2979.473177
1779071910,2980.088215
1779071910,2979.865708
1779071910,2980.290048
1779071910,2982.096484
1779071910,2982.755212
1779071910,2984.057285
1779071910,2985.359590
1779071910,2984.750437
1779071910,2979.493617
1779071910,2980.076691
1779071910,2982.156100
1779071910,2982.239852
1779071910,2982.256117
1779071910,2985.591781
1779071910,2985.663239
1779071910,2678.957815
1779071910,2986.742293
1779071910,2986.794354
1779071910,2987.274816
1779071910,2678.424185
1779071910,2679.492012
1779071910,3603.810494
1779071910,2678.627478
1779071910,2987.614766
1779071910,3296.091528
1779071910,2678.789778
1779071910,3294.928166
1779071910,2679.017128
1779071910,2679.046601
1779071910,2679.136135
1779071910,3295.237231
1779071910,3296.791590
1779071910,3295.151916
1779071910,2678.372190
1779071910,2678.392681
1779071910,3295.444794
1779071910,2987.070843
1779071910,2680.070958
1779071910,2987.970880
1779071910,2987.706577
1779071910,3296.248684
1779071910,2988.068197
1779071910,2988.730962
1779071910,2978.808892
1779071910,2977.801892
1779071910,3593.239176
1779071910,2670.917417
1779071910,2979.108286
1779071910,2979.284281
1779071910,2979.278958
1779071910,2979.877490
1779071910,2980.015493
1779071910,2979.986215
1779071910,2982.039011
1779071910,2983.747568
1779071910,2984.107904
1779071910,2985.199016
1779071910,2675.936639
1779071910,2980.290503
1779071910,2979.934901
1779071910,2982.105310
1779071910,2982.269964
1779071910,2983.271099
1779071910,2985.960151
1779071910,2986.006657
1779071911,2987.081871
1779071911,2987.233580
1779071911,2987.097119
1779071911,2987.131626
1779071911,2678.410565
1779071911,3604.415519
1779071911,2678.844510
1779071911,3604.386492
1779071911,2678.890644
1779071911,2679.064385
1779071911,4531.001973
1779071911,2679.293449
1779071911,2679.123914
1779071911,3604.953490
1779071911,2679.432971
1779071911,2986.385571
1779071911,2987.028045
1779071911,2986.480373
1779071911,2680.191994
1779071911,2987.850335
1779071911,2987.388506
1779071911,2987.692338
1779071911,2987.445244
1779071911,2679.461278
1779071911,2988.822662
1779071911,2989.091529
1779071911,2978.625234
1779071911,2683.553786
1779071911,2977.828626
1779071911,2978.018169
1779071911,2978.379652
1779071911,2991.355408
1779071911,2978.999495
1779071911,2979.007445
1779071911,3287.274326
1779071911,2979.542990
1779071911,2979.911827
1779071911,2671.681873
1779071911,2981.291799
1779071911,2982.925367
1779071911,2983.757088
1779071911,2985.019000
1779071911,2985.358544
1779071911,2979.974600
1779071911,2979.718459
1779071911,2981.057357
1779071911,2982.037016
1779071911,2983.484666
1779071911,2986.235079
1779071911,2986.496554
1779071911,2678.765758
1779071911,3295.340734
1779071911,2679.171473
1779071911,2679.154367
1779071911,4221.036374
1779071911,3604.115817
1779071911,2679.917974
1779071911,2679.970600
1779071911,3295.438125
1779071911,2680.034084
1779071911,3604.645710
1779071911,2988.205749
1779071911,2988.194497
1779071911,2680.964608
1779071911,2987.717890
1779071911,2987.802844
1779071911,2679.748385
1779071911,2681.941429
1779071911,2988.858138
1779071911,2988.528016
1779071911,2683.010831
1779071911,2978.753174
1779071911,2989.629336
1779071911,2978.044761
1779071911,2682.355101
1779071911,3286.699932
1779071911,2671.205292
1779071911,2993.417583
1779071911,3917.556483
1779071911,2685.573513
1779071911,2979.069036
1779071911,2979.316118
1779071911,2979.319799
1779071911,2684.937911
1779071911,2979.649296
1779071911,2672.437722
1779071911,2980.285653
1779071911,3302.544890
1779071911,2981.252180
1779071911,2983.070622
1779071911,2983.631080
1779071911,2984.986587
1779071911,2985.180734
1779071911,2979.581377
1779071911,2979.680176
1779071911,2981.975920
1779071911,2981.921029
1779071911,2984.004403
1779071911,2986.446686
1779071911,2986.605346
1779071911,2679.589867
1779071911,2989.122705
1779071911,2679.695367
1779071911,2679.807893
1779071911,2679.937276
1779071911,3295.756369
1779071911,4530.254905
1779071911,2680.056745
1779071911,2680.311677
1779071911,3604.824258
1779071911,2680.454875
1779071911,3296.618624
1779071911,2988.976798
1779071911,2987.917269
1779071911,2680.953741
1779071911,3297.059362
1779071911,3297.585388
1779071911,3297.194346
1779071911,2989.115490
1779071911,2681.030007
1779071911,2989.659627
1779071911,2682.064994
1779071911,2682.176550
1779071911,2682.021593
1779071911,2990.335506
1779071911,2990.547774
1779071911,2990.714608
1779071911,2990.937815
1779071911,2979.871862
1779071911,2979.945641
1779071911,3287.728299
1779071911,2980.676531
1779071911,2672.801425
1779071911,2672.953652
1779071911,2980.116392
1779071911,2979.749366
1779071911,2980.040398
1779071911,2980.024134
1779071911,2981.343399
1779071911,2983.193891
1779071911,2982.559526
1779071911,3293.567117
1779071911,2984.095048
1779071911,2979.412294
1779071911,2979.482063
1779071911,2981.714211
1779071911,2982.796530
1779071911,2984.276325
1779071911,2986.771332
1779071911,2985.819103
1779071911,2680.058277
1779071911,2681.133771
1779071911,2988.467907
1779071911,2680.151761
1779071911,3296.046273
1779071911,2680.241110
1779071911,2681.264294
1779071911,2680.318972
1779071911,2680.362843
1779071911,3914.513168
1779071911,2989.024821
1779071911,3605.119527
1779071911,3296.618153
1779071911,3913.325803
1779071911,2989.357043
1779071911,2988.305750
1779071911,2679.904815
1779071911,3297.030920
1779071911,2988.879166
1779071911,2988.995775
1779071911,2989.217816
1779071911,2990.103237
1779071911,2990.404702
1779071911,2990.012818
1779071911,2682.220605
1779071911,2989.963279
1779071911,2682.040078
1779071911,2990.183622
1779071911,2979.952476
1779071911,2980.225267
1779071911,2980.217363
1779071911,2980.687816
1779071911,2980.095744
1779071911,2980.172205
1779071911,2980.223278
1779071911,3287.933254
1779071911,2979.675694
1779071911,2979.820450
1779071911,2981.437986
1779071911,2983.265996
1779071911,2982.712829
1779071911,2983.929955
1779071911,2984.202753
1779071911,2980.003015
1779071911,2979.091971
1779071911,2981.639920
1779071911,2982.669892
1779071911,2984.480665
1779071911,2985.783543
1779071911,2985.853570
1779071911,4221.613875
1779071911,4530.518983
1779071911,4840.900737
1779071911,2989.079479
1779071911,2678.813035
1779071911,2680.181500
1779071911,3297.767979
1779071911,2680.427370
1779071911,2680.442030
1779071911,2680.574097
1779071911,2680.386525
1779071911,3604.609967
1779071911,3604.975526
1779071911,2989.407943
1779071911,2680.980546
1779071911,3297.011204
1779071911,2989.628645
1779071911,2681.037458
1779071911,2989.003500
1779071911,2989.043353
1779071911,2989.366268
1779071911,3298.688123
1779071911,2989.757915
1779071911,3298.293506
1779071911,2989.833668
1779071911,3298.271582
1779071911,2990.360351
1779071911,2990.451288
1779071911,2979.820990
1779071911,2980.012874
1779071911,2672.141012
1779071911,3288.165974
1779071911,2979.791113
1779071911,2980.001950
1779071911,2979.959850
1779071911,3287.771225
1779071911,2980.480099
1779071911,2980.457838
1779071911,2981.263210
1779071911,2983.092203
1779071911,2982.757261
1779071911,2983.877524
1779071911,2984.224922
1779071911,2979.740335
1779071911,2978.990475
1779071911,2980.584328
1779071911,2982.637899
1779071911,2983.473197
1779071911,2986.177696
1779071911,2986.177690
1779071911,3913.855293
1779071911,2989.511312
1779071911,3297.795081
1779071911,2680.672688
1779071911,2680.615765
1779071911,2680.663182
1779071911,2680.634007
1779071911,3297.983996
1779071911,2680.945597
1779071911,2990.028879
1779071911,2681.134213
1779071911,2680.927343
1779071911,2681.243755
1779071911,2989.074099
1779071911,2989.028186
1779071911,2989.038088
1779071911,2681.778585
1779071911,2989.218341
1779071911,3297.650939
1779071911,2681.979320
1779071911,2989.804670
1779071911,3298.197876
1779071911,3298.451917
1779071911,3298.077307
1779071911,3285.747837
1779071911,2990.321569
1779071911,2990.387895
1779071911,2990.131414
1779071911,2990.288518
1779071911,2979.558214
1779071911,2979.902434
1779071911,2979.345233
1779071911,3287.544715
1779071911,2979.811185
1779071911,2979.915531
1779071911,2980.001540
1779071911,2980.389362
1779071911,2979.963967
1779071911,2980.848095
1779071911,2982.671697
1779071911,2982.890494
1779071911,2984.125006
1779071911,2674.894417
1779071911,2979.326705
1779071911,2979.691577
1779071911,2981.328270
1779071911,2982.427976
1779071911,2983.740939
1779071911,2986.298302
1779071911,2986.300370
1779071911,4223.617643
1779071911,2989.596687
1779071911,2680.854930
1779071911,2989.700503
1779071911,3914.291846
1779071911,4223.936644
1779071911,2680.997461
1779071911,3298.430715
1779071911,2681.120102
1779071911,2681.063120
1779071911,2681.198550
1779071911,2681.534873
1779071911,2681.343553
1779071911,2990.212204
1779071911,3298.987615
1779071911,2989.072773
1779071911,2680.424897
1779071911,2680.333746
1779071911,2989.559700
1779071911,2680.814392
1779071911,2989.487149
1779071911,2682.361088
1779071911,3605.941306
1779071911,2989.656514
1779071911,2989.809305
1779071911,3298.172856
1779071911,2990.121221
1779071911,2978.402506
1779071911,2989.919982
1779071911,2978.765848
1779071911,2979.044135
1779071911,2979.291944
1779071911,2979.984008
1779071911,2979.887268
1779071911,2980.242112
1779071911,2979.267515
1779071911,2979.535792
1779071911,2980.117517
1779071911,2980.957200
1779071911,2982.322474
1779071911,2982.612902
1779071911,2983.912376
1779071911,2984.019864
1779071911,2979.080884
1779071911,2979.506863
1779071911,2981.157966
1779071911,2983.393481
1779071911,2984.073149
1779071911,2986.321893
1779071911,2986.555837
1779071911,3298.985752
1779071911,3298.702042
1779071911,3606.166532
1779071911,4223.215098
1779071911,2681.564141
1779071911,2681.461692
1779071911,2989.930451
1779071911,2680.365599
1779071911,2680.609093
1779071911,2681.792436
1779071911,2680.777407
1779071911,2682.016242
1779071911,2680.845293
1779071911,2680.844965
1779071911,2680.921269
1779071911,2680.760024
1779071911,2680.973716
1779071911,2682.394557
1779071911,2681.084873
1779071911,2987.965030
1779071911,2989.330001
1779071911,2681.425395
1779071911,2682.718119
1779071911,2989.050154
1779071911,2679.857316
1779071911,2681.584107
1779071911,2679.457275
1779071911,2987.964848
1779071911,2988.512903
1779071911,2979.797306
1779071911,2671.904242
1779071911,2979.521948
1779071911,2979.726523
1779071911,2979.863245
1779071911,2979.409567
1779071911,2979.399899
1779071911,2672.014372
1779071911,2980.462488
1779071911,2980.917404
1779071911,2982.159202
1779071911,2982.636598
1779071911,2983.724210
1779071911,2983.146215
1779071911,2978.802843
1779071911,2979.188054
1779071911,2981.068618
1779071911,2983.479320
1779071911,2984.207567
1779071911,2986.633563
1779071911,2986.600037
1779071911,2680.507776
1779071911,4224.909884
1779071911,2680.102618
1779071911,2680.695905
1779071911,2680.560422
1779071911,2680.604225
1779071911,3915.469305
1779071911,2680.718908
1779071911,2680.731865
1779071911,2680.957224
1779071911,2680.719632
1779071911,2680.822196
1779071911,2989.385724
1779071911,2680.653463
1779071911,2681.041967
1779071911,3300.279845
1779071911,2681.442743
1779071911,2681.274444
1779071911,2681.528476
1779071911,2681.278851
1779071911,2681.531581
1779071911,2988.202260
1779071911,2682.028653
1779071911,2988.298338
1779071911,2681.152459
1779071911,2989.733742
1779071911,2980.125884
1779071911,2980.140628
1779071911,2987.755546
1779071911,2682.515277
1779071911,2680.480206
1779071911,2978.483318
1779071911,2979.644709
1779071911,2979.892308
1779071911,2979.956084
1779071911,2979.248317
1779071911,2979.259454
1779071911,2980.475843
1779071911,2980.850522
1779071911,2981.294135
1779071911,2981.877034
1779071911,3292.326456
1779071911,2983.270785
1779071911,2979.332967
1779071911,2978.870500
1779071911,2980.583336
1779071911,2983.121628
1779071911,2984.426976
1779071911,2986.687876
1779071911,2986.881524
1779071911,2680.104662
1779071911,3605.804594
1779071911,2681.665376
1779071911,2680.681603
1779071911,2680.737721
1779071911,2680.811168
1779071911,2680.900144
1779071911,2680.861394
1779071911,2681.007345
1779071911,2680.936294
1779071911,2681.005984
1779071911,2991.011712
1779071911,2681.121565
1779071911,2681.334346
1779071911,2681.695763
1779071911,2681.767945
1779071911,2681.609985
1779071911,2682.147308
1779071911,2681.909787
1779071911,2680.876563
1779071911,2682.158277
1779071911,2990.508928
1779071911,2670.661238
1779071911,2682.102477
1779071911,2680.124118
1779071911,2679.899010
1779071911,2673.056588
1779071911,2989.231105
1779071911,2979.677820
1779071911,2681.779930
1779071911,2990.559929
1779071911,2681.254108
1779071911,2979.900161
1779071911,2980.008928
1779071911,2980.063944
1779071911,2979.173956
1779071911,2979.348980
1779071911,2980.487863
1779071911,2980.886666
1779071911,2981.163514
1779071911,2982.055166
1779071911,2983.080192
1779071911,2983.244303
1779071911,2979.235713
1779071911,2979.935247
1779071911,2980.575301
1779071911,2983.413038
1779071911,2984.545780
1779071911,2987.969422
1779071911,2987.963136
1779071912,3607.287966
1779071912,3298.383585
1779071912,3297.202987
1779071912,2681.489612
1779071912,2681.581269
1779071912,2681.649940
1779071912,3298.788009
1779071912,3299.187322
1779071912,3607.803501
1779071912,2681.841193
1779071912,3297.870667
1779071912,2680.957094
1779071912,2680.961287
1779071912,2681.081751
1779071912,2989.882947
1779071912,2681.105491
1779071912,2681.328849
1779071912,2978.563470
1779071912,2681.503750
1779071912,2990.077761
1779071912,2681.797445
1779071912,2681.998580
1779071912,2681.876949
1779071912,2680.862652
1779071912,2681.992032
1779071912,2680.858444
1779071912,2681.055058
1779071912,2988.633321
1779071912,2680.255865
1779071912,2979.666545
1779071912,2680.504814
1779071912,2673.430286
1779071912,2990.326822
1779071912,2672.582396
1779071912,3287.390823
1779071912,2671.641581
1779071912,2980.165415
1779071912,2980.530605
1779071912,2980.851669
1779071912,2981.304914
1779071912,2982.985635
1779071912,2984.076218
1779071912,2983.344909
1779071912,2979.916101
1779071912,2979.577626
1779071912,2981.641472
1779071912,2983.313545
1779071912,2984.589302
1779071912,2987.843617
1779071912,2988.096165
1779071912,3298.696611
1779071912,3915.918468
1779071912,3917.365794
1779071912,3606.600748
1779071912,3607.769612
1779071912,2681.324138
1779071912,3607.894822
1779071912,3299.228295
1779071912,4841.158851
1779071912,2682.071430
1779071912,2680.837787
1779071912,3299.671181
1779071912,3607.436360
1779071912,3298.467300
1779071912,2680.843697
1779071912,3298.920606
1779071912,2681.487757
1779071912,2681.353095
1779071912,2681.285461
1779071912,2681.541160
1779071912,2681.548287
1779071912,2989.034982
1779071912,2681.784765
1779071912,2681.637036
1779071912,2680.404884
1779071912,2681.120655
1779071912,2681.865177
1779071912,2680.540834
1779071912,2673.455041
1779071912,2680.262891
1779071912,2979.786905
1779071912,2682.389857
1779071912,2980.067135
1779071912,2980.135053
1779071912,2682.489662
1779071912,2979.726510
1779071912,2672.123119
1779071912,2980.548143
1779071912,2980.870720
1779071912,2981.336720
1779071912,2981.939808
1779071912,2983.119513
1779071912,2983.244062
1779071912,2979.437827
1779071912,2979.021299
1779071912,2981.195399
1779071912,2984.183438
1779071912,2984.359211
1779071912,2987.812432
1779071912,2987.946443
1779071912,3915.490581
1779071912,3607.322689
1779071912,3607.526238
1779071912,3297.487774
1779071912,2681.697814
1779071912,3299.063208
1779071912,2989.456505
1779071912,2681.955039
1779071912,2680.747191
1779071912,2680.707137
1779071912,2681.101340
1779071912,2681.071509
1779071912,2681.405246
1779071912,3608.784555
1779071912,2681.207070
1779071912,2681.600776
1779071912,2680.583123
1779071912,3608.143390
1779071912,2673.179491
1779071912,2981.801068
1779071912,2683.760710
1779071912,2673.708359
1779071912,2979.540069
1779071912,3288.872916
1779071912,2980.670282
1779071912,3299.056134
1779071912,2684.463587
1779071912,3302.404091
1779071912,2983.837778
1779071912,2686.521227
1779071912,2685.421981
1779071912,2992.482386
1779071912,2983.575606
1779071912,2980.760365
1779071912,2686.329466
1779071912,2686.347105
1779071912,3304.118872
1779071912,2685.362149
1779071912,2984.527326
1779071912,2980.332219
1779071912,2981.897724
1779071912,2983.225345
1779071912,2674.871165
1779071912,2979.327012
1779071912,2979.031435
1779071912,2981.184546
1779071912,2983.626925
1779071912,2984.624763
1779071912,2988.099916
1779071912,2988.204355
1779071912,3915.575561
1779071912,2989.920610
1779071912,2681.088080
1779071912,2681.215534
1779071912,3298.789930
1779071912,2681.260966
1779071912,2989.545738
1779071912,3606.438752
1779071912,2989.341978
1779071912,3297.958816
1779071912,2989.376277
1779071912,2681.782239
1779071912,3607.101448
1779071912,3608.694608
1779071912,3904.494887
1779071912,2681.452065
1779071912,3298.204111
1779071912,3607.345689
1779071912,2681.574234
1779071912,2682.942140
1779071912,3297.055389
1779071912,2682.152329
1779071912,3300.193564
1779071912,2991.748624
1779071912,3606.483049
1779071912,3290.668313
1779071912,2991.030337
1779071912,3600.032472
1779071912,2683.219597
1779071912,2985.153003
1779071912,2983.037224
1779071912,2983.557013
1779071912,2983.301857
1779071912,2983.763913
1779071912,2983.490346
1779071912,3292.472124
1779071912,2676.871756
1779071912,2981.315384
1779071912,2987.050159
1779071912,2980.027088
1779071912,2981.588448
1779071912,2982.980634
1779071912,2982.095895
1779071912,2979.348500
1779071912,2979.088252
1779071912,2981.274884
1779071912,2983.907613
1779071912,2984.885335
1779071912,2989.692198
1779071912,2988.315477
1779071912,2681.408763
1779071912,2989.761760
1779071912,2681.558183
1779071912,2990.036679
1779071912,2681.517002
1779071912,2988.655895
1779071912,2681.540224
1779071912,2681.541575
1779071912,2679.516981
1779071912,2989.229703
1779071912,2682.098179
1779071912,2680.874449
1779071912,2989.341267
1779071912,3606.992288
1779071912,3606.811227
1779071912,2681.523541
1779071912,3607.700723
1779071912,2681.628580
1779071912,2681.977114
1779071912,2682.012869
1779071912,2681.756312
1779071912,2681.859905
1779071912,3297.522367
1779071912,3297.885990
1779071912,3291.704222
1779071912,2683.711187
1779071912,3291.105881
1779071912,3599.026955
1779071912,3291.933508
1779071912,2985.074704
1779071912,2674.798545
1779071912,2985.182709
1779071912,2983.776879
1779071912,2676.808188
1779071912,2984.054666
1779071912,2675.931358
1779071912,2983.664888
1779071912,2983.934128
1779071912,2982.927752
1779071912,2979.971855
1779071912,2981.623244
1779071912,2982.963102
1779071912,2982.007438
1779071912,2979.095560
1779071912,2979.963582
1779071912,2981.129393
1779071912,2984.608774
1779071912,2985.072307
1779071912,2989.608169
1779071912,2988.570881
1779071912,3607.558500
1779071912,2680.607286
1779071912,2680.567011
1779071912,2680.608755
1779071912,2990.194770
1779071912,2680.610556
1779071912,3915.082012
1779071912,2680.768339
1779071912,3298.152678
1779071912,2989.088578
1779071912,2989.300430
1779071912,3608.190421
1779071912,3916.874637
1779071912,3916.923286
1779071912,3608.621478
1779071912,2681.421803
1779071912,3607.337969
1779071912,3916.435834
1779071912,2990.234987
1779071912,2681.929234
1779071912,3607.892436
1779071912,2990.447022
1779071912,3597.955411
1779071912,3597.985440
1779071912,3610.568522
1779071912,2990.167662
1779071912,3607.967547
1779071912,3291.629182
1779071912,2984.297666
1779071912,3290.892701
1779071912,2984.779785
1779071912,2983.730609
1779071912,2984.508504
1779071912,2994.038261
1779071912,2983.875429
1779071912,2983.424206
1779071912,2984.140585
1779071912,2983.653894
1779071912,2982.654791
1779071912,2981.080138
1779071912,2981.807780
1779071912,3290.321455
1779071912,2982.241260
1779071912,2978.959000
1779071912,2979.872982
1779071912,2981.084402
1779071912,2984.643072
1779071912,2985.207160
1779071912,2988.807618
1779071912,2987.824900
1779071912,3914.064823
1779071912,2680.030245
1779071912,2990.040376
1779071912,2989.951202
1779071912,2680.598250
1779071912,2680.539204
1779071912,2680.626365
1779071912,2680.724021
1779071912,2680.881335
1779071912,2990.064218
1779071912,2989.094173
1779071912,2680.997338
1779071912,2681.023220
1779071912,3298.520343
1779071912,2681.367317
1779071912,2989.277057
1779071912,2680.337294
1779071912,3298.863141
1779071912,2680.328400
1779071912,2989.927694
1779071912,2990.019758
1779071912,2989.952459
1779071912,2990.142185
1779071912,2989.490046
1779071912,2989.775732
1779071912,3919.124106
1779071912,2983.408557
1779071912,2984.122900
1779071912,2984.168352
1779071912,3598.799056
1779071912,2983.603770
1779071912,2984.748706
1779071912,3601.306999
1779071912,2983.718331
1779071912,2983.802786
1779071912,2676.638667
1779071912,2983.765742
1779071912,2676.342613
1779071912,2982.347676
1779071912,2981.151628
1779071912,2982.809504
1779071912,2981.057979
1779071912,2984.128486
1779071912,2983.415228
1779071912,2983.468199
1779071912,2982.380413
1779071912,2984.497957
1779071912,2985.406184
1779071912,2989.987980
1779071912,2988.093314
1779071912,2681.833240
1779071912,2681.971979
1779071912,2991.717614
1779071912,3300.272193
1779071912,3300.084260
1779071912,2990.515075
1779071912,2680.064833
1779071912,2990.924593
1779071912,2992.401466
1779071912,3917.189206
1779071912,2991.183640
1779071912,3609.670539
1779071912,3610.074917
1779071912,2990.503781
1779071912,2992.477585
1779071912,2982.924777
1779071912,2683.835006
1779071912,3599.589716
1779071912,3302.346254
1779071912,3919.791678
1779071912,3918.656680
1779071912,3302.583561
1779071912,2992.785077
1779071912,2984.577466
1779071912,3917.283956
1779071912,2992.904860
1779071912,2992.031538
1779071912,2993.043768
1779071912,2993.455422
1779071912,3610.063413
1779071912,2985.313208
1779071912,2982.934127
1779071912,3292.687545
1779071912,3599.788543
1779071912,2983.710317
1779071912,2983.779287
1779071912,3292.018023
1779071912,2674.848471
1779071912,2984.052483
1779071912,2980.920567
1779071912,2982.888205
1779071912,2980.871045
1779071912,2982.158697
1779071912,2984.436662
1779071912,2983.437090
1779071912,2983.443522
1779071912,2984.829719
1779071912,2985.648286
1779071912,2989.443489
1779071912,2988.448503
1779071912,3300.626032
1779071912,4535.522842
1779071912,3300.686082
1779071912,3300.883967
1779071912,2683.184800
1779071912,2683.247401
1779071912,2683.311120
1779071912,3301.706008
1779071912,2683.237973
1779071912,2683.607529
1779071912,2683.640387
1779071912,2683.590654
1779071912,2684.002386
1779071912,2683.716810
1779071912,2683.695209
1779071912,2682.581236
1779071912,2682.623952
1779071912,2991.320465
1779071912,2678.364246
1779071912,2681.551649
1779071912,2682.360932
1779071912,2991.816347
1779071912,2684.383558
1779071912,2682.358278
1779071912,2680.232654
1779071912,2684.668192
1779071912,2683.462501
1779071912,2684.998931
1779071912,2985.372336
1779071912,2681.424772
1779071912,2984.881223
1779071912,2984.913284
1779071912,2677.777138
1779071912,2983.765471
1779071912,2983.702896
1779071912,2984.023413
1779071912,2676.826259
1779071912,2984.019171
1779071912,2982.607848
1779071912,2981.118012
1779071912,2981.988944
1779071912,2982.153981
1779071912,2674.326146
1779071912,2982.439123
1779071912,2984.369482
1779071912,2983.358535
1779071912,2984.728862
1779071912,2984.779628
1779071912,2989.397786
1779071912,2989.449846
1779071912,4226.873392
1779071912,3300.707271
1779071912,4845.709542
1779071912,3300.663625
1779071912,3610.167756
1779071912,2683.019305
1779071912,2990.762411
1779071912,2683.416433
1779071912,2683.409683
1779071912,2683.326589
1779071912,2990.637206
1779071912,2683.699243
1779071912,2683.815159
1779071912,2991.356017
1779071912,2684.120086
1779071912,2682.900174
1779071912,2684.197529
1779071912,2684.240321
1779071912,2683.144434
1779071912,2682.904790
1779071912,2683.248097
1779071912,2989.376930
1779071912,2683.466761
1779071912,2682.741430
1779071912,2985.125781
1779071912,2681.980134
1779071912,2985.882920
1779071912,2681.149468
1779071912,2683.678048
1779071912,2679.062567
1779071912,2679.973686
1779071912,2680.877643
1779071912,3291.574203
1779071912,2678.616845
1779071912,4229.060586
1779071912,2984.613365
1779071912,2984.943074
1779071912,2982.732732
1779071912,2984.556723
1779071912,2981.156896
1779071912,2981.963675
1779071912,2982.187527
1779071912,2981.501213
1779071912,2983.752119
1779071912,2983.169530
1779071912,2982.475432
1779071912,2984.999687
1779071912,2986.985397
1779071912,2989.691140
1779071912,2989.684304
1779071913,2991.593775
1779071913,2991.704264
1779071913,4226.024100
1779071913,3917.483917
1779071913,2991.629340
1779071913,3609.806681
1779071913,2682.683275
1779071913,2683.294871
1779071913,2992.230327
1779071913,2992.421920
1779071913,2683.402911
1779071913,2992.522955
1779071913,2992.514133
1779071913,2683.612970
1779071913,2681.259927
1779071913,2991.945798
1779071913,2682.851253
1779071913,2679.318330
1779071913,2682.940234
1779071913,2684.452864
1779071913,3301.661882
1779071913,2684.195775
1779071913,2684.422842
1779071913,2992.552891
1779071913,2680.326144
1779071913,2989.165434
1779071913,2679.903930
1779071913,2683.236520
1779071913,2681.636990
1779071913,2986.271493
1779071913,2984.287406
1779071913,2986.089135
1779071913,2985.037657
1779071913,2679.642295
1779071913,2983.246651
1779071913,2984.992662
1779071913,2985.592800
1779071913,2982.962681
1779071913,3291.210179
1779071913,2981.027225
1779071913,2982.273910
1779071913,2982.374772
1779071913,2981.908103
1779071913,2983.694259
1779071913,2982.055637
1779071913,2983.558440
1779071913,2985.299072
1779071913,2987.069889
1779071913,2989.779955
1779071913,2988.824816
1779071913,3298.172267
1779071913,4223.282059
1779071913,3300.195439
1779071913,3299.027374
1779071913,3300.329296
1779071913,3298.124379
1779071913,2991.702409
1779071913,2683.078569
1779071913,3300.607185
1779071913,3300.754262
1779071913,2683.363221
1779071913,2683.770240
1779071913,2683.753356
1779071913,2683.963218
1779071913,2684.017779
1779071913,2682.839957
1779071913,2682.952641
1779071913,2683.081488
1779071913,2683.204597
1779071913,2683.155580
1779071913,3302.174953
1779071913,2683.254536
1779071913,3302.532032
1779071913,2682.619392
1779071913,2681.449854
1779071913,2683.334768
1779071913,2682.126620
1779071913,2679.655852
1779071913,3292.696357
1779071913,2984.896058
1779071913,2681.185519
1779071913,2985.079288
1779071913,2986.690485
1779071913,3293.084345
1779071913,2985.927450
1779071913,2682.160872
1779071913,2985.302595
1779071913,2983.117175
1779071913,2677.569379
1779071913,2981.829973
1779071913,2980.932735
1779071913,3289.548175
1779071913,2983.587728
1779071913,2983.628331
1779071913,2983.947548
1779071913,2982.987390
1779071913,2985.573643
1779071913,2987.003193
1779071913,2988.968197
1779071913,2989.046578
1779071913,3609.798719
1779071913,2991.571992
1779071913,2682.953955
1779071913,2991.846445
1779071913,3608.663464
1779071913,2683.198493
1779071913,2683.047731
1779071913,2683.309384
1779071913,3300.917614
1779071913,2992.266432
1779071913,2683.652111
1779071913,3299.959366
1779071913,2992.139820
1779071913,3609.167221
1779071913,3609.403745
1779071913,2683.102020
1779071913,2683.265520
1779071913,2683.202392
1779071913,2683.297061
1779071913,2683.490536
1779071913,3300.600881
1779071913,2682.750229
1779071913,2683.697861
1779071913,2992.530554
1779071913,2682.244831
1779071913,2683.077502
1779071913,2681.876376
1779071913,3296.399950
1779071913,2680.879504
1779071913,2681.653783
1779071913,2987.514355
1779071913,2678.006478
1779071913,2989.119137
1779071913,2986.070618
1779071913,2986.098907
1779071913,2985.018833
1779071913,2677.690196
1779071913,2985.727413
1779071913,2983.476632
1779071913,2982.035621
1779071913,2983.388722
1779071913,2981.990102
1779071913,2980.906452
1779071913,2983.774142
1779071913,2983.976400
1779071913,2983.017270
1779071913,2985.943214
1779071913,2986.812982
1779071913,2987.856151
1779071913,2990.021857
1779071913,2991.598287
1779071913,2683.005368
1779071913,2683.118371
1779071913,3300.546334
1779071913,2683.106305
1779071913,2683.318754
1779071913,2683.356204
1779071913,2683.245393
1779071913,3301.343597
1779071913,2683.516691
1779071913,2683.569727
1779071913,2683.621226
1779071913,2683.790560
1779071913,2992.248283
1779071913,2683.876717
1779071913,3301.952601
1779071913,2683.018741
1779071913,2680.960187
1779071913,2991.642183
1779071913,2683.241082
1779071913,2683.282905
1779071913,3296.891620
1779071913,2683.344807
1779071913,3294.693260
1779071913,2683.617737
1779071913,3298.794170
1779071913,2683.732170
1779071913,2682.547073
1779071913,3301.301221
1779071913,2682.328040
1779071913,2679.222499
1779071913,2987.964669
1779071913,2680.026505
1779071913,2677.897922
1779071913,2986.509515
1779071913,2684.065806
1779071913,2678.785160
1779071913,2982.101004
1779071913,2983.700002
1779071913,2987.036946
1779071913,2981.932309
1779071913,2983.408201
1779071913,2980.952602
1779071913,2982.755310
1779071913,2983.755860
1779071913,2983.146304
1779071913,2986.326691
1779071913,2986.235283
1779071913,2989.109562
1779071913,2988.182746
1779071913,2683.152262
1779071913,2683.290063
1779071913,2683.297750
1779071913,2992.303637
1779071913,3610.152675
1779071913,2684.453576
1779071913,2683.486344
1779071913,2683.676240
1779071913,2683.864850
1779071913,2683.938316
1779071913,3299.700074
1779071913,2684.154987
1779071913,3610.960255
1779071913,2684.351552
1779071913,3296.374614
1779071913,2684.448368
1779071913,2684.781236
1779071913,3610.011368
1779071913,3608.826246
1779071913,2992.590966
1779071913,3611.737147
1779071913,2683.960922
1779071913,2680.375153
1779071913,2682.869259
1779071913,3297.602299
1779071913,2684.669272
1779071913,2684.271713
1779071913,3303.726771
1779071913,3611.198249
1779071913,2986.407106
1779071913,2684.966853
1779071913,2681.716916
1779071913,2987.337851
1779071913,2984.114236
1779071913,2987.596090
1779071913,2683.332339
1779071913,2680.981591
1779071913,2680.998871
1779071913,2986.737708
1779071913,2679.167921
1779071913,2983.493670
1779071913,2982.094259
1779071913,2980.979067
1779071913,2982.791976
1779071913,2983.884326
1779071913,2983.553443
1779071913,2986.588496
1779071913,2986.600149
1779071913,2989.146074
1779071913,2989.138596
1779071913,2684.026376
1779071913,3300.885409
1779071913,3609.907035
1779071913,2684.283283
1779071913,2684.464445
1779071913,2684.431644
1779071913,2992.832308
1779071913,3918.552555
1779071913,2683.504454
1779071913,2683.509063
1779071913,2685.079238
1779071913,2993.033945
1779071913,2684.636025
1779071913,2992.678415
1779071913,2684.428341
1779071913,2993.999321
1779071913,2684.772295
1779071913,2684.703834
1779071913,3606.789557
1779071913,2685.263392
1779071913,2685.232559
1779071913,3295.792154
1779071913,3604.330978
1779071913,2683.744425
1779071913,2685.551809
1779071913,2989.070811
1779071913,3603.172344
1779071913,3610.300909
1779071913,2988.654042
1779071913,2679.666848
1779071913,2681.150428
1779071913,2987.291386
1779071913,2984.657286
1779071913,2682.176553
1779071913,2982.669117
1779071913,2988.322695
1779071913,2982.204170
1779071913,2981.060638
1779071913,2982.587470
1779071913,2684.786538
1779071913,2688.772619
1779071913,2683.680982
1779071913,2689.112325
1779071913,2983.704048
1779071913,2983.894870
1779071913,2983.283346
1779071913,2986.924321
1779071913,2986.688208
1779071913,2989.123628
1779071913,2989.263150
1779071913,2684.350085
1779071913,2684.236646
1779071913,2684.283206
1779071913,3302.181578
1779071913,3302.201511
1779071913,3301.121514
1779071913,2684.495084
1779071913,2684.561075
1779071913,2684.916829
1779071913,2992.729550
1779071913,2684.952033
1779071913,2683.590649
1779071913,2685.098562
1779071913,3302.010132
1779071913,2993.339503
1779071913,2992.139085
1779071913,2684.494615
1779071913,2992.429080
1779071913,2684.679864
1779071913,3608.556715
1779071913,2684.762620
1779071913,2993.030808
1779071913,3606.072312
1779071913,2685.341061
1779071913,2685.403003
1779071913,2684.434594
1779071913,2685.279180
1779071913,3605.500647
1779071913,2990.148079
1779071913,2683.516717
1779071913,2681.859399
1779071913,2680.321398
1779071913,2987.447198
1779071913,2682.388413
1779071913,3295.871469
1779071913,2988.430116
1779071913,3296.603663
1779071913,2681.119488
1779071913,2988.940227
1779071913,2984.532877
1779071913,2983.638147
1779071913,2984.190801
1779071913,2676.047200
1779071913,2982.603837
1779071913,2984.007957
1779071913,2983.473270
1779071913,2987.156243
1779071913,2986.858462
1779071913,2988.168310
1779071913,2988.385584
1779071913,2991.625216
1779071913,3918.310337
1779071913,3300.908381
1779071913,4534.834150
1779071913,2684.088073
1779071913,2684.203762
1779071913,2684.109627
1779071913,2684.314941
1779071913,3301.041573
1779071913,2684.186690
1779071913,2684.420197
1779071913,3301.313670
1779071913,2992.661214
1779071913,3609.424458
1779071913,3301.955034
1779071913,2993.265464
1779071913,2992.127277
1779071913,2683.945043
1779071913,3920.368172
1779071913,2992.412017
1779071913,2993.424461
1779071913,2681.920784
1779071913,2678.644657
1779071913,3912.724087
1779071913,2679.476190
1779071913,2682.077824
1779071913,2992.350049
1779071913,2681.320516
1779071913,3297.209452
1779071913,3295.280617
1779071913,3297.739404
1779071913,3603.061495
1779071913,2988.344446
1779071913,2680.195074
1779071913,2988.508284
1779071913,2988.456144
1779071913,2988.900117
1779071913,2986.328905
1779071913,3292.198425
1779071913,2984.539705
1779071913,2983.704559
1779071913,2983.928999
1779071913,2983.167770
1779071913,2982.505073
1779071913,2984.095410
1779071913,2983.374744
1779071913,2987.184393
1779071913,2986.917666
1779071913,2988.412243
1779071913,2988.479378
1779071913,3300.481196
1779071913,4226.232473
1779071913,3300.582559
1779071913,2683.874403
1779071913,2683.908992
1779071913,2683.991067
1779071913,2684.020592
1779071913,2682.995726
1779071913,2683.002500
1779071913,3299.971047
1779071913,2683.360544
1779071913,3301.649214
1779071913,3918.048464
1779071913,3301.669971
1779071913,2682.477579
1779071913,2992.400569
1779071913,3917.529294
1779071913,2993.165444
1779071913,3301.100050
1779071913,2993.101542
1779071913,2682.462048
1779071913,2991.049585
1779071913,3297.829959
1779071913,2682.086928
1779071913,2681.720644
1779071913,3915.198951
1779071913,2681.829927
1779071913,3912.368244
1779071913,2988.139267
1779071913,3603.425086
1779071913,3297.862034
1779071913,3295.567378
1779071913,2682.916015
1779071913,3603.748515
1779071913,3295.729926
1779071913,2988.318776
1779071913,2677.394669
1779071913,2986.315419
1779071913,2989.120996
1779071913,2984.366592
1779071913,2983.401088
1779071913,2983.815911
1779071913,2983.047210
1779071913,2982.406437
1779071913,2983.994860
1779071913,2982.848835
1779071913,2986.823357
1779071913,2988.317784
1779071913,2988.244108
1779071913,2988.339837
1779071913,2992.296309
1779071913,3917.947518
1779071913,3300.404727
1779071913,2991.178021
1779071913,3916.883240
1779071913,2682.485467
1779071913,2682.473297
1779071913,2682.590621
1779071913,2992.687693
1779071913,2682.817510
1779071913,2683.033163
1779071913,2990.572738
1779071913,2683.088430
1779071913,3917.257452
1779071913,2681.977286
1779071913,2990.698346
1779071913,3917.077781
1779071913,2992.696156
1779071913,2992.984953
1779071913,2993.136517
1779071913,3913.698048
1779071913,2682.891979
1779071913,2682.040387
1779071913,2681.612986
1779071913,2682.076967
1779071913,3299.356265
1779071913,2681.778822
1779071913,2990.560707
1779071913,3605.666459
1779071913,3603.448353
1779071913,2988.247229
1779071913,3295.523289
1779071913,2681.292788
1779071913,3298.371948
1779071913,2681.972575
1779071913,2988.367066
1779071913,2988.526719
1779071913,2986.317839
1779071913,3294.573618
1779071913,2984.283401
1779071913,2983.259376
1779071914,2982.651779
1779071914,3291.449512
1779071914,2983.400238
1779071914,2984.036219
1779071914,2983.159882
1779071914,2987.337920
1779071914,2988.536910
1779071914,2988.267466
1779071914,2988.269700
1779071914,4225.842500
1779071914,3609.071590
1779071914,2681.317019
1779071914,3608.960860
1779071914,2681.433286
1779071914,2992.249594
1779071914,2681.607768
1779071914,2681.775523
1779071914,2992.215197
1779071914,2681.700461
1779071914,2992.459300
1779071914,2992.548507
1779071914,2992.592600
1779071914,2682.053681
1779071914,3299.907194
1779071914,2682.180482
1779071914,2990.673208
1779071914,2992.047432
1779071914,2990.874063
1779071914,2991.251727
1779071914,2986.657630
1779071914,3299.711956
1779071914,3605.327585
1779071914,3913.256824
1779071914,2681.707071
1779071914,2681.739858
1779071914,2682.234451
1779071914,2681.917730
1779071914,2993.869336
1779071914,2680.948283
1779071914,2993.884220
1779071914,2681.136427
1779071914,3296.599590
1779071914,2993.362281
1779071914,2991.447172
1779071914,2983.360716
1779071914,2988.423614
1779071914,2991.775051
1779071914,2995.556707
1779071914,2986.331959
1779071914,2983.135358
1779071914,2983.517573
1779071914,2982.933160
1779071914,2983.440863
1779071914,2984.167272
1779071914,2984.407795
1779071914,2987.170300
1779071914,2988.485067
1779071914,2988.151886
1779071914,2988.224644
1779071914,3917.099713
1779071914,2680.484927
1779071914,3608.914305
1779071914,2681.016506
1779071914,2681.121585
1779071914,3301.179497
1779071914,3300.063121
1779071914,2991.046599
1779071914,2681.333259
1779071914,2681.421800
1779071914,2681.528165
1779071914,4223.376136
1779071914,2681.642976
1779071914,2681.643547
1779071914,2991.789363
1779071914,2990.604171
1779071914,2990.122040
1779071914,2990.076088
1779071914,4225.975919
1779071914,2682.296047
1779071914,2990.134496
1779071914,2681.295691
1779071914,4222.221413
1779071914,3296.992234
1779071914,2989.443760
1779071914,2681.897813
1779071914,3300.966873
1779071914,2989.836866
1779071914,2988.820280
1779071914,2988.814411
1779071914,2988.351989
1779071914,2988.358399
1779071914,2681.650328
1779071914,2987.999357
1779071914,2988.932878
1779071914,2988.111230
1779071914,2988.602329
1779071914,2988.484725
1779071914,3297.204751
1779071914,2984.199970
1779071914,2982.964389
1779071914,2983.438016
1779071914,2982.888862
1779071914,2983.393776
1779071914,2985.486970
1779071914,2984.505234
1779071914,2986.465840
1779071914,2987.656159
1779071914,2988.254121
1779071914,2988.232408
1779071914,3917.231629
1779071914,3917.172599
1779071914,2990.653758
1779071914,2990.682649
1779071914,2681.125473
1779071914,2990.799242
1779071914,2990.850236
1779071914,2681.184959
1779071914,3300.250536
1779071914,2681.520088
1779071914,2681.678410
1779071914,2990.396115
1779071914,2681.891282
1779071914,2681.845017
1779071914,2990.731300
1779071914,2990.915818
1779071914,2990.807274
1779071914,3917.658350
1779071914,2990.072064
1779071914,3301.182688
1779071914,2990.149140
1779071914,2682.425093
1779071914,2988.841824
1779071914,3299.853384
1779071914,2989.649309
1779071914,3913.269945
1779071914,3298.606603
1779071914,2681.598669
1779071914,3911.742747
1779071914,3296.387489
1779071914,2989.232456
1779071914,2988.695539
1779071914,2682.195609
1779071914,2988.687309
1779071914,2988.947445
1779071914,2988.645634
1779071914,2988.547526
1779071914,2988.491187
1779071914,2986.408826
1779071914,2984.402255
1779071914,2678.573714
1779071914,2983.310942
1779071914,2982.815662
1779071914,2983.516475
1779071914,2985.663164
1779071914,2984.783832
1779071914,2986.883608
1779071914,2988.027861
1779071914,2988.181690
1779071914,2988.181852
1779071914,3917.363222
1779071914,3917.403259
1779071914,3608.367833
1779071914,2680.770149
1779071914,2680.782208
1779071914,3300.709762
1779071914,2681.000115
1779071914,2681.080525
1779071914,2681.104169
1779071914,2681.111908
1779071914,2990.359536
1779071914,2681.114950
1779071914,2681.252432
1779071914,3296.191171
1779071914,3293.480652
1779071914,2989.409979
1779071914,2681.611404
1779071914,2681.882209
1779071914,2989.809331
1779071914,2681.929560
1779071914,2991.275134
1779071914,4534.861842
1779071914,2989.633382
1779071914,4221.636075
1779071914,3299.132937
1779071914,3301.551365
1779071914,2681.534549
1779071914,2681.797584
1779071914,3300.940331
1779071914,2988.804092
1779071914,3301.541390
1779071914,2988.587190
1779071914,2989.988489
1779071914,2988.775840
1779071914,2988.383011
1779071914,2988.607102
1779071914,2989.234003
1779071914,2988.336388
1779071914,2984.238976
1779071914,2986.599846
1779071914,2676.226381
1779071914,2983.361203
1779071914,2982.965201
1779071914,2983.682437
1779071914,2985.882424
1779071914,2984.536187
1779071914,2987.130751
1779071914,2988.027658
1779071914,2988.261274
1779071914,2988.308648
1779071914,2680.943397
1779071914,3609.810367
1779071914,3609.900886
1779071914,2681.071393
1779071914,3298.599226
1779071914,3608.667960
1779071914,3299.804054
1779071914,2990.269106
1779071914,3299.062191
1779071914,2988.535159
1779071914,2678.681565
1779071914,2680.429275
1779071914,2681.553269
1779071914,2989.264349
1779071914,3299.314852
1779071914,2989.060695
1779071914,2680.677482
1779071914,2680.866638
1779071914,2990.840198
1779071914,2680.908531
1779071914,2681.034800
1779071914,2679.649809
1779071914,3607.886076
1779071914,2990.185941
1779071914,2989.670576
1779071914,3296.912968
1779071914,2681.704123
1779071914,2989.554951
1779071914,2681.963790
1779071914,2989.024657
1779071914,2989.511036
1779071914,2989.070722
1779071914,2988.599938
1779071914,2988.965114
1779071914,2989.051372
1779071914,2988.610947
1779071914,2988.848521
1779071914,2988.308853
1779071914,2678.381756
1779071914,2986.572425
1779071914,2984.370665
1779071914,2983.240258
1779071914,2982.939140
1779071914,2983.683420
1779071914,2985.768833
1779071914,2991.304121
1779071914,2989.868823
1779071914,2989.561314
1779071914,2987.554218
1779071914,2988.335012
1779071914,2679.514624
1779071914,2989.653456
1779071914,4534.048249
1779071914,4226.188088
1779071914,2680.155747
1779071914,2989.956634
1779071914,2680.206524
1779071914,2680.182377
1779071914,2680.084190
1779071914,2679.197537
1779071914,2680.862875
1779071914,2680.628270
1779071914,2990.203835
1779071914,2680.641275
1779071914,2680.611032
1779071914,2681.127351
1779071914,2679.901859
1779071914,2679.913147
1779071914,2681.320044
1779071914,2680.172142
1779071914,3296.737450
1779071914,2989.164851
1779071914,2681.454071
1779071914,2680.310538
1779071914,2680.449542
1779071914,2990.182839
1779071914,2991.309352
1779071914,2680.686542
1779071914,2989.955674
1779071914,2989.663142
1779071914,2989.556431
1779071914,2989.018229
1779071914,2989.065476
1779071914,2988.915380
1779071914,2981.685806
1779071914,2989.048357
1779071914,2989.339138
1779071914,2988.884258
1779071914,2988.561781
1779071914,2984.237334
1779071914,3291.039810
1779071914,2983.062183
1779071914,2982.872150
1779071914,2983.496416
1779071914,2985.709600
1779071914,2985.329424
1779071914,2986.865057
1779071914,2989.721111
1779071914,2987.522754
1779071914,2988.050917
1779071914,2989.110886
1779071914,3298.461202
1779071914,2680.647077
1779071914,2680.810435
1779071914,2680.756048
1779071914,2680.909242
1779071914,3298.856732
1779071914,3298.697077
1779071914,2679.870268
1779071914,2681.453492
1779071914,2680.058743
1779071914,2681.553333
1779071914,2681.427163
1779071914,2680.389438
1779071914,2680.197836
1779071914,2680.536149
1779071914,2990.653835
1779071914,2680.615461
1779071914,2989.320694
1779071914,2680.800647
1779071914,2989.577204
1779071914,2680.985249
1779071914,2681.082415
1779071914,2681.052026
1779071914,2681.128528
1779071914,2990.020033
1779071914,2989.494412
1779071914,2681.685615
1779071914,2681.053311
1779071914,2682.010353
1779071914,2989.560655
1779071914,2989.156138
1779071914,2989.420745
1779071914,2989.081542
1779071914,2682.525944
1779071914,2989.099756
1779071914,2681.303695
1779071914,2988.511866
1779071914,2985.963008
1779071914,3291.031085
1779071914,2982.758099
1779071914,2982.009894
1779071914,2982.887636
1779071914,2983.542919
1779071914,2985.659702
1779071914,2985.321028
1779071914,2987.004572
1779071914,2989.873454
1779071914,2988.406142
1779071914,2988.004757
1779071914,2680.067165
1779071914,2680.513992
1779071914,2680.607043
1779071914,2680.606418
1779071914,2989.779761
1779071914,2680.655184
1779071914,2680.642122
1779071914,2680.841529
1779071914,3298.978260
1779071914,2681.102082
1779071914,2989.049622
1779071914,2681.264291
1779071914,2988.096788
1779071914,2681.368081
1779071914,2680.446514
1779071914,2989.657967
1779071914,2680.557301
1779071914,2680.704341
1779071914,2682.160736
1779071914,2680.827817
1779071914,2989.962822
1779071914,2680.997699
1779071914,2681.095807
1779071914,2681.126989
1779071914,2681.223264
1779071914,2989.400829
1779071914,2989.482082
1779071914,2681.502889
1779071914,2990.604498
1779071914,2681.676801
1779071914,2989.247522
1779071914,2989.150182
1779071914,2682.280783
1779071914,2682.254744
1779071914,2681.340325
1779071914,2981.939249
1779071914,2681.750348
1779071914,2681.874757
1779071914,2989.899985
1779071914,3290.725751
1779071914,2984.387110
1779071914,2982.980257
1779071914,2982.863684
1779071914,2982.456276
1779071914,2985.543772
1779071914,2985.394665
1779071914,2987.274539
1779071914,2988.947586
1779071914,2987.524495
1779071914,2988.033629
1779071914,2988.246417
1779071914,3298.320285
1779071914,2680.471474
1779071914,2680.523716
1779071914,2680.541637
1779071914,2680.665637
1779071914,2680.634633
1779071914,2680.659426
1779071914,3608.587351
1779071914,2679.755928
1779071914,3299.197965
1779071914,2680.028215
1779071914,2679.924201
1779071914,2680.293880
1779071914,3299.242396
1779071914,2680.250897
1779071914,2679.579792
1779071914,3299.879706
1779071914,2679.765328
1779071914,2988.780270
1779071914,2680.815087
1779071914,2680.671490
1779071914,2989.362814
1779071914,3300.153366
1779071914,2681.134432
1779071914,2681.288804
1779071914,2989.320153
1779071914,2681.508144
1779071914,2681.533863
1779071914,2987.776426
1779071914,2680.957310
1779071914,2989.816178
1779071914,2681.566432
1779071914,2990.005973
1779071914,2989.489038
1779071914,2989.872997
1779071914,2989.623016
1779071914,2681.652793
1779071914,2990.832806
1779071914,2984.114672
1779071914,2983.053326
1779071914,2982.889318
1779071914,2982.827369
1779071914,2982.381230
1779071914,2985.373268
1779071914,2985.429834
1779071914,2986.474144
1779071914,2988.906434
1779071914,2987.355607
1779071914,2987.934647
1779071915,2988.854893
1779071915,3297.748988
1779071915,2680.456642
1779071915,2680.522925
1779071915,2680.707510
1779071915,3607.427706
1779071915,2988.346786
1779071915,2680.815422
1779071915,2680.765007
1779071915,3606.388881
1779071915,3607.615377
1779071915,2679.880962
1779071915,2679.961402
1779071915,3297.606937
1779071915,2989.083110
1779071915,3605.870098
1779071915,2680.453918
1779071915,2680.455878
1779071915,2988.688280
1779071915,2677.061560
1779071915,2679.973399
1779071915,2677.122094
1779071915,3298.579232
1779071915,2680.892690
1779071915,2680.437996
1779071915,3298.526422
1779071915,2680.454638
1779071915,2680.085536
1779071915,2989.494430
1779071915,2681.052187
1779071915,2989.582354
1779071915,2678.453188
1779071915,2678.095685
1779071915,2989.923147
1779071915,2989.822347
1779071915,2988.362158
1779071915,2985.847977
1779071915,3297.479279
1779071915,2989.879190
1779071915,2984.200669
1779071915,2983.118581
1779071915,2981.838382
1779071915,2982.879384
1779071915,2982.391485
1779071915,2985.395116
1779071915,2984.496459
1779071915,2986.330661
1779071915,2989.106390
1779071915,2987.551470
1779071915,2987.917723
1779071915,3297.944189
1779071915,3298.015781
1779071915,2680.012275
1779071915,2680.067225
1779071915,2988.949227
1779071915,3607.050225
1779071915,2680.389206
1779071915,2680.562701
1779071915,3607.413108
1779071915,2680.488963
1779071915,2680.482661
1779071915,3917.386713
1779071915,3607.571945
1779071915,2679.376823
1779071915,3915.045938
1779071915,3297.627942
1779071915,3606.768534
1779071915,3297.961389
1779071915,2988.757252
1779071915,2988.143437
1779071915,2680.082655
1779071915,2680.252637
1779071915,3298.477230
1779071915,2680.338765
1779071915,2680.422461
1779071915,2680.617617
1779071915,2679.969051
1779071915,2680.181661
1779071915,2988.985660
1779071915,2988.885338
1779071915,2677.211983
1779071915,2677.217753
1779071915,2678.238969
1779071915,2677.354098
1779071915,2677.467721
1779071915,2989.633304
1779071915,2677.407568
1779071915,2986.106861
1779071915,2988.792224
1779071915,2984.391196
1779071915,2983.042401
1779071915,2982.576985
1779071915,2982.797090
1779071915,2982.303384
1779071915,2985.253430
1779071915,2983.871767
1779071915,2985.418694
1779071915,2989.371162
1779071915,2987.606353
1779071915,2987.839122
1779071915,3607.279949
1779071915,2989.355605
1779071915,3297.712097
1779071915,3297.545018
1779071915,2680.472471
1779071915,4844.077104
1779071915,2680.528326
1779071915,2680.552433
1779071915,3607.437761
1779071915,2680.914956
1779071915,3606.442773
1779071915,2680.992579
1779071915,2680.947766
1779071915,2680.849072
1779071915,3296.685112
1779071915,2679.930922
1779071915,2680.034418
1779071915,2681.226643
1779071915,2680.185087
1779071915,2681.323987
1779071915,2988.809783
1779071915,2989.323170
1779071915,3913.084456
1779071915,2680.581541
1779071915,2679.435011
1779071915,3606.831925
1779071915,2989.031598
1779071915,2680.799659
1779071915,3297.895678
1779071915,2990.048810
1779071915,2678.542790
1779071915,2678.727903
1779071915,2679.479154
1779071915,2677.422439
1779071915,3294.071434
1779071915,2990.752200
1779071915,2990.712256
1779071915,2984.350311
1779071915,2990.800096
1779071915,2986.692145
1779071915,2677.503135
1779071915,2981.582847
1779071915,2981.234949
1779071915,2982.887796
1779071915,2985.022784
1779071915,2983.803439
1779071915,2985.910790
1779071915,2989.417881
1779071915,2987.552427
1779071915,2988.025899
1779071915,2680.645560
1779071915,2680.598416
1779071915,2680.619790
1779071915,3916.692129
1779071915,2680.786130
1779071915,2990.024039
1779071915,2680.907495
1779071915,2680.912089
1779071915,2680.979206
1779071915,2988.927266
1779071915,2680.967570
1779071915,3606.449828
1779071915,2681.369414
1779071915,3917.000660
1779071915,2680.463002
1779071915,2680.365321
1779071915,2680.571293
1779071915,2989.657168
1779071915,3607.257590
1779071915,2680.772854
1779071915,2680.744624
1779071915,2985.468939
1779071915,2679.908121
1779071915,2682.266314
1779071915,3298.199557
1779071915,2681.070697
1779071915,2682.353493
1779071915,2682.604402
1779071915,2681.349199
1779071915,2681.353106
1779071915,2986.307291
1779071915,2985.637759
1779071915,2986.224058
1779071915,2985.796976
1779071915,2985.789787
1779071915,2986.424941
1779071915,2681.088691
1779071915,2682.087726
1779071915,2986.270835
1779071915,2984.949067
1779071915,2983.227436
1779071915,2981.613990
1779071915,2982.307891
1779071915,2982.876971
1779071915,2984.084458
1779071915,2983.873438
1779071915,2985.976642
1779071915,2989.406429
1779071915,2987.299268
1779071915,2987.575901
1779071915,2989.762537
1779071915,2681.040761
1779071915,2681.017258
1779071915,2680.933207
1779071915,3916.982657
1779071915,2682.376044
1779071915,2681.160737
1779071915,3608.368496
1779071915,2681.143846
1779071915,2681.229642
1779071915,2681.310813
1779071915,2681.400924
1779071915,2681.430036
1779071915,3607.192607
1779071915,2680.360122
1779071915,2678.856399
1779071915,3607.760338
1779071915,2678.046369
1779071915,2682.116235
1779071915,2681.790267
1779071915,2681.823399
1779071915,3298.627216
1779071915,2682.040120
1779071915,2682.227699
1779071915,2990.120042
1779071915,3916.163047
1779071915,2682.606988
1779071915,2679.694772
1779071915,2680.224027
1779071915,2677.932688
1779071915,2986.346073
1779071915,2678.027567
1779071915,2986.318678
1779071915,2681.866744
1779071915,2985.697208
1779071915,2679.518020
1779071915,3606.883085
1779071915,2679.743294
1779071915,2985.419315
1779071915,2986.174089
1779071915,2983.812496
1779071915,2981.817991
1779071915,2982.448026
1779071915,2983.024463
1779071915,2983.973204
1779071915,2983.935452
1779071915,2986.341104
1779071915,2988.556238
1779071915,2987.436407
1779071915,2678.848174
1779071915,4224.679337
1779071915,3606.746150
1779071915,2989.289853
1779071915,2678.244774
1779071915,2679.867959
1779071915,3298.603292
1779071915,2676.952290
1779071915,2990.157890
1779071915,2679.960971
1779071915,4224.442225
1779071915,2988.866768
1779071915,2680.146046
1779071915,2677.991861
1779071915,2679.335177
1779071915,2680.423589
1779071915,2678.175689
1779071915,3298.468560
1779071915,2679.563358
1779071915,2678.037617
1779071915,2678.141943
1779071915,2678.411457
1779071915,2681.321622
1779071915,2678.691358
1779071915,2678.916258
1779071915,2679.129252
1779071915,2678.987126
1779071915,2679.382931
1779071915,2980.878324
1779071915,3299.239540
1779071915,2679.124889
1779071915,2679.316751
1779071915,2679.589781
1779071915,3299.596830
1779071915,2679.945653
1779071915,2678.887565
1779071915,2678.934926
1779071915,2678.974563
1779071915,2986.175642
1779071915,3291.171830
1779071915,2985.017313
1779071915,2986.653655
1779071915,2984.235745
1779071915,2982.487659
1779071915,2982.321462
1779071915,2983.198045
1779071915,2983.956464
1779071915,2986.287563
1779071915,2988.517020
1779071915,2987.904627
1779071915,2987.908847
1779071915,4534.733860
1779071915,3298.064657
1779071915,3296.844060
1779071915,3915.743217
1779071915,3915.769288
1779071915,4225.206057
1779071915,3606.066610
1779071915,2678.726465
1779071915,2678.682747
1779071915,2678.899498
1779071915,4222.961044
1779071915,3606.797895
1779071915,3295.863499
1779071915,2677.902031
1779071915,2679.048885
1779071915,2679.174195
1779071915,3297.641569
1779071915,2679.217201
1779071915,2679.314999
1779071915,3915.214745
1779071915,2678.368799
1779071915,2988.230056
1779071915,2678.273903
1779071915,3916.367050
1779071915,2678.481372
1779071915,3296.461934
1779071915,2678.797716
1779071915,2678.856891
1779071915,2984.179417
1779071915,2679.013965
1779071915,2679.307885
1779071915,3607.607447
1779071915,2679.185449
1779071915,2678.819244
1779071915,2679.517467
1779071915,2678.908043
1779071915,2986.316032
1779071915,2679.426016
1779071915,2679.292850
1779071915,2679.063921
1779071915,2983.354879
1779071915,2677.984303
1779071915,2982.483099
1779071915,2982.629408
1779071915,2982.968270
1779071915,2983.920156
1779071915,2986.576262
1779071915,2988.367104
1779071915,2987.738861
1779071915,2987.868858
1779071915,3606.161502
1779071915,4224.666916
1779071915,3297.554209
1779071915,4224.912088
1779071915,2678.962885
1779071915,2677.967992
1779071915,2678.092067
1779071915,2679.234436
1779071915,2989.161819
1779071915,2678.264163
1779071915,3298.627512
1779071915,2678.682711
1779071915,2678.928620
1779071915,2678.872695
1779071915,2987.487835
1779071915,2677.527283
1779071915,3298.925838
1779071915,2677.620932
1779071915,3295.481635
1779071915,2678.142994
1779071915,2989.138654
1779071915,3296.230089
1779071915,2678.005573
1779071915,3606.545668
1779071915,2678.283463
1779071915,2989.686811
1779071915,3916.807584
1779071915,2678.717396
1779071915,2678.854069
1779071915,2989.850457
1779071915,2677.689146
1779071915,3298.982530
1779071915,2677.838082
1779071915,3607.504482
1779071915,2678.833509
1779071915,2679.333290
1779071915,2679.073592
1779071915,2678.225654
1779071915,2986.770845
1779071915,2679.724974
1779071915,2982.319706
1779071915,2983.609235
1779071915,2983.794991
1779071915,2977.727499
1779071915,2979.345094
1779071915,2982.726060
1779071915,2986.785848
1779071915,2988.565376
1779071915,3296.714233
1779071915,2987.795259
1779071915,3296.366784
1779071915,3297.770208
1779071915,2677.642027
1779071915,4224.550641
1779071915,5459.882292
1779071915,2985.285533
1779071915,3298.336753
1779071915,2988.235800
1779071915,2678.175332
1779071915,4223.972767
1779071915,2678.182263
1779071915,2678.631415
1779071915,2678.678007
1779071915,2678.806721
1779071915,2677.694882
1779071915,2677.256916
1779071915,4224.707615
1779071915,2677.845802
1779071915,2677.827568
1779071915,2677.728688
1779071915,2677.782435
1779071915,3605.174955
1779071915,3297.964243
1779071915,2678.299303
1779071915,3297.237277
1779071915,2678.472709
1779071915,2678.626533
1779071915,2678.706700
1779071915,2678.767825
1779071915,3295.049789
1779071915,2679.131624
1779071915,2679.314555
1779071915,3295.201398
1779071915,2679.378611
1779071915,2678.862751
1779071915,3916.792756
1779071915,2678.869020
1779071915,2678.613489
1779071915,2679.368924
1779071915,2678.856383
1779071915,2983.857132
1779071915,2983.886015
1779071915,2983.979531
1779071915,2977.514257
1779071915,2979.039534
1779071915,2981.834569
1779071915,2987.003678
1779071915,2988.877366
1779071915,2987.716816
1779071915,2987.814618
1779071915,2986.925715
1779071915,2986.877819
1779071915,2987.030031
1779071915,2677.836676
1779071915,2677.778794
1779071915,3297.834723
1779071915,2677.971725
1779071915,2677.829499
1779071915,2678.497463
1779071915,4225.821586
1779071915,2677.291637
1779071915,3606.656547
1779071915,3606.898051
1779071915,2987.840775
1779071915,2987.349183
1779071915,2987.448315
1779071915,2678.144550
1779071915,2987.414645
1779071915,3915.530348
1779071915,3296.265031
1779071915,2678.799682
1779071915,2677.995811
1779071915,2678.656737
1779071915,2678.745801
1779071915,2678.789689
1779071915,3297.220662
1779071915,2987.564476
1779071915,2984.285003
1779071915,2978.438692
1779071915,2680.353631
1779071915,2682.293453
1779071915,2681.270668
1779071915,2683.232142
1779071915,2978.822840
1779071915,2681.718661
1779071915,2684.142436
1779071915,2684.064207
1779071915,2682.604235
1779071915,3298.874594
1779071915,2992.331866
1779071915,2683.641844
1779071915,2683.849489
1779071915,2683.751771
1779071915,2981.823453
1779071915,2684.358873
1779071915,3297.146787
1779071915,2987.060179
1779071915,2989.259194
1779071915,2987.619248
1779071915,2987.776036
1779071916,3607.162193
1779071916,3605.983738
1779071916,2678.218049
1779071916,2678.177380
1779071916,3299.664511
1779071916,2988.499338
1779071916,2678.447251
1779071916,2678.303237
1779071916,3298.453374
1779071916,4838.630392
1779071916,4225.738818
1779071916,2678.947311
1779071916,4224.873088
1779071916,2679.045932
1779071916,2986.691166
1779071916,2679.159381
1779071916,2677.875859
1779071916,4225.581415
1779071916,3606.348182
1779071916,2679.895423
1779071916,2678.654782
1779071916,2678.912523
1779071916,2987.930445
1779071916,2988.276634
1779071916,3607.073971
1779071916,2679.313548
1779071916,4223.536680
1779071916,3917.148326
1779071916,2988.432411
1779071916,3605.103935
1779071916,3296.947018
1779071916,2990.014776
1779071916,4228.664870
1779071916,3297.780889
1779071916,2989.742520
1779071916,3297.545535
1779071916,2990.156217
1779071916,2682.004979
1779071916,2682.215060
1779071916,2989.823911
1779071916,2988.239984
1779071916,2987.982836
1779071916,2987.653100
1779071916,2983.010408
1779071916,2982.579050
1779071916,2983.389824
1779071916,2987.191399
1779071916,2989.556049
1779071916,2988.176118
1779071916,2988.189098
1779071916,2986.907411
1779071916,2987.010155
1779071916,2987.195885
1779071916,3297.227280
1779071916,2987.187745
1779071916,2677.988925
1779071916,3607.288404
1779071916,2677.965053
1779071916,2678.165960
1779071916,3295.411710
1779071916,3606.600547
1779071916,4532.702113
1779071916,2987.827174
1779071916,2678.741186
1779071916,2678.496025
1779071916,3295.680512
1779071916,2987.004030
1779071916,2679.066950
1779071916,4224.150083
1779071916,2679.216078
1779071916,3607.147910
1779071916,4226.250268
1779071916,3915.650155
1779071916,2987.915718
1779071916,3297.125075
1779071916,3604.492914
1779071916,2678.966190
1779071916,3917.738880
1779071916,3605.377118
1779071916,3605.204705
1779071916,2989.259410
1779071916,2989.641134
1779071916,3298.276966
1779071916,3297.740371
1779071916,3298.322024
1779071916,2989.474296
1779071916,3297.577783
1779071916,3299.463081
1779071916,2990.230016
1779071916,2990.311206
1779071916,2987.678380
1779071916,2987.663036
1779071916,2988.518100
1779071916,2982.999103
1779071916,2982.653918
1779071916,2983.652035
1779071916,2987.179876
1779071916,2989.517715
1779071916,2988.390695
1779071916,2988.426353
1779071916,2677.103185
1779071916,3295.720831
1779071916,2986.614656
1779071916,2677.513534
1779071916,2677.694020
1779071916,2677.646500
1779071916,2677.827463
1779071916,2678.059699
1779071916,2987.086077
1779071916,3295.210525
1779071916,2678.015180
1779071916,2678.048346
1779071916,3295.356508
1779071916,3295.257820
1779071916,2986.292710
1779071916,2986.520615
1779071916,3295.823964
1779071916,2987.893744
1779071916,2677.585747
1779071916,2986.839500
1779071916,2986.936436
1779071916,2987.110123
1779071916,3914.598077
1779071916,3605.729863
1779071916,4536.289156
1779071916,2987.567710
1779071916,2987.704126
1779071916,3606.123770
1779071916,3605.161159
1779071916,3606.280678
1779071916,2678.818996
1779071916,3605.936681
1779071916,3606.060786
1779071916,3606.397170
1779071916,2989.724852
1779071916,2680.390141
1779071916,2989.978758
1779071916,3298.627911
1779071916,3295.775076
1779071916,2989.496918
1779071916,2981.909531
1779071916,2987.858363
1779071916,2988.024692
1779071916,2988.580868
1779071916,2982.599100
1779071916,2983.674117
1779071916,2987.558875
1779071916,2989.515070
1779071916,2989.671054
1779071916,2988.581265
1779071916,3296.631345
1779071916,3295.322669
1779071916,2678.444449
1779071916,2678.383057
1779071916,2986.604164
1779071916,2986.877194
1779071916,2677.990872
1779071916,3914.921954
1779071916,3296.045241
1779071916,2677.908363
1779071916,2985.644155
1779071916,3296.161935
1779071916,2987.147222
1779071916,2678.152616
1779071916,2678.178660
1779071916,2986.158226
1779071916,2986.255716
1779071916,3295.691598
1779071916,2986.609673
1779071916,3295.908669
1779071916,3917.281060
1779071916,2677.294168
1779071916,2986.987563
1779071916,2986.997410
1779071916,2986.975319
1779071916,2987.111933
1779071916,2987.383732
1779071916,2987.370449
1779071916,2987.797196
1779071916,2987.974302
1779071916,2987.876917
1779071916,3297.710109
1779071916,2988.764991
1779071916,2989.051021
1779071916,3606.685928
1779071916,3606.685273
1779071916,2989.319120
1779071916,2989.534832
1779071916,2987.075297
1779071916,2989.641733
1779071916,2981.893806
1779071916,2987.905861
1779071916,2987.849686
1779071916,2981.646700
1779071916,3302.309655
1779071916,2983.779879
1779071916,2986.922685
1779071916,2989.578339
1779071916,2989.256126
1779071916,2988.254385
1779071916,2986.380663
1779071916,2986.561132
1779071916,2986.559139
1779071916,3606.242355
1779071916,3295.989246
1779071916,2986.731317
1779071916,2986.653681
1779071916,3296.440066
1779071916,2987.350301
1779071916,2987.148473
1779071916,2987.240758
1779071916,2986.987896
1779071916,3604.105093
1779071916,2987.306102
1779071916,2987.096545
1779071916,3604.476385
1779071916,2987.464278
1779071916,2986.005249
1779071916,4223.959129
1779071916,2986.195644
1779071916,3297.013066
1779071916,2986.366662
1779071916,2986.427151
1779071916,2986.470509
1779071916,3912.217486
1779071916,2986.747377
1779071916,2986.831540
1779071916,2987.038790
1779071916,2987.346947
1779071916,2987.612645
1779071916,2987.585107
1779071916,2987.968839
1779071916,2988.016123
1779071916,2988.499072
1779071916,2989.326101
1779071916,2989.091824
1779071916,2989.806797
1779071916,2989.512866
1779071916,2989.270136
1779071916,2989.433140
1779071916,2987.793204
1779071916,2987.895512
1779071916,2987.832481
1779071916,2983.393520
1779071916,2983.847975
1779071916,2983.804950
1779071916,2987.033975
1779071916,2990.138635
1779071916,2989.306566
1779071916,2989.291022
1779071916,3915.021847
1779071916,3915.009144
1779071916,2985.775844
1779071916,3295.020444
1779071916,2985.951336
1779071916,2986.209754
1779071916,2986.021064
1779071916,3603.346707
1779071916,4223.744777
1779071916,3295.609383
1779071916,2986.335159
1779071916,2985.162729
1779071916,3604.702956
1779071916,2985.494333
1779071916,2985.414913
1779071916,2985.342108
1779071916,3295.832147
1779071916,2985.531576
1779071916,2985.344965
1779071916,2985.541731
1779071916,5152.306765
1779071916,2985.608394
1779071916,2985.778720
1779071916,2985.983692
1779071916,2985.973114
1779071916,2985.698978
1779071916,3912.187934
1779071916,2986.303968
1779071916,2986.404391
1779071916,2986.796078
1779071916,2986.818967
1779071916,2987.407054
1779071916,2987.400106
1779071916,2987.521556
1779071916,2987.399790
1779071916,2987.334571
1779071916,3602.611287
1779071916,2988.085238
1779071916,2988.407344
1779071916,2988.347132
1779071916,2987.171305
1779071916,2987.284386
1779071916,2987.599675
1779071916,2983.333757
1779071916,2983.849737
1779071916,2983.514146
1779071916,2986.629723
1779071916,2989.794556
1779071916,2988.800529
1779071916,2988.816742
1779071916,3295.375340
1779071916,3295.262284
1779071916,2986.407571
1779071916,2986.322104
1779071916,2986.282821
1779071916,3295.524475
1779071916,2986.456626
1779071916,2986.463478
1779071916,3914.420024
1779071916,2985.299611
1779071916,2985.377258
1779071916,2985.343984
1779071916,2985.443304
1779071916,3604.883578
1779071916,2986.781408
1779071916,2985.642049
1779071916,2985.735372
1779071916,2985.606815
1779071916,2985.641495
1779071916,3296.197101
1779071916,2985.380315
1779071916,2985.818259
1779071916,2985.418663
1779071916,2985.531557
1779071916,3294.931212
1779071916,2985.507540
1779071916,2985.542745
1779071916,2985.320552
1779071916,2985.659559
1779071916,2985.952890
1779071916,2985.876781
1779071916,2986.681752
1779071916,2986.629252
1779071916,2986.937272
1779071916,2986.743728
1779071916,2986.049687
1779071916,2985.999246
1779071916,2986.104021
1779071916,2986.000318
1779071916,2986.642465
1779071916,2984.856207
1779071916,2985.714946
1779071916,2985.214890
1779071916,2983.323614
1779071916,2983.626110
1779071916,2983.516826
1779071916,2987.016512
1779071916,2989.896312
1779071916,2988.805080
1779071916,2987.934926
